Entity,Code,Year,Measles - number of reported cases
Afghanistan,AFG,1974,7
Afghanistan,AFG,1975,466
Afghanistan,AFG,1976,26
Afghanistan,AFG,1977,28174
Afghanistan,AFG,1978,43964
Afghanistan,AFG,1979,43979
Afghanistan,AFG,1980,32455
Afghanistan,AFG,1981,31107
Afghanistan,AFG,1982,20320
Afghanistan,AFG,1983,18808
Afghanistan,AFG,1984,16199
Afghanistan,AFG,1985,14457
Afghanistan,AFG,1986,8107
Afghanistan,AFG,1987,10357
Afghanistan,AFG,1988,4561
Afghanistan,AFG,1989,1170
Afghanistan,AFG,1990,1609
Afghanistan,AFG,1991,792
Afghanistan,AFG,1998,2205
Afghanistan,AFG,1999,3609
Afghanistan,AFG,2000,6532
Afghanistan,AFG,2001,8762
Afghanistan,AFG,2002,2486
Afghanistan,AFG,2003,798
Afghanistan,AFG,2004,466
Afghanistan,AFG,2005,1296
Afghanistan,AFG,2006,1990
Afghanistan,AFG,2007,1141
Afghanistan,AFG,2008,1599
Afghanistan,AFG,2009,2861
Afghanistan,AFG,2010,1989
Afghanistan,AFG,2011,3013
Afghanistan,AFG,2012,2787
Afghanistan,AFG,2013,430
Afghanistan,AFG,2014,492
Afghanistan,AFG,2015,1154
Afghanistan,AFG,2016,638
Afghanistan,AFG,2017,1511
Afghanistan,AFG,2018,2012
Afghanistan,AFG,2019,353
Afghanistan,AFG,2020,640
Afghanistan,AFG,2021,2900
Afghanistan,AFG,2022,5166
Afghanistan,AFG,2023,2792
Africa (WHO),WHO_AFR,1980,1240993
Africa (WHO),WHO_AFR,1981,1413184
Africa (WHO),WHO_AFR,1982,1342685
Africa (WHO),WHO_AFR,1983,1346883
Africa (WHO),WHO_AFR,1984,1076106
Africa (WHO),WHO_AFR,1985,1142002
Africa (WHO),WHO_AFR,1986,676757
Africa (WHO),WHO_AFR,1987,641057
Africa (WHO),WHO_AFR,1988,604244
Africa (WHO),WHO_AFR,1989,561896
Africa (WHO),WHO_AFR,1990,481204
Africa (WHO),WHO_AFR,1991,446517
Africa (WHO),WHO_AFR,1992,581125
Africa (WHO),WHO_AFR,1993,395025
Africa (WHO),WHO_AFR,1994,420193
Africa (WHO),WHO_AFR,1995,362925
Africa (WHO),WHO_AFR,1996,484914
Africa (WHO),WHO_AFR,1997,299623
Africa (WHO),WHO_AFR,1998,373149
Africa (WHO),WHO_AFR,1999,486660
Africa (WHO),WHO_AFR,2000,520102
Africa (WHO),WHO_AFR,2001,491989
Africa (WHO),WHO_AFR,2002,288340
Africa (WHO),WHO_AFR,2003,403016
Africa (WHO),WHO_AFR,2004,220180
Africa (WHO),WHO_AFR,2005,316219
Africa (WHO),WHO_AFR,2006,99420
Africa (WHO),WHO_AFR,2007,76410
Africa (WHO),WHO_AFR,2008,37012
Africa (WHO),WHO_AFR,2009,83479
Africa (WHO),WHO_AFR,2010,199174
Africa (WHO),WHO_AFR,2011,195620
Africa (WHO),WHO_AFR,2012,108004
Africa (WHO),WHO_AFR,2013,171178
Africa (WHO),WHO_AFR,2014,73914
Africa (WHO),WHO_AFR,2015,52758
Africa (WHO),WHO_AFR,2016,36269
Africa (WHO),WHO_AFR,2017,72603
Africa (WHO),WHO_AFR,2018,125426
Africa (WHO),WHO_AFR,2019,618595
Africa (WHO),WHO_AFR,2020,115369
Africa (WHO),WHO_AFR,2021,88789
Africa (WHO),WHO_AFR,2022,97230
Africa (WHO),WHO_AFR,2023,424433
Albania,ALB,1982,3
Albania,ALB,1983,17
Albania,ALB,1984,0
Albania,ALB,1985,0
Albania,ALB,1986,0
Albania,ALB,1987,0
Albania,ALB,1988,0
Albania,ALB,1989,136034
Albania,ALB,1991,0
Albania,ALB,1992,0
Albania,ALB,1993,7
Albania,ALB,1994,29
Albania,ALB,1995,15
Albania,ALB,1996,1204
Albania,ALB,1997,2386
Albania,ALB,1998,1901
Albania,ALB,1999,797
Albania,ALB,2000,662
Albania,ALB,2001,18
Albania,ALB,2002,16
Albania,ALB,2003,8
Albania,ALB,2004,7
Albania,ALB,2005,6
Albania,ALB,2006,68
Albania,ALB,2007,22
Albania,ALB,2009,0
Albania,ALB,2010,10
Albania,ALB,2011,28
Albania,ALB,2012,9
Albania,ALB,2013,0
Albania,ALB,2016,17
Albania,ALB,2017,12
Albania,ALB,2018,1469
Albania,ALB,2019,488
Albania,ALB,2020,4
Albania,ALB,2022,1
Albania,ALB,2023,13
Algeria,DZA,1974,10517
Algeria,DZA,1975,8899
Algeria,DZA,1976,15646
Algeria,DZA,1977,12015
Algeria,DZA,1978,10696
Algeria,DZA,1979,14937
Algeria,DZA,1980,15527
Algeria,DZA,1981,20849
Algeria,DZA,1982,29584
Algeria,DZA,1983,22126
Algeria,DZA,1984,22553
Algeria,DZA,1985,20114
Algeria,DZA,1986,3975
Algeria,DZA,1987,2500
Algeria,DZA,1988,2634
Algeria,DZA,1989,4169
Algeria,DZA,1990,1796
Algeria,DZA,1991,5969
Algeria,DZA,1992,8823
Algeria,DZA,1993,3141
Algeria,DZA,1994,5913
Algeria,DZA,1995,8204
Algeria,DZA,1996,21003
Algeria,DZA,1997,19573
Algeria,DZA,1998,3301
Algeria,DZA,1999,2503
Algeria,DZA,2001,2686
Algeria,DZA,2002,5862
Algeria,DZA,2003,15374
Algeria,DZA,2004,3289
Algeria,DZA,2005,2302
Algeria,DZA,2006,944
Algeria,DZA,2007,0
Algeria,DZA,2008,217
Algeria,DZA,2009,107
Algeria,DZA,2010,103
Algeria,DZA,2011,112
Algeria,DZA,2012,18
Algeria,DZA,2013,25
Algeria,DZA,2014,0
Algeria,DZA,2015,63
Algeria,DZA,2016,41
Algeria,DZA,2017,112
Algeria,DZA,2018,3356
Algeria,DZA,2019,2585
Algeria,DZA,2022,47
Algeria,DZA,2023,203
American Samoa,ASM,1974,34
American Samoa,ASM,1975,445
American Samoa,ASM,1976,11
American Samoa,ASM,1977,56
American Samoa,ASM,1978,31
American Samoa,ASM,1979,3
American Samoa,ASM,1980,16
American Samoa,ASM,1981,3
American Samoa,ASM,1982,2
American Samoa,ASM,1983,0
American Samoa,ASM,1984,0
American Samoa,ASM,1985,28
American Samoa,ASM,1986,2
American Samoa,ASM,1987,1
American Samoa,ASM,1988,3
American Samoa,ASM,1989,2
American Samoa,ASM,1990,498
American Samoa,ASM,1991,19
American Samoa,ASM,1992,0
American Samoa,ASM,1993,0
American Samoa,ASM,1994,0
American Samoa,ASM,1995,0
American Samoa,ASM,1996,0
American Samoa,ASM,1997,12
American Samoa,ASM,1998,2
American Samoa,ASM,1999,0
American Samoa,ASM,2000,1
American Samoa,ASM,2001,0
American Samoa,ASM,2004,0
American Samoa,ASM,2005,0
American Samoa,ASM,2007,0
American Samoa,ASM,2008,0
American Samoa,ASM,2011,0
Americas (WHO),WHO_AMR,1980,257790
Americas (WHO),WHO_AMR,1981,252378
Americas (WHO),WHO_AMR,1982,153746
Americas (WHO),WHO_AMR,1983,137410
Americas (WHO),WHO_AMR,1984,202758
Americas (WHO),WHO_AMR,1985,199744
Americas (WHO),WHO_AMR,1986,227452
Americas (WHO),WHO_AMR,1987,151396
Americas (WHO),WHO_AMR,1988,133244
Americas (WHO),WHO_AMR,1989,137417
Americas (WHO),WHO_AMR,1990,218579
Americas (WHO),WHO_AMR,1991,157602
Americas (WHO),WHO_AMR,1992,100741
Americas (WHO),WHO_AMR,1993,57400
Americas (WHO),WHO_AMR,1994,23784
Americas (WHO),WHO_AMR,1995,6478
Americas (WHO),WHO_AMR,1996,1910
Americas (WHO),WHO_AMR,1997,53567
Americas (WHO),WHO_AMR,1998,14330
Americas (WHO),WHO_AMR,1999,3209
Americas (WHO),WHO_AMR,2000,1754
Americas (WHO),WHO_AMR,2001,548
Americas (WHO),WHO_AMR,2002,2579
Americas (WHO),WHO_AMR,2003,119
Americas (WHO),WHO_AMR,2004,108
Americas (WHO),WHO_AMR,2005,85
Americas (WHO),WHO_AMR,2006,226
Americas (WHO),WHO_AMR,2007,176
Americas (WHO),WHO_AMR,2008,206
Americas (WHO),WHO_AMR,2009,89
Americas (WHO),WHO_AMR,2010,247
Americas (WHO),WHO_AMR,2011,1348
Americas (WHO),WHO_AMR,2012,143
Americas (WHO),WHO_AMR,2013,491
Americas (WHO),WHO_AMR,2014,1966
Americas (WHO),WHO_AMR,2015,611
Americas (WHO),WHO_AMR,2016,97
Americas (WHO),WHO_AMR,2017,895
Americas (WHO),WHO_AMR,2018,16714
Americas (WHO),WHO_AMR,2019,21971
Americas (WHO),WHO_AMR,2020,9996
Americas (WHO),WHO_AMR,2021,682
Americas (WHO),WHO_AMR,2022,47
Americas (WHO),WHO_AMR,2023,14
Andorra,AND,1997,5
Andorra,AND,1999,2
Andorra,AND,2000,2
Andorra,AND,2001,5
Andorra,AND,2002,1
Andorra,AND,2003,0
Andorra,AND,2004,0
Andorra,AND,2005,0
Andorra,AND,2006,0
Andorra,AND,2007,0
Andorra,AND,2008,0
Andorra,AND,2009,0
Andorra,AND,2010,0
Andorra,AND,2011,0
Andorra,AND,2012,0
Andorra,AND,2013,0
Andorra,AND,2014,0
Andorra,AND,2015,0
Andorra,AND,2016,0
Andorra,AND,2017,0
Andorra,AND,2018,0
Andorra,AND,2019,0
Andorra,AND,2020,0
Andorra,AND,2021,0
Andorra,AND,2022,0
Andorra,AND,2023,0
Angola,AGO,1974,5881
Angola,AGO,1975,2153
Angola,AGO,1976,5492
Angola,AGO,1977,12940
Angola,AGO,1978,20408
Angola,AGO,1979,19682
Angola,AGO,1980,29656
Angola,AGO,1981,19714
Angola,AGO,1982,30067
Angola,AGO,1983,22589
Angola,AGO,1984,22685
Angola,AGO,1985,22822
Angola,AGO,1986,15580
Angola,AGO,1987,13368
Angola,AGO,1988,21009
Angola,AGO,1989,19820
Angola,AGO,1990,29069
Angola,AGO,1991,18382
Angola,AGO,1992,16772
Angola,AGO,1993,9273
Angola,AGO,1994,5480
Angola,AGO,1995,635
Angola,AGO,1996,251
Angola,AGO,1997,8183
Angola,AGO,1998,2576
Angola,AGO,1999,350
Angola,AGO,2000,2219
Angola,AGO,2001,9046
Angola,AGO,2002,11945
Angola,AGO,2003,1196
Angola,AGO,2004,29
Angola,AGO,2005,258
Angola,AGO,2006,765
Angola,AGO,2007,1014
Angola,AGO,2008,265
Angola,AGO,2009,2807
Angola,AGO,2010,1190
Angola,AGO,2011,1449
Angola,AGO,2012,4458
Angola,AGO,2013,8523
Angola,AGO,2014,11699
Angola,AGO,2015,119
Angola,AGO,2016,53
Angola,AGO,2017,29
Angola,AGO,2018,57
Angola,AGO,2019,2987
Angola,AGO,2020,1085
Angola,AGO,2021,300
Angola,AGO,2022,3271
Angola,AGO,2023,3508
Anguilla,AIA,1976,17
Anguilla,AIA,1977,0
Anguilla,AIA,1978,4
Anguilla,AIA,1979,259
Anguilla,AIA,1980,0
Anguilla,AIA,1981,0
Anguilla,AIA,1982,1
Anguilla,AIA,1983,0
Anguilla,AIA,1984,0
Anguilla,AIA,1985,0
Anguilla,AIA,1986,0
Anguilla,AIA,1987,0
Anguilla,AIA,1988,2
Anguilla,AIA,1989,7
Anguilla,AIA,1990,15
Anguilla,AIA,1991,1
Anguilla,AIA,1992,0
Anguilla,AIA,1993,0
Anguilla,AIA,1994,0
Anguilla,AIA,1995,0
Anguilla,AIA,1996,0
Anguilla,AIA,1997,0
Anguilla,AIA,1998,0
Anguilla,AIA,1999,0
Anguilla,AIA,2000,0
Anguilla,AIA,2001,0
Anguilla,AIA,2003,0
Anguilla,AIA,2017,0
Anguilla,AIA,2018,0
Anguilla,AIA,2019,0
Anguilla,AIA,2020,0
Anguilla,AIA,2021,0
Anguilla,AIA,2022,0
Anguilla,AIA,2023,0
Antigua and Barbuda,ATG,1974,1388
Antigua and Barbuda,ATG,1975,3
Antigua and Barbuda,ATG,1976,9
Antigua and Barbuda,ATG,1977,4
Antigua and Barbuda,ATG,1978,10
Antigua and Barbuda,ATG,1979,534
Antigua and Barbuda,ATG,1980,2291
Antigua and Barbuda,ATG,1981,247
Antigua and Barbuda,ATG,1982,0
Antigua and Barbuda,ATG,1983,10
Antigua and Barbuda,ATG,1984,1
Antigua and Barbuda,ATG,1985,1
Antigua and Barbuda,ATG,1986,0
Antigua and Barbuda,ATG,1987,0
Antigua and Barbuda,ATG,1988,0
Antigua and Barbuda,ATG,1989,0
Antigua and Barbuda,ATG,1990,0
Antigua and Barbuda,ATG,1991,0
Antigua and Barbuda,ATG,1992,0
Antigua and Barbuda,ATG,1993,0
Antigua and Barbuda,ATG,1994,0
Antigua and Barbuda,ATG,1995,0
Antigua and Barbuda,ATG,1996,0
Antigua and Barbuda,ATG,1997,0
Antigua and Barbuda,ATG,1998,0
Antigua and Barbuda,ATG,1999,0
Antigua and Barbuda,ATG,2000,0
Antigua and Barbuda,ATG,2001,0
Antigua and Barbuda,ATG,2002,0
Antigua and Barbuda,ATG,2003,0
Antigua and Barbuda,ATG,2004,0
Antigua and Barbuda,ATG,2005,0
Antigua and Barbuda,ATG,2006,0
Antigua and Barbuda,ATG,2007,0
Antigua and Barbuda,ATG,2008,0
Antigua and Barbuda,ATG,2009,0
Antigua and Barbuda,ATG,2010,0
Antigua and Barbuda,ATG,2011,0
Antigua and Barbuda,ATG,2012,0
Antigua and Barbuda,ATG,2013,0
Antigua and Barbuda,ATG,2014,0
Antigua and Barbuda,ATG,2015,0
Antigua and Barbuda,ATG,2016,0
Antigua and Barbuda,ATG,2017,0
Antigua and Barbuda,ATG,2018,1
Antigua and Barbuda,ATG,2019,0
Antigua and Barbuda,ATG,2020,0
Antigua and Barbuda,ATG,2021,0
Antigua and Barbuda,ATG,2022,0
Antigua and Barbuda,ATG,2023,0
Argentina,ARG,1974,23803
Argentina,ARG,1975,23108
Argentina,ARG,1976,39291
Argentina,ARG,1977,36538
Argentina,ARG,1978,9551
Argentina,ARG,1979,9985
Argentina,ARG,1980,16102
Argentina,ARG,1981,17582
Argentina,ARG,1982,4432
Argentina,ARG,1983,7106
Argentina,ARG,1984,31751
Argentina,ARG,1985,9240
Argentina,ARG,1986,6448
Argentina,ARG,1987,8024
Argentina,ARG,1988,4751
Argentina,ARG,1989,4009
Argentina,ARG,1990,1967
Argentina,ARG,1991,42093
Argentina,ARG,1992,20551
Argentina,ARG,1993,5087
Argentina,ARG,1994,134
Argentina,ARG,1995,655
Argentina,ARG,1996,59
Argentina,ARG,1997,125
Argentina,ARG,1998,10229
Argentina,ARG,1999,313
Argentina,ARG,2000,6
Argentina,ARG,2001,0
Argentina,ARG,2002,0
Argentina,ARG,2003,0
Argentina,ARG,2004,0
Argentina,ARG,2005,0
Argentina,ARG,2006,0
Argentina,ARG,2007,0
Argentina,ARG,2008,0
Argentina,ARG,2009,3
Argentina,ARG,2010,17
Argentina,ARG,2011,3
Argentina,ARG,2012,2
Argentina,ARG,2013,0
Argentina,ARG,2014,1
Argentina,ARG,2015,0
Argentina,ARG,2016,0
Argentina,ARG,2017,3
Argentina,ARG,2018,14
Argentina,ARG,2019,130
Argentina,ARG,2020,69
Argentina,ARG,2021,0
Argentina,ARG,2022,2
Argentina,ARG,2023,0
Armenia,ARM,1990,879
Armenia,ARM,1991,192
Armenia,ARM,1992,46
Armenia,ARM,1993,338
Armenia,ARM,1994,149
Armenia,ARM,1995,187
Armenia,ARM,1996,2027
Armenia,ARM,1997,802
Armenia,ARM,1998,52
Armenia,ARM,1999,41
Armenia,ARM,2000,15
Armenia,ARM,2001,69
Armenia,ARM,2002,40
Armenia,ARM,2003,4
Armenia,ARM,2004,1783
Armenia,ARM,2005,2281
Armenia,ARM,2006,137
Armenia,ARM,2007,1
Armenia,ARM,2008,0
Armenia,ARM,2009,0
Armenia,ARM,2010,2
Armenia,ARM,2011,0
Armenia,ARM,2012,0
Armenia,ARM,2013,10
Armenia,ARM,2014,13
Armenia,ARM,2015,33
Armenia,ARM,2016,2
Armenia,ARM,2017,1
Armenia,ARM,2018,19
Armenia,ARM,2019,7
Armenia,ARM,2020,0
Armenia,ARM,2021,0
Armenia,ARM,2022,0
Armenia,ARM,2023,554
Aruba,ABW,2017,0
Aruba,ABW,2018,0
Aruba,ABW,2019,1
Aruba,ABW,2021,0
Aruba,ABW,2022,0
Australia,AUS,1988,248
Australia,AUS,1989,169
Australia,AUS,1990,880
Australia,AUS,1991,1380
Australia,AUS,1992,1425
Australia,AUS,1993,4536
Australia,AUS,1994,4895
Australia,AUS,1995,1198
Australia,AUS,1996,498
Australia,AUS,1997,853
Australia,AUS,1998,327
Australia,AUS,1999,235
Australia,AUS,2000,108
Australia,AUS,2001,141
Australia,AUS,2002,32
Australia,AUS,2003,91
Australia,AUS,2004,70
Australia,AUS,2005,10
Australia,AUS,2007,11
Australia,AUS,2008,65
Australia,AUS,2009,104
Australia,AUS,2010,70
Australia,AUS,2011,190
Australia,AUS,2012,199
Australia,AUS,2013,158
Australia,AUS,2014,340
Australia,AUS,2015,74
Australia,AUS,2016,99
Australia,AUS,2017,81
Australia,AUS,2018,103
Australia,AUS,2019,286
Australia,AUS,2020,25
Australia,AUS,2021,0
Australia,AUS,2022,7
Australia,AUS,2023,26
Austria,AUT,1993,60
Austria,AUT,1997,0
Austria,AUT,1998,0
Austria,AUT,1999,1
Austria,AUT,2001,0
Austria,AUT,2003,90
Austria,AUT,2004,15
Austria,AUT,2005,9
Austria,AUT,2006,23
Austria,AUT,2007,20
Austria,AUT,2008,448
Austria,AUT,2009,49
Austria,AUT,2010,52
Austria,AUT,2011,68
Austria,AUT,2012,36
Austria,AUT,2014,117
Austria,AUT,2015,309
Austria,AUT,2016,27
Austria,AUT,2017,95
Austria,AUT,2018,77
Austria,AUT,2020,25
Austria,AUT,2021,1
Austria,AUT,2022,1
Austria,AUT,2023,186
Azerbaijan,AZE,1990,2026
Azerbaijan,AZE,1991,6122
Azerbaijan,AZE,1992,535
Azerbaijan,AZE,1993,1321
Azerbaijan,AZE,1994,6478
Azerbaijan,AZE,1995,474
Azerbaijan,AZE,1996,151
Azerbaijan,AZE,1997,678
Azerbaijan,AZE,1998,2891
Azerbaijan,AZE,1999,1081
Azerbaijan,AZE,2000,210
Azerbaijan,AZE,2001,574
Azerbaijan,AZE,2002,4353
Azerbaijan,AZE,2003,1978
Azerbaijan,AZE,2004,827
Azerbaijan,AZE,2005,1238
Azerbaijan,AZE,2006,222
Azerbaijan,AZE,2007,0
Azerbaijan,AZE,2008,5
Azerbaijan,AZE,2010,0
Azerbaijan,AZE,2011,0
Azerbaijan,AZE,2012,0
Azerbaijan,AZE,2013,164
Azerbaijan,AZE,2014,0
Azerbaijan,AZE,2015,0
Azerbaijan,AZE,2016,0
Azerbaijan,AZE,2017,0
Azerbaijan,AZE,2018,55
Azerbaijan,AZE,2019,281
Azerbaijan,AZE,2020,2
Azerbaijan,AZE,2021,0
Azerbaijan,AZE,2022,1
Azerbaijan,AZE,2023,13207
Bahamas,BHS,1974,432
Bahamas,BHS,1975,14
Bahamas,BHS,1976,933
Bahamas,BHS,1977,1831
Bahamas,BHS,1978,222
Bahamas,BHS,1979,1659
Bahamas,BHS,1980,484
Bahamas,BHS,1981,45
Bahamas,BHS,1982,50
Bahamas,BHS,1983,2868
Bahamas,BHS,1984,36
Bahamas,BHS,1985,26
Bahamas,BHS,1986,85
Bahamas,BHS,1987,42
Bahamas,BHS,1988,22
Bahamas,BHS,1989,59
Bahamas,BHS,1990,72
Bahamas,BHS,1991,0
Bahamas,BHS,1992,0
Bahamas,BHS,1993,0
Bahamas,BHS,1994,0
Bahamas,BHS,1995,0
Bahamas,BHS,1996,0
Bahamas,BHS,1997,1
Bahamas,BHS,1998,0
Bahamas,BHS,1999,0
Bahamas,BHS,2000,0
Bahamas,BHS,2001,0
Bahamas,BHS,2002,0
Bahamas,BHS,2003,0
Bahamas,BHS,2004,0
Bahamas,BHS,2005,0
Bahamas,BHS,2006,0
Bahamas,BHS,2007,0
Bahamas,BHS,2008,0
Bahamas,BHS,2009,0
Bahamas,BHS,2010,0
Bahamas,BHS,2011,0
Bahamas,BHS,2012,0
Bahamas,BHS,2013,0
Bahamas,BHS,2014,0
Bahamas,BHS,2015,0
Bahamas,BHS,2016,0
Bahamas,BHS,2017,0
Bahamas,BHS,2018,0
Bahamas,BHS,2019,3
Bahamas,BHS,2020,0
Bahamas,BHS,2021,0
Bahamas,BHS,2022,0
Bahamas,BHS,2023,0
Bahrain,BHR,1974,3874
Bahrain,BHR,1975,1009
Bahrain,BHR,1976,4661
Bahrain,BHR,1977,1263
Bahrain,BHR,1978,1660
Bahrain,BHR,1979,1781
Bahrain,BHR,1980,1861
Bahrain,BHR,1981,329
Bahrain,BHR,1982,1147
Bahrain,BHR,1983,438
Bahrain,BHR,1984,1134
Bahrain,BHR,1985,1910
Bahrain,BHR,1986,97
Bahrain,BHR,1987,22
Bahrain,BHR,1988,5
Bahrain,BHR,1989,181
Bahrain,BHR,1990,59
Bahrain,BHR,1991,7
Bahrain,BHR,1992,12
Bahrain,BHR,1993,2
Bahrain,BHR,1994,0
Bahrain,BHR,1995,3
Bahrain,BHR,1996,74
Bahrain,BHR,1997,4
Bahrain,BHR,1998,4
Bahrain,BHR,1999,38
Bahrain,BHR,2000,6
Bahrain,BHR,2001,5
Bahrain,BHR,2002,8
Bahrain,BHR,2003,12
Bahrain,BHR,2004,11
Bahrain,BHR,2005,4
Bahrain,BHR,2006,3
Bahrain,BHR,2007,7
Bahrain,BHR,2008,2
Bahrain,BHR,2009,3
Bahrain,BHR,2010,0
Bahrain,BHR,2011,0
Bahrain,BHR,2012,0
Bahrain,BHR,2014,46
Bahrain,BHR,2015,0
Bahrain,BHR,2016,0
Bahrain,BHR,2017,0
Bahrain,BHR,2018,0
Bahrain,BHR,2019,3
Bahrain,BHR,2020,0
Bahrain,BHR,2021,0
Bahrain,BHR,2022,18
Bahrain,BHR,2023,3
Bangladesh,BGD,1975,3030
Bangladesh,BGD,1976,40171
Bangladesh,BGD,1977,22973
Bangladesh,BGD,1978,18576
Bangladesh,BGD,1979,31895
Bangladesh,BGD,1980,11077
Bangladesh,BGD,1981,10441
Bangladesh,BGD,1982,18116
Bangladesh,BGD,1983,9569
Bangladesh,BGD,1984,11851
Bangladesh,BGD,1985,11699
Bangladesh,BGD,1986,14352
Bangladesh,BGD,1987,13631
Bangladesh,BGD,1988,11471
Bangladesh,BGD,1989,27327
Bangladesh,BGD,1990,1705
Bangladesh,BGD,1991,9292
Bangladesh,BGD,1992,5768
Bangladesh,BGD,1993,5443
Bangladesh,BGD,1994,9571
Bangladesh,BGD,1995,4995
Bangladesh,BGD,1996,4929
Bangladesh,BGD,1997,10329
Bangladesh,BGD,1998,6522
Bangladesh,BGD,1999,5666
Bangladesh,BGD,2000,5098
Bangladesh,BGD,2001,4414
Bangladesh,BGD,2002,3484
Bangladesh,BGD,2003,4067
Bangladesh,BGD,2004,9743
Bangladesh,BGD,2005,25934
Bangladesh,BGD,2006,6192
Bangladesh,BGD,2007,2924
Bangladesh,BGD,2008,2660
Bangladesh,BGD,2009,718
Bangladesh,BGD,2010,788
Bangladesh,BGD,2011,5625
Bangladesh,BGD,2012,1986
Bangladesh,BGD,2013,237
Bangladesh,BGD,2014,289
Bangladesh,BGD,2015,240
Bangladesh,BGD,2016,972
Bangladesh,BGD,2017,4001
Bangladesh,BGD,2018,2263
Bangladesh,BGD,2019,5827
Bangladesh,BGD,2020,2410
Bangladesh,BGD,2021,203
Bangladesh,BGD,2022,311
Bangladesh,BGD,2023,281
Barbados,BRB,1974,200
Barbados,BRB,1975,382
Barbados,BRB,1976,270
Barbados,BRB,1977,1711
Barbados,BRB,1978,35
Barbados,BRB,1979,16
Barbados,BRB,1980,27
Barbados,BRB,1981,41
Barbados,BRB,1982,6
Barbados,BRB,1983,6
Barbados,BRB,1984,5
Barbados,BRB,1985,7
Barbados,BRB,1986,2
Barbados,BRB,1987,2
Barbados,BRB,1988,1
Barbados,BRB,1989,2
Barbados,BRB,1990,51
Barbados,BRB,1991,2
Barbados,BRB,1992,0
Barbados,BRB,1993,0
Barbados,BRB,1994,0
Barbados,BRB,1995,0
Barbados,BRB,1996,0
Barbados,BRB,1997,0
Barbados,BRB,1998,0
Barbados,BRB,1999,0
Barbados,BRB,2000,0
Barbados,BRB,2001,0
Barbados,BRB,2002,0
Barbados,BRB,2003,0
Barbados,BRB,2004,0
Barbados,BRB,2005,0
Barbados,BRB,2006,0
Barbados,BRB,2007,0
Barbados,BRB,2008,0
Barbados,BRB,2009,0
Barbados,BRB,2010,0
Barbados,BRB,2011,0
Barbados,BRB,2012,0
Barbados,BRB,2013,0
Barbados,BRB,2014,0
Barbados,BRB,2015,0
Barbados,BRB,2016,0
Barbados,BRB,2017,0
Barbados,BRB,2018,0
Barbados,BRB,2019,0
Barbados,BRB,2020,0
Barbados,BRB,2021,0
Barbados,BRB,2022,0
Barbados,BRB,2023,0
Belarus,BLR,1990,224
Belarus,BLR,1991,1351
Belarus,BLR,1992,2324
Belarus,BLR,1993,3874
Belarus,BLR,1994,820
Belarus,BLR,1995,1516
Belarus,BLR,1996,395
Belarus,BLR,1997,135
Belarus,BLR,1998,517
Belarus,BLR,1999,153
Belarus,BLR,2000,21
Belarus,BLR,2001,45
Belarus,BLR,2002,14
Belarus,BLR,2003,21
Belarus,BLR,2004,2
Belarus,BLR,2005,1
Belarus,BLR,2006,149
Belarus,BLR,2007,1
Belarus,BLR,2008,0
Belarus,BLR,2009,0
Belarus,BLR,2010,1
Belarus,BLR,2011,50
Belarus,BLR,2012,10
Belarus,BLR,2013,16
Belarus,BLR,2014,64
Belarus,BLR,2015,2
Belarus,BLR,2016,10
Belarus,BLR,2017,1
Belarus,BLR,2018,259
Belarus,BLR,2019,201
Belarus,BLR,2020,0
Belarus,BLR,2021,3
Belarus,BLR,2022,0
Belarus,BLR,2023,193
Belgium,BEL,1988,47616
Belgium,BEL,1989,81044
Belgium,BEL,1991,7216
Belgium,BEL,1992,9565
Belgium,BEL,1993,7373
Belgium,BEL,1994,11346
Belgium,BEL,1995,10650
Belgium,BEL,1996,7221
Belgium,BEL,1997,3869
Belgium,BEL,1998,0
Belgium,BEL,2001,83
Belgium,BEL,2003,44
Belgium,BEL,2004,61
Belgium,BEL,2005,26
Belgium,BEL,2006,15
Belgium,BEL,2007,64
Belgium,BEL,2008,98
Belgium,BEL,2009,33
Belgium,BEL,2010,40
Belgium,BEL,2011,576
Belgium,BEL,2012,109
Belgium,BEL,2013,39
Belgium,BEL,2014,70
Belgium,BEL,2015,47
Belgium,BEL,2017,367
Belgium,BEL,2018,117
Belgium,BEL,2019,480
Belgium,BEL,2020,47
Belgium,BEL,2021,7
Belgium,BEL,2022,8
Belgium,BEL,2023,67
Belize,BLZ,1974,8
Belize,BLZ,1975,429
Belize,BLZ,1976,1341
Belize,BLZ,1977,19
Belize,BLZ,1978,216
Belize,BLZ,1979,255
Belize,BLZ,1980,607
Belize,BLZ,1981,186
Belize,BLZ,1982,6
Belize,BLZ,1983,11
Belize,BLZ,1984,4
Belize,BLZ,1985,7
Belize,BLZ,1986,124
Belize,BLZ,1987,224
Belize,BLZ,1988,74
Belize,BLZ,1989,2
Belize,BLZ,1990,25
Belize,BLZ,1991,7
Belize,BLZ,1992,11
Belize,BLZ,1993,0
Belize,BLZ,1994,0
Belize,BLZ,1995,4
Belize,BLZ,1996,0
Belize,BLZ,1997,0
Belize,BLZ,1998,0
Belize,BLZ,1999,0
Belize,BLZ,2000,0
Belize,BLZ,2001,0
Belize,BLZ,2002,0
Belize,BLZ,2003,0
Belize,BLZ,2004,0
Belize,BLZ,2005,0
Belize,BLZ,2006,0
Belize,BLZ,2007,0
Belize,BLZ,2008,0
Belize,BLZ,2009,0
Belize,BLZ,2010,0
Belize,BLZ,2011,0
Belize,BLZ,2012,0
Belize,BLZ,2013,0
Belize,BLZ,2014,0
Belize,BLZ,2015,0
Belize,BLZ,2016,0
Belize,BLZ,2017,0
Belize,BLZ,2018,0
Belize,BLZ,2019,0
Belize,BLZ,2020,0
Belize,BLZ,2021,0
Belize,BLZ,2022,0
Belize,BLZ,2023,0
Benin,BEN,1974,16364
Benin,BEN,1975,13235
Benin,BEN,1976,9514
Benin,BEN,1977,15502
Benin,BEN,1978,23269
Benin,BEN,1979,11096
Benin,BEN,1980,18635
Benin,BEN,1981,12378
Benin,BEN,1982,11850
Benin,BEN,1983,11774
Benin,BEN,1984,13437
Benin,BEN,1985,13210
Benin,BEN,1986,7374
Benin,BEN,1987,13180
Benin,BEN,1988,5275
Benin,BEN,1989,3281
Benin,BEN,1991,5396
Benin,BEN,1992,3049
Benin,BEN,1993,4102
Benin,BEN,1994,7557
Benin,BEN,1995,10469
Benin,BEN,1996,1365
Benin,BEN,1997,9521
Benin,BEN,1998,648
Benin,BEN,1999,2573
Benin,BEN,2000,4244
Benin,BEN,2001,5859
Benin,BEN,2002,1588
Benin,BEN,2003,217
Benin,BEN,2004,262
Benin,BEN,2005,210
Benin,BEN,2006,176
Benin,BEN,2007,341
Benin,BEN,2008,928
Benin,BEN,2009,1461
Benin,BEN,2010,392
Benin,BEN,2011,426
Benin,BEN,2012,288
Benin,BEN,2013,637
Benin,BEN,2014,786
Benin,BEN,2015,55
Benin,BEN,2016,89
Benin,BEN,2017,97
Benin,BEN,2018,493
Benin,BEN,2019,437
Benin,BEN,2020,18
Benin,BEN,2021,35
Benin,BEN,2022,455
Benin,BEN,2023,478
Bermuda,BMU,1974,23
Bermuda,BMU,1975,848
Bermuda,BMU,1976,6
Bermuda,BMU,1977,10
Bermuda,BMU,1978,99
Bermuda,BMU,1979,13
Bermuda,BMU,1980,22
Bermuda,BMU,1981,4
Bermuda,BMU,1982,20
Bermuda,BMU,1983,1
Bermuda,BMU,1984,3
Bermuda,BMU,1985,0
Bermuda,BMU,1986,4
Bermuda,BMU,1987,56
Bermuda,BMU,1988,4
Bermuda,BMU,1989,1
Bermuda,BMU,1990,1
Bermuda,BMU,1991,2
Bermuda,BMU,1992,0
Bermuda,BMU,1993,0
Bermuda,BMU,1994,0
Bermuda,BMU,1995,0
Bermuda,BMU,1996,0
Bermuda,BMU,1997,0
Bermuda,BMU,1998,0
Bermuda,BMU,1999,0
Bermuda,BMU,2000,0
Bermuda,BMU,2001,0
Bermuda,BMU,2002,0
Bermuda,BMU,2004,0
Bermuda,BMU,2017,0
Bermuda,BMU,2018,0
Bermuda,BMU,2019,0
Bermuda,BMU,2020,0
Bermuda,BMU,2021,0
Bermuda,BMU,2022,0
Bermuda,BMU,2023,0
Bhutan,BTN,1978,440
Bhutan,BTN,1979,894
Bhutan,BTN,1980,1642
Bhutan,BTN,1981,1102
Bhutan,BTN,1982,1868
Bhutan,BTN,1983,1356
Bhutan,BTN,1984,1321
Bhutan,BTN,1985,819
Bhutan,BTN,1986,948
Bhutan,BTN,1987,673
Bhutan,BTN,1988,382
Bhutan,BTN,1989,554
Bhutan,BTN,1990,173
Bhutan,BTN,1991,441
Bhutan,BTN,1992,103
Bhutan,BTN,1993,505
Bhutan,BTN,1994,683
Bhutan,BTN,1995,148
Bhutan,BTN,1996,9
Bhutan,BTN,1997,169
Bhutan,BTN,1998,66
Bhutan,BTN,1999,9920
Bhutan,BTN,2000,418
Bhutan,BTN,2001,756
Bhutan,BTN,2002,27
Bhutan,BTN,2003,0
Bhutan,BTN,2004,3
Bhutan,BTN,2005,11
Bhutan,BTN,2006,2
Bhutan,BTN,2007,11
Bhutan,BTN,2008,7
Bhutan,BTN,2009,6
Bhutan,BTN,2010,21
Bhutan,BTN,2011,10
Bhutan,BTN,2012,1
Bhutan,BTN,2013,0
Bhutan,BTN,2014,0
Bhutan,BTN,2015,11
Bhutan,BTN,2016,45
Bhutan,BTN,2017,66
Bhutan,BTN,2018,18
Bhutan,BTN,2019,2
Bhutan,BTN,2022,7
Bhutan,BTN,2023,10
Bolivia,BOL,1974,5318
Bolivia,BOL,1975,2244
Bolivia,BOL,1976,6427
Bolivia,BOL,1977,8194
Bolivia,BOL,1978,3363
Bolivia,BOL,1979,5802
Bolivia,BOL,1980,4181
Bolivia,BOL,1981,7654
Bolivia,BOL,1982,720
Bolivia,BOL,1983,2034
Bolivia,BOL,1984,1270
Bolivia,BOL,1985,217
Bolivia,BOL,1986,346
Bolivia,BOL,1987,987
Bolivia,BOL,1988,1793
Bolivia,BOL,1989,669
Bolivia,BOL,1990,820
Bolivia,BOL,1991,2108
Bolivia,BOL,1992,4937
Bolivia,BOL,1993,3391
Bolivia,BOL,1994,1441
Bolivia,BOL,1995,76
Bolivia,BOL,1996,7
Bolivia,BOL,1997,7
Bolivia,BOL,1998,1004
Bolivia,BOL,1999,1441
Bolivia,BOL,2000,122
Bolivia,BOL,2001,0
Bolivia,BOL,2002,0
Bolivia,BOL,2003,0
Bolivia,BOL,2004,0
Bolivia,BOL,2005,0
Bolivia,BOL,2006,0
Bolivia,BOL,2007,0
Bolivia,BOL,2008,0
Bolivia,BOL,2009,0
Bolivia,BOL,2010,0
Bolivia,BOL,2011,0
Bolivia,BOL,2012,0
Bolivia,BOL,2013,0
Bolivia,BOL,2014,0
Bolivia,BOL,2015,0
Bolivia,BOL,2016,0
Bolivia,BOL,2017,0
Bolivia,BOL,2018,0
Bolivia,BOL,2019,0
Bolivia,BOL,2020,2
Bolivia,BOL,2021,0
Bolivia,BOL,2022,0
Bolivia,BOL,2023,0
Bosnia and Herzegovina,BIH,1990,512
Bosnia and Herzegovina,BIH,1991,179
Bosnia and Herzegovina,BIH,1992,144
Bosnia and Herzegovina,BIH,1993,249
Bosnia and Herzegovina,BIH,1994,875
Bosnia and Herzegovina,BIH,1995,125
Bosnia and Herzegovina,BIH,1997,3937
Bosnia and Herzegovina,BIH,1998,2811
Bosnia and Herzegovina,BIH,1999,133
Bosnia and Herzegovina,BIH,2000,43
Bosnia and Herzegovina,BIH,2002,28
Bosnia and Herzegovina,BIH,2003,18
Bosnia and Herzegovina,BIH,2004,28
Bosnia and Herzegovina,BIH,2005,23
Bosnia and Herzegovina,BIH,2006,17
Bosnia and Herzegovina,BIH,2007,166
Bosnia and Herzegovina,BIH,2008,8
Bosnia and Herzegovina,BIH,2009,22
Bosnia and Herzegovina,BIH,2010,45
Bosnia and Herzegovina,BIH,2011,10
Bosnia and Herzegovina,BIH,2012,22
Bosnia and Herzegovina,BIH,2014,3000
Bosnia and Herzegovina,BIH,2015,1677
Bosnia and Herzegovina,BIH,2016,133
Bosnia and Herzegovina,BIH,2017,18
Bosnia and Herzegovina,BIH,2018,62
Bosnia and Herzegovina,BIH,2019,1404
Bosnia and Herzegovina,BIH,2022,6
Bosnia and Herzegovina,BIH,2023,13
Botswana,BWA,1974,5625
Botswana,BWA,1975,8832
Botswana,BWA,1976,3495
Botswana,BWA,1977,8637
Botswana,BWA,1978,2483
Botswana,BWA,1979,8556
Botswana,BWA,1980,4091
Botswana,BWA,1981,2157
Botswana,BWA,1982,1512
Botswana,BWA,1983,6542
Botswana,BWA,1984,9249
Botswana,BWA,1985,1684
Botswana,BWA,1986,1018
Botswana,BWA,1987,126
Botswana,BWA,1988,711
Botswana,BWA,1989,3771
Botswana,BWA,1990,1218
Botswana,BWA,1991,565
Botswana,BWA,1992,566
Botswana,BWA,1993,5327
Botswana,BWA,1994,2447
Botswana,BWA,1995,478
Botswana,BWA,1996,1030
Botswana,BWA,1997,5032
Botswana,BWA,1998,700
Botswana,BWA,1999,439
Botswana,BWA,2000,2672
Botswana,BWA,2001,1
Botswana,BWA,2002,7
Botswana,BWA,2003,59
Botswana,BWA,2004,1
Botswana,BWA,2005,5
Botswana,BWA,2006,6
Botswana,BWA,2007,1
Botswana,BWA,2008,0
Botswana,BWA,2009,184
Botswana,BWA,2010,853
Botswana,BWA,2011,8
Botswana,BWA,2012,7
Botswana,BWA,2013,1
Botswana,BWA,2014,1
Botswana,BWA,2015,0
Botswana,BWA,2016,1
Botswana,BWA,2017,0
Botswana,BWA,2018,0
Botswana,BWA,2019,0
Botswana,BWA,2020,5
Botswana,BWA,2021,0
Botswana,BWA,2022,1
Botswana,BWA,2023,63
Brazil,BRA,1974,20061
Brazil,BRA,1975,19764
Brazil,BRA,1976,73631
Brazil,BRA,1977,54410
Brazil,BRA,1978,51345
Brazil,BRA,1979,65552
Brazil,BRA,1980,99263
Brazil,BRA,1981,61281
Brazil,BRA,1982,39370
Brazil,BRA,1983,58259
Brazil,BRA,1984,80875
Brazil,BRA,1985,75993
Brazil,BRA,1986,129126
Brazil,BRA,1987,66059
Brazil,BRA,1988,26179
Brazil,BRA,1989,22853
Brazil,BRA,1990,61435
Brazil,BRA,1991,42537
Brazil,BRA,1992,7934
Brazil,BRA,1993,6037
Brazil,BRA,1994,35
Brazil,BRA,1995,793
Brazil,BRA,1996,580
Brazil,BRA,1997,52284
Brazil,BRA,1998,2781
Brazil,BRA,1999,908
Brazil,BRA,2000,36
Brazil,BRA,2001,1
Brazil,BRA,2002,1
Brazil,BRA,2003,2
Brazil,BRA,2004,0
Brazil,BRA,2005,6
Brazil,BRA,2006,57
Brazil,BRA,2007,0
Brazil,BRA,2008,0
Brazil,BRA,2009,0
Brazil,BRA,2010,68
Brazil,BRA,2011,43
Brazil,BRA,2012,2
Brazil,BRA,2013,220
Brazil,BRA,2014,876
Brazil,BRA,2015,214
Brazil,BRA,2016,0
Brazil,BRA,2018,10330
Brazil,BRA,2019,20901
Brazil,BRA,2020,8448
Brazil,BRA,2021,668
Brazil,BRA,2022,41
Brazil,BRA,2023,0
British Virgin Islands,VGB,1974,152
British Virgin Islands,VGB,1975,12
British Virgin Islands,VGB,1976,2
British Virgin Islands,VGB,1977,0
British Virgin Islands,VGB,1978,0
British Virgin Islands,VGB,1979,10
British Virgin Islands,VGB,1980,20
British Virgin Islands,VGB,1981,0
British Virgin Islands,VGB,1982,1
British Virgin Islands,VGB,1983,6
British Virgin Islands,VGB,1984,0
British Virgin Islands,VGB,1985,0
British Virgin Islands,VGB,1986,0
British Virgin Islands,VGB,1987,0
British Virgin Islands,VGB,1988,0
British Virgin Islands,VGB,1989,168
British Virgin Islands,VGB,1990,90
British Virgin Islands,VGB,1991,0
British Virgin Islands,VGB,1992,0
British Virgin Islands,VGB,1993,0
British Virgin Islands,VGB,1994,0
British Virgin Islands,VGB,1995,0
British Virgin Islands,VGB,1996,0
British Virgin Islands,VGB,1997,0
British Virgin Islands,VGB,1998,0
British Virgin Islands,VGB,1999,0
British Virgin Islands,VGB,2000,0
British Virgin Islands,VGB,2001,0
British Virgin Islands,VGB,2002,0
British Virgin Islands,VGB,2003,0
British Virgin Islands,VGB,2017,0
British Virgin Islands,VGB,2018,0
British Virgin Islands,VGB,2019,0
British Virgin Islands,VGB,2021,0
British Virgin Islands,VGB,2022,0
British Virgin Islands,VGB,2023,0
Brunei,BRN,1976,133
Brunei,BRN,1978,2138
Brunei,BRN,1979,249
Brunei,BRN,1980,485
Brunei,BRN,1981,775
Brunei,BRN,1982,243
Brunei,BRN,1983,558
Brunei,BRN,1984,541
Brunei,BRN,1985,617
Brunei,BRN,1986,440
Brunei,BRN,1987,63
Brunei,BRN,1988,28
Brunei,BRN,1989,39
Brunei,BRN,1990,12
Brunei,BRN,1992,51
Brunei,BRN,1993,50
Brunei,BRN,1997,13
Brunei,BRN,1998,12
Brunei,BRN,1999,23
Brunei,BRN,2000,42
Brunei,BRN,2001,11
Brunei,BRN,2003,24
Brunei,BRN,2004,16
Brunei,BRN,2005,9
Brunei,BRN,2008,3
Brunei,BRN,2009,2
Brunei,BRN,2010,0
Brunei,BRN,2011,4
Brunei,BRN,2012,1
Brunei,BRN,2014,1
Brunei,BRN,2015,4
Brunei,BRN,2016,1
Brunei,BRN,2017,0
Brunei,BRN,2018,1
Brunei,BRN,2019,1
Brunei,BRN,2020,0
Brunei,BRN,2021,0
Brunei,BRN,2022,0
Brunei,BRN,2023,1
Bulgaria,BGR,1974,41335
Bulgaria,BGR,1975,20162
Bulgaria,BGR,1976,16877
Bulgaria,BGR,1977,806
Bulgaria,BGR,1978,423
Bulgaria,BGR,1979,249
Bulgaria,BGR,1980,10763
Bulgaria,BGR,1981,9239
Bulgaria,BGR,1982,281
Bulgaria,BGR,1983,326
Bulgaria,BGR,1984,292
Bulgaria,BGR,1985,972
Bulgaria,BGR,1986,1370
Bulgaria,BGR,1987,1560
Bulgaria,BGR,1988,404
Bulgaria,BGR,1989,111
Bulgaria,BGR,1990,147
Bulgaria,BGR,1991,2028
Bulgaria,BGR,1992,20258
Bulgaria,BGR,1993,354
Bulgaria,BGR,1994,121
Bulgaria,BGR,1995,172
Bulgaria,BGR,1996,695
Bulgaria,BGR,1997,23
Bulgaria,BGR,1998,80
Bulgaria,BGR,1999,24
Bulgaria,BGR,2000,46
Bulgaria,BGR,2001,8
Bulgaria,BGR,2002,0
Bulgaria,BGR,2003,0
Bulgaria,BGR,2004,0
Bulgaria,BGR,2005,3
Bulgaria,BGR,2006,1
Bulgaria,BGR,2007,1
Bulgaria,BGR,2008,1
Bulgaria,BGR,2009,2249
Bulgaria,BGR,2010,22004
Bulgaria,BGR,2011,157
Bulgaria,BGR,2012,1
Bulgaria,BGR,2013,14
Bulgaria,BGR,2014,0
Bulgaria,BGR,2015,0
Bulgaria,BGR,2016,1
Bulgaria,BGR,2017,165
Bulgaria,BGR,2018,13
Bulgaria,BGR,2019,1231
Bulgaria,BGR,2020,257
Bulgaria,BGR,2021,0
Bulgaria,BGR,2022,1
Bulgaria,BGR,2023,0
Burkina Faso,BFA,1974,11329
Burkina Faso,BFA,1975,33683
Burkina Faso,BFA,1976,22563
Burkina Faso,BFA,1977,32317
Burkina Faso,BFA,1978,9213
Burkina Faso,BFA,1979,29672
Burkina Faso,BFA,1980,13713
Burkina Faso,BFA,1981,17327
Burkina Faso,BFA,1982,20940
Burkina Faso,BFA,1983,21395
Burkina Faso,BFA,1984,30094
Burkina Faso,BFA,1985,17461
Burkina Faso,BFA,1986,11722
Burkina Faso,BFA,1987,28282
Burkina Faso,BFA,1988,7782
Burkina Faso,BFA,1989,7474
Burkina Faso,BFA,1990,9804
Burkina Faso,BFA,1991,6590
Burkina Faso,BFA,1992,21751
Burkina Faso,BFA,1993,14445
Burkina Faso,BFA,1994,2925
Burkina Faso,BFA,1995,5669
Burkina Faso,BFA,1996,18534
Burkina Faso,BFA,1997,1438
Burkina Faso,BFA,1999,5516
Burkina Faso,BFA,2000,6074
Burkina Faso,BFA,2001,4174
Burkina Faso,BFA,2002,1744
Burkina Faso,BFA,2003,2946
Burkina Faso,BFA,2004,77
Burkina Faso,BFA,2005,253
Burkina Faso,BFA,2006,125
Burkina Faso,BFA,2007,12
Burkina Faso,BFA,2008,395
Burkina Faso,BFA,2009,54118
Burkina Faso,BFA,2010,2511
Burkina Faso,BFA,2011,860
Burkina Faso,BFA,2012,7362
Burkina Faso,BFA,2013,375
Burkina Faso,BFA,2014,343
Burkina Faso,BFA,2015,99
Burkina Faso,BFA,2016,226
Burkina Faso,BFA,2017,49
Burkina Faso,BFA,2018,4072
Burkina Faso,BFA,2019,672
Burkina Faso,BFA,2020,2480
Burkina Faso,BFA,2022,252
Burkina Faso,BFA,2023,680
Burundi,BDI,1974,20025
Burundi,BDI,1975,30949
Burundi,BDI,1976,37019
Burundi,BDI,1977,58755
Burundi,BDI,1978,49629
Burundi,BDI,1979,43557
Burundi,BDI,1980,49227
Burundi,BDI,1981,58970
Burundi,BDI,1982,42051
Burundi,BDI,1983,49302
Burundi,BDI,1984,28587
Burundi,BDI,1985,36740
Burundi,BDI,1986,39631
Burundi,BDI,1987,23297
Burundi,BDI,1988,33261
Burundi,BDI,1989,28014
Burundi,BDI,1990,13282
Burundi,BDI,1991,10397
Burundi,BDI,1992,22344
Burundi,BDI,1993,23869
Burundi,BDI,1994,7192
Burundi,BDI,1995,14782
Burundi,BDI,1996,16099
Burundi,BDI,1997,1273
Burundi,BDI,1998,1449
Burundi,BDI,1999,2928
Burundi,BDI,2000,18363
Burundi,BDI,2002,1016
Burundi,BDI,2003,224
Burundi,BDI,2004,2
Burundi,BDI,2005,0
Burundi,BDI,2006,784
Burundi,BDI,2007,43
Burundi,BDI,2008,173
Burundi,BDI,2009,305
Burundi,BDI,2010,495
Burundi,BDI,2011,129
Burundi,BDI,2012,49
Burundi,BDI,2013,0
Burundi,BDI,2014,0
Burundi,BDI,2015,9
Burundi,BDI,2016,16
Burundi,BDI,2017,18
Burundi,BDI,2018,9
Burundi,BDI,2019,112
Burundi,BDI,2020,1700
Burundi,BDI,2021,369
Burundi,BDI,2022,212
Burundi,BDI,2023,1684
Cambodia,KHM,1980,32240
Cambodia,KHM,1981,40774
Cambodia,KHM,1982,57605
Cambodia,KHM,1983,10368
Cambodia,KHM,1984,38329
Cambodia,KHM,1985,44557
Cambodia,KHM,1986,17219
Cambodia,KHM,1987,9281
Cambodia,KHM,1988,4934
Cambodia,KHM,1989,9256
Cambodia,KHM,1990,2473
Cambodia,KHM,1991,2186
Cambodia,KHM,1992,2759
Cambodia,KHM,1993,1262
Cambodia,KHM,1994,946
Cambodia,KHM,1995,2038
Cambodia,KHM,1996,2814
Cambodia,KHM,1997,3826
Cambodia,KHM,1998,1993
Cambodia,KHM,1999,13827
Cambodia,KHM,2000,12237
Cambodia,KHM,2001,3761
Cambodia,KHM,2002,1361
Cambodia,KHM,2003,653
Cambodia,KHM,2004,352
Cambodia,KHM,2005,264
Cambodia,KHM,2006,188
Cambodia,KHM,2007,394
Cambodia,KHM,2008,4211
Cambodia,KHM,2009,4779
Cambodia,KHM,2010,1156
Cambodia,KHM,2011,722
Cambodia,KHM,2012,15
Cambodia,KHM,2013,0
Cambodia,KHM,2014,0
Cambodia,KHM,2015,0
Cambodia,KHM,2016,56
Cambodia,KHM,2017,10
Cambodia,KHM,2018,3
Cambodia,KHM,2019,684
Cambodia,KHM,2020,379
Cambodia,KHM,2021,5
Cambodia,KHM,2022,13
Cambodia,KHM,2023,11
Cameroon,CMR,1974,34750
Cameroon,CMR,1976,7277
Cameroon,CMR,1978,23837
Cameroon,CMR,1981,10546
Cameroon,CMR,1982,33876
Cameroon,CMR,1983,58904
Cameroon,CMR,1984,38580
Cameroon,CMR,1985,47178
Cameroon,CMR,1986,31936
Cameroon,CMR,1987,16654
Cameroon,CMR,1988,23207
Cameroon,CMR,1989,24314
Cameroon,CMR,1990,21150
Cameroon,CMR,1991,14622
Cameroon,CMR,1992,27442
Cameroon,CMR,1993,10892
Cameroon,CMR,1994,1548
Cameroon,CMR,1995,2463
Cameroon,CMR,1996,11770
Cameroon,CMR,1997,7504
Cameroon,CMR,1998,10731
Cameroon,CMR,1999,10894
Cameroon,CMR,2000,14629
Cameroon,CMR,2001,23934
Cameroon,CMR,2002,1448
Cameroon,CMR,2003,899
Cameroon,CMR,2004,358
Cameroon,CMR,2005,605
Cameroon,CMR,2006,196
Cameroon,CMR,2007,100
Cameroon,CMR,2008,495
Cameroon,CMR,2009,251
Cameroon,CMR,2010,240
Cameroon,CMR,2011,504
Cameroon,CMR,2012,609
Cameroon,CMR,2013,760
Cameroon,CMR,2014,831
Cameroon,CMR,2015,1809
Cameroon,CMR,2016,338
Cameroon,CMR,2017,712
Cameroon,CMR,2018,814
Cameroon,CMR,2019,2809
Cameroon,CMR,2020,1509
Cameroon,CMR,2021,771
Cameroon,CMR,2022,3217
Cameroon,CMR,2023,6105
Canada,CAN,1974,11985
Canada,CAN,1975,13143
Canada,CAN,1976,9158
Canada,CAN,1977,0
Canada,CAN,1978,5858
Canada,CAN,1979,22444
Canada,CAN,1980,13864
Canada,CAN,1981,2307
Canada,CAN,1982,1064
Canada,CAN,1983,934
Canada,CAN,1984,4078
Canada,CAN,1985,2816
Canada,CAN,1986,14941
Canada,CAN,1987,2385
Canada,CAN,1988,609
Canada,CAN,1989,11145
Canada,CAN,1990,1033
Canada,CAN,1991,6178
Canada,CAN,1992,2742
Canada,CAN,1993,203
Canada,CAN,1994,523
Canada,CAN,1995,2361
Canada,CAN,1996,327
Canada,CAN,1997,579
Canada,CAN,1998,12
Canada,CAN,1999,29
Canada,CAN,2000,206
Canada,CAN,2001,34
Canada,CAN,2002,6
Canada,CAN,2003,15
Canada,CAN,2004,7
Canada,CAN,2005,6
Canada,CAN,2006,13
Canada,CAN,2007,101
Canada,CAN,2008,62
Canada,CAN,2009,14
Canada,CAN,2010,99
Canada,CAN,2011,803
Canada,CAN,2012,10
Canada,CAN,2013,83
Canada,CAN,2014,418
Canada,CAN,2015,195
Canada,CAN,2016,11
Canada,CAN,2017,45
Canada,CAN,2018,28
Canada,CAN,2019,113
Canada,CAN,2020,1
Canada,CAN,2021,0
Canada,CAN,2022,3
Canada,CAN,2023,12
Cape Verde,CPV,1976,440
Cape Verde,CPV,1977,204
Cape Verde,CPV,1978,261
Cape Verde,CPV,1979,306
Cape Verde,CPV,1980,1279
Cape Verde,CPV,1981,150
Cape Verde,CPV,1982,1282
Cape Verde,CPV,1983,1385
Cape Verde,CPV,1984,49
Cape Verde,CPV,1985,3048
Cape Verde,CPV,1987,450
Cape Verde,CPV,1988,7
Cape Verde,CPV,1989,1
Cape Verde,CPV,1990,0
Cape Verde,CPV,1991,7
Cape Verde,CPV,1992,1
Cape Verde,CPV,1993,0
Cape Verde,CPV,1994,30
Cape Verde,CPV,1995,10
Cape Verde,CPV,1996,0
Cape Verde,CPV,1997,8584
Cape Verde,CPV,1998,289
Cape Verde,CPV,1999,1
Cape Verde,CPV,2000,2
Cape Verde,CPV,2001,0
Cape Verde,CPV,2002,0
Cape Verde,CPV,2003,0
Cape Verde,CPV,2004,0
Cape Verde,CPV,2005,0
Cape Verde,CPV,2006,0
Cape Verde,CPV,2007,0
Cape Verde,CPV,2008,0
Cape Verde,CPV,2009,0
Cape Verde,CPV,2010,0
Cape Verde,CPV,2011,0
Cape Verde,CPV,2012,0
Cape Verde,CPV,2013,0
Cape Verde,CPV,2014,0
Cape Verde,CPV,2015,0
Cape Verde,CPV,2017,0
Cape Verde,CPV,2018,0
Cape Verde,CPV,2019,0
Cape Verde,CPV,2021,0
Cape Verde,CPV,2022,0
Cape Verde,CPV,2023,0
Cayman Islands,CYM,1974,0
Cayman Islands,CYM,1975,14
Cayman Islands,CYM,1976,62
Cayman Islands,CYM,1978,43
Cayman Islands,CYM,1979,274
Cayman Islands,CYM,1980,9
Cayman Islands,CYM,1981,2
Cayman Islands,CYM,1982,0
Cayman Islands,CYM,1983,9
Cayman Islands,CYM,1984,5
Cayman Islands,CYM,1985,4
Cayman Islands,CYM,1986,2
Cayman Islands,CYM,1987,3
Cayman Islands,CYM,1988,1
Cayman Islands,CYM,1989,5
Cayman Islands,CYM,1990,0
Cayman Islands,CYM,1991,0
Cayman Islands,CYM,1992,0
Cayman Islands,CYM,1993,0
Cayman Islands,CYM,1994,0
Cayman Islands,CYM,1995,0
Cayman Islands,CYM,1996,0
Cayman Islands,CYM,1997,0
Cayman Islands,CYM,1998,0
Cayman Islands,CYM,1999,0
Cayman Islands,CYM,2000,0
Cayman Islands,CYM,2001,0
Cayman Islands,CYM,2002,0
Cayman Islands,CYM,2003,0
Cayman Islands,CYM,2017,0
Cayman Islands,CYM,2018,0
Cayman Islands,CYM,2020,0
Cayman Islands,CYM,2021,0
Cayman Islands,CYM,2022,0
Cayman Islands,CYM,2023,0
Central African Republic,CAF,1974,3158
Central African Republic,CAF,1976,11993
Central African Republic,CAF,1977,4382
Central African Republic,CAF,1978,8800
Central African Republic,CAF,1979,9104
Central African Republic,CAF,1980,8280
Central African Republic,CAF,1981,3820
Central African Republic,CAF,1982,2563
Central African Republic,CAF,1983,1564
Central African Republic,CAF,1984,6395
Central African Republic,CAF,1985,2446
Central African Republic,CAF,1986,1785
Central African Republic,CAF,1987,2148
Central African Republic,CAF,1988,1898
Central African Republic,CAF,1989,331
Central African Republic,CAF,1990,1275
Central African Republic,CAF,1991,3644
Central African Republic,CAF,1992,3022
Central African Republic,CAF,1993,1694
Central African Republic,CAF,1995,902
Central African Republic,CAF,1996,248
Central African Republic,CAF,1997,194
Central African Republic,CAF,1998,146
Central African Republic,CAF,1999,600
Central African Republic,CAF,2000,3207
Central African Republic,CAF,2001,2837
Central African Republic,CAF,2002,938
Central African Republic,CAF,2003,652
Central African Republic,CAF,2004,1233
Central African Republic,CAF,2005,471
Central African Republic,CAF,2006,3
Central African Republic,CAF,2007,49
Central African Republic,CAF,2008,12
Central African Republic,CAF,2009,11
Central African Republic,CAF,2010,2
Central African Republic,CAF,2011,679
Central African Republic,CAF,2012,141
Central African Republic,CAF,2013,596
Central African Republic,CAF,2014,210
Central African Republic,CAF,2015,150
Central African Republic,CAF,2016,367
Central African Republic,CAF,2017,801
Central African Republic,CAF,2018,224
Central African Republic,CAF,2019,3390
Central African Republic,CAF,2020,3433
Central African Republic,CAF,2021,286
Central African Republic,CAF,2022,155
Central African Republic,CAF,2023,3841
Chad,TCD,1974,7051
Chad,TCD,1975,2243
Chad,TCD,1976,15001
Chad,TCD,1977,12299
Chad,TCD,1978,2033
Chad,TCD,1979,306
Chad,TCD,1981,36
Chad,TCD,1982,1223
Chad,TCD,1983,5160
Chad,TCD,1984,6921
Chad,TCD,1985,6430
Chad,TCD,1986,3500
Chad,TCD,1987,3623
Chad,TCD,1988,3645
Chad,TCD,1989,7449
Chad,TCD,1990,7226
Chad,TCD,1991,21182
Chad,TCD,1992,19035
Chad,TCD,1993,20894
Chad,TCD,1994,9696
Chad,TCD,1995,21952
Chad,TCD,1996,24162
Chad,TCD,1997,10446
Chad,TCD,1998,12371
Chad,TCD,1999,6868
Chad,TCD,2000,3546
Chad,TCD,2001,24908
Chad,TCD,2002,7277
Chad,TCD,2003,15801
Chad,TCD,2004,10324
Chad,TCD,2005,2
Chad,TCD,2006,1594
Chad,TCD,2007,441
Chad,TCD,2008,63
Chad,TCD,2009,165
Chad,TCD,2010,194
Chad,TCD,2011,8650
Chad,TCD,2012,120
Chad,TCD,2013,226
Chad,TCD,2014,1275
Chad,TCD,2015,418
Chad,TCD,2016,118
Chad,TCD,2017,9
Chad,TCD,2018,1457
Chad,TCD,2019,1882
Chad,TCD,2020,2170
Chad,TCD,2021,2577
Chad,TCD,2022,2158
Chad,TCD,2023,11862
Chile,CHL,1974,16806
Chile,CHL,1975,8413
Chile,CHL,1976,2542
Chile,CHL,1977,1062
Chile,CHL,1978,15381
Chile,CHL,1979,34390
Chile,CHL,1980,3844
Chile,CHL,1981,6527
Chile,CHL,1982,9438
Chile,CHL,1983,6752
Chile,CHL,1984,4785
Chile,CHL,1985,17101
Chile,CHL,1986,12563
Chile,CHL,1987,2623
Chile,CHL,1988,45079
Chile,CHL,1989,13008
Chile,CHL,1990,1958
Chile,CHL,1991,2098
Chile,CHL,1992,1
Chile,CHL,1993,1
Chile,CHL,1994,0
Chile,CHL,1995,0
Chile,CHL,1996,0
Chile,CHL,1997,58
Chile,CHL,1998,6
Chile,CHL,1999,31
Chile,CHL,2000,0
Chile,CHL,2001,0
Chile,CHL,2002,0
Chile,CHL,2003,1
Chile,CHL,2004,0
Chile,CHL,2005,0
Chile,CHL,2006,0
Chile,CHL,2007,0
Chile,CHL,2008,0
Chile,CHL,2009,1
Chile,CHL,2010,0
Chile,CHL,2011,6
Chile,CHL,2012,0
Chile,CHL,2013,0
Chile,CHL,2014,0
Chile,CHL,2015,9
Chile,CHL,2016,0
Chile,CHL,2017,0
Chile,CHL,2018,24
Chile,CHL,2019,11
Chile,CHL,2020,2
Chile,CHL,2021,0
Chile,CHL,2022,0
Chile,CHL,2023,1
China,CHN,1974,3276531
China,CHN,1975,2553084
China,CHN,1976,2558995
China,CHN,1977,2640161
China,CHN,1978,2377776
China,CHN,1979,1717031
China,CHN,1980,1122285
China,CHN,1981,1010755
China,CHN,1982,892870
China,CHN,1983,781475
China,CHN,1984,619709
China,CHN,1985,418159
China,CHN,1986,198738
China,CHN,1987,104925
China,CHN,1988,96994
China,CHN,1989,85049
China,CHN,1990,85705
China,CHN,1991,123428
China,CHN,1992,140048
China,CHN,1993,117851
China,CHN,1994,76204
China,CHN,1995,53232
China,CHN,1996,68404
China,CHN,1997,79621
China,CHN,1998,53030
China,CHN,1999,61840
China,CHN,2000,71093
China,CHN,2001,88962
China,CHN,2002,58341
China,CHN,2003,71879
China,CHN,2004,70549
China,CHN,2005,124219
China,CHN,2006,99602
China,CHN,2007,109023
China,CHN,2008,131441
China,CHN,2009,52461
China,CHN,2010,38159
China,CHN,2011,9943
China,CHN,2012,6183
China,CHN,2013,26883
China,CHN,2014,52628
China,CHN,2015,42361
China,CHN,2016,24820
China,CHN,2017,5941
China,CHN,2018,3940
China,CHN,2019,2974
China,CHN,2020,867
China,CHN,2021,554
China,CHN,2022,552
China,CHN,2023,621
Colombia,COL,1974,25969
Colombia,COL,1975,10706
Colombia,COL,1976,23272
Colombia,COL,1977,21362
Colombia,COL,1978,20446
Colombia,COL,1979,18144
Colombia,COL,1980,9222
Colombia,COL,1981,19612
Colombia,COL,1982,9273
Colombia,COL,1983,13099
Colombia,COL,1984,11849
Colombia,COL,1985,5572
Colombia,COL,1986,5180
Colombia,COL,1987,20620
Colombia,COL,1988,14801
Colombia,COL,1989,12598
Colombia,COL,1990,12520
Colombia,COL,1991,10391
Colombia,COL,1992,7976
Colombia,COL,1993,9105
Colombia,COL,1994,525
Colombia,COL,1995,410
Colombia,COL,1996,160
Colombia,COL,1997,67
Colombia,COL,1998,61
Colombia,COL,1999,44
Colombia,COL,2000,1
Colombia,COL,2001,3
Colombia,COL,2002,139
Colombia,COL,2003,0
Colombia,COL,2004,0
Colombia,COL,2005,0
Colombia,COL,2006,0
Colombia,COL,2007,0
Colombia,COL,2008,0
Colombia,COL,2009,0
Colombia,COL,2010,0
Colombia,COL,2011,6
Colombia,COL,2012,1
Colombia,COL,2013,1
Colombia,COL,2014,0
Colombia,COL,2015,1
Colombia,COL,2016,0
Colombia,COL,2017,0
Colombia,COL,2018,208
Colombia,COL,2019,244
Colombia,COL,2020,1
Colombia,COL,2021,0
Colombia,COL,2022,0
Colombia,COL,2023,0
Comoros,COM,1974,1876
Comoros,COM,1976,277
Comoros,COM,1977,277
Comoros,COM,1978,0
Comoros,COM,1979,0
Comoros,COM,1980,1801
Comoros,COM,1981,0
Comoros,COM,1982,0
Comoros,COM,1983,0
Comoros,COM,1984,0
Comoros,COM,1985,0
Comoros,COM,1986,0
Comoros,COM,1987,0
Comoros,COM,1988,0
Comoros,COM,1989,170
Comoros,COM,1990,2328
Comoros,COM,1991,0
Comoros,COM,1992,0
Comoros,COM,1993,0
Comoros,COM,1994,2
Comoros,COM,1995,0
Comoros,COM,1996,0
Comoros,COM,1997,0
Comoros,COM,1998,0
Comoros,COM,1999,0
Comoros,COM,2002,0
Comoros,COM,2003,0
Comoros,COM,2004,0
Comoros,COM,2005,912
Comoros,COM,2006,85
Comoros,COM,2007,0
Comoros,COM,2008,0
Comoros,COM,2009,1
Comoros,COM,2010,0
Comoros,COM,2011,3
Comoros,COM,2012,1
Comoros,COM,2013,0
Comoros,COM,2014,0
Comoros,COM,2015,0
Comoros,COM,2016,0
Comoros,COM,2017,0
Comoros,COM,2018,0
Comoros,COM,2019,65
Comoros,COM,2020,0
Comoros,COM,2021,0
Comoros,COM,2022,4
Comoros,COM,2023,51
Congo,COG,1974,12380
Congo,COG,1975,16611
Congo,COG,1976,16523
Congo,COG,1977,15831
Congo,COG,1978,15736
Congo,COG,1979,27048
Congo,COG,1980,11892
Congo,COG,1981,9668
Congo,COG,1982,12931
Congo,COG,1983,16642
Congo,COG,1984,18615
Congo,COG,1985,7600
Congo,COG,1986,6424
Congo,COG,1987,1420
Congo,COG,1988,454
Congo,COG,1989,498
Congo,COG,1990,3608
Congo,COG,1991,4042
Congo,COG,1992,4302
Congo,COG,1993,693
Congo,COG,1994,226
Congo,COG,1995,2381
Congo,COG,1996,3897
Congo,COG,1997,1267
Congo,COG,1998,174
Congo,COG,1999,313
Congo,COG,2000,1678
Congo,COG,2001,2152
Congo,COG,2002,2788
Congo,COG,2003,3712
Congo,COG,2004,3524
Congo,COG,2005,146
Congo,COG,2006,126
Congo,COG,2007,84
Congo,COG,2008,2
Congo,COG,2009,1
Congo,COG,2010,4
Congo,COG,2011,315
Congo,COG,2012,260
Congo,COG,2013,124
Congo,COG,2014,71
Congo,COG,2015,1359
Congo,COG,2016,277
Congo,COG,2017,958
Congo,COG,2018,28
Congo,COG,2019,66
Congo,COG,2020,37
Congo,COG,2021,160
Congo,COG,2022,6718
Congo,COG,2023,385
Cook Islands,COK,1974,26
Cook Islands,COK,1975,58
Cook Islands,COK,1976,103
Cook Islands,COK,1977,136
Cook Islands,COK,1978,28
Cook Islands,COK,1979,8
Cook Islands,COK,1980,363
Cook Islands,COK,1981,57
Cook Islands,COK,1982,14
Cook Islands,COK,1983,4
Cook Islands,COK,1984,1
Cook Islands,COK,1985,50
Cook Islands,COK,1986,5
Cook Islands,COK,1987,16
Cook Islands,COK,1988,15
Cook Islands,COK,1989,691
Cook Islands,COK,1990,36
Cook Islands,COK,1991,61
Cook Islands,COK,1992,9
Cook Islands,COK,1993,3
Cook Islands,COK,1994,0
Cook Islands,COK,1995,7
Cook Islands,COK,1996,0
Cook Islands,COK,1997,194
Cook Islands,COK,1998,9
Cook Islands,COK,1999,0
Cook Islands,COK,2000,2
Cook Islands,COK,2001,0
Cook Islands,COK,2002,0
Cook Islands,COK,2003,17
Cook Islands,COK,2004,0
Cook Islands,COK,2005,0
Cook Islands,COK,2006,6
Cook Islands,COK,2007,1
Cook Islands,COK,2008,0
Cook Islands,COK,2009,0
Cook Islands,COK,2010,0
Cook Islands,COK,2011,0
Cook Islands,COK,2012,0
Cook Islands,COK,2018,0
Cook Islands,COK,2019,0
Costa Rica,CRI,1974,512
Costa Rica,CRI,1975,743
Costa Rica,CRI,1976,1774
Costa Rica,CRI,1977,2054
Costa Rica,CRI,1978,361
Costa Rica,CRI,1979,6883
Costa Rica,CRI,1980,1000
Costa Rica,CRI,1981,170
Costa Rica,CRI,1982,167
Costa Rica,CRI,1983,39
Costa Rica,CRI,1984,11
Costa Rica,CRI,1985,1
Costa Rica,CRI,1986,4534
Costa Rica,CRI,1987,4004
Costa Rica,CRI,1988,358
Costa Rica,CRI,1989,33
Costa Rica,CRI,1990,76
Costa Rica,CRI,1991,6296
Costa Rica,CRI,1992,2361
Costa Rica,CRI,1993,273
Costa Rica,CRI,1994,0
Costa Rica,CRI,1995,35
Costa Rica,CRI,1996,24
Costa Rica,CRI,1997,26
Costa Rica,CRI,1998,27
Costa Rica,CRI,1999,23
Costa Rica,CRI,2000,0
Costa Rica,CRI,2001,0
Costa Rica,CRI,2002,0
Costa Rica,CRI,2003,1
Costa Rica,CRI,2004,0
Costa Rica,CRI,2005,1
Costa Rica,CRI,2007,0
Costa Rica,CRI,2008,0
Costa Rica,CRI,2009,0
Costa Rica,CRI,2010,0
Costa Rica,CRI,2011,0
Costa Rica,CRI,2012,0
Costa Rica,CRI,2013,0
Costa Rica,CRI,2014,1
Costa Rica,CRI,2015,0
Costa Rica,CRI,2016,0
Costa Rica,CRI,2017,0
Costa Rica,CRI,2018,0
Costa Rica,CRI,2019,10
Costa Rica,CRI,2020,0
Costa Rica,CRI,2021,0
Costa Rica,CRI,2022,0
Costa Rica,CRI,2023,1
Cote d'Ivoire,CIV,1974,79578
Cote d'Ivoire,CIV,1975,73521
Cote d'Ivoire,CIV,1976,11139
Cote d'Ivoire,CIV,1977,12503
Cote d'Ivoire,CIV,1978,11670
Cote d'Ivoire,CIV,1979,8840
Cote d'Ivoire,CIV,1980,7633
Cote d'Ivoire,CIV,1981,14782
Cote d'Ivoire,CIV,1982,15605
Cote d'Ivoire,CIV,1983,7139
Cote d'Ivoire,CIV,1984,5946
Cote d'Ivoire,CIV,1985,8892
Cote d'Ivoire,CIV,1986,23839
Cote d'Ivoire,CIV,1987,34170
Cote d'Ivoire,CIV,1988,16864
Cote d'Ivoire,CIV,1989,18660
Cote d'Ivoire,CIV,1990,17799
Cote d'Ivoire,CIV,1991,9902
Cote d'Ivoire,CIV,1992,14765
Cote d'Ivoire,CIV,1993,7465
Cote d'Ivoire,CIV,1995,30039
Cote d'Ivoire,CIV,1996,20858
Cote d'Ivoire,CIV,1997,9665
Cote d'Ivoire,CIV,1998,12289
Cote d'Ivoire,CIV,1999,4824
Cote d'Ivoire,CIV,2000,5729
Cote d'Ivoire,CIV,2001,5790
Cote d'Ivoire,CIV,2002,5882
Cote d'Ivoire,CIV,2003,4770
Cote d'Ivoire,CIV,2004,3466
Cote d'Ivoire,CIV,2005,115
Cote d'Ivoire,CIV,2006,11
Cote d'Ivoire,CIV,2007,5
Cote d'Ivoire,CIV,2008,12
Cote d'Ivoire,CIV,2009,183
Cote d'Ivoire,CIV,2010,441
Cote d'Ivoire,CIV,2011,628
Cote d'Ivoire,CIV,2012,137
Cote d'Ivoire,CIV,2013,48
Cote d'Ivoire,CIV,2014,50
Cote d'Ivoire,CIV,2015,65
Cote d'Ivoire,CIV,2016,45
Cote d'Ivoire,CIV,2017,163
Cote d'Ivoire,CIV,2018,453
Cote d'Ivoire,CIV,2019,372
Cote d'Ivoire,CIV,2020,600
Cote d'Ivoire,CIV,2021,1837
Cote d'Ivoire,CIV,2022,1596
Cote d'Ivoire,CIV,2023,1361
Croatia,HRV,1990,119
Croatia,HRV,1991,117
Croatia,HRV,1992,160
Croatia,HRV,1993,87
Croatia,HRV,1994,138
Croatia,HRV,1995,697
Croatia,HRV,1996,119
Croatia,HRV,1997,240
Croatia,HRV,1998,648
Croatia,HRV,1999,31
Croatia,HRV,2000,9
Croatia,HRV,2001,8
Croatia,HRV,2002,6
Croatia,HRV,2003,19
Croatia,HRV,2004,54
Croatia,HRV,2005,2
Croatia,HRV,2006,1
Croatia,HRV,2007,0
Croatia,HRV,2008,51
Croatia,HRV,2009,2
Croatia,HRV,2010,7
Croatia,HRV,2011,12
Croatia,HRV,2012,2
Croatia,HRV,2013,0
Croatia,HRV,2015,206
Croatia,HRV,2016,4
Croatia,HRV,2017,7
Croatia,HRV,2018,23
Croatia,HRV,2019,52
Croatia,HRV,2020,0
Croatia,HRV,2021,0
Croatia,HRV,2022,0
Croatia,HRV,2023,3
Cuba,CUB,1974,13874
Cuba,CUB,1975,10585
Cuba,CUB,1976,14882
Cuba,CUB,1977,25358
Cuba,CUB,1978,18751
Cuba,CUB,1979,7512
Cuba,CUB,1980,3924
Cuba,CUB,1981,18387
Cuba,CUB,1982,23408
Cuba,CUB,1983,3287
Cuba,CUB,1984,3315
Cuba,CUB,1985,2874
Cuba,CUB,1986,3312
Cuba,CUB,1987,858
Cuba,CUB,1988,121
Cuba,CUB,1989,12
Cuba,CUB,1990,12
Cuba,CUB,1991,17
Cuba,CUB,1992,12
Cuba,CUB,1993,2
Cuba,CUB,1994,0
Cuba,CUB,1995,1
Cuba,CUB,1996,0
Cuba,CUB,1997,0
Cuba,CUB,1998,0
Cuba,CUB,1999,0
Cuba,CUB,2000,0
Cuba,CUB,2001,0
Cuba,CUB,2002,0
Cuba,CUB,2003,0
Cuba,CUB,2004,0
Cuba,CUB,2005,0
Cuba,CUB,2006,0
Cuba,CUB,2007,0
Cuba,CUB,2008,0
Cuba,CUB,2009,0
Cuba,CUB,2010,0
Cuba,CUB,2011,0
Cuba,CUB,2012,0
Cuba,CUB,2014,0
Cuba,CUB,2015,0
Cuba,CUB,2016,0
Cuba,CUB,2017,0
Cuba,CUB,2018,0
Cuba,CUB,2019,0
Cuba,CUB,2020,0
Cuba,CUB,2021,0
Cuba,CUB,2022,0
Cuba,CUB,2023,0
Curacao,CUW,2017,0
Curacao,CUW,2018,0
Curacao,CUW,2019,1
Cyprus,CYP,1974,217
Cyprus,CYP,1975,0
Cyprus,CYP,1976,19
Cyprus,CYP,1977,118
Cyprus,CYP,1978,8
Cyprus,CYP,1979,4
Cyprus,CYP,1980,0
Cyprus,CYP,1981,3
Cyprus,CYP,1982,27
Cyprus,CYP,1983,183
Cyprus,CYP,1984,3
Cyprus,CYP,1985,1
Cyprus,CYP,1986,1
Cyprus,CYP,1987,0
Cyprus,CYP,1988,0
Cyprus,CYP,1989,0
Cyprus,CYP,1990,4
Cyprus,CYP,1991,1
Cyprus,CYP,1992,20
Cyprus,CYP,1993,0
Cyprus,CYP,1994,0
Cyprus,CYP,1995,0
Cyprus,CYP,1996,55
Cyprus,CYP,1997,1
Cyprus,CYP,1998,1
Cyprus,CYP,1999,0
Cyprus,CYP,2000,0
Cyprus,CYP,2002,0
Cyprus,CYP,2003,0
Cyprus,CYP,2004,0
Cyprus,CYP,2005,1
Cyprus,CYP,2006,0
Cyprus,CYP,2007,0
Cyprus,CYP,2008,1
Cyprus,CYP,2009,0
Cyprus,CYP,2010,18
Cyprus,CYP,2011,0
Cyprus,CYP,2012,1
Cyprus,CYP,2013,0
Cyprus,CYP,2014,10
Cyprus,CYP,2015,0
Cyprus,CYP,2016,0
Cyprus,CYP,2017,3
Cyprus,CYP,2018,15
Cyprus,CYP,2019,6
Cyprus,CYP,2020,1
Cyprus,CYP,2021,1
Cyprus,CYP,2022,0
Cyprus,CYP,2023,0
Czechia,CZE,1990,2420
Czechia,CZE,1991,839
Czechia,CZE,1992,416
Czechia,CZE,1993,14
Czechia,CZE,1994,9
Czechia,CZE,1995,5
Czechia,CZE,1996,10
Czechia,CZE,1997,14
Czechia,CZE,1998,19
Czechia,CZE,1999,2
Czechia,CZE,2000,9
Czechia,CZE,2001,6
Czechia,CZE,2002,4
Czechia,CZE,2003,30
Czechia,CZE,2004,17
Czechia,CZE,2005,0
Czechia,CZE,2006,7
Czechia,CZE,2007,2
Czechia,CZE,2008,2
Czechia,CZE,2009,5
Czechia,CZE,2010,0
Czechia,CZE,2011,17
Czechia,CZE,2012,22
Czechia,CZE,2013,15
Czechia,CZE,2014,222
Czechia,CZE,2015,9
Czechia,CZE,2016,7
Czechia,CZE,2017,142
Czechia,CZE,2018,207
Czechia,CZE,2019,590
Czechia,CZE,2020,4
Czechia,CZE,2021,0
Czechia,CZE,2022,0
Czechia,CZE,2023,1
Democratic Republic of Congo,COD,1974,57774
Democratic Republic of Congo,COD,1975,51040
Democratic Republic of Congo,COD,1976,59919
Democratic Republic of Congo,COD,1977,43451
Democratic Republic of Congo,COD,1978,37896
Democratic Republic of Congo,COD,1979,29497
Democratic Republic of Congo,COD,1980,32596
Democratic Republic of Congo,COD,1981,38142
Democratic Republic of Congo,COD,1982,30775
Democratic Republic of Congo,COD,1983,21057
Democratic Republic of Congo,COD,1984,11385
Democratic Republic of Congo,COD,1985,19508
Democratic Republic of Congo,COD,1986,19430
Democratic Republic of Congo,COD,1987,14866
Democratic Republic of Congo,COD,1988,13214
Democratic Republic of Congo,COD,1989,11178
Democratic Republic of Congo,COD,1990,4564
Democratic Republic of Congo,COD,1992,63
Democratic Republic of Congo,COD,1993,2749
Democratic Republic of Congo,COD,1994,12573
Democratic Republic of Congo,COD,1995,5443
Democratic Republic of Congo,COD,1996,9546
Democratic Republic of Congo,COD,1997,5766
Democratic Republic of Congo,COD,1998,15271
Democratic Republic of Congo,COD,1999,12135
Democratic Republic of Congo,COD,2000,8282
Democratic Republic of Congo,COD,2001,8072
Democratic Republic of Congo,COD,2002,30466
Democratic Republic of Congo,COD,2003,21956
Democratic Republic of Congo,COD,2004,44934
Democratic Republic of Congo,COD,2005,182485
Democratic Republic of Congo,COD,2006,80123
Democratic Republic of Congo,COD,2007,55577
Democratic Republic of Congo,COD,2008,12461
Democratic Republic of Congo,COD,2009,57
Democratic Republic of Congo,COD,2010,5407
Democratic Republic of Congo,COD,2011,133802
Democratic Republic of Congo,COD,2012,72029
Democratic Republic of Congo,COD,2013,88381
Democratic Republic of Congo,COD,2014,33711
Democratic Republic of Congo,COD,2015,5020
Democratic Republic of Congo,COD,2016,5092
Democratic Republic of Congo,COD,2017,45107
Democratic Republic of Congo,COD,2018,69693
Democratic Republic of Congo,COD,2019,333017
Democratic Republic of Congo,COD,2020,82290
Democratic Republic of Congo,COD,2021,54471
Democratic Republic of Congo,COD,2022,4380
Democratic Republic of Congo,COD,2023,311500
Denmark,DNK,1974,54581
Denmark,DNK,1975,14167
Denmark,DNK,1976,57756
Denmark,DNK,1977,52308
Denmark,DNK,1978,18593
Denmark,DNK,1979,66493
Denmark,DNK,1980,28249
Denmark,DNK,1981,35651
Denmark,DNK,1982,15656
Denmark,DNK,1983,33242
Denmark,DNK,1984,21188
Denmark,DNK,1985,13187
Denmark,DNK,1986,23490
Denmark,DNK,1987,6268
Denmark,DNK,1988,618
Denmark,DNK,1989,405
Denmark,DNK,1990,180
Denmark,DNK,1991,162
Denmark,DNK,1992,129
Denmark,DNK,1993,115
Denmark,DNK,1994,36
Denmark,DNK,1995,20
Denmark,DNK,1996,119
Denmark,DNK,1997,61
Denmark,DNK,2000,14
Denmark,DNK,2001,11
Denmark,DNK,2002,32
Denmark,DNK,2003,0
Denmark,DNK,2004,0
Denmark,DNK,2005,2
Denmark,DNK,2006,27
Denmark,DNK,2007,2
Denmark,DNK,2008,14
Denmark,DNK,2009,6
Denmark,DNK,2010,5
Denmark,DNK,2011,84
Denmark,DNK,2012,2
Denmark,DNK,2013,17
Denmark,DNK,2014,27
Denmark,DNK,2015,9
Denmark,DNK,2016,3
Denmark,DNK,2017,4
Denmark,DNK,2018,8
Denmark,DNK,2019,15
Denmark,DNK,2020,4
Denmark,DNK,2021,0
Denmark,DNK,2022,0
Denmark,DNK,2023,9
Djibouti,DJI,1974,298
Djibouti,DJI,1975,487
Djibouti,DJI,1976,825
Djibouti,DJI,1977,899
Djibouti,DJI,1978,839
Djibouti,DJI,1979,1120
Djibouti,DJI,1981,4533
Djibouti,DJI,1982,31
Djibouti,DJI,1984,1295
Djibouti,DJI,1985,108
Djibouti,DJI,1987,52
Djibouti,DJI,1988,473
Djibouti,DJI,1989,490
Djibouti,DJI,1990,104
Djibouti,DJI,1991,13
Djibouti,DJI,1992,129
Djibouti,DJI,1993,37
Djibouti,DJI,1995,8
Djibouti,DJI,1996,410
Djibouti,DJI,1998,198
Djibouti,DJI,1999,341
Djibouti,DJI,2000,183
Djibouti,DJI,2001,79
Djibouti,DJI,2002,50
Djibouti,DJI,2003,37
Djibouti,DJI,2004,71
Djibouti,DJI,2005,298
Djibouti,DJI,2006,49
Djibouti,DJI,2007,24
Djibouti,DJI,2008,143
Djibouti,DJI,2009,48
Djibouti,DJI,2010,7
Djibouti,DJI,2011,49
Djibouti,DJI,2012,709
Djibouti,DJI,2013,28
Djibouti,DJI,2015,47
Djibouti,DJI,2016,8
Djibouti,DJI,2017,3
Djibouti,DJI,2018,28
Djibouti,DJI,2021,0
Djibouti,DJI,2022,206
Djibouti,DJI,2023,446
Dominica,DMA,1974,171
Dominica,DMA,1975,1
Dominica,DMA,1976,122
Dominica,DMA,1977,85
Dominica,DMA,1978,0
Dominica,DMA,1979,178
Dominica,DMA,1980,0
Dominica,DMA,1981,27
Dominica,DMA,1982,2
Dominica,DMA,1983,1
Dominica,DMA,1984,188
Dominica,DMA,1985,64
Dominica,DMA,1986,45
Dominica,DMA,1987,82
Dominica,DMA,1988,10
Dominica,DMA,1989,9
Dominica,DMA,1990,13
Dominica,DMA,1991,6
Dominica,DMA,1992,0
Dominica,DMA,1993,0
Dominica,DMA,1994,0
Dominica,DMA,1995,0
Dominica,DMA,1996,0
Dominica,DMA,1997,0
Dominica,DMA,1998,0
Dominica,DMA,1999,0
Dominica,DMA,2000,0
Dominica,DMA,2001,0
Dominica,DMA,2002,0
Dominica,DMA,2003,0
Dominica,DMA,2004,0
Dominica,DMA,2005,0
Dominica,DMA,2006,0
Dominica,DMA,2007,0
Dominica,DMA,2008,0
Dominica,DMA,2009,0
Dominica,DMA,2010,0
Dominica,DMA,2011,0
Dominica,DMA,2012,0
Dominica,DMA,2013,0
Dominica,DMA,2014,0
Dominica,DMA,2015,0
Dominica,DMA,2016,0
Dominica,DMA,2017,0
Dominica,DMA,2018,0
Dominica,DMA,2019,0
Dominica,DMA,2020,0
Dominica,DMA,2021,0
Dominica,DMA,2022,0
Dominica,DMA,2023,0
Dominican Republic,DOM,1974,4148
Dominican Republic,DOM,1975,4224
Dominican Republic,DOM,1976,7225
Dominican Republic,DOM,1977,5707
Dominican Republic,DOM,1978,5796
Dominican Republic,DOM,1979,8944
Dominican Republic,DOM,1980,9760
Dominican Republic,DOM,1981,3410
Dominican Republic,DOM,1982,3671
Dominican Republic,DOM,1983,2960
Dominican Republic,DOM,1984,4429
Dominican Republic,DOM,1985,4417
Dominican Republic,DOM,1986,501
Dominican Republic,DOM,1987,499
Dominican Republic,DOM,1988,692
Dominican Republic,DOM,1989,1505
Dominican Republic,DOM,1990,3477
Dominican Republic,DOM,1991,7512
Dominican Republic,DOM,1992,7650
Dominican Republic,DOM,1993,4637
Dominican Republic,DOM,1994,3
Dominican Republic,DOM,1995,0
Dominican Republic,DOM,1996,0
Dominican Republic,DOM,1997,1
Dominican Republic,DOM,1998,14
Dominican Republic,DOM,1999,274
Dominican Republic,DOM,2000,253
Dominican Republic,DOM,2001,113
Dominican Republic,DOM,2002,0
Dominican Republic,DOM,2003,0
Dominican Republic,DOM,2004,0
Dominican Republic,DOM,2005,0
Dominican Republic,DOM,2006,0
Dominican Republic,DOM,2007,0
Dominican Republic,DOM,2008,0
Dominican Republic,DOM,2009,0
Dominican Republic,DOM,2010,0
Dominican Republic,DOM,2011,2
Dominican Republic,DOM,2012,0
Dominican Republic,DOM,2013,0
Dominican Republic,DOM,2014,0
Dominican Republic,DOM,2015,0
Dominican Republic,DOM,2016,0
Dominican Republic,DOM,2017,0
Dominican Republic,DOM,2018,0
Dominican Republic,DOM,2019,0
Dominican Republic,DOM,2020,0
Dominican Republic,DOM,2021,0
Dominican Republic,DOM,2022,0
Dominican Republic,DOM,2023,0
East Timor,TLS,2002,0
East Timor,TLS,2003,94
East Timor,TLS,2004,41
East Timor,TLS,2005,203
East Timor,TLS,2006,90
East Timor,TLS,2007,0
East Timor,TLS,2008,0
East Timor,TLS,2009,10
East Timor,TLS,2010,50
East Timor,TLS,2011,763
East Timor,TLS,2012,16
East Timor,TLS,2013,4
East Timor,TLS,2014,47
East Timor,TLS,2015,43
East Timor,TLS,2016,2
East Timor,TLS,2017,0
East Timor,TLS,2018,0
East Timor,TLS,2019,22
East Timor,TLS,2020,2
East Timor,TLS,2022,8
East Timor,TLS,2023,7
Eastern Mediterranean (WHO),WHO_EMR,1980,341624
Eastern Mediterranean (WHO),WHO_EMR,1981,453409
Eastern Mediterranean (WHO),WHO_EMR,1982,331721
Eastern Mediterranean (WHO),WHO_EMR,1983,302254
Eastern Mediterranean (WHO),WHO_EMR,1984,218335
Eastern Mediterranean (WHO),WHO_EMR,1985,229781
Eastern Mediterranean (WHO),WHO_EMR,1986,171208
Eastern Mediterranean (WHO),WHO_EMR,1987,171164
Eastern Mediterranean (WHO),WHO_EMR,1988,126977
Eastern Mediterranean (WHO),WHO_EMR,1989,83776
Eastern Mediterranean (WHO),WHO_EMR,1990,59058
Eastern Mediterranean (WHO),WHO_EMR,1991,64177
Eastern Mediterranean (WHO),WHO_EMR,1992,89758
Eastern Mediterranean (WHO),WHO_EMR,1993,50758
Eastern Mediterranean (WHO),WHO_EMR,1994,24578
Eastern Mediterranean (WHO),WHO_EMR,1995,20607
Eastern Mediterranean (WHO),WHO_EMR,1996,20249
Eastern Mediterranean (WHO),WHO_EMR,1997,33085
Eastern Mediterranean (WHO),WHO_EMR,1998,89478
Eastern Mediterranean (WHO),WHO_EMR,1999,71562
Eastern Mediterranean (WHO),WHO_EMR,2000,38592
Eastern Mediterranean (WHO),WHO_EMR,2001,41103
Eastern Mediterranean (WHO),WHO_EMR,2002,42616
Eastern Mediterranean (WHO),WHO_EMR,2003,52110
Eastern Mediterranean (WHO),WHO_EMR,2004,59804
Eastern Mediterranean (WHO),WHO_EMR,2005,15069
Eastern Mediterranean (WHO),WHO_EMR,2006,23303
Eastern Mediterranean (WHO),WHO_EMR,2007,15670
Eastern Mediterranean (WHO),WHO_EMR,2008,12120
Eastern Mediterranean (WHO),WHO_EMR,2009,36605
Eastern Mediterranean (WHO),WHO_EMR,2010,10072
Eastern Mediterranean (WHO),WHO_EMR,2011,34667
Eastern Mediterranean (WHO),WHO_EMR,2012,34504
Eastern Mediterranean (WHO),WHO_EMR,2013,20884
Eastern Mediterranean (WHO),WHO_EMR,2014,18080
Eastern Mediterranean (WHO),WHO_EMR,2015,21418
Eastern Mediterranean (WHO),WHO_EMR,2016,6275
Eastern Mediterranean (WHO),WHO_EMR,2017,36434
Eastern Mediterranean (WHO),WHO_EMR,2018,64764
Eastern Mediterranean (WHO),WHO_EMR,2019,18458
Eastern Mediterranean (WHO),WHO_EMR,2020,6769
Eastern Mediterranean (WHO),WHO_EMR,2021,26089
Eastern Mediterranean (WHO),WHO_EMR,2022,56401
Eastern Mediterranean (WHO),WHO_EMR,2023,92761
Ecuador,ECU,1974,3906
Ecuador,ECU,1975,241
Ecuador,ECU,1976,7009
Ecuador,ECU,1977,2438
Ecuador,ECU,1978,870
Ecuador,ECU,1979,4206
Ecuador,ECU,1980,2722
Ecuador,ECU,1981,4678
Ecuador,ECU,1982,1647
Ecuador,ECU,1983,2556
Ecuador,ECU,1984,6979
Ecuador,ECU,1985,1183
Ecuador,ECU,1986,839
Ecuador,ECU,1987,1537
Ecuador,ECU,1988,8004
Ecuador,ECU,1989,3649
Ecuador,ECU,1990,1646
Ecuador,ECU,1991,1585
Ecuador,ECU,1992,4356
Ecuador,ECU,1993,3627
Ecuador,ECU,1994,3668
Ecuador,ECU,1995,919
Ecuador,ECU,1996,42
Ecuador,ECU,1997,0
Ecuador,ECU,1998,0
Ecuador,ECU,1999,0
Ecuador,ECU,2000,0
Ecuador,ECU,2001,2
Ecuador,ECU,2002,0
Ecuador,ECU,2003,0
Ecuador,ECU,2004,0
Ecuador,ECU,2005,0
Ecuador,ECU,2006,0
Ecuador,ECU,2007,0
Ecuador,ECU,2008,1
Ecuador,ECU,2009,0
Ecuador,ECU,2010,0
Ecuador,ECU,2011,257
Ecuador,ECU,2012,72
Ecuador,ECU,2013,0
Ecuador,ECU,2014,0
Ecuador,ECU,2015,0
Ecuador,ECU,2016,1
Ecuador,ECU,2017,0
Ecuador,ECU,2018,19
Ecuador,ECU,2019,0
Ecuador,ECU,2020,0
Ecuador,ECU,2021,0
Ecuador,ECU,2022,0
Ecuador,ECU,2023,0
Egypt,EGY,1975,3492
Egypt,EGY,1976,2051
Egypt,EGY,1977,3780
Egypt,EGY,1978,1130
Egypt,EGY,1979,4763
Egypt,EGY,1980,839
Egypt,EGY,1981,1777
Egypt,EGY,1982,7365
Egypt,EGY,1983,813
Egypt,EGY,1984,4898
Egypt,EGY,1985,5554
Egypt,EGY,1986,1176
Egypt,EGY,1987,1805
Egypt,EGY,1988,3672
Egypt,EGY,1989,4057
Egypt,EGY,1990,887
Egypt,EGY,1991,1231
Egypt,EGY,1992,4403
Egypt,EGY,1993,2874
Egypt,EGY,1994,1444
Egypt,EGY,1995,1833
Egypt,EGY,1996,4403
Egypt,EGY,1997,4606
Egypt,EGY,1998,4868
Egypt,EGY,1999,1547
Egypt,EGY,2000,2633
Egypt,EGY,2001,2150
Egypt,EGY,2002,653
Egypt,EGY,2003,164
Egypt,EGY,2004,80
Egypt,EGY,2005,77
Egypt,EGY,2006,953
Egypt,EGY,2007,1684
Egypt,EGY,2008,668
Egypt,EGY,2009,608
Egypt,EGY,2010,16
Egypt,EGY,2011,26
Egypt,EGY,2012,245
Egypt,EGY,2013,405
Egypt,EGY,2014,1314
Egypt,EGY,2015,5432
Egypt,EGY,2016,225
Egypt,EGY,2017,24
Egypt,EGY,2018,48
Egypt,EGY,2019,0
Egypt,EGY,2020,3
Egypt,EGY,2021,0
Egypt,EGY,2022,14
Egypt,EGY,2023,267
El Salvador,SLV,1974,467
El Salvador,SLV,1975,511
El Salvador,SLV,1976,7227
El Salvador,SLV,1977,7567
El Salvador,SLV,1978,1621
El Salvador,SLV,1979,10371
El Salvador,SLV,1980,2315
El Salvador,SLV,1981,12554
El Salvador,SLV,1982,3664
El Salvador,SLV,1983,2407
El Salvador,SLV,1984,4775
El Salvador,SLV,1985,1413
El Salvador,SLV,1986,278
El Salvador,SLV,1987,405
El Salvador,SLV,1988,787
El Salvador,SLV,1989,0
El Salvador,SLV,1990,0
El Salvador,SLV,1991,0
El Salvador,SLV,1992,509
El Salvador,SLV,1993,38
El Salvador,SLV,1994,0
El Salvador,SLV,1995,0
El Salvador,SLV,1996,1
El Salvador,SLV,1997,0
El Salvador,SLV,1998,0
El Salvador,SLV,1999,0
El Salvador,SLV,2000,0
El Salvador,SLV,2001,2
El Salvador,SLV,2002,0
El Salvador,SLV,2003,0
El Salvador,SLV,2004,0
El Salvador,SLV,2005,0
El Salvador,SLV,2006,0
El Salvador,SLV,2007,0
El Salvador,SLV,2008,0
El Salvador,SLV,2009,0
El Salvador,SLV,2010,0
El Salvador,SLV,2011,0
El Salvador,SLV,2012,0
El Salvador,SLV,2013,0
El Salvador,SLV,2014,0
El Salvador,SLV,2016,0
El Salvador,SLV,2017,0
El Salvador,SLV,2018,0
El Salvador,SLV,2019,0
El Salvador,SLV,2020,0
El Salvador,SLV,2021,0
El Salvador,SLV,2022,0
El Salvador,SLV,2023,0
Equatorial Guinea,GNQ,1984,198
Equatorial Guinea,GNQ,1985,464
Equatorial Guinea,GNQ,1986,788
Equatorial Guinea,GNQ,1987,11865
Equatorial Guinea,GNQ,1988,14875
Equatorial Guinea,GNQ,1989,582
Equatorial Guinea,GNQ,1990,32
Equatorial Guinea,GNQ,1991,32
Equatorial Guinea,GNQ,1992,297
Equatorial Guinea,GNQ,1993,157
Equatorial Guinea,GNQ,1994,270
Equatorial Guinea,GNQ,1995,44
Equatorial Guinea,GNQ,1996,1
Equatorial Guinea,GNQ,1997,0
Equatorial Guinea,GNQ,2001,1339
Equatorial Guinea,GNQ,2002,24
Equatorial Guinea,GNQ,2003,18
Equatorial Guinea,GNQ,2004,38
Equatorial Guinea,GNQ,2006,0
Equatorial Guinea,GNQ,2007,5
Equatorial Guinea,GNQ,2008,436
Equatorial Guinea,GNQ,2009,78
Equatorial Guinea,GNQ,2010,0
Equatorial Guinea,GNQ,2011,0
Equatorial Guinea,GNQ,2012,1190
Equatorial Guinea,GNQ,2013,321
Equatorial Guinea,GNQ,2014,13
Equatorial Guinea,GNQ,2015,1250
Equatorial Guinea,GNQ,2016,1699
Equatorial Guinea,GNQ,2017,1
Equatorial Guinea,GNQ,2018,0
Equatorial Guinea,GNQ,2019,0
Equatorial Guinea,GNQ,2020,53
Equatorial Guinea,GNQ,2021,43
Equatorial Guinea,GNQ,2022,49
Equatorial Guinea,GNQ,2023,270
Eritrea,ERI,1993,267
Eritrea,ERI,1994,541
Eritrea,ERI,1995,185
Eritrea,ERI,1996,1783
Eritrea,ERI,1997,777
Eritrea,ERI,1998,316
Eritrea,ERI,1999,320
Eritrea,ERI,2000,789
Eritrea,ERI,2001,204
Eritrea,ERI,2002,460
Eritrea,ERI,2003,376
Eritrea,ERI,2004,24
Eritrea,ERI,2005,19
Eritrea,ERI,2006,128
Eritrea,ERI,2007,55
Eritrea,ERI,2008,0
Eritrea,ERI,2009,82
Eritrea,ERI,2010,51
Eritrea,ERI,2011,48
Eritrea,ERI,2012,194
Eritrea,ERI,2013,45
Eritrea,ERI,2014,127
Eritrea,ERI,2015,198
Eritrea,ERI,2016,142
Eritrea,ERI,2017,1199
Eritrea,ERI,2018,70
Eritrea,ERI,2019,6
Eritrea,ERI,2020,12
Eritrea,ERI,2021,25
Eritrea,ERI,2022,28
Eritrea,ERI,2023,54
Estonia,EST,1990,33
Estonia,EST,1991,129
Estonia,EST,1992,71
Estonia,EST,1993,312
Estonia,EST,1994,230
Estonia,EST,1995,17
Estonia,EST,1996,19
Estonia,EST,1997,18
Estonia,EST,1998,17
Estonia,EST,1999,12
Estonia,EST,2000,9
Estonia,EST,2001,0
Estonia,EST,2002,0
Estonia,EST,2003,0
Estonia,EST,2004,0
Estonia,EST,2005,2
Estonia,EST,2006,27
Estonia,EST,2007,1
Estonia,EST,2008,0
Estonia,EST,2009,0
Estonia,EST,2010,0
Estonia,EST,2011,7
Estonia,EST,2012,4
Estonia,EST,2013,2
Estonia,EST,2014,0
Estonia,EST,2015,4
Estonia,EST,2016,2
Estonia,EST,2017,1
Estonia,EST,2018,10
Estonia,EST,2019,27
Estonia,EST,2020,0
Estonia,EST,2021,0
Estonia,EST,2022,0
Estonia,EST,2023,4
Eswatini,SWZ,1976,2464
Eswatini,SWZ,1981,2592
Eswatini,SWZ,1982,9185
Eswatini,SWZ,1983,3267
Eswatini,SWZ,1984,4794
Eswatini,SWZ,1985,3253
Eswatini,SWZ,1986,2253
Eswatini,SWZ,1987,4261
Eswatini,SWZ,1988,1581
Eswatini,SWZ,1989,1461
Eswatini,SWZ,1990,1465
Eswatini,SWZ,1991,1467
Eswatini,SWZ,1992,2042
Eswatini,SWZ,1993,7148
Eswatini,SWZ,1994,610
Eswatini,SWZ,1995,171
Eswatini,SWZ,1996,2201
Eswatini,SWZ,1997,609
Eswatini,SWZ,1998,180
Eswatini,SWZ,1999,0
Eswatini,SWZ,2000,10
Eswatini,SWZ,2001,49
Eswatini,SWZ,2002,37
Eswatini,SWZ,2003,350
Eswatini,SWZ,2004,0
Eswatini,SWZ,2005,0
Eswatini,SWZ,2006,0
Eswatini,SWZ,2007,0
Eswatini,SWZ,2008,1
Eswatini,SWZ,2009,26
Eswatini,SWZ,2010,313
Eswatini,SWZ,2011,0
Eswatini,SWZ,2012,0
Eswatini,SWZ,2013,0
Eswatini,SWZ,2014,0
Eswatini,SWZ,2015,0
Eswatini,SWZ,2016,1
Eswatini,SWZ,2017,0
Eswatini,SWZ,2018,0
Eswatini,SWZ,2019,0
Eswatini,SWZ,2020,1
Eswatini,SWZ,2021,29
Eswatini,SWZ,2022,64
Eswatini,SWZ,2023,3
Ethiopia,ETH,1974,3821
Ethiopia,ETH,1975,5157
Ethiopia,ETH,1976,2586
Ethiopia,ETH,1977,3132
Ethiopia,ETH,1978,11208
Ethiopia,ETH,1979,21030
Ethiopia,ETH,1980,10690
Ethiopia,ETH,1981,9784
Ethiopia,ETH,1982,10527
Ethiopia,ETH,1983,5866
Ethiopia,ETH,1984,9843
Ethiopia,ETH,1985,66544
Ethiopia,ETH,1986,3760
Ethiopia,ETH,1987,4832
Ethiopia,ETH,1988,7575
Ethiopia,ETH,1989,4169
Ethiopia,ETH,1990,1836
Ethiopia,ETH,1991,497
Ethiopia,ETH,1992,4815
Ethiopia,ETH,1993,1152
Ethiopia,ETH,1994,1133
Ethiopia,ETH,1995,562
Ethiopia,ETH,1996,1586
Ethiopia,ETH,1997,1113
Ethiopia,ETH,1998,1603
Ethiopia,ETH,1999,5329
Ethiopia,ETH,2000,1660
Ethiopia,ETH,2001,2366
Ethiopia,ETH,2002,3332
Ethiopia,ETH,2003,228
Ethiopia,ETH,2004,73
Ethiopia,ETH,2005,357
Ethiopia,ETH,2006,1451
Ethiopia,ETH,2007,1446
Ethiopia,ETH,2008,3511
Ethiopia,ETH,2009,1176
Ethiopia,ETH,2010,4235
Ethiopia,ETH,2011,3255
Ethiopia,ETH,2012,4347
Ethiopia,ETH,2013,5253
Ethiopia,ETH,2014,12739
Ethiopia,ETH,2015,17745
Ethiopia,ETH,2016,4579
Ethiopia,ETH,2017,1921
Ethiopia,ETH,2018,1752
Ethiopia,ETH,2019,3998
Ethiopia,ETH,2020,1952
Ethiopia,ETH,2021,1953
Ethiopia,ETH,2022,9292
Ethiopia,ETH,2023,24038
Europe (WHO),WHO_EUR,1980,492660
Europe (WHO),WHO_EUR,1981,460966
Europe (WHO),WHO_EUR,1982,434521
Europe (WHO),WHO_EUR,1983,597455
Europe (WHO),WHO_EUR,1984,336329
Europe (WHO),WHO_EUR,1985,373610
Europe (WHO),WHO_EUR,1986,422573
Europe (WHO),WHO_EUR,1987,145003
Europe (WHO),WHO_EUR,1988,289609
Europe (WHO),WHO_EUR,1989,374023
Europe (WHO),WHO_EUR,1990,185818
Europe (WHO),WHO_EUR,1991,304166
Europe (WHO),WHO_EUR,1992,330546
Europe (WHO),WHO_EUR,1993,341982
Europe (WHO),WHO_EUR,1994,190910
Europe (WHO),WHO_EUR,1995,154107
Europe (WHO),WHO_EUR,1996,178345
Europe (WHO),WHO_EUR,1997,215767
Europe (WHO),WHO_EUR,1998,77872
Europe (WHO),WHO_EUR,1999,38811
Europe (WHO),WHO_EUR,2000,37421
Europe (WHO),WHO_EUR,2001,58364
Europe (WHO),WHO_EUR,2002,46718
Europe (WHO),WHO_EUR,2003,28203
Europe (WHO),WHO_EUR,2004,29510
Europe (WHO),WHO_EUR,2005,37338
Europe (WHO),WHO_EUR,2006,53344
Europe (WHO),WHO_EUR,2007,6936
Europe (WHO),WHO_EUR,2008,8879
Europe (WHO),WHO_EUR,2009,7499
Europe (WHO),WHO_EUR,2010,30625
Europe (WHO),WHO_EUR,2011,37101
Europe (WHO),WHO_EUR,2012,27379
Europe (WHO),WHO_EUR,2013,26346
Europe (WHO),WHO_EUR,2014,14176
Europe (WHO),WHO_EUR,2015,25957
Europe (WHO),WHO_EUR,2016,4440
Europe (WHO),WHO_EUR,2017,24356
Europe (WHO),WHO_EUR,2018,89148
Europe (WHO),WHO_EUR,2019,106330
Europe (WHO),WHO_EUR,2020,10945
Europe (WHO),WHO_EUR,2021,99
Europe (WHO),WHO_EUR,2022,852
Europe (WHO),WHO_EUR,2023,55589
Fiji,FJI,1974,1911
Fiji,FJI,1975,1026
Fiji,FJI,1976,212
Fiji,FJI,1977,2384
Fiji,FJI,1978,441
Fiji,FJI,1979,1621
Fiji,FJI,1980,913
Fiji,FJI,1981,1003
Fiji,FJI,1982,902
Fiji,FJI,1983,313
Fiji,FJI,1984,827
Fiji,FJI,1985,152
Fiji,FJI,1986,385
Fiji,FJI,1987,1075
Fiji,FJI,1988,610
Fiji,FJI,1989,53
Fiji,FJI,1990,32
Fiji,FJI,1992,969
Fiji,FJI,1993,425
Fiji,FJI,1994,39
Fiji,FJI,1995,414
Fiji,FJI,1996,39
Fiji,FJI,1997,828
Fiji,FJI,2001,17
Fiji,FJI,2002,304
Fiji,FJI,2003,305
Fiji,FJI,2004,37
Fiji,FJI,2006,136
Fiji,FJI,2007,0
Fiji,FJI,2008,0
Fiji,FJI,2009,1
Fiji,FJI,2010,0
Fiji,FJI,2012,0
Fiji,FJI,2016,5
Fiji,FJI,2018,0
Fiji,FJI,2019,28
Finland,FIN,1974,11353
Finland,FIN,1975,3384
Finland,FIN,1976,8706
Finland,FIN,1977,2837
Finland,FIN,1978,2325
Finland,FIN,1979,2396
Finland,FIN,1980,2147
Finland,FIN,1981,3813
Finland,FIN,1982,5402
Finland,FIN,1983,4751
Finland,FIN,1984,729
Finland,FIN,1985,614
Finland,FIN,1986,741
Finland,FIN,1987,635
Finland,FIN,1988,129
Finland,FIN,1989,1032
Finland,FIN,1990,3
Finland,FIN,1991,8
Finland,FIN,1992,5
Finland,FIN,1993,0
Finland,FIN,1994,1
Finland,FIN,1995,6
Finland,FIN,1996,0
Finland,FIN,1997,0
Finland,FIN,1998,1
Finland,FIN,2001,1
Finland,FIN,2002,0
Finland,FIN,2003,0
Finland,FIN,2004,0
Finland,FIN,2005,1
Finland,FIN,2006,0
Finland,FIN,2007,0
Finland,FIN,2008,5
Finland,FIN,2009,2
Finland,FIN,2010,5
Finland,FIN,2011,27
Finland,FIN,2013,2
Finland,FIN,2015,2
Finland,FIN,2016,4
Finland,FIN,2017,11
Finland,FIN,2018,15
Finland,FIN,2019,12
Finland,FIN,2020,4
Finland,FIN,2021,3
Finland,FIN,2022,0
Finland,FIN,2023,1
France,FRA,1974,5235
France,FRA,1975,1813
France,FRA,1976,2607
France,FRA,1977,2106
France,FRA,1978,2026
France,FRA,1979,1603
France,FRA,1980,1244
France,FRA,1981,1132
France,FRA,1982,812
France,FRA,1983,870
France,FRA,1984,978
France,FRA,1985,399
France,FRA,1986,931
France,FRA,1991,156849
France,FRA,1992,109548
France,FRA,1993,77232
France,FRA,1994,44005
France,FRA,1995,54239
France,FRA,1996,66000
France,FRA,1997,80000
France,FRA,2000,10000
France,FRA,2002,5185
France,FRA,2004,4448
France,FRA,2005,36
France,FRA,2006,40
France,FRA,2007,39
France,FRA,2008,604
France,FRA,2009,1541
France,FRA,2010,5048
France,FRA,2011,14949
France,FRA,2013,272
France,FRA,2014,267
France,FRA,2015,157
France,FRA,2016,79
France,FRA,2017,519
France,FRA,2018,2921
France,FRA,2019,2637
France,FRA,2020,240
France,FRA,2021,16
France,FRA,2022,15
France,FRA,2023,117
French Polynesia,PYF,1975,17
French Polynesia,PYF,1976,40
French Polynesia,PYF,1977,3478
French Polynesia,PYF,1978,293
French Polynesia,PYF,1979,311
French Polynesia,PYF,1980,379
French Polynesia,PYF,1981,1281
French Polynesia,PYF,1982,1187
French Polynesia,PYF,1983,1015
French Polynesia,PYF,1984,113
French Polynesia,PYF,1985,1927
French Polynesia,PYF,1986,43
French Polynesia,PYF,1987,40
French Polynesia,PYF,1988,18
French Polynesia,PYF,1989,82
French Polynesia,PYF,1990,30
French Polynesia,PYF,1991,31
French Polynesia,PYF,1992,22
French Polynesia,PYF,1993,21
French Polynesia,PYF,1994,95
French Polynesia,PYF,1995,7
French Polynesia,PYF,1996,387
French Polynesia,PYF,1997,518
French Polynesia,PYF,1998,0
French Polynesia,PYF,1999,13
French Polynesia,PYF,2001,3
French Polynesia,PYF,2007,0
French Polynesia,PYF,2008,0
French Polynesia,PYF,2009,0
French Polynesia,PYF,2010,0
French Polynesia,PYF,2011,0
French Polynesia,PYF,2020,0
French Polynesia,PYF,2021,0
French Polynesia,PYF,2022,0
French Polynesia,PYF,2023,0
Gabon,GAB,1974,2245
Gabon,GAB,1975,10967
Gabon,GAB,1976,2963
Gabon,GAB,1977,6130
Gabon,GAB,1978,4614
Gabon,GAB,1979,3172
Gabon,GAB,1980,1641
Gabon,GAB,1981,2306
Gabon,GAB,1982,1747
Gabon,GAB,1983,4324
Gabon,GAB,1984,7234
Gabon,GAB,1985,5222
Gabon,GAB,1986,6826
Gabon,GAB,1987,2074
Gabon,GAB,1988,655
Gabon,GAB,1989,1780
Gabon,GAB,1990,738
Gabon,GAB,1992,1245
Gabon,GAB,1993,958
Gabon,GAB,1996,70
Gabon,GAB,2000,15
Gabon,GAB,2001,5129
Gabon,GAB,2002,110
Gabon,GAB,2004,63
Gabon,GAB,2005,0
Gabon,GAB,2006,90
Gabon,GAB,2007,0
Gabon,GAB,2008,3
Gabon,GAB,2009,0
Gabon,GAB,2010,1
Gabon,GAB,2011,2
Gabon,GAB,2012,2
Gabon,GAB,2013,122
Gabon,GAB,2014,33
Gabon,GAB,2015,27
Gabon,GAB,2016,1509
Gabon,GAB,2017,1075
Gabon,GAB,2018,1
Gabon,GAB,2019,2
Gabon,GAB,2020,9
Gabon,GAB,2021,134
Gabon,GAB,2022,1293
Gabon,GAB,2023,1167
Gambia,GMB,1974,958
Gambia,GMB,1975,2580
Gambia,GMB,1976,843
Gambia,GMB,1977,1911
Gambia,GMB,1978,1655
Gambia,GMB,1979,2610
Gambia,GMB,1980,284
Gambia,GMB,1981,262
Gambia,GMB,1982,1566
Gambia,GMB,1983,1372
Gambia,GMB,1985,1628
Gambia,GMB,1986,3997
Gambia,GMB,1991,164
Gambia,GMB,1992,364
Gambia,GMB,1993,912
Gambia,GMB,1994,280
Gambia,GMB,1995,130
Gambia,GMB,1996,15
Gambia,GMB,1997,1500
Gambia,GMB,1999,856
Gambia,GMB,2000,336
Gambia,GMB,2001,99
Gambia,GMB,2002,32
Gambia,GMB,2003,119
Gambia,GMB,2004,0
Gambia,GMB,2005,0
Gambia,GMB,2006,0
Gambia,GMB,2007,0
Gambia,GMB,2008,0
Gambia,GMB,2009,0
Gambia,GMB,2010,2
Gambia,GMB,2011,0
Gambia,GMB,2012,0
Gambia,GMB,2013,0
Gambia,GMB,2014,1
Gambia,GMB,2015,71
Gambia,GMB,2016,45
Gambia,GMB,2017,1
Gambia,GMB,2018,4
Gambia,GMB,2019,1
Gambia,GMB,2021,0
Gambia,GMB,2022,58
Gambia,GMB,2023,38
Georgia,GEO,1991,352
Georgia,GEO,1992,115
Georgia,GEO,1993,409
Georgia,GEO,1994,723
Georgia,GEO,1995,181
Georgia,GEO,1996,304
Georgia,GEO,1997,342
Georgia,GEO,1998,218
Georgia,GEO,1999,144
Georgia,GEO,2000,50
Georgia,GEO,2001,35
Georgia,GEO,2002,199
Georgia,GEO,2003,216
Georgia,GEO,2004,6847
Georgia,GEO,2005,1356
Georgia,GEO,2006,334
Georgia,GEO,2007,44
Georgia,GEO,2008,56
Georgia,GEO,2009,23
Georgia,GEO,2010,22
Georgia,GEO,2011,64
Georgia,GEO,2012,31
Georgia,GEO,2013,7872
Georgia,GEO,2014,3188
Georgia,GEO,2015,431
Georgia,GEO,2016,14
Georgia,GEO,2017,94
Georgia,GEO,2018,2199
Georgia,GEO,2019,3918
Georgia,GEO,2020,20
Georgia,GEO,2021,5
Georgia,GEO,2023,39
Germany,DEU,1974,400
Germany,DEU,1975,1493
Germany,DEU,1976,3694
Germany,DEU,1977,1067
Germany,DEU,1978,941
Germany,DEU,1979,2128
Germany,DEU,1980,28745
Germany,DEU,1981,5290
Germany,DEU,1982,2029
Germany,DEU,1983,9798
Germany,DEU,1984,11759
Germany,DEU,1985,568
Germany,DEU,1986,199
Germany,DEU,1987,189
Germany,DEU,1988,17
Germany,DEU,1989,45
Germany,DEU,2001,6024
Germany,DEU,2002,4657
Germany,DEU,2003,779
Germany,DEU,2004,121
Germany,DEU,2005,778
Germany,DEU,2006,2307
Germany,DEU,2007,567
Germany,DEU,2008,917
Germany,DEU,2009,574
Germany,DEU,2010,780
Germany,DEU,2011,1607
Germany,DEU,2012,166
Germany,DEU,2013,1771
Germany,DEU,2014,443
Germany,DEU,2015,2464
Germany,DEU,2016,326
Germany,DEU,2017,929
Germany,DEU,2018,543
Germany,DEU,2019,514
Germany,DEU,2020,76
Germany,DEU,2023,79
Ghana,GHA,1974,91315
Ghana,GHA,1975,140821
Ghana,GHA,1976,131405
Ghana,GHA,1977,108440
Ghana,GHA,1978,107381
Ghana,GHA,1979,88808
Ghana,GHA,1980,82684
Ghana,GHA,1981,38476
Ghana,GHA,1982,79636
Ghana,GHA,1983,36561
Ghana,GHA,1984,40179
Ghana,GHA,1985,64517
Ghana,GHA,1986,11099
Ghana,GHA,1987,24781
Ghana,GHA,1988,40456
Ghana,GHA,1989,19997
Ghana,GHA,1990,32246
Ghana,GHA,1991,17135
Ghana,GHA,1992,39933
Ghana,GHA,1993,34641
Ghana,GHA,1994,34821
Ghana,GHA,1995,40276
Ghana,GHA,1996,34273
Ghana,GHA,1997,37261
Ghana,GHA,1998,23335
Ghana,GHA,1999,15987
Ghana,GHA,2000,23068
Ghana,GHA,2001,13476
Ghana,GHA,2002,12289
Ghana,GHA,2003,1939
Ghana,GHA,2004,60
Ghana,GHA,2005,435
Ghana,GHA,2006,420
Ghana,GHA,2007,6
Ghana,GHA,2008,82
Ghana,GHA,2009,101
Ghana,GHA,2010,641
Ghana,GHA,2011,120
Ghana,GHA,2012,1613
Ghana,GHA,2013,319
Ghana,GHA,2014,124
Ghana,GHA,2015,23
Ghana,GHA,2016,32
Ghana,GHA,2017,19
Ghana,GHA,2018,34
Ghana,GHA,2019,1274
Ghana,GHA,2020,88
Ghana,GHA,2021,52
Ghana,GHA,2022,395
Ghana,GHA,2023,2282
Greece,GRC,1974,5357
Greece,GRC,1975,8931
Greece,GRC,1976,8027
Greece,GRC,1977,15717
Greece,GRC,1978,2169
Greece,GRC,1979,7822
Greece,GRC,1980,13464
Greece,GRC,1981,1389
Greece,GRC,1982,3417
Greece,GRC,1983,23723
Greece,GRC,1984,1200
Greece,GRC,1985,1484
Greece,GRC,1986,1050
Greece,GRC,1987,1891
Greece,GRC,1988,5100
Greece,GRC,1989,534
Greece,GRC,1990,245
Greece,GRC,1991,1371
Greece,GRC,1992,3448
Greece,GRC,1993,503
Greece,GRC,1994,163
Greece,GRC,1995,112
Greece,GRC,1996,6082
Greece,GRC,1997,136
Greece,GRC,1998,66
Greece,GRC,1999,69
Greece,GRC,2000,56
Greece,GRC,2001,12
Greece,GRC,2002,5
Greece,GRC,2004,1
Greece,GRC,2005,122
Greece,GRC,2007,2
Greece,GRC,2008,1
Greece,GRC,2009,2
Greece,GRC,2010,149
Greece,GRC,2011,40
Greece,GRC,2012,3
Greece,GRC,2013,3
Greece,GRC,2014,1
Greece,GRC,2015,1
Greece,GRC,2016,0
Greece,GRC,2017,968
Greece,GRC,2018,2291
Greece,GRC,2019,45
Greece,GRC,2020,3
Greece,GRC,2021,0
Greece,GRC,2022,0
Greece,GRC,2023,0
Grenada,GRD,1974,79
Grenada,GRD,1975,2
Grenada,GRD,1976,111
Grenada,GRD,1977,1542
Grenada,GRD,1978,197
Grenada,GRD,1979,3
Grenada,GRD,1980,53
Grenada,GRD,1981,9
Grenada,GRD,1982,1713
Grenada,GRD,1983,268
Grenada,GRD,1984,11
Grenada,GRD,1985,7
Grenada,GRD,1986,20
Grenada,GRD,1987,6
Grenada,GRD,1988,4
Grenada,GRD,1989,2
Grenada,GRD,1990,6
Grenada,GRD,1991,2
Grenada,GRD,1992,0
Grenada,GRD,1993,0
Grenada,GRD,1994,0
Grenada,GRD,1995,3
Grenada,GRD,1996,0
Grenada,GRD,1997,0
Grenada,GRD,1998,0
Grenada,GRD,1999,0
Grenada,GRD,2000,0
Grenada,GRD,2001,0
Grenada,GRD,2002,0
Grenada,GRD,2003,0
Grenada,GRD,2004,0
Grenada,GRD,2005,0
Grenada,GRD,2006,0
Grenada,GRD,2007,0
Grenada,GRD,2008,0
Grenada,GRD,2009,0
Grenada,GRD,2010,0
Grenada,GRD,2011,0
Grenada,GRD,2012,0
Grenada,GRD,2013,0
Grenada,GRD,2014,0
Grenada,GRD,2015,0
Grenada,GRD,2016,0
Grenada,GRD,2017,0
Grenada,GRD,2018,0
Grenada,GRD,2019,0
Grenada,GRD,2020,0
Grenada,GRD,2022,0
Grenada,GRD,2023,0
Guam,GUM,1974,20
Guam,GUM,1975,33
Guam,GUM,1976,16
Guam,GUM,1977,6
Guam,GUM,1978,28
Guam,GUM,1979,13
Guam,GUM,1980,7
Guam,GUM,1981,6
Guam,GUM,1982,9
Guam,GUM,1983,3
Guam,GUM,1984,104
Guam,GUM,1985,12
Guam,GUM,1986,6
Guam,GUM,1987,2
Guam,GUM,1988,2
Guam,GUM,1989,3
Guam,GUM,1990,1
Guam,GUM,1991,62
Guam,GUM,1992,4
Guam,GUM,1993,25
Guam,GUM,1994,228
Guam,GUM,1995,0
Guam,GUM,1996,0
Guam,GUM,1997,0
Guam,GUM,1998,0
Guam,GUM,1999,1
Guam,GUM,2000,0
Guam,GUM,2001,0
Guam,GUM,2003,7
Guam,GUM,2004,2
Guam,GUM,2005,0
Guam,GUM,2007,0
Guam,GUM,2008,0
Guam,GUM,2009,0
Guam,GUM,2010,0
Guam,GUM,2011,1
Guam,GUM,2012,0
Guam,GUM,2013,0
Guam,GUM,2015,0
Guam,GUM,2016,0
Guam,GUM,2017,0
Guam,GUM,2018,0
Guam,GUM,2019,0
Guam,GUM,2023,0
Guatemala,GTM,1974,926
Guatemala,GTM,1975,3007
Guatemala,GTM,1976,3791
Guatemala,GTM,1977,2682
Guatemala,GTM,1978,2178
Guatemala,GTM,1979,3351
Guatemala,GTM,1980,2703
Guatemala,GTM,1981,3472
Guatemala,GTM,1982,3992
Guatemala,GTM,1983,2762
Guatemala,GTM,1984,3072
Guatemala,GTM,1985,2272
Guatemala,GTM,1986,1650
Guatemala,GTM,1987,400
Guatemala,GTM,1988,182
Guatemala,GTM,1989,2413
Guatemala,GTM,1990,8802
Guatemala,GTM,1991,209
Guatemala,GTM,1992,97
Guatemala,GTM,1993,17
Guatemala,GTM,1994,204
Guatemala,GTM,1995,23
Guatemala,GTM,1996,1
Guatemala,GTM,1997,8
Guatemala,GTM,1998,1
Guatemala,GTM,1999,0
Guatemala,GTM,2000,0
Guatemala,GTM,2001,0
Guatemala,GTM,2002,0
Guatemala,GTM,2003,0
Guatemala,GTM,2004,0
Guatemala,GTM,2005,0
Guatemala,GTM,2006,0
Guatemala,GTM,2007,0
Guatemala,GTM,2008,0
Guatemala,GTM,2009,0
Guatemala,GTM,2010,0
Guatemala,GTM,2011,0
Guatemala,GTM,2012,0
Guatemala,GTM,2013,0
Guatemala,GTM,2014,0
Guatemala,GTM,2015,0
Guatemala,GTM,2016,0
Guatemala,GTM,2017,0
Guatemala,GTM,2018,1
Guatemala,GTM,2019,0
Guatemala,GTM,2020,0
Guatemala,GTM,2021,0
Guatemala,GTM,2022,0
Guatemala,GTM,2023,0
Guinea,GIN,1974,11798
Guinea,GIN,1975,7536
Guinea,GIN,1976,5852
Guinea,GIN,1977,8045
Guinea,GIN,1978,4061
Guinea,GIN,1979,6236
Guinea,GIN,1980,8552
Guinea,GIN,1981,11397
Guinea,GIN,1982,15038
Guinea,GIN,1983,8856
Guinea,GIN,1984,4396
Guinea,GIN,1985,2969
Guinea,GIN,1986,2592
Guinea,GIN,1987,7357
Guinea,GIN,1988,3353
Guinea,GIN,1989,4152
Guinea,GIN,1990,12756
Guinea,GIN,1991,6708
Guinea,GIN,1992,1617
Guinea,GIN,1993,5228
Guinea,GIN,1994,2372
Guinea,GIN,1995,1085
Guinea,GIN,1996,10292
Guinea,GIN,1997,10170
Guinea,GIN,1998,9170
Guinea,GIN,1999,18004
Guinea,GIN,2000,11294
Guinea,GIN,2001,7408
Guinea,GIN,2002,2151
Guinea,GIN,2003,2497
Guinea,GIN,2004,10
Guinea,GIN,2005,99
Guinea,GIN,2006,4
Guinea,GIN,2007,3
Guinea,GIN,2008,89
Guinea,GIN,2009,264
Guinea,GIN,2010,45
Guinea,GIN,2011,11
Guinea,GIN,2012,6
Guinea,GIN,2013,53
Guinea,GIN,2014,175
Guinea,GIN,2015,243
Guinea,GIN,2016,316
Guinea,GIN,2017,2036
Guinea,GIN,2018,482
Guinea,GIN,2019,4555
Guinea,GIN,2020,506
Guinea,GIN,2021,505
Guinea,GIN,2022,417
Guinea,GIN,2023,94
Guinea-Bissau,GNB,1974,273
Guinea-Bissau,GNB,1976,334
Guinea-Bissau,GNB,1977,209
Guinea-Bissau,GNB,1978,351
Guinea-Bissau,GNB,1979,3478
Guinea-Bissau,GNB,1980,1332
Guinea-Bissau,GNB,1981,2096
Guinea-Bissau,GNB,1982,1613
Guinea-Bissau,GNB,1983,3218
Guinea-Bissau,GNB,1984,355
Guinea-Bissau,GNB,1985,1328
Guinea-Bissau,GNB,1986,2241
Guinea-Bissau,GNB,1987,174
Guinea-Bissau,GNB,1988,1103
Guinea-Bissau,GNB,1989,106
Guinea-Bissau,GNB,1990,259
Guinea-Bissau,GNB,1991,2396
Guinea-Bissau,GNB,1992,842
Guinea-Bissau,GNB,1993,1707
Guinea-Bissau,GNB,1994,378
Guinea-Bissau,GNB,1995,528
Guinea-Bissau,GNB,1996,73
Guinea-Bissau,GNB,1997,498
Guinea-Bissau,GNB,1999,472
Guinea-Bissau,GNB,2001,126
Guinea-Bissau,GNB,2002,298
Guinea-Bissau,GNB,2003,1158
Guinea-Bissau,GNB,2004,3526
Guinea-Bissau,GNB,2005,0
Guinea-Bissau,GNB,2006,0
Guinea-Bissau,GNB,2007,1
Guinea-Bissau,GNB,2008,12
Guinea-Bissau,GNB,2009,0
Guinea-Bissau,GNB,2010,26
Guinea-Bissau,GNB,2011,0
Guinea-Bissau,GNB,2012,0
Guinea-Bissau,GNB,2013,0
Guinea-Bissau,GNB,2014,1
Guinea-Bissau,GNB,2015,153
Guinea-Bissau,GNB,2016,0
Guinea-Bissau,GNB,2017,11
Guinea-Bissau,GNB,2018,28
Guinea-Bissau,GNB,2019,60
Guinea-Bissau,GNB,2020,22
Guinea-Bissau,GNB,2022,213
Guinea-Bissau,GNB,2023,5
Guyana,GUY,1974,314
Guyana,GUY,1975,58
Guyana,GUY,1976,327
Guyana,GUY,1977,240
Guyana,GUY,1978,11
Guyana,GUY,1979,910
Guyana,GUY,1980,464
Guyana,GUY,1981,7
Guyana,GUY,1982,41
Guyana,GUY,1983,20
Guyana,GUY,1984,294
Guyana,GUY,1985,87
Guyana,GUY,1986,15
Guyana,GUY,1987,22
Guyana,GUY,1988,917
Guyana,GUY,1989,11
Guyana,GUY,1990,1
Guyana,GUY,1991,12
Guyana,GUY,1992,0
Guyana,GUY,1993,0
Guyana,GUY,1994,0
Guyana,GUY,1995,0
Guyana,GUY,1996,0
Guyana,GUY,1997,0
Guyana,GUY,1998,0
Guyana,GUY,1999,0
Guyana,GUY,2000,0
Guyana,GUY,2001,0
Guyana,GUY,2002,0
Guyana,GUY,2003,0
Guyana,GUY,2004,0
Guyana,GUY,2005,0
Guyana,GUY,2006,0
Guyana,GUY,2007,0
Guyana,GUY,2008,0
Guyana,GUY,2009,0
Guyana,GUY,2010,0
Guyana,GUY,2011,0
Guyana,GUY,2012,0
Guyana,GUY,2013,0
Guyana,GUY,2014,0
Guyana,GUY,2015,0
Guyana,GUY,2016,0
Guyana,GUY,2017,0
Guyana,GUY,2018,0
Guyana,GUY,2019,0
Guyana,GUY,2020,0
Guyana,GUY,2021,0
Guyana,GUY,2022,0
Guyana,GUY,2023,0
Haiti,HTI,1974,837
Haiti,HTI,1975,718
Haiti,HTI,1976,1330
Haiti,HTI,1977,970
Haiti,HTI,1978,280
Haiti,HTI,1979,1143
Haiti,HTI,1980,507
Haiti,HTI,1981,2502
Haiti,HTI,1982,1064
Haiti,HTI,1983,869
Haiti,HTI,1984,1681
Haiti,HTI,1985,2111
Haiti,HTI,1986,269
Haiti,HTI,1987,3130
Haiti,HTI,1988,235
Haiti,HTI,1989,580
Haiti,HTI,1990,1414
Haiti,HTI,1996,1
Haiti,HTI,1997,0
Haiti,HTI,1998,3
Haiti,HTI,1999,0
Haiti,HTI,2000,992
Haiti,HTI,2001,159
Haiti,HTI,2002,0
Haiti,HTI,2003,0
Haiti,HTI,2004,0
Haiti,HTI,2005,0
Haiti,HTI,2006,0
Haiti,HTI,2007,0
Haiti,HTI,2008,0
Haiti,HTI,2009,0
Haiti,HTI,2010,0
Haiti,HTI,2011,0
Haiti,HTI,2012,0
Haiti,HTI,2013,0
Haiti,HTI,2014,0
Haiti,HTI,2015,0
Haiti,HTI,2017,0
Haiti,HTI,2018,0
Haiti,HTI,2019,0
Haiti,HTI,2020,0
Haiti,HTI,2021,0
Haiti,HTI,2022,0
Honduras,HND,1974,2346
Honduras,HND,1975,3098
Honduras,HND,1976,4206
Honduras,HND,1977,2538
Honduras,HND,1978,5219
Honduras,HND,1979,4895
Honduras,HND,1980,4188
Honduras,HND,1981,5857
Honduras,HND,1982,2446
Honduras,HND,1983,1168
Honduras,HND,1984,5028
Honduras,HND,1985,6476
Honduras,HND,1986,603
Honduras,HND,1987,1437
Honduras,HND,1988,1155
Honduras,HND,1989,6353
Honduras,HND,1990,8360
Honduras,HND,1991,95
Honduras,HND,1992,58
Honduras,HND,1993,13
Honduras,HND,1994,3
Honduras,HND,1995,0
Honduras,HND,1996,4
Honduras,HND,1997,5
Honduras,HND,1998,0
Honduras,HND,1999,0
Honduras,HND,2000,0
Honduras,HND,2001,0
Honduras,HND,2002,0
Honduras,HND,2003,0
Honduras,HND,2004,0
Honduras,HND,2005,0
Honduras,HND,2006,0
Honduras,HND,2007,0
Honduras,HND,2008,0
Honduras,HND,2009,0
Honduras,HND,2010,0
Honduras,HND,2011,0
Honduras,HND,2012,0
Honduras,HND,2013,0
Honduras,HND,2014,0
Honduras,HND,2015,0
Honduras,HND,2016,0
Honduras,HND,2017,0
Honduras,HND,2018,0
Honduras,HND,2019,0
Honduras,HND,2020,0
Honduras,HND,2021,0
Hong Kong,HKG,1974,1575
Hong Kong,HKG,1975,138
Hong Kong,HKG,1976,1463
Hong Kong,HKG,1977,1537
Hong Kong,HKG,1978,240
Hong Kong,HKG,1979,1929
Hong Kong,HKG,1980,1669
Hong Kong,HKG,1981,249
Hong Kong,HKG,1982,1863
Hong Kong,HKG,1983,888
Hong Kong,HKG,1984,678
Hong Kong,HKG,1985,280
Hong Kong,HKG,1986,215
Hong Kong,HKG,1987,194
Hong Kong,HKG,1988,3162
Hong Kong,HKG,1989,139
Hong Kong,HKG,1990,48
Hong Kong,HKG,1991,278
Hong Kong,HKG,1992,329
Hong Kong,HKG,1993,29
Hong Kong,HKG,1994,210
Hong Kong,HKG,1995,33
Hong Kong,HKG,1996,110
Hong Kong,HKG,1997,318
Hong Kong,HKG,1998,56
Hong Kong,HKG,1999,32
Hong Kong,HKG,2000,60
Hong Kong,HKG,2001,179
Hong Kong,HKG,2003,33
Hong Kong,HKG,2007,88
Hong Kong,HKG,2008,69
Hong Kong,HKG,2009,22
Hong Kong,HKG,2010,13
Hong Kong,HKG,2011,13
Hong Kong,HKG,2012,8
Hong Kong,HKG,2013,8
Hong Kong,HKG,2015,18
Hong Kong,HKG,2016,9
Hong Kong,HKG,2017,4
Hong Kong,HKG,2018,17
Hong Kong,HKG,2019,90
Hong Kong,HKG,2020,1
Hong Kong,HKG,2021,1
Hong Kong,HKG,2022,3
Hong Kong,HKG,2023,4
Hungary,HUN,1974,46790
Hungary,HUN,1975,638
Hungary,HUN,1976,243
Hungary,HUN,1977,130
Hungary,HUN,1978,334
Hungary,HUN,1979,216
Hungary,HUN,1980,1198
Hungary,HUN,1981,10573
Hungary,HUN,1982,2521
Hungary,HUN,1983,124
Hungary,HUN,1984,98
Hungary,HUN,1985,20
Hungary,HUN,1986,17
Hungary,HUN,1987,30
Hungary,HUN,1988,1103
Hungary,HUN,1990,29
Hungary,HUN,1991,16
Hungary,HUN,1992,14
Hungary,HUN,1993,33
Hungary,HUN,1994,11
Hungary,HUN,1995,4
Hungary,HUN,1996,12
Hungary,HUN,1997,24
Hungary,HUN,1998,23
Hungary,HUN,1999,1
Hungary,HUN,2000,1
Hungary,HUN,2001,20
Hungary,HUN,2002,0
Hungary,HUN,2003,0
Hungary,HUN,2004,0
Hungary,HUN,2005,2
Hungary,HUN,2006,1
Hungary,HUN,2007,0
Hungary,HUN,2008,0
Hungary,HUN,2009,1
Hungary,HUN,2010,0
Hungary,HUN,2011,5
Hungary,HUN,2012,2
Hungary,HUN,2013,1
Hungary,HUN,2014,0
Hungary,HUN,2015,0
Hungary,HUN,2016,0
Hungary,HUN,2017,36
Hungary,HUN,2018,14
Hungary,HUN,2019,23
Hungary,HUN,2020,0
Hungary,HUN,2021,0
Hungary,HUN,2022,0
Hungary,HUN,2023,1
Iceland,ISL,1974,37
Iceland,ISL,1975,11
Iceland,ISL,1976,36
Iceland,ISL,1977,2994
Iceland,ISL,1978,240
Iceland,ISL,1979,32
Iceland,ISL,1980,13
Iceland,ISL,1981,24
Iceland,ISL,1982,14
Iceland,ISL,1983,39
Iceland,ISL,1984,162
Iceland,ISL,1985,374
Iceland,ISL,1986,132
Iceland,ISL,1987,14
Iceland,ISL,1988,11
Iceland,ISL,1989,23
Iceland,ISL,1990,14
Iceland,ISL,1991,10
Iceland,ISL,1992,8
Iceland,ISL,1993,8
Iceland,ISL,1994,7
Iceland,ISL,1995,2
Iceland,ISL,1996,1
Iceland,ISL,1997,1
Iceland,ISL,2000,0
Iceland,ISL,2001,0
Iceland,ISL,2003,0
Iceland,ISL,2004,0
Iceland,ISL,2005,0
Iceland,ISL,2006,0
Iceland,ISL,2007,0
Iceland,ISL,2008,0
Iceland,ISL,2009,0
Iceland,ISL,2010,0
Iceland,ISL,2011,0
Iceland,ISL,2012,0
Iceland,ISL,2013,0
Iceland,ISL,2014,0
Iceland,ISL,2015,0
Iceland,ISL,2016,1
Iceland,ISL,2017,3
Iceland,ISL,2018,0
Iceland,ISL,2019,9
Iceland,ISL,2020,0
Iceland,ISL,2021,0
Iceland,ISL,2022,0
Iceland,ISL,2023,0
India,IND,1974,119714
India,IND,1975,133561
India,IND,1976,157047
India,IND,1977,133654
India,IND,1978,121313
India,IND,1979,143338
India,IND,1980,114036
India,IND,1981,202054
India,IND,1982,146196
India,IND,1983,129639
India,IND,1984,190881
India,IND,1985,161216
India,IND,1986,155076
India,IND,1987,252940
India,IND,1988,161379
India,IND,1989,165771
India,IND,1990,89612
India,IND,1991,77859
India,IND,1992,71798
India,IND,1993,50391
India,IND,1994,50518
India,IND,1995,37494
India,IND,1996,47072
India,IND,1997,61004
India,IND,1998,33990
India,IND,1999,21013
India,IND,2000,38835
India,IND,2001,51780
India,IND,2002,40044
India,IND,2003,47147
India,IND,2004,55443
India,IND,2005,36711
India,IND,2006,64185
India,IND,2007,41144
India,IND,2008,44258
India,IND,2009,56188
India,IND,2010,31458
India,IND,2011,33634
India,IND,2012,3305
India,IND,2013,8285
India,IND,2014,26530
India,IND,2015,30168
India,IND,2016,17250
India,IND,2017,12032
India,IND,2018,19474
India,IND,2019,10430
India,IND,2020,5604
India,IND,2021,5700
India,IND,2022,40967
India,IND,2023,65150
Indonesia,IDN,1974,152
Indonesia,IDN,1975,205
Indonesia,IDN,1976,97
Indonesia,IDN,1977,11879
Indonesia,IDN,1978,654
Indonesia,IDN,1979,903
Indonesia,IDN,1980,28935
Indonesia,IDN,1981,33106
Indonesia,IDN,1982,25152
Indonesia,IDN,1983,4670
Indonesia,IDN,1984,18947
Indonesia,IDN,1985,9458
Indonesia,IDN,1986,1136
Indonesia,IDN,1987,395
Indonesia,IDN,1988,76446
Indonesia,IDN,1989,229666
Indonesia,IDN,1990,92105
Indonesia,IDN,1991,90358
Indonesia,IDN,1992,80580
Indonesia,IDN,1993,63751
Indonesia,IDN,1994,48147
Indonesia,IDN,1995,37693
Indonesia,IDN,1996,35383
Indonesia,IDN,1997,15313
Indonesia,IDN,1998,1034
Indonesia,IDN,1999,4767
Indonesia,IDN,2000,3344
Indonesia,IDN,2001,3825
Indonesia,IDN,2002,14492
Indonesia,IDN,2003,24457
Indonesia,IDN,2004,29171
Indonesia,IDN,2005,15853
Indonesia,IDN,2006,20422
Indonesia,IDN,2007,19456
Indonesia,IDN,2008,15369
Indonesia,IDN,2009,20818
Indonesia,IDN,2010,18869
Indonesia,IDN,2011,21893
Indonesia,IDN,2012,15489
Indonesia,IDN,2013,8419
Indonesia,IDN,2014,12943
Indonesia,IDN,2015,15099
Indonesia,IDN,2016,6962
Indonesia,IDN,2017,9035
Indonesia,IDN,2018,5300
Indonesia,IDN,2019,1965
Indonesia,IDN,2020,524
Indonesia,IDN,2021,394
Indonesia,IDN,2022,7704
Indonesia,IDN,2023,18063
Iran,IRN,1974,18623
Iran,IRN,1975,33640
Iran,IRN,1976,16176
Iran,IRN,1977,20188
Iran,IRN,1978,53615
Iran,IRN,1979,20117
Iran,IRN,1980,31130
Iran,IRN,1981,35858
Iran,IRN,1982,47719
Iran,IRN,1983,43623
Iran,IRN,1984,32909
Iran,IRN,1985,20582
Iran,IRN,1986,14904
Iran,IRN,1987,19383
Iran,IRN,1988,11559
Iran,IRN,1989,5895
Iran,IRN,1990,5341
Iran,IRN,1991,6034
Iran,IRN,1992,5028
Iran,IRN,1993,4616
Iran,IRN,1994,506
Iran,IRN,1995,263
Iran,IRN,1996,2329
Iran,IRN,1997,3901
Iran,IRN,1998,2869
Iran,IRN,1999,4137
Iran,IRN,2000,11874
Iran,IRN,2001,9582
Iran,IRN,2002,9554
Iran,IRN,2003,11644
Iran,IRN,2004,3
Iran,IRN,2005,7
Iran,IRN,2006,220
Iran,IRN,2007,133
Iran,IRN,2008,127
Iran,IRN,2009,262
Iran,IRN,2010,538
Iran,IRN,2011,73
Iran,IRN,2012,332
Iran,IRN,2013,189
Iran,IRN,2014,99
Iran,IRN,2015,615
Iran,IRN,2016,82
Iran,IRN,2017,51
Iran,IRN,2018,203
Iran,IRN,2019,20
Iran,IRN,2020,4
Iran,IRN,2021,103
Iran,IRN,2022,230
Iran,IRN,2023,648
Iraq,IRQ,1974,65391
Iraq,IRQ,1975,55889
Iraq,IRQ,1976,37884
Iraq,IRQ,1977,76329
Iraq,IRQ,1978,52634
Iraq,IRQ,1979,73243
Iraq,IRQ,1980,26542
Iraq,IRQ,1981,64294
Iraq,IRQ,1982,31564
Iraq,IRQ,1983,37903
Iraq,IRQ,1984,38148
Iraq,IRQ,1985,22186
Iraq,IRQ,1986,10122
Iraq,IRQ,1987,7978
Iraq,IRQ,1988,9284
Iraq,IRQ,1989,11617
Iraq,IRQ,1990,3045
Iraq,IRQ,1991,11358
Iraq,IRQ,1992,20106
Iraq,IRQ,1993,16339
Iraq,IRQ,1994,10657
Iraq,IRQ,1995,7650
Iraq,IRQ,1996,256
Iraq,IRQ,1997,708
Iraq,IRQ,1998,43735
Iraq,IRQ,1999,9920
Iraq,IRQ,2000,726
Iraq,IRQ,2001,4088
Iraq,IRQ,2004,9081
Iraq,IRQ,2005,908
Iraq,IRQ,2006,474
Iraq,IRQ,2007,230
Iraq,IRQ,2008,5494
Iraq,IRQ,2009,30328
Iraq,IRQ,2010,492
Iraq,IRQ,2011,15
Iraq,IRQ,2012,15
Iraq,IRQ,2013,669
Iraq,IRQ,2014,1317
Iraq,IRQ,2015,1433
Iraq,IRQ,2016,37
Iraq,IRQ,2017,41
Iraq,IRQ,2018,489
Iraq,IRQ,2019,3799
Iraq,IRQ,2021,197
Iraq,IRQ,2022,12
Iraq,IRQ,2023,12331
Ireland,IRL,1974,2040
Ireland,IRL,1975,2957
Ireland,IRL,1976,1651
Ireland,IRL,1977,1501
Ireland,IRL,1978,1585
Ireland,IRL,1979,1668
Ireland,IRL,1980,1106
Ireland,IRL,1981,1075
Ireland,IRL,1982,1897
Ireland,IRL,1983,6180
Ireland,IRL,1984,5725
Ireland,IRL,1985,9903
Ireland,IRL,1986,451
Ireland,IRL,1987,201
Ireland,IRL,1988,936
Ireland,IRL,1989,1248
Ireland,IRL,1990,556
Ireland,IRL,1991,135
Ireland,IRL,1992,179
Ireland,IRL,1993,4328
Ireland,IRL,1994,1233
Ireland,IRL,1995,235
Ireland,IRL,1996,228
Ireland,IRL,1997,185
Ireland,IRL,1998,204
Ireland,IRL,1999,147
Ireland,IRL,2001,241
Ireland,IRL,2002,243
Ireland,IRL,2003,584
Ireland,IRL,2004,334
Ireland,IRL,2005,95
Ireland,IRL,2006,87
Ireland,IRL,2007,64
Ireland,IRL,2008,57
Ireland,IRL,2009,164
Ireland,IRL,2010,443
Ireland,IRL,2011,285
Ireland,IRL,2012,107
Ireland,IRL,2013,51
Ireland,IRL,2014,33
Ireland,IRL,2015,4
Ireland,IRL,2016,43
Ireland,IRL,2017,25
Ireland,IRL,2018,76
Ireland,IRL,2019,65
Ireland,IRL,2020,15
Ireland,IRL,2021,0
Ireland,IRL,2022,2
Ireland,IRL,2023,4
Israel,ISR,1974,871
Israel,ISR,1975,4795
Israel,ISR,1976,73
Israel,ISR,1977,89
Israel,ISR,1978,400
Israel,ISR,1979,553
Israel,ISR,1980,215
Israel,ISR,1981,228
Israel,ISR,1982,7864
Israel,ISR,1983,129
Israel,ISR,1984,137
Israel,ISR,1985,3005
Israel,ISR,1986,1951
Israel,ISR,1987,438
Israel,ISR,1988,194
Israel,ISR,1989,29
Israel,ISR,1990,230
Israel,ISR,1991,991
Israel,ISR,1992,66
Israel,ISR,1993,141
Israel,ISR,1994,1555
Israel,ISR,1995,22
Israel,ISR,1996,19
Israel,ISR,1997,12
Israel,ISR,1998,8
Israel,ISR,1999,14
Israel,ISR,2000,36
Israel,ISR,2001,19
Israel,ISR,2002,2
Israel,ISR,2003,124
Israel,ISR,2004,116
Israel,ISR,2005,2
Israel,ISR,2006,9
Israel,ISR,2007,539
Israel,ISR,2008,931
Israel,ISR,2009,5
Israel,ISR,2010,23
Israel,ISR,2011,70
Israel,ISR,2012,211
Israel,ISR,2013,50
Israel,ISR,2014,6
Israel,ISR,2015,80
Israel,ISR,2016,8
Israel,ISR,2017,42
Israel,ISR,2018,3177
Israel,ISR,2019,1139
Israel,ISR,2020,6
Israel,ISR,2021,0
Italy,ITA,1974,24714
Italy,ITA,1975,52033
Italy,ITA,1976,55493
Italy,ITA,1977,42677
Italy,ITA,1978,67360
Italy,ITA,1979,23270
Italy,ITA,1980,27452
Italy,ITA,1981,71239
Italy,ITA,1982,18423
Italy,ITA,1983,26371
Italy,ITA,1984,77149
Italy,ITA,1985,75040
Italy,ITA,1986,21306
Italy,ITA,1987,20627
Italy,ITA,1988,92188
Italy,ITA,1989,29214
Italy,ITA,1990,5223
Italy,ITA,1991,23458
Italy,ITA,1992,65013
Italy,ITA,1993,16890
Italy,ITA,1994,6158
Italy,ITA,1995,37131
Italy,ITA,1996,32596
Italy,ITA,1997,41254
Italy,ITA,1998,4072
Italy,ITA,1999,2908
Italy,ITA,2000,1457
Italy,ITA,2002,9385
Italy,ITA,2003,10982
Italy,ITA,2004,599
Italy,ITA,2005,135
Italy,ITA,2006,439
Italy,ITA,2007,321
Italy,ITA,2008,1617
Italy,ITA,2009,351
Italy,ITA,2010,372
Italy,ITA,2011,5189
Italy,ITA,2012,376
Italy,ITA,2015,159
Italy,ITA,2017,4042
Italy,ITA,2018,2682
Italy,ITA,2019,1623
Italy,ITA,2020,103
Italy,ITA,2021,9
Italy,ITA,2022,15
Jamaica,JAM,1974,595
Jamaica,JAM,1975,705
Jamaica,JAM,1976,1206
Jamaica,JAM,1977,49
Jamaica,JAM,1978,845
Jamaica,JAM,1979,82
Jamaica,JAM,1980,36
Jamaica,JAM,1981,5266
Jamaica,JAM,1982,2815
Jamaica,JAM,1983,1164
Jamaica,JAM,1984,236
Jamaica,JAM,1985,67
Jamaica,JAM,1986,30
Jamaica,JAM,1987,37
Jamaica,JAM,1988,30
Jamaica,JAM,1989,5726
Jamaica,JAM,1990,3651
Jamaica,JAM,1991,308
Jamaica,JAM,1992,0
Jamaica,JAM,1993,0
Jamaica,JAM,1994,0
Jamaica,JAM,1995,15
Jamaica,JAM,1996,4
Jamaica,JAM,1997,0
Jamaica,JAM,1998,2
Jamaica,JAM,1999,0
Jamaica,JAM,2000,0
Jamaica,JAM,2001,0
Jamaica,JAM,2002,0
Jamaica,JAM,2003,0
Jamaica,JAM,2004,0
Jamaica,JAM,2005,0
Jamaica,JAM,2006,0
Jamaica,JAM,2007,0
Jamaica,JAM,2008,2
Jamaica,JAM,2009,0
Jamaica,JAM,2010,0
Jamaica,JAM,2011,1
Jamaica,JAM,2012,0
Jamaica,JAM,2013,0
Jamaica,JAM,2014,0
Jamaica,JAM,2015,0
Jamaica,JAM,2016,0
Jamaica,JAM,2017,0
Jamaica,JAM,2018,0
Jamaica,JAM,2019,0
Jamaica,JAM,2020,0
Jamaica,JAM,2021,0
Jamaica,JAM,2022,0
Jamaica,JAM,2023,0
Japan,JPN,1974,24002
Japan,JPN,1975,15217
Japan,JPN,1976,31647
Japan,JPN,1977,18051
Japan,JPN,1978,34385
Japan,JPN,1979,18866
Japan,JPN,1980,13219
Japan,JPN,1981,21471
Japan,JPN,1982,6716
Japan,JPN,1983,7281
Japan,JPN,1984,12268
Japan,JPN,1985,2810
Japan,JPN,1986,6323
Japan,JPN,1987,5872
Japan,JPN,1988,3109
Japan,JPN,1989,1753
Japan,JPN,1990,3259
Japan,JPN,1991,5452
Japan,JPN,1993,2002
Japan,JPN,1996,1640
Japan,JPN,1998,899
Japan,JPN,2000,22497
Japan,JPN,2001,22552
Japan,JPN,2002,33812
Japan,JPN,2003,8286
Japan,JPN,2004,8752
Japan,JPN,2006,520
Japan,JPN,2008,11015
Japan,JPN,2009,741
Japan,JPN,2010,450
Japan,JPN,2011,434
Japan,JPN,2012,228
Japan,JPN,2013,229
Japan,JPN,2014,462
Japan,JPN,2015,35
Japan,JPN,2016,165
Japan,JPN,2017,187
Japan,JPN,2018,279
Japan,JPN,2019,742
Japan,JPN,2020,12
Japan,JPN,2021,6
Jordan,JOR,1974,1165
Jordan,JOR,1975,1116
Jordan,JOR,1976,827
Jordan,JOR,1977,1170
Jordan,JOR,1978,627
Jordan,JOR,1979,1212
Jordan,JOR,1980,552
Jordan,JOR,1981,1174
Jordan,JOR,1982,1594
Jordan,JOR,1983,183
Jordan,JOR,1984,2592
Jordan,JOR,1985,559
Jordan,JOR,1986,297
Jordan,JOR,1987,1645
Jordan,JOR,1988,4810
Jordan,JOR,1989,1397
Jordan,JOR,1990,290
Jordan,JOR,1991,143
Jordan,JOR,1992,1071
Jordan,JOR,1993,2985
Jordan,JOR,1994,516
Jordan,JOR,1995,318
Jordan,JOR,1996,448
Jordan,JOR,1997,7026
Jordan,JOR,1998,428
Jordan,JOR,1999,115
Jordan,JOR,2000,32
Jordan,JOR,2001,61
Jordan,JOR,2002,19
Jordan,JOR,2003,76
Jordan,JOR,2004,21
Jordan,JOR,2005,28
Jordan,JOR,2006,1
Jordan,JOR,2007,41
Jordan,JOR,2008,2
Jordan,JOR,2009,0
Jordan,JOR,2010,0
Jordan,JOR,2011,0
Jordan,JOR,2012,3
Jordan,JOR,2013,120
Jordan,JOR,2014,20
Jordan,JOR,2015,0
Jordan,JOR,2016,0
Jordan,JOR,2017,0
Jordan,JOR,2018,0
Jordan,JOR,2019,48
Jordan,JOR,2020,0
Jordan,JOR,2022,457
Kazakhstan,KAZ,1990,273
Kazakhstan,KAZ,1991,1425
Kazakhstan,KAZ,1992,647
Kazakhstan,KAZ,1993,3297
Kazakhstan,KAZ,1994,1788
Kazakhstan,KAZ,1995,284
Kazakhstan,KAZ,1996,123
Kazakhstan,KAZ,1997,120
Kazakhstan,KAZ,1998,1935
Kazakhstan,KAZ,1999,1391
Kazakhstan,KAZ,2000,245
Kazakhstan,KAZ,2001,94
Kazakhstan,KAZ,2002,18
Kazakhstan,KAZ,2003,24
Kazakhstan,KAZ,2004,2204
Kazakhstan,KAZ,2005,16118
Kazakhstan,KAZ,2006,109
Kazakhstan,KAZ,2007,13
Kazakhstan,KAZ,2008,20
Kazakhstan,KAZ,2009,0
Kazakhstan,KAZ,2010,4
Kazakhstan,KAZ,2011,127
Kazakhstan,KAZ,2012,55
Kazakhstan,KAZ,2013,73
Kazakhstan,KAZ,2014,321
Kazakhstan,KAZ,2015,526
Kazakhstan,KAZ,2016,122
Kazakhstan,KAZ,2017,2
Kazakhstan,KAZ,2018,576
Kazakhstan,KAZ,2019,13326
Kazakhstan,KAZ,2020,3270
Kazakhstan,KAZ,2021,2
Kazakhstan,KAZ,2022,4
Kazakhstan,KAZ,2023,15111
Kenya,KEN,1974,38885
Kenya,KEN,1975,33868
Kenya,KEN,1976,34649
Kenya,KEN,1977,48758
Kenya,KEN,1978,41572
Kenya,KEN,1979,66792
Kenya,KEN,1980,28473
Kenya,KEN,1981,257839
Kenya,KEN,1982,270767
Kenya,KEN,1983,285681
Kenya,KEN,1984,200143
Kenya,KEN,1985,111492
Kenya,KEN,1986,26199
Kenya,KEN,1987,49858
Kenya,KEN,1988,70200
Kenya,KEN,1989,86727
Kenya,KEN,1990,77072
Kenya,KEN,1991,59937
Kenya,KEN,1992,65004
Kenya,KEN,1993,961
Kenya,KEN,1994,4180
Kenya,KEN,1995,3322
Kenya,KEN,1996,3572
Kenya,KEN,1997,3339
Kenya,KEN,1998,9262
Kenya,KEN,1999,8601
Kenya,KEN,2000,21002
Kenya,KEN,2001,11304
Kenya,KEN,2002,766
Kenya,KEN,2003,65
Kenya,KEN,2004,20
Kenya,KEN,2005,153
Kenya,KEN,2006,1847
Kenya,KEN,2007,1516
Kenya,KEN,2008,1282
Kenya,KEN,2009,1218
Kenya,KEN,2010,95
Kenya,KEN,2011,2395
Kenya,KEN,2013,190
Kenya,KEN,2014,354
Kenya,KEN,2015,95
Kenya,KEN,2016,128
Kenya,KEN,2017,63
Kenya,KEN,2018,822
Kenya,KEN,2019,439
Kenya,KEN,2020,597
Kenya,KEN,2021,266
Kenya,KEN,2022,1774
Kenya,KEN,2023,896
Kiribati,KIR,1974,9212
Kiribati,KIR,1975,0
Kiribati,KIR,1976,3
Kiribati,KIR,1977,78
Kiribati,KIR,1978,2683
Kiribati,KIR,1979,0
Kiribati,KIR,1980,170
Kiribati,KIR,1981,70
Kiribati,KIR,1982,11
Kiribati,KIR,1983,0
Kiribati,KIR,1984,1417
Kiribati,KIR,1985,2015
Kiribati,KIR,1986,2
Kiribati,KIR,1987,22
Kiribati,KIR,1988,264
Kiribati,KIR,1989,1612
Kiribati,KIR,1990,30
Kiribati,KIR,1991,8
Kiribati,KIR,1992,4357
Kiribati,KIR,1993,114
Kiribati,KIR,1994,292
Kiribati,KIR,1995,4
Kiribati,KIR,1996,13
Kiribati,KIR,1997,25
Kiribati,KIR,1998,355
Kiribati,KIR,1999,2
Kiribati,KIR,2000,0
Kiribati,KIR,2001,0
Kiribati,KIR,2002,0
Kiribati,KIR,2004,0
Kiribati,KIR,2005,0
Kiribati,KIR,2007,0
Kiribati,KIR,2008,0
Kiribati,KIR,2009,0
Kiribati,KIR,2010,0
Kiribati,KIR,2011,0
Kiribati,KIR,2012,0
Kiribati,KIR,2013,0
Kiribati,KIR,2014,0
Kiribati,KIR,2017,0
Kiribati,KIR,2018,0
Kiribati,KIR,2019,3
Kiribati,KIR,2020,0
Kiribati,KIR,2021,1
Kosovo,OWID_KOS,2022,0
Kuwait,KWT,1974,2870
Kuwait,KWT,1975,1982
Kuwait,KWT,1976,907
Kuwait,KWT,1977,2162
Kuwait,KWT,1978,1560
Kuwait,KWT,1979,2086
Kuwait,KWT,1980,1382
Kuwait,KWT,1981,2595
Kuwait,KWT,1982,586
Kuwait,KWT,1983,1590
Kuwait,KWT,1984,608
Kuwait,KWT,1985,2061
Kuwait,KWT,1986,237
Kuwait,KWT,1987,428
Kuwait,KWT,1988,70
Kuwait,KWT,1989,71
Kuwait,KWT,1990,71
Kuwait,KWT,1991,165
Kuwait,KWT,1992,383
Kuwait,KWT,1993,260
Kuwait,KWT,1994,432
Kuwait,KWT,1995,12
Kuwait,KWT,1996,15
Kuwait,KWT,1997,26
Kuwait,KWT,1998,90
Kuwait,KWT,1999,13
Kuwait,KWT,2000,6
Kuwait,KWT,2004,23
Kuwait,KWT,2005,10
Kuwait,KWT,2010,13
Kuwait,KWT,2011,32
Kuwait,KWT,2012,27
Kuwait,KWT,2013,62
Kuwait,KWT,2014,55
Kuwait,KWT,2015,18
Kuwait,KWT,2016,8
Kuwait,KWT,2017,18
Kuwait,KWT,2018,42
Kuwait,KWT,2019,12
Kuwait,KWT,2021,3
Kuwait,KWT,2022,7
Kuwait,KWT,2023,6
Kyrgyzstan,KGZ,1990,584
Kyrgyzstan,KGZ,1991,824
Kyrgyzstan,KGZ,1992,815
Kyrgyzstan,KGZ,1993,3825
Kyrgyzstan,KGZ,1994,168
Kyrgyzstan,KGZ,1995,17
Kyrgyzstan,KGZ,1996,74
Kyrgyzstan,KGZ,1997,998
Kyrgyzstan,KGZ,1998,2397
Kyrgyzstan,KGZ,1999,478
Kyrgyzstan,KGZ,2000,16
Kyrgyzstan,KGZ,2001,17
Kyrgyzstan,KGZ,2002,2
Kyrgyzstan,KGZ,2003,6
Kyrgyzstan,KGZ,2004,8
Kyrgyzstan,KGZ,2005,53
Kyrgyzstan,KGZ,2006,27
Kyrgyzstan,KGZ,2007,40
Kyrgyzstan,KGZ,2008,16
Kyrgyzstan,KGZ,2009,1
Kyrgyzstan,KGZ,2010,0
Kyrgyzstan,KGZ,2011,222
Kyrgyzstan,KGZ,2012,0
Kyrgyzstan,KGZ,2013,1
Kyrgyzstan,KGZ,2014,318
Kyrgyzstan,KGZ,2015,17779
Kyrgyzstan,KGZ,2016,0
Kyrgyzstan,KGZ,2017,5
Kyrgyzstan,KGZ,2018,1007
Kyrgyzstan,KGZ,2019,2380
Kyrgyzstan,KGZ,2021,3
Kyrgyzstan,KGZ,2023,7046
Laos,LAO,1974,22
Laos,LAO,1975,169
Laos,LAO,1976,166
Laos,LAO,1977,153
Laos,LAO,1978,208
Laos,LAO,1980,1380
Laos,LAO,1982,383
Laos,LAO,1983,1076
Laos,LAO,1984,924
Laos,LAO,1985,1492
Laos,LAO,1986,1367
Laos,LAO,1987,2580
Laos,LAO,1988,2243
Laos,LAO,1989,2793
Laos,LAO,1990,2168
Laos,LAO,1991,1400
Laos,LAO,1992,520
Laos,LAO,1993,1083
Laos,LAO,1994,984
Laos,LAO,1995,3174
Laos,LAO,1996,917
Laos,LAO,1997,671
Laos,LAO,1998,4613
Laos,LAO,1999,2302
Laos,LAO,2000,332
Laos,LAO,2001,94
Laos,LAO,2002,2070
Laos,LAO,2003,1810
Laos,LAO,2004,1491
Laos,LAO,2005,295
Laos,LAO,2006,58
Laos,LAO,2007,1678
Laos,LAO,2008,174
Laos,LAO,2009,78
Laos,LAO,2010,153
Laos,LAO,2011,113
Laos,LAO,2012,32
Laos,LAO,2013,71
Laos,LAO,2014,339
Laos,LAO,2015,56
Laos,LAO,2016,8
Laos,LAO,2017,3
Laos,LAO,2018,10
Laos,LAO,2019,1119
Laos,LAO,2020,138
Laos,LAO,2021,2
Laos,LAO,2022,0
Laos,LAO,2023,2
Latvia,LVA,1990,21
Latvia,LVA,1991,6
Latvia,LVA,1992,248
Latvia,LVA,1993,54
Latvia,LVA,1994,10
Latvia,LVA,1995,2
Latvia,LVA,1996,3
Latvia,LVA,1997,4
Latvia,LVA,1998,3
Latvia,LVA,1999,0
Latvia,LVA,2000,0
Latvia,LVA,2001,1
Latvia,LVA,2004,0
Latvia,LVA,2005,2
Latvia,LVA,2006,7
Latvia,LVA,2007,0
Latvia,LVA,2008,3
Latvia,LVA,2009,0
Latvia,LVA,2010,0
Latvia,LVA,2011,1
Latvia,LVA,2012,3
Latvia,LVA,2013,0
Latvia,LVA,2014,36
Latvia,LVA,2015,0
Latvia,LVA,2016,0
Latvia,LVA,2017,0
Latvia,LVA,2018,25
Latvia,LVA,2019,3
Latvia,LVA,2020,0
Latvia,LVA,2021,0
Latvia,LVA,2022,0
Latvia,LVA,2023,1
Lebanon,LBN,1981,3
Lebanon,LBN,1983,266
Lebanon,LBN,1992,13
Lebanon,LBN,1993,396
Lebanon,LBN,1994,51
Lebanon,LBN,1995,3
Lebanon,LBN,1996,2
Lebanon,LBN,1997,134
Lebanon,LBN,1998,966
Lebanon,LBN,1999,8
Lebanon,LBN,2000,5
Lebanon,LBN,2001,8
Lebanon,LBN,2002,36
Lebanon,LBN,2003,526
Lebanon,LBN,2004,213
Lebanon,LBN,2005,618
Lebanon,LBN,2006,956
Lebanon,LBN,2007,373
Lebanon,LBN,2008,24
Lebanon,LBN,2009,22
Lebanon,LBN,2010,12
Lebanon,LBN,2011,9
Lebanon,LBN,2012,9
Lebanon,LBN,2013,1761
Lebanon,LBN,2014,112
Lebanon,LBN,2015,39
Lebanon,LBN,2016,44
Lebanon,LBN,2017,126
Lebanon,LBN,2018,944
Lebanon,LBN,2019,1047
Lebanon,LBN,2020,15
Lebanon,LBN,2023,346
Lesotho,LSO,1974,5903
Lesotho,LSO,1975,5806
Lesotho,LSO,1976,3691
Lesotho,LSO,1977,10434
Lesotho,LSO,1978,6458
Lesotho,LSO,1979,8753
Lesotho,LSO,1980,7935
Lesotho,LSO,1981,7624
Lesotho,LSO,1982,6941
Lesotho,LSO,1983,5239
Lesotho,LSO,1984,5821
Lesotho,LSO,1985,7362
Lesotho,LSO,1986,4376
Lesotho,LSO,1987,2448
Lesotho,LSO,1988,1797
Lesotho,LSO,1989,1378
Lesotho,LSO,1990,2195
Lesotho,LSO,1991,2351
Lesotho,LSO,1992,1816
Lesotho,LSO,1993,235
Lesotho,LSO,1994,573
Lesotho,LSO,1995,304
Lesotho,LSO,1997,0
Lesotho,LSO,1999,944
Lesotho,LSO,2000,660
Lesotho,LSO,2001,217
Lesotho,LSO,2002,0
Lesotho,LSO,2003,1
Lesotho,LSO,2004,31
Lesotho,LSO,2006,1
Lesotho,LSO,2007,2
Lesotho,LSO,2008,0
Lesotho,LSO,2009,0
Lesotho,LSO,2010,2488
Lesotho,LSO,2011,172
Lesotho,LSO,2012,179
Lesotho,LSO,2013,516
Lesotho,LSO,2014,0
Lesotho,LSO,2015,0
Lesotho,LSO,2016,0
Lesotho,LSO,2017,0
Lesotho,LSO,2018,7
Lesotho,LSO,2019,464
Lesotho,LSO,2020,39
Lesotho,LSO,2021,368
Lesotho,LSO,2022,3
Lesotho,LSO,2023,17
Liberia,LBR,1974,592
Liberia,LBR,1975,591
Liberia,LBR,1976,2212
Liberia,LBR,1977,3588
Liberia,LBR,1978,3705
Liberia,LBR,1979,3243
Liberia,LBR,1980,6567
Liberia,LBR,1981,7810
Liberia,LBR,1982,6873
Liberia,LBR,1983,4835
Liberia,LBR,1984,6151
Liberia,LBR,1985,2686
Liberia,LBR,1986,836
Liberia,LBR,1987,2178
Liberia,LBR,1988,2556
Liberia,LBR,1989,1866
Liberia,LBR,1992,5776
Liberia,LBR,1993,6398
Liberia,LBR,1994,571
Liberia,LBR,1995,56
Liberia,LBR,1996,1938
Liberia,LBR,1997,2961
Liberia,LBR,1998,1436
Liberia,LBR,1999,1679
Liberia,LBR,2000,5977
Liberia,LBR,2001,1379
Liberia,LBR,2002,131
Liberia,LBR,2003,142
Liberia,LBR,2004,4
Liberia,LBR,2005,8
Liberia,LBR,2006,20
Liberia,LBR,2007,1
Liberia,LBR,2008,1
Liberia,LBR,2009,6
Liberia,LBR,2010,2200
Liberia,LBR,2011,279
Liberia,LBR,2012,43
Liberia,LBR,2013,0
Liberia,LBR,2014,34
Liberia,LBR,2015,1060
Liberia,LBR,2016,789
Liberia,LBR,2017,960
Liberia,LBR,2018,3781
Liberia,LBR,2019,1203
Liberia,LBR,2020,884
Liberia,LBR,2021,250
Liberia,LBR,2022,8300
Liberia,LBR,2023,4604
Libya,LBY,1974,732
Libya,LBY,1975,1561
Libya,LBY,1976,1863
Libya,LBY,1977,2474
Libya,LBY,1978,1560
Libya,LBY,1979,2879
Libya,LBY,1980,1547
Libya,LBY,1981,1570
Libya,LBY,1982,928
Libya,LBY,1983,996
Libya,LBY,1984,2526
Libya,LBY,1985,4193
Libya,LBY,1986,851
Libya,LBY,1987,401
Libya,LBY,1988,316
Libya,LBY,1989,207
Libya,LBY,1990,931
Libya,LBY,1991,1695
Libya,LBY,1992,3691
Libya,LBY,1993,733
Libya,LBY,1994,1127
Libya,LBY,1997,26
Libya,LBY,1998,50
Libya,LBY,2001,633
Libya,LBY,2002,3890
Libya,LBY,2004,2771
Libya,LBY,2005,292
Libya,LBY,2006,1
Libya,LBY,2007,59
Libya,LBY,2008,8
Libya,LBY,2009,329
Libya,LBY,2012,320
Libya,LBY,2014,372
Libya,LBY,2015,82
Libya,LBY,2016,32
Libya,LBY,2017,8
Libya,LBY,2018,1082
Libya,LBY,2019,188
Libya,LBY,2022,32
Libya,LBY,2023,257
Lithuania,LTU,1991,143
Lithuania,LTU,1992,200
Lithuania,LTU,1993,249
Lithuania,LTU,1994,286
Lithuania,LTU,1995,188
Lithuania,LTU,1996,35
Lithuania,LTU,1997,30
Lithuania,LTU,1998,18
Lithuania,LTU,1999,23
Lithuania,LTU,2000,19
Lithuania,LTU,2001,7
Lithuania,LTU,2002,103
Lithuania,LTU,2003,1
Lithuania,LTU,2004,1
Lithuania,LTU,2005,1
Lithuania,LTU,2006,1
Lithuania,LTU,2007,0
Lithuania,LTU,2008,1
Lithuania,LTU,2009,0
Lithuania,LTU,2010,2
Lithuania,LTU,2011,7
Lithuania,LTU,2012,0
Lithuania,LTU,2013,35
Lithuania,LTU,2014,11
Lithuania,LTU,2015,50
Lithuania,LTU,2016,22
Lithuania,LTU,2017,2
Lithuania,LTU,2018,30
Lithuania,LTU,2019,834
Lithuania,LTU,2020,2
Lithuania,LTU,2021,0
Lithuania,LTU,2022,0
Lithuania,LTU,2023,3
Luxembourg,LUX,1974,171
Luxembourg,LUX,1975,288
Luxembourg,LUX,1976,41
Luxembourg,LUX,1977,424
Luxembourg,LUX,1978,263
Luxembourg,LUX,1979,121
Luxembourg,LUX,1980,63
Luxembourg,LUX,1981,214
Luxembourg,LUX,1982,243
Luxembourg,LUX,1983,21
Luxembourg,LUX,1984,35
Luxembourg,LUX,1985,62
Luxembourg,LUX,1986,27
Luxembourg,LUX,1987,153
Luxembourg,LUX,1988,18
Luxembourg,LUX,1989,12
Luxembourg,LUX,1990,16
Luxembourg,LUX,1991,1
Luxembourg,LUX,1992,48
Luxembourg,LUX,1993,4
Luxembourg,LUX,1994,1
Luxembourg,LUX,1995,1
Luxembourg,LUX,1996,25
Luxembourg,LUX,1997,1
Luxembourg,LUX,2000,0
Luxembourg,LUX,2003,1
Luxembourg,LUX,2004,0
Luxembourg,LUX,2006,8
Luxembourg,LUX,2007,0
Luxembourg,LUX,2008,1
Luxembourg,LUX,2009,0
Luxembourg,LUX,2010,0
Luxembourg,LUX,2011,6
Luxembourg,LUX,2012,2
Luxembourg,LUX,2013,0
Luxembourg,LUX,2015,0
Luxembourg,LUX,2016,0
Luxembourg,LUX,2017,4
Luxembourg,LUX,2018,4
Luxembourg,LUX,2019,24
Luxembourg,LUX,2020,0
Luxembourg,LUX,2021,0
Luxembourg,LUX,2022,0
Luxembourg,LUX,2023,0
Macao,MAC,1975,5
Macao,MAC,1976,274
Macao,MAC,1977,0
Macao,MAC,1978,135
Macao,MAC,1979,41
Macao,MAC,1980,73
Macao,MAC,1981,9
Macao,MAC,1982,0
Macao,MAC,1983,231
Macao,MAC,1984,110
Macao,MAC,1985,265
Macao,MAC,1986,104
Macao,MAC,1987,0
Macao,MAC,1988,642
Macao,MAC,1989,4
Macao,MAC,1990,19
Macao,MAC,1991,1
Macao,MAC,1992,35
Macao,MAC,1993,21
Macao,MAC,1994,52
Macao,MAC,1995,3
Macao,MAC,1997,3
Macao,MAC,1998,0
Macao,MAC,1999,1
Macao,MAC,2000,5
Macao,MAC,2001,3
Macao,MAC,2003,3
Macao,MAC,2004,0
Macao,MAC,2005,0
Macao,MAC,2007,0
Macao,MAC,2008,4
Macao,MAC,2009,0
Macao,MAC,2011,1
Macao,MAC,2012,1
Macao,MAC,2013,1
Macao,MAC,2015,0
Macao,MAC,2016,0
Macao,MAC,2017,2
Macao,MAC,2018,3
Macao,MAC,2019,37
Macao,MAC,2020,0
Macao,MAC,2021,0
Macao,MAC,2022,0
Macao,MAC,2023,0
Madagascar,MDG,1976,40398
Madagascar,MDG,1977,130771
Madagascar,MDG,1978,93499
Madagascar,MDG,1979,146887
Madagascar,MDG,1980,119679
Madagascar,MDG,1981,140653
Madagascar,MDG,1982,84494
Madagascar,MDG,1983,101925
Madagascar,MDG,1984,66894
Madagascar,MDG,1985,69884
Madagascar,MDG,1986,21546
Madagascar,MDG,1987,10841
Madagascar,MDG,1988,17069
Madagascar,MDG,1989,29654
Madagascar,MDG,1990,14459
Madagascar,MDG,1991,5824
Madagascar,MDG,1992,1846
Madagascar,MDG,1993,6060
Madagascar,MDG,1994,14164
Madagascar,MDG,1995,11731
Madagascar,MDG,1996,5961
Madagascar,MDG,1997,13865
Madagascar,MDG,1998,15510
Madagascar,MDG,1999,35196
Madagascar,MDG,2000,35256
Madagascar,MDG,2001,9357
Madagascar,MDG,2002,10795
Madagascar,MDG,2003,62233
Madagascar,MDG,2004,35558
Madagascar,MDG,2006,2
Madagascar,MDG,2007,0
Madagascar,MDG,2008,3
Madagascar,MDG,2009,0
Madagascar,MDG,2010,1
Madagascar,MDG,2011,0
Madagascar,MDG,2012,2
Madagascar,MDG,2013,6
Madagascar,MDG,2014,3
Madagascar,MDG,2015,3
Madagascar,MDG,2016,5
Madagascar,MDG,2017,11
Madagascar,MDG,2018,21420
Madagascar,MDG,2019,213231
Madagascar,MDG,2020,777
Madagascar,MDG,2021,44
Madagascar,MDG,2022,80
Madagascar,MDG,2023,355
Malawi,MWI,1976,200000
Malawi,MWI,1977,201000
Malawi,MWI,1978,246511
Malawi,MWI,1979,195644
Malawi,MWI,1980,162686
Malawi,MWI,1981,84610
Malawi,MWI,1982,104921
Malawi,MWI,1983,150248
Malawi,MWI,1984,80766
Malawi,MWI,1985,126581
Malawi,MWI,1986,105682
Malawi,MWI,1987,114061
Malawi,MWI,1988,81100
Malawi,MWI,1989,93100
Malawi,MWI,1991,5730
Malawi,MWI,1992,32177
Malawi,MWI,1993,3614
Malawi,MWI,1994,2164
Malawi,MWI,1995,4218
Malawi,MWI,1996,9120
Malawi,MWI,1997,10845
Malawi,MWI,1998,3591
Malawi,MWI,1999,152
Malawi,MWI,2000,304
Malawi,MWI,2001,150
Malawi,MWI,2002,92
Malawi,MWI,2003,167
Malawi,MWI,2004,1116
Malawi,MWI,2005,184
Malawi,MWI,2006,1
Malawi,MWI,2007,143
Malawi,MWI,2008,20
Malawi,MWI,2009,21
Malawi,MWI,2010,118712
Malawi,MWI,2011,26
Malawi,MWI,2012,11
Malawi,MWI,2013,1
Malawi,MWI,2014,3
Malawi,MWI,2015,0
Malawi,MWI,2016,0
Malawi,MWI,2017,4
Malawi,MWI,2018,1
Malawi,MWI,2019,17
Malawi,MWI,2020,76
Malawi,MWI,2021,5
Malawi,MWI,2022,29
Malawi,MWI,2023,173
Malaysia,MYS,1974,7990
Malaysia,MYS,1975,1377
Malaysia,MYS,1976,4786
Malaysia,MYS,1977,6972
Malaysia,MYS,1978,7233
Malaysia,MYS,1979,6352
Malaysia,MYS,1980,8727
Malaysia,MYS,1981,5690
Malaysia,MYS,1982,9268
Malaysia,MYS,1983,9313
Malaysia,MYS,1984,8147
Malaysia,MYS,1985,5163
Malaysia,MYS,1986,4699
Malaysia,MYS,1987,5429
Malaysia,MYS,1988,2304
Malaysia,MYS,1989,1027
Malaysia,MYS,1990,563
Malaysia,MYS,1991,275
Malaysia,MYS,1992,363
Malaysia,MYS,1993,542
Malaysia,MYS,1994,346
Malaysia,MYS,1995,654
Malaysia,MYS,1996,460
Malaysia,MYS,1997,627
Malaysia,MYS,1998,483
Malaysia,MYS,1999,2576
Malaysia,MYS,2000,6187
Malaysia,MYS,2001,2198
Malaysia,MYS,2002,408
Malaysia,MYS,2003,632
Malaysia,MYS,2004,5729
Malaysia,MYS,2005,1407
Malaysia,MYS,2006,564
Malaysia,MYS,2007,394
Malaysia,MYS,2008,334
Malaysia,MYS,2009,153
Malaysia,MYS,2010,73
Malaysia,MYS,2011,1569
Malaysia,MYS,2012,1868
Malaysia,MYS,2013,195
Malaysia,MYS,2014,221
Malaysia,MYS,2015,1318
Malaysia,MYS,2016,1569
Malaysia,MYS,2017,1709
Malaysia,MYS,2018,1981
Malaysia,MYS,2019,1077
Malaysia,MYS,2020,478
Malaysia,MYS,2021,128
Malaysia,MYS,2022,209
Malaysia,MYS,2023,2002
Maldives,MDV,1979,1524
Maldives,MDV,1981,1479
Maldives,MDV,1982,0
Maldives,MDV,1983,0
Maldives,MDV,1984,0
Maldives,MDV,1985,2029
Maldives,MDV,1986,0
Maldives,MDV,1987,0
Maldives,MDV,1988,0
Maldives,MDV,1989,0
Maldives,MDV,1990,0
Maldives,MDV,1991,0
Maldives,MDV,1992,0
Maldives,MDV,1993,61
Maldives,MDV,1994,706
Maldives,MDV,1995,3070
Maldives,MDV,1996,0
Maldives,MDV,1998,0
Maldives,MDV,2000,20
Maldives,MDV,2001,0
Maldives,MDV,2002,926
Maldives,MDV,2003,75
Maldives,MDV,2004,37
Maldives,MDV,2005,1395
Maldives,MDV,2006,47
Maldives,MDV,2007,20
Maldives,MDV,2008,0
Maldives,MDV,2009,6
Maldives,MDV,2010,0
Maldives,MDV,2011,0
Maldives,MDV,2012,0
Maldives,MDV,2013,0
Maldives,MDV,2014,0
Maldives,MDV,2015,0
Maldives,MDV,2016,0
Maldives,MDV,2017,1
Maldives,MDV,2018,1
Maldives,MDV,2019,0
Maldives,MDV,2020,15
Maldives,MDV,2021,0
Maldives,MDV,2022,0
Maldives,MDV,2023,5
Mali,MLI,1974,40476
Mali,MLI,1975,34481
Mali,MLI,1976,39673
Mali,MLI,1977,25624
Mali,MLI,1978,18049
Mali,MLI,1979,12782
Mali,MLI,1980,10007
Mali,MLI,1981,8413
Mali,MLI,1982,16432
Mali,MLI,1983,8759
Mali,MLI,1984,4494
Mali,MLI,1985,29732
Mali,MLI,1986,4669
Mali,MLI,1987,4352
Mali,MLI,1988,4478
Mali,MLI,1989,3605
Mali,MLI,1990,1388
Mali,MLI,1991,13473
Mali,MLI,1992,7830
Mali,MLI,1993,10595
Mali,MLI,1994,3420
Mali,MLI,1995,3306
Mali,MLI,1996,10995
Mali,MLI,1997,3531
Mali,MLI,1998,10240
Mali,MLI,1999,2506
Mali,MLI,2000,1578
Mali,MLI,2001,4464
Mali,MLI,2002,717
Mali,MLI,2003,232
Mali,MLI,2004,172
Mali,MLI,2005,33
Mali,MLI,2006,128
Mali,MLI,2007,2
Mali,MLI,2008,98
Mali,MLI,2009,2939
Mali,MLI,2010,1719
Mali,MLI,2011,24
Mali,MLI,2012,341
Mali,MLI,2013,221
Mali,MLI,2014,290
Mali,MLI,2015,215
Mali,MLI,2016,107
Mali,MLI,2017,26
Mali,MLI,2018,499
Mali,MLI,2019,454
Mali,MLI,2020,498
Mali,MLI,2021,2074
Mali,MLI,2022,765
Mali,MLI,2023,364
Malta,MLT,1974,784
Malta,MLT,1975,23
Malta,MLT,1976,38
Malta,MLT,1977,472
Malta,MLT,1978,3348
Malta,MLT,1979,30
Malta,MLT,1980,14
Malta,MLT,1981,121
Malta,MLT,1982,1530
Malta,MLT,1983,620
Malta,MLT,1984,58
Malta,MLT,1985,175
Malta,MLT,1986,1844
Malta,MLT,1987,46
Malta,MLT,1988,17
Malta,MLT,1989,17
Malta,MLT,1990,6
Malta,MLT,1991,8
Malta,MLT,1992,43
Malta,MLT,1993,3
Malta,MLT,1994,8
Malta,MLT,1995,27
Malta,MLT,1996,16
Malta,MLT,1997,5
Malta,MLT,1998,3
Malta,MLT,1999,1
Malta,MLT,2000,2
Malta,MLT,2001,2
Malta,MLT,2002,7
Malta,MLT,2003,4
Malta,MLT,2004,4
Malta,MLT,2005,6
Malta,MLT,2006,1
Malta,MLT,2007,2
Malta,MLT,2008,1
Malta,MLT,2009,1
Malta,MLT,2010,0
Malta,MLT,2011,3
Malta,MLT,2014,0
Malta,MLT,2015,2
Malta,MLT,2016,0
Malta,MLT,2017,0
Malta,MLT,2018,6
Malta,MLT,2019,30
Malta,MLT,2020,2
Malta,MLT,2021,1
Malta,MLT,2022,0
Malta,MLT,2023,0
Marshall Islands,MHL,1974,0
Marshall Islands,MHL,1975,0
Marshall Islands,MHL,1976,0
Marshall Islands,MHL,1977,0
Marshall Islands,MHL,1978,0
Marshall Islands,MHL,1979,0
Marshall Islands,MHL,1980,0
Marshall Islands,MHL,1981,0
Marshall Islands,MHL,1982,0
Marshall Islands,MHL,1983,0
Marshall Islands,MHL,1984,0
Marshall Islands,MHL,1985,4
Marshall Islands,MHL,1986,1
Marshall Islands,MHL,1987,0
Marshall Islands,MHL,1989,13
Marshall Islands,MHL,1990,14
Marshall Islands,MHL,1991,19
Marshall Islands,MHL,1992,10
Marshall Islands,MHL,1993,9
Marshall Islands,MHL,1994,0
Marshall Islands,MHL,1996,0
Marshall Islands,MHL,1997,0
Marshall Islands,MHL,1998,0
Marshall Islands,MHL,1999,0
Marshall Islands,MHL,2000,0
Marshall Islands,MHL,2001,0
Marshall Islands,MHL,2002,0
Marshall Islands,MHL,2003,1127
Marshall Islands,MHL,2004,0
Marshall Islands,MHL,2005,0
Marshall Islands,MHL,2006,0
Marshall Islands,MHL,2007,0
Marshall Islands,MHL,2009,0
Marshall Islands,MHL,2010,0
Marshall Islands,MHL,2011,0
Marshall Islands,MHL,2012,0
Marshall Islands,MHL,2021,0
Marshall Islands,MHL,2023,0
Mauritania,MRT,1974,9961
Mauritania,MRT,1975,9501
Mauritania,MRT,1976,10373
Mauritania,MRT,1977,6701
Mauritania,MRT,1978,6761
Mauritania,MRT,1979,9382
Mauritania,MRT,1980,11441
Mauritania,MRT,1981,8658
Mauritania,MRT,1982,6743
Mauritania,MRT,1983,15710
Mauritania,MRT,1984,11203
Mauritania,MRT,1985,15123
Mauritania,MRT,1986,5318
Mauritania,MRT,1987,2323
Mauritania,MRT,1988,434
Mauritania,MRT,1989,5032
Mauritania,MRT,1990,1379
Mauritania,MRT,1991,4601
Mauritania,MRT,1992,4990
Mauritania,MRT,1993,5754
Mauritania,MRT,1994,2668
Mauritania,MRT,1995,195
Mauritania,MRT,1997,499
Mauritania,MRT,1998,1303
Mauritania,MRT,1999,5263
Mauritania,MRT,2001,1398
Mauritania,MRT,2002,883
Mauritania,MRT,2003,3611
Mauritania,MRT,2004,5039
Mauritania,MRT,2005,127
Mauritania,MRT,2006,22
Mauritania,MRT,2007,11
Mauritania,MRT,2008,4
Mauritania,MRT,2009,322
Mauritania,MRT,2010,1292
Mauritania,MRT,2011,234
Mauritania,MRT,2012,35
Mauritania,MRT,2013,62
Mauritania,MRT,2014,14
Mauritania,MRT,2015,1
Mauritania,MRT,2016,13
Mauritania,MRT,2017,63
Mauritania,MRT,2018,77
Mauritania,MRT,2019,196
Mauritania,MRT,2020,0
Mauritania,MRT,2021,249
Mauritania,MRT,2022,96
Mauritania,MRT,2023,339
Mauritius,MUS,1980,35
Mauritius,MUS,1981,0
Mauritius,MUS,1982,4
Mauritius,MUS,1983,0
Mauritius,MUS,1984,6
Mauritius,MUS,1985,2
Mauritius,MUS,1986,5
Mauritius,MUS,1987,0
Mauritius,MUS,1988,2
Mauritius,MUS,1989,0
Mauritius,MUS,1990,1
Mauritius,MUS,1991,0
Mauritius,MUS,1992,7
Mauritius,MUS,1993,88
Mauritius,MUS,1994,10
Mauritius,MUS,1995,6
Mauritius,MUS,1996,0
Mauritius,MUS,1997,0
Mauritius,MUS,1999,0
Mauritius,MUS,2000,0
Mauritius,MUS,2001,0
Mauritius,MUS,2003,777
Mauritius,MUS,2004,28
Mauritius,MUS,2005,7
Mauritius,MUS,2006,3
Mauritius,MUS,2007,13
Mauritius,MUS,2008,12
Mauritius,MUS,2009,15
Mauritius,MUS,2010,12
Mauritius,MUS,2011,2
Mauritius,MUS,2012,0
Mauritius,MUS,2013,0
Mauritius,MUS,2014,0
Mauritius,MUS,2016,0
Mauritius,MUS,2017,0
Mauritius,MUS,2019,98
Mauritius,MUS,2021,0
Mauritius,MUS,2022,0
Mauritius,MUS,2023,0
Mexico,MEX,1974,2325
Mexico,MEX,1975,1530
Mexico,MEX,1976,23722
Mexico,MEX,1977,24035
Mexico,MEX,1978,3078
Mexico,MEX,1979,10691
Mexico,MEX,1980,29730
Mexico,MEX,1981,11136
Mexico,MEX,1982,6364
Mexico,MEX,1983,3368
Mexico,MEX,1984,5158
Mexico,MEX,1985,23826
Mexico,MEX,1986,9824
Mexico,MEX,1987,2776
Mexico,MEX,1988,3915
Mexico,MEX,1989,20381
Mexico,MEX,1990,68782
Mexico,MEX,1991,5077
Mexico,MEX,1992,533
Mexico,MEX,1993,172
Mexico,MEX,1994,128
Mexico,MEX,1995,244
Mexico,MEX,1996,2
Mexico,MEX,1997,0
Mexico,MEX,1998,0
Mexico,MEX,1999,0
Mexico,MEX,2000,30
Mexico,MEX,2001,3
Mexico,MEX,2002,0
Mexico,MEX,2003,44
Mexico,MEX,2004,64
Mexico,MEX,2005,6
Mexico,MEX,2006,23
Mexico,MEX,2007,0
Mexico,MEX,2008,0
Mexico,MEX,2009,0
Mexico,MEX,2010,0
Mexico,MEX,2011,3
Mexico,MEX,2012,0
Mexico,MEX,2013,0
Mexico,MEX,2014,3
Mexico,MEX,2015,0
Mexico,MEX,2016,0
Mexico,MEX,2017,0
Mexico,MEX,2018,5
Mexico,MEX,2019,0
Mexico,MEX,2020,196
Mexico,MEX,2021,0
Mexico,MEX,2022,0
Mexico,MEX,2023,0
Micronesia (country),FSM,1987,1
Micronesia (country),FSM,1988,0
Micronesia (country),FSM,1989,0
Micronesia (country),FSM,1990,1
Micronesia (country),FSM,1991,0
Micronesia (country),FSM,1992,41
Micronesia (country),FSM,1993,0
Micronesia (country),FSM,1994,930
Micronesia (country),FSM,1995,0
Micronesia (country),FSM,1997,0
Micronesia (country),FSM,1998,0
Micronesia (country),FSM,1999,0
Micronesia (country),FSM,2000,0
Micronesia (country),FSM,2001,0
Micronesia (country),FSM,2003,0
Micronesia (country),FSM,2004,0
Micronesia (country),FSM,2005,0
Micronesia (country),FSM,2006,0
Micronesia (country),FSM,2007,0
Micronesia (country),FSM,2009,0
Micronesia (country),FSM,2011,0
Micronesia (country),FSM,2012,0
Micronesia (country),FSM,2013,0
Micronesia (country),FSM,2014,140
Micronesia (country),FSM,2015,0
Micronesia (country),FSM,2016,0
Micronesia (country),FSM,2017,0
Micronesia (country),FSM,2018,0
Micronesia (country),FSM,2019,0
Micronesia (country),FSM,2022,1
Micronesia (country),FSM,2023,1
Moldova,MDA,1990,3242
Moldova,MDA,1991,621
Moldova,MDA,1992,322
Moldova,MDA,1993,866
Moldova,MDA,1994,3951
Moldova,MDA,1995,1174
Moldova,MDA,1996,344
Moldova,MDA,1997,364
Moldova,MDA,1998,673
Moldova,MDA,1999,245
Moldova,MDA,2000,687
Moldova,MDA,2001,457
Moldova,MDA,2002,4929
Moldova,MDA,2003,87
Moldova,MDA,2004,4
Moldova,MDA,2005,6
Moldova,MDA,2006,34
Moldova,MDA,2007,10
Moldova,MDA,2008,0
Moldova,MDA,2009,0
Moldova,MDA,2010,0
Moldova,MDA,2011,0
Moldova,MDA,2012,11
Moldova,MDA,2013,27
Moldova,MDA,2014,2
Moldova,MDA,2015,0
Moldova,MDA,2016,0
Moldova,MDA,2017,0
Moldova,MDA,2018,340
Moldova,MDA,2019,90
Moldova,MDA,2021,0
Moldova,MDA,2023,3
Monaco,MCO,1981,12
Monaco,MCO,1982,0
Monaco,MCO,1983,0
Monaco,MCO,1984,0
Monaco,MCO,1985,0
Monaco,MCO,1986,0
Monaco,MCO,1987,0
Monaco,MCO,1988,0
Monaco,MCO,1989,0
Monaco,MCO,1990,0
Monaco,MCO,1992,160
Monaco,MCO,1998,0
Monaco,MCO,2003,0
Monaco,MCO,2012,5
Monaco,MCO,2017,1
Monaco,MCO,2018,0
Monaco,MCO,2019,1
Monaco,MCO,2021,0
Monaco,MCO,2023,0
Mongolia,MNG,1976,16807
Mongolia,MNG,1977,3045
Mongolia,MNG,1978,138
Mongolia,MNG,1979,355
Mongolia,MNG,1980,5338
Mongolia,MNG,1981,695
Mongolia,MNG,1982,209
Mongolia,MNG,1983,1935
Mongolia,MNG,1984,29738
Mongolia,MNG,1985,525
Mongolia,MNG,1986,133
Mongolia,MNG,1987,378
Mongolia,MNG,1988,3044
Mongolia,MNG,1989,2176
Mongolia,MNG,1990,296
Mongolia,MNG,1991,656
Mongolia,MNG,1992,1069
Mongolia,MNG,1993,71
Mongolia,MNG,1994,177
Mongolia,MNG,1995,555
Mongolia,MNG,1996,128
Mongolia,MNG,1997,4
Mongolia,MNG,1998,8
Mongolia,MNG,1999,10
Mongolia,MNG,2000,925
Mongolia,MNG,2001,10677
Mongolia,MNG,2002,1205
Mongolia,MNG,2003,18
Mongolia,MNG,2004,0
Mongolia,MNG,2005,0
Mongolia,MNG,2006,26
Mongolia,MNG,2007,12
Mongolia,MNG,2008,31
Mongolia,MNG,2009,8
Mongolia,MNG,2010,7
Mongolia,MNG,2011,0
Mongolia,MNG,2012,0
Mongolia,MNG,2013,0
Mongolia,MNG,2014,0
Mongolia,MNG,2015,20359
Mongolia,MNG,2016,30273
Mongolia,MNG,2017,9
Mongolia,MNG,2018,1
Mongolia,MNG,2019,2
Mongolia,MNG,2020,0
Mongolia,MNG,2022,46
Mongolia,MNG,2023,0
Montenegro,MNE,2006,0
Montenegro,MNE,2007,0
Montenegro,MNE,2008,0
Montenegro,MNE,2009,0
Montenegro,MNE,2010,5
Montenegro,MNE,2011,5
Montenegro,MNE,2012,0
Montenegro,MNE,2013,0
Montenegro,MNE,2016,0
Montenegro,MNE,2017,0
Montenegro,MNE,2018,200
Montenegro,MNE,2019,0
Montenegro,MNE,2021,0
Montenegro,MNE,2022,0
Montenegro,MNE,2023,0
Montserrat,MSR,1974,144
Montserrat,MSR,1978,3
Montserrat,MSR,1979,3
Montserrat,MSR,1980,3
Montserrat,MSR,1981,5
Montserrat,MSR,1982,0
Montserrat,MSR,1983,0
Montserrat,MSR,1984,0
Montserrat,MSR,1985,0
Montserrat,MSR,1986,0
Montserrat,MSR,1987,0
Montserrat,MSR,1988,1
Montserrat,MSR,1989,1
Montserrat,MSR,1990,0
Montserrat,MSR,1991,0
Montserrat,MSR,1992,0
Montserrat,MSR,1993,0
Montserrat,MSR,1994,0
Montserrat,MSR,1995,0
Montserrat,MSR,1996,0
Montserrat,MSR,1997,0
Montserrat,MSR,1998,0
Montserrat,MSR,1999,0
Montserrat,MSR,2001,0
Montserrat,MSR,2002,0
Montserrat,MSR,2017,0
Montserrat,MSR,2018,0
Montserrat,MSR,2019,0
Montserrat,MSR,2021,0
Montserrat,MSR,2022,0
Montserrat,MSR,2023,0
Morocco,MAR,1974,123366
Morocco,MAR,1975,143988
Morocco,MAR,1976,87011
Morocco,MAR,1977,156598
Morocco,MAR,1978,94094
Morocco,MAR,1979,113486
Morocco,MAR,1980,86919
Morocco,MAR,1981,109486
Morocco,MAR,1982,53160
Morocco,MAR,1983,80806
Morocco,MAR,1984,11484
Morocco,MAR,1985,4216
Morocco,MAR,1986,15333
Morocco,MAR,1987,26621
Morocco,MAR,1988,2306
Morocco,MAR,1989,1689
Morocco,MAR,1990,1577
Morocco,MAR,1991,2125
Morocco,MAR,1992,6008
Morocco,MAR,1993,8431
Morocco,MAR,1994,3512
Morocco,MAR,1995,2380
Morocco,MAR,1996,1324
Morocco,MAR,1997,2512
Morocco,MAR,1998,7863
Morocco,MAR,1999,10853
Morocco,MAR,2000,7368
Morocco,MAR,2001,2724
Morocco,MAR,2002,6000
Morocco,MAR,2003,10841
Morocco,MAR,2004,6399
Morocco,MAR,2006,1217
Morocco,MAR,2007,2248
Morocco,MAR,2008,1455
Morocco,MAR,2009,834
Morocco,MAR,2010,633
Morocco,MAR,2011,982
Morocco,MAR,2012,668
Morocco,MAR,2013,92
Morocco,MAR,2014,10
Morocco,MAR,2015,17
Morocco,MAR,2018,483
Mozambique,MOZ,1974,445
Mozambique,MOZ,1975,10414
Mozambique,MOZ,1976,8711
Mozambique,MOZ,1977,10220
Mozambique,MOZ,1978,7457
Mozambique,MOZ,1979,13519
Mozambique,MOZ,1980,30070
Mozambique,MOZ,1981,16358
Mozambique,MOZ,1982,11909
Mozambique,MOZ,1983,11734
Mozambique,MOZ,1984,12508
Mozambique,MOZ,1985,16507
Mozambique,MOZ,1986,16109
Mozambique,MOZ,1987,12749
Mozambique,MOZ,1988,12142
Mozambique,MOZ,1989,22832
Mozambique,MOZ,1990,18082
Mozambique,MOZ,1991,5059
Mozambique,MOZ,1992,3092
Mozambique,MOZ,1993,5799
Mozambique,MOZ,1994,9618
Mozambique,MOZ,1995,4166
Mozambique,MOZ,1996,9251
Mozambique,MOZ,1997,15324
Mozambique,MOZ,1998,15693
Mozambique,MOZ,1999,3936
Mozambique,MOZ,2000,7375
Mozambique,MOZ,2001,7085
Mozambique,MOZ,2002,7155
Mozambique,MOZ,2003,28898
Mozambique,MOZ,2004,9396
Mozambique,MOZ,2005,12598
Mozambique,MOZ,2006,183
Mozambique,MOZ,2007,267
Mozambique,MOZ,2008,4
Mozambique,MOZ,2009,60
Mozambique,MOZ,2010,2321
Mozambique,MOZ,2011,177
Mozambique,MOZ,2012,145
Mozambique,MOZ,2013,8
Mozambique,MOZ,2014,9
Mozambique,MOZ,2015,79
Mozambique,MOZ,2017,122
Mozambique,MOZ,2018,16
Mozambique,MOZ,2019,63
Mozambique,MOZ,2020,426
Mozambique,MOZ,2021,619
Mozambique,MOZ,2022,1047
Mozambique,MOZ,2023,656
Myanmar,MMR,1974,2350
Myanmar,MMR,1975,4326
Myanmar,MMR,1976,7674
Myanmar,MMR,1977,6190
Myanmar,MMR,1978,5867
Myanmar,MMR,1979,17090
Myanmar,MMR,1980,21457
Myanmar,MMR,1981,26821
Myanmar,MMR,1982,25102
Myanmar,MMR,1983,18919
Myanmar,MMR,1984,16580
Myanmar,MMR,1985,16386
Myanmar,MMR,1986,3830
Myanmar,MMR,1987,5540
Myanmar,MMR,1988,4323
Myanmar,MMR,1989,3883
Myanmar,MMR,1990,7900
Myanmar,MMR,1991,4437
Myanmar,MMR,1992,1794
Myanmar,MMR,1993,2682
Myanmar,MMR,1994,1855
Myanmar,MMR,1995,1170
Myanmar,MMR,1996,1684
Myanmar,MMR,1997,1035
Myanmar,MMR,1998,1465
Myanmar,MMR,1999,791
Myanmar,MMR,2000,845
Myanmar,MMR,2001,2519
Myanmar,MMR,2002,736
Myanmar,MMR,2003,830
Myanmar,MMR,2004,1329
Myanmar,MMR,2005,314
Myanmar,MMR,2006,760
Myanmar,MMR,2007,1088
Myanmar,MMR,2008,333
Myanmar,MMR,2009,329
Myanmar,MMR,2010,190
Myanmar,MMR,2011,2046
Myanmar,MMR,2012,2175
Myanmar,MMR,2013,1010
Myanmar,MMR,2014,122
Myanmar,MMR,2015,6
Myanmar,MMR,2016,266
Myanmar,MMR,2017,1293
Myanmar,MMR,2018,1389
Myanmar,MMR,2019,5252
Myanmar,MMR,2020,444
Myanmar,MMR,2021,8
Myanmar,MMR,2022,10
Myanmar,MMR,2023,15
Namibia,NAM,1987,16874
Namibia,NAM,1988,4482
Namibia,NAM,1992,6874
Namibia,NAM,1993,1328
Namibia,NAM,1994,133
Namibia,NAM,1995,1723
Namibia,NAM,1996,4901
Namibia,NAM,1997,5359
Namibia,NAM,1998,495
Namibia,NAM,1999,296
Namibia,NAM,2000,469
Namibia,NAM,2001,416
Namibia,NAM,2002,1278
Namibia,NAM,2003,262
Namibia,NAM,2004,4
Namibia,NAM,2005,4
Namibia,NAM,2006,3
Namibia,NAM,2007,21
Namibia,NAM,2008,0
Namibia,NAM,2009,4076
Namibia,NAM,2010,3138
Namibia,NAM,2011,79
Namibia,NAM,2012,86
Namibia,NAM,2013,1028
Namibia,NAM,2014,477
Namibia,NAM,2015,212
Namibia,NAM,2016,40
Namibia,NAM,2017,16
Namibia,NAM,2018,9
Namibia,NAM,2019,12
Namibia,NAM,2020,5
Namibia,NAM,2021,4
Namibia,NAM,2022,31
Namibia,NAM,2023,42
Nauru,NRU,1977,80
Nauru,NRU,1978,33
Nauru,NRU,1979,0
Nauru,NRU,1980,10
Nauru,NRU,1981,0
Nauru,NRU,1982,1
Nauru,NRU,1986,1
Nauru,NRU,1987,0
Nauru,NRU,1989,0
Nauru,NRU,1990,300
Nauru,NRU,1995,0
Nauru,NRU,1997,58
Nauru,NRU,1999,1
Nauru,NRU,2000,0
Nauru,NRU,2001,0
Nauru,NRU,2002,0
Nauru,NRU,2004,0
Nauru,NRU,2005,0
Nauru,NRU,2006,0
Nauru,NRU,2007,0
Nauru,NRU,2008,0
Nauru,NRU,2009,0
Nauru,NRU,2011,0
Nauru,NRU,2012,11
Nauru,NRU,2016,0
Nauru,NRU,2019,0
Nepal,NPL,1976,225
Nepal,NPL,1977,307
Nepal,NPL,1978,854
Nepal,NPL,1979,1025
Nepal,NPL,1980,561
Nepal,NPL,1981,254
Nepal,NPL,1982,1268
Nepal,NPL,1983,1117
Nepal,NPL,1984,2042
Nepal,NPL,1985,952
Nepal,NPL,1986,68
Nepal,NPL,1987,190
Nepal,NPL,1988,193
Nepal,NPL,1989,171
Nepal,NPL,1990,182
Nepal,NPL,1991,93
Nepal,NPL,1992,136
Nepal,NPL,1993,59
Nepal,NPL,1994,1401
Nepal,NPL,1995,4810
Nepal,NPL,1996,7213
Nepal,NPL,1997,12677
Nepal,NPL,1998,5771
Nepal,NPL,2000,9397
Nepal,NPL,2001,10849
Nepal,NPL,2002,6749
Nepal,NPL,2003,13344
Nepal,NPL,2004,12074
Nepal,NPL,2005,5023
Nepal,NPL,2006,2838
Nepal,NPL,2007,1415
Nepal,NPL,2008,2089
Nepal,NPL,2009,189
Nepal,NPL,2010,190
Nepal,NPL,2011,2359
Nepal,NPL,2012,3362
Nepal,NPL,2013,1861
Nepal,NPL,2014,1279
Nepal,NPL,2015,1599
Nepal,NPL,2016,1269
Nepal,NPL,2017,99
Nepal,NPL,2018,260
Nepal,NPL,2019,430
Nepal,NPL,2020,388
Nepal,NPL,2021,143
Nepal,NPL,2022,130
Nepal,NPL,2023,963
Netherlands,NLD,1976,2512
Netherlands,NLD,1977,1812
Netherlands,NLD,1978,133
Netherlands,NLD,1979,56
Netherlands,NLD,1980,178
Netherlands,NLD,1981,77
Netherlands,NLD,1982,95
Netherlands,NLD,1983,480
Netherlands,NLD,1984,82
Netherlands,NLD,1985,24
Netherlands,NLD,1986,90
Netherlands,NLD,1987,227
Netherlands,NLD,1988,1519
Netherlands,NLD,1989,124
Netherlands,NLD,1990,16
Netherlands,NLD,1991,59
Netherlands,NLD,1992,472
Netherlands,NLD,1993,468
Netherlands,NLD,1994,302
Netherlands,NLD,1995,184
Netherlands,NLD,1996,57
Netherlands,NLD,1997,21
Netherlands,NLD,1998,9
Netherlands,NLD,1999,2368
Netherlands,NLD,2000,1019
Netherlands,NLD,2002,3
Netherlands,NLD,2003,4
Netherlands,NLD,2004,11
Netherlands,NLD,2005,4
Netherlands,NLD,2006,1
Netherlands,NLD,2007,10
Netherlands,NLD,2008,109
Netherlands,NLD,2009,15
Netherlands,NLD,2010,15
Netherlands,NLD,2011,51
Netherlands,NLD,2012,10
Netherlands,NLD,2013,2632
Netherlands,NLD,2014,140
Netherlands,NLD,2015,7
Netherlands,NLD,2016,6
Netherlands,NLD,2017,16
Netherlands,NLD,2018,24
Netherlands,NLD,2019,84
Netherlands,NLD,2020,2
Netherlands,NLD,2021,0
Netherlands,NLD,2022,6
Netherlands,NLD,2023,7
New Caledonia,NCL,1974,947
New Caledonia,NCL,1975,222
New Caledonia,NCL,1976,664
New Caledonia,NCL,1977,982
New Caledonia,NCL,1978,265
New Caledonia,NCL,1979,794
New Caledonia,NCL,1980,800
New Caledonia,NCL,1981,77
New Caledonia,NCL,1982,1448
New Caledonia,NCL,1983,18
New Caledonia,NCL,1984,79
New Caledonia,NCL,1985,77
New Caledonia,NCL,1986,950
New Caledonia,NCL,1987,1221
New Caledonia,NCL,1988,9
New Caledonia,NCL,1989,8
New Caledonia,NCL,1990,18
New Caledonia,NCL,1991,5
New Caledonia,NCL,1992,3
New Caledonia,NCL,1993,6
New Caledonia,NCL,1994,6
New Caledonia,NCL,1995,2
New Caledonia,NCL,1997,0
New Caledonia,NCL,2000,0
New Caledonia,NCL,2001,0
New Caledonia,NCL,2003,0
New Caledonia,NCL,2005,0
New Caledonia,NCL,2007,0
New Caledonia,NCL,2008,0
New Caledonia,NCL,2009,0
New Caledonia,NCL,2010,0
New Caledonia,NCL,2011,0
New Caledonia,NCL,2012,0
New Caledonia,NCL,2013,0
New Caledonia,NCL,2017,1
New Caledonia,NCL,2018,0
New Caledonia,NCL,2022,0
New Caledonia,NCL,2023,0
New Zealand,NZL,1976,0
New Zealand,NZL,1977,0
New Zealand,NZL,1989,0
New Zealand,NZL,1991,9239
New Zealand,NZL,1993,69
New Zealand,NZL,1994,33
New Zealand,NZL,1997,2041
New Zealand,NZL,1998,164
New Zealand,NZL,1999,106
New Zealand,NZL,2000,65
New Zealand,NZL,2001,65
New Zealand,NZL,2002,21
New Zealand,NZL,2003,66
New Zealand,NZL,2004,33
New Zealand,NZL,2005,20
New Zealand,NZL,2006,20
New Zealand,NZL,2007,25
New Zealand,NZL,2009,198
New Zealand,NZL,2010,43
New Zealand,NZL,2011,597
New Zealand,NZL,2012,68
New Zealand,NZL,2013,8
New Zealand,NZL,2014,280
New Zealand,NZL,2015,10
New Zealand,NZL,2016,103
New Zealand,NZL,2017,15
New Zealand,NZL,2018,30
New Zealand,NZL,2019,2189
New Zealand,NZL,2020,7
New Zealand,NZL,2021,0
New Zealand,NZL,2022,0
Nicaragua,NIC,1974,841
Nicaragua,NIC,1975,1934
Nicaragua,NIC,1976,1368
Nicaragua,NIC,1977,901
Nicaragua,NIC,1978,161
Nicaragua,NIC,1979,1270
Nicaragua,NIC,1980,3784
Nicaragua,NIC,1981,224
Nicaragua,NIC,1982,226
Nicaragua,NIC,1983,112
Nicaragua,NIC,1984,153
Nicaragua,NIC,1985,956
Nicaragua,NIC,1986,2550
Nicaragua,NIC,1987,792
Nicaragua,NIC,1988,314
Nicaragua,NIC,1989,0
Nicaragua,NIC,1990,0
Nicaragua,NIC,1991,0
Nicaragua,NIC,1992,2332
Nicaragua,NIC,1993,339
Nicaragua,NIC,1994,3
Nicaragua,NIC,1995,5
Nicaragua,NIC,1996,0
Nicaragua,NIC,1997,0
Nicaragua,NIC,1998,0
Nicaragua,NIC,1999,0
Nicaragua,NIC,2000,0
Nicaragua,NIC,2001,0
Nicaragua,NIC,2002,0
Nicaragua,NIC,2003,0
Nicaragua,NIC,2004,0
Nicaragua,NIC,2005,0
Nicaragua,NIC,2006,0
Nicaragua,NIC,2007,0
Nicaragua,NIC,2008,0
Nicaragua,NIC,2009,0
Nicaragua,NIC,2010,0
Nicaragua,NIC,2011,0
Nicaragua,NIC,2012,0
Nicaragua,NIC,2013,0
Nicaragua,NIC,2014,0
Nicaragua,NIC,2015,0
Nicaragua,NIC,2016,0
Nicaragua,NIC,2017,0
Nicaragua,NIC,2018,0
Nicaragua,NIC,2019,0
Nicaragua,NIC,2020,0
Nicaragua,NIC,2021,0
Nicaragua,NIC,2022,0
Nicaragua,NIC,2023,0
Niger,NER,1974,32646
Niger,NER,1975,17018
Niger,NER,1976,23523
Niger,NER,1977,18175
Niger,NER,1978,35302
Niger,NER,1979,44294
Niger,NER,1980,36811
Niger,NER,1981,36139
Niger,NER,1982,39815
Niger,NER,1983,30288
Niger,NER,1984,42199
Niger,NER,1985,64689
Niger,NER,1986,17626
Niger,NER,1987,14290
Niger,NER,1988,16864
Niger,NER,1989,22932
Niger,NER,1990,20463
Niger,NER,1991,90071
Niger,NER,1992,31341
Niger,NER,1993,36557
Niger,NER,1994,48685
Niger,NER,1995,67986
Niger,NER,1996,68921
Niger,NER,1997,32649
Niger,NER,1998,11404
Niger,NER,1999,36156
Niger,NER,2000,21319
Niger,NER,2001,61208
Niger,NER,2002,31584
Niger,NER,2003,54190
Niger,NER,2004,63057
Niger,NER,2005,2183
Niger,NER,2006,59
Niger,NER,2007,282
Niger,NER,2008,1317
Niger,NER,2009,801
Niger,NER,2010,372
Niger,NER,2011,771
Niger,NER,2012,272
Niger,NER,2013,1224
Niger,NER,2014,1142
Niger,NER,2015,7693
Niger,NER,2016,776
Niger,NER,2017,1171
Niger,NER,2018,5034
Niger,NER,2019,10321
Niger,NER,2020,2754
Niger,NER,2021,9271
Niger,NER,2022,12898
Niger,NER,2023,1708
Nigeria,NGA,1974,115634
Nigeria,NGA,1975,134976
Nigeria,NGA,1976,153560
Nigeria,NGA,1977,282897
Nigeria,NGA,1978,188727
Nigeria,NGA,1979,176468
Nigeria,NGA,1980,162106
Nigeria,NGA,1981,129671
Nigeria,NGA,1982,139785
Nigeria,NGA,1983,136778
Nigeria,NGA,1984,182591
Nigeria,NGA,1985,161768
Nigeria,NGA,1986,115743
Nigeria,NGA,1987,77566
Nigeria,NGA,1988,75908
Nigeria,NGA,1989,33678
Nigeria,NGA,1990,115682
Nigeria,NGA,1991,44026
Nigeria,NGA,1992,85965
Nigeria,NGA,1993,54734
Nigeria,NGA,1994,106081
Nigeria,NGA,1995,12393
Nigeria,NGA,1996,88675
Nigeria,NGA,1997,21385
Nigeria,NGA,1998,143098
Nigeria,NGA,1999,217151
Nigeria,NGA,2000,212183
Nigeria,NGA,2001,168107
Nigeria,NGA,2002,42007
Nigeria,NGA,2003,141258
Nigeria,NGA,2004,31521
Nigeria,NGA,2005,110927
Nigeria,NGA,2006,704
Nigeria,NGA,2007,2613
Nigeria,NGA,2008,9960
Nigeria,NGA,2009,1272
Nigeria,NGA,2010,8491
Nigeria,NGA,2011,18843
Nigeria,NGA,2012,6447
Nigeria,NGA,2013,52852
Nigeria,NGA,2014,6855
Nigeria,NGA,2015,12423
Nigeria,NGA,2016,17136
Nigeria,NGA,2017,11190
Nigeria,NGA,2018,7063
Nigeria,NGA,2019,28094
Nigeria,NGA,2020,8877
Nigeria,NGA,2021,10649
Nigeria,NGA,2022,23983
Nigeria,NGA,2023,20143
Niue,NIU,1975,4
Niue,NIU,1976,0
Niue,NIU,1977,1
Niue,NIU,1978,0
Niue,NIU,1979,2
Niue,NIU,1980,22
Niue,NIU,1981,2
Niue,NIU,1982,0
Niue,NIU,1983,0
Niue,NIU,1984,0
Niue,NIU,1985,21
Niue,NIU,1986,7
Niue,NIU,1987,0
Niue,NIU,1988,1
Niue,NIU,1989,1
Niue,NIU,1991,121
Niue,NIU,1992,0
Niue,NIU,1993,0
Niue,NIU,1994,2
Niue,NIU,1995,0
Niue,NIU,1996,0
Niue,NIU,1997,0
Niue,NIU,1998,0
Niue,NIU,1999,0
Niue,NIU,2000,0
Niue,NIU,2001,0
Niue,NIU,2002,0
Niue,NIU,2003,0
Niue,NIU,2004,0
Niue,NIU,2005,0
Niue,NIU,2007,0
Niue,NIU,2008,0
Niue,NIU,2009,0
Niue,NIU,2010,0
Niue,NIU,2011,0
Niue,NIU,2012,0
Niue,NIU,2013,0
Niue,NIU,2019,0
Niue,NIU,2022,0
North Korea,PRK,1974,0
North Korea,PRK,1975,0
North Korea,PRK,1976,0
North Korea,PRK,1977,0
North Korea,PRK,1978,0
North Korea,PRK,1979,0
North Korea,PRK,1980,0
North Korea,PRK,1981,0
North Korea,PRK,1982,0
North Korea,PRK,1983,0
North Korea,PRK,1984,0
North Korea,PRK,1985,0
North Korea,PRK,1986,0
North Korea,PRK,1987,0
North Korea,PRK,1988,0
North Korea,PRK,1989,0
North Korea,PRK,1990,0
North Korea,PRK,1991,0
North Korea,PRK,1992,0
North Korea,PRK,1993,0
North Korea,PRK,1994,0
North Korea,PRK,1995,0
North Korea,PRK,1996,0
North Korea,PRK,1997,0
North Korea,PRK,1998,0
North Korea,PRK,1999,0
North Korea,PRK,2001,0
North Korea,PRK,2002,0
North Korea,PRK,2003,0
North Korea,PRK,2004,0
North Korea,PRK,2005,0
North Korea,PRK,2006,0
North Korea,PRK,2007,3550
North Korea,PRK,2008,8
North Korea,PRK,2009,0
North Korea,PRK,2010,0
North Korea,PRK,2011,0
North Korea,PRK,2012,0
North Korea,PRK,2013,0
North Korea,PRK,2014,3
North Korea,PRK,2015,0
North Korea,PRK,2016,0
North Korea,PRK,2017,0
North Korea,PRK,2018,0
North Korea,PRK,2020,0
North Korea,PRK,2022,0
North Korea,PRK,2023,0
North Macedonia,MKD,1991,181
North Macedonia,MKD,1992,180
North Macedonia,MKD,1993,2495
North Macedonia,MKD,1994,229
North Macedonia,MKD,1995,217
North Macedonia,MKD,1996,1056
North Macedonia,MKD,1997,364
North Macedonia,MKD,1999,53
North Macedonia,MKD,2000,36
North Macedonia,MKD,2001,27
North Macedonia,MKD,2002,19
North Macedonia,MKD,2003,18
North Macedonia,MKD,2004,9
North Macedonia,MKD,2005,5
North Macedonia,MKD,2006,3
North Macedonia,MKD,2007,1
North Macedonia,MKD,2008,27
North Macedonia,MKD,2009,5
North Macedonia,MKD,2010,217
North Macedonia,MKD,2011,701
North Macedonia,MKD,2012,7
North Macedonia,MKD,2013,4
North Macedonia,MKD,2014,116
North Macedonia,MKD,2015,1
North Macedonia,MKD,2016,0
North Macedonia,MKD,2017,19
North Macedonia,MKD,2018,64
North Macedonia,MKD,2019,1337
North Macedonia,MKD,2020,0
North Macedonia,MKD,2021,1
North Macedonia,MKD,2022,0
North Macedonia,MKD,2023,1
Northern Mariana Islands,MNP,1987,0
Northern Mariana Islands,MNP,1988,0
Northern Mariana Islands,MNP,1989,1
Northern Mariana Islands,MNP,1990,35
Northern Mariana Islands,MNP,1992,7
Northern Mariana Islands,MNP,1993,116
Northern Mariana Islands,MNP,1994,29
Northern Mariana Islands,MNP,1995,0
Northern Mariana Islands,MNP,1997,1
Northern Mariana Islands,MNP,1999,0
Northern Mariana Islands,MNP,2000,0
Northern Mariana Islands,MNP,2003,0
Northern Mariana Islands,MNP,2004,0
Northern Mariana Islands,MNP,2005,0
Northern Mariana Islands,MNP,2007,0
Northern Mariana Islands,MNP,2008,0
Northern Mariana Islands,MNP,2009,0
Northern Mariana Islands,MNP,2010,0
Northern Mariana Islands,MNP,2011,0
Northern Mariana Islands,MNP,2018,0
Northern Mariana Islands,MNP,2019,0
Northern Mariana Islands,MNP,2023,0
Norway,NOR,1974,15570
Norway,NOR,1975,3636
Norway,NOR,1976,3204
Norway,NOR,1977,13407
Norway,NOR,1978,15942
Norway,NOR,1979,2724
Norway,NOR,1980,1322
Norway,NOR,1981,4586
Norway,NOR,1982,10974
Norway,NOR,1983,6181
Norway,NOR,1984,1775
Norway,NOR,1985,1312
Norway,NOR,1986,1219
Norway,NOR,1987,563
Norway,NOR,1988,133
Norway,NOR,1989,13
Norway,NOR,1990,95
Norway,NOR,1991,17
Norway,NOR,1992,73
Norway,NOR,1993,7
Norway,NOR,1994,6
Norway,NOR,1995,18
Norway,NOR,1996,23
Norway,NOR,1997,11
Norway,NOR,2000,0
Norway,NOR,2001,4
Norway,NOR,2002,5
Norway,NOR,2003,8
Norway,NOR,2004,7
Norway,NOR,2005,0
Norway,NOR,2006,0
Norway,NOR,2008,4
Norway,NOR,2009,2
Norway,NOR,2010,3
Norway,NOR,2011,39
Norway,NOR,2012,4
Norway,NOR,2013,8
Norway,NOR,2014,3
Norway,NOR,2015,14
Norway,NOR,2016,0
Norway,NOR,2017,1
Norway,NOR,2018,12
Norway,NOR,2019,18
Norway,NOR,2020,4
Norway,NOR,2021,0
Norway,NOR,2022,1
Norway,NOR,2023,2
Oman,OMN,1975,16679
Oman,OMN,1976,21187
Oman,OMN,1977,11689
Oman,OMN,1978,22221
Oman,OMN,1979,16706
Oman,OMN,1980,10630
Oman,OMN,1981,40679
Oman,OMN,1982,16645
Oman,OMN,1983,9151
Oman,OMN,1984,9652
Oman,OMN,1985,4161
Oman,OMN,1986,2001
Oman,OMN,1987,3804
Oman,OMN,1988,6052
Oman,OMN,1989,4255
Oman,OMN,1990,1262
Oman,OMN,1991,220
Oman,OMN,1992,1834
Oman,OMN,1993,3108
Oman,OMN,1994,181
Oman,OMN,1995,68
Oman,OMN,1996,46
Oman,OMN,1997,12
Oman,OMN,1998,5
Oman,OMN,1999,9
Oman,OMN,2000,15
Oman,OMN,2001,15
Oman,OMN,2002,5
Oman,OMN,2003,1
Oman,OMN,2004,18
Oman,OMN,2005,25
Oman,OMN,2006,13
Oman,OMN,2007,24
Oman,OMN,2008,18
Oman,OMN,2009,19
Oman,OMN,2010,3
Oman,OMN,2011,5
Oman,OMN,2012,13
Oman,OMN,2013,0
Oman,OMN,2015,0
Oman,OMN,2016,111
Oman,OMN,2017,9
Oman,OMN,2018,0
Oman,OMN,2019,0
Oman,OMN,2020,7
Oman,OMN,2021,0
Oman,OMN,2022,5
Oman,OMN,2023,25
Pakistan,PAK,1974,2353
Pakistan,PAK,1975,6892
Pakistan,PAK,1976,3069
Pakistan,PAK,1977,6571
Pakistan,PAK,1978,26163
Pakistan,PAK,1979,26263
Pakistan,PAK,1980,28573
Pakistan,PAK,1981,29010
Pakistan,PAK,1982,19890
Pakistan,PAK,1983,21004
Pakistan,PAK,1984,17322
Pakistan,PAK,1985,26686
Pakistan,PAK,1986,42304
Pakistan,PAK,1987,45996
Pakistan,PAK,1988,55543
Pakistan,PAK,1989,2349
Pakistan,PAK,1990,21785
Pakistan,PAK,1991,617
Pakistan,PAK,1992,2967
Pakistan,PAK,1993,1967
Pakistan,PAK,1994,1421
Pakistan,PAK,1995,1720
Pakistan,PAK,1996,1090
Pakistan,PAK,1997,1848
Pakistan,PAK,1998,2333
Pakistan,PAK,1999,2940
Pakistan,PAK,2000,2064
Pakistan,PAK,2001,3849
Pakistan,PAK,2002,3903
Pakistan,PAK,2003,4740
Pakistan,PAK,2004,4248
Pakistan,PAK,2005,2981
Pakistan,PAK,2006,7641
Pakistan,PAK,2007,2801
Pakistan,PAK,2008,1129
Pakistan,PAK,2009,863
Pakistan,PAK,2010,4321
Pakistan,PAK,2011,4386
Pakistan,PAK,2012,8046
Pakistan,PAK,2013,8749
Pakistan,PAK,2014,1370
Pakistan,PAK,2015,386
Pakistan,PAK,2016,2703
Pakistan,PAK,2017,9175
Pakistan,PAK,2018,33007
Pakistan,PAK,2019,2066
Pakistan,PAK,2020,2747
Pakistan,PAK,2021,10399
Pakistan,PAK,2022,8378
Pakistan,PAK,2023,17722
Palau,PLW,1974,0
Palau,PLW,1975,0
Palau,PLW,1976,0
Palau,PLW,1977,0
Palau,PLW,1978,0
Palau,PLW,1979,0
Palau,PLW,1980,0
Palau,PLW,1981,0
Palau,PLW,1982,0
Palau,PLW,1983,0
Palau,PLW,1984,0
Palau,PLW,1985,0
Palau,PLW,1986,0
Palau,PLW,1987,0
Palau,PLW,1988,0
Palau,PLW,1989,1
Palau,PLW,1990,0
Palau,PLW,1991,0
Palau,PLW,1992,0
Palau,PLW,1993,93
Palau,PLW,1994,0
Palau,PLW,1995,0
Palau,PLW,1996,0
Palau,PLW,1997,0
Palau,PLW,1998,1
Palau,PLW,1999,0
Palau,PLW,2000,0
Palau,PLW,2002,0
Palau,PLW,2004,0
Palau,PLW,2005,0
Palau,PLW,2006,0
Palau,PLW,2007,0
Palau,PLW,2008,0
Palau,PLW,2009,0
Palau,PLW,2010,0
Palau,PLW,2011,0
Palau,PLW,2012,0
Palau,PLW,2013,0
Palau,PLW,2014,0
Palau,PLW,2015,0
Palau,PLW,2016,0
Palau,PLW,2017,0
Palau,PLW,2022,0
Palau,PLW,2023,0
Palestine,PSE,1996,33
Palestine,PSE,1997,28
Palestine,PSE,1998,40
Palestine,PSE,1999,138
Palestine,PSE,2000,5
Palestine,PSE,2010,1
Palestine,PSE,2017,63
Palestine,PSE,2018,0
Palestine,PSE,2019,228
Palestine,PSE,2020,1001
Palestine,PSE,2021,11
Palestine,PSE,2023,3
Panama,PAN,1974,508
Panama,PAN,1975,245
Panama,PAN,1976,1317
Panama,PAN,1977,2545
Panama,PAN,1978,2346
Panama,PAN,1979,4350
Panama,PAN,1980,2096
Panama,PAN,1981,4332
Panama,PAN,1982,4014
Panama,PAN,1983,595
Panama,PAN,1984,358
Panama,PAN,1985,4295
Panama,PAN,1986,4199
Panama,PAN,1987,1885
Panama,PAN,1988,378
Panama,PAN,1989,301
Panama,PAN,1990,1891
Panama,PAN,1991,2430
Panama,PAN,1992,845
Panama,PAN,1993,90
Panama,PAN,1994,3
Panama,PAN,1995,19
Panama,PAN,1996,0
Panama,PAN,1997,0
Panama,PAN,1998,0
Panama,PAN,1999,0
Panama,PAN,2000,0
Panama,PAN,2001,0
Panama,PAN,2002,0
Panama,PAN,2003,0
Panama,PAN,2004,0
Panama,PAN,2005,0
Panama,PAN,2006,0
Panama,PAN,2007,0
Panama,PAN,2008,0
Panama,PAN,2009,0
Panama,PAN,2010,0
Panama,PAN,2011,4
Panama,PAN,2012,0
Panama,PAN,2013,0
Panama,PAN,2014,0
Panama,PAN,2015,0
Panama,PAN,2016,0
Panama,PAN,2017,0
Panama,PAN,2018,0
Panama,PAN,2019,0
Panama,PAN,2020,0
Panama,PAN,2021,0
Panama,PAN,2022,0
Papua New Guinea,PNG,1974,4141
Papua New Guinea,PNG,1975,4172
Papua New Guinea,PNG,1976,6135
Papua New Guinea,PNG,1977,7121
Papua New Guinea,PNG,1978,8059
Papua New Guinea,PNG,1979,9394
Papua New Guinea,PNG,1980,12125
Papua New Guinea,PNG,1981,16519
Papua New Guinea,PNG,1982,12771
Papua New Guinea,PNG,1983,10023
Papua New Guinea,PNG,1984,9874
Papua New Guinea,PNG,1985,5680
Papua New Guinea,PNG,1986,19024
Papua New Guinea,PNG,1987,10206
Papua New Guinea,PNG,1988,6543
Papua New Guinea,PNG,1989,9799
Papua New Guinea,PNG,1990,4575
Papua New Guinea,PNG,1991,2740
Papua New Guinea,PNG,1992,6634
Papua New Guinea,PNG,1993,8212
Papua New Guinea,PNG,1994,6821
Papua New Guinea,PNG,1995,3730
Papua New Guinea,PNG,1996,2313
Papua New Guinea,PNG,1997,678
Papua New Guinea,PNG,1998,1148
Papua New Guinea,PNG,1999,6304
Papua New Guinea,PNG,2000,7135
Papua New Guinea,PNG,2001,4023
Papua New Guinea,PNG,2002,17620
Papua New Guinea,PNG,2003,3863
Papua New Guinea,PNG,2004,1385
Papua New Guinea,PNG,2005,1222
Papua New Guinea,PNG,2006,1
Papua New Guinea,PNG,2007,0
Papua New Guinea,PNG,2008,0
Papua New Guinea,PNG,2009,0
Papua New Guinea,PNG,2010,0
Papua New Guinea,PNG,2011,0
Papua New Guinea,PNG,2012,0
Papua New Guinea,PNG,2013,12
Papua New Guinea,PNG,2014,2299
Papua New Guinea,PNG,2015,38
Papua New Guinea,PNG,2016,0
Papua New Guinea,PNG,2017,7
Papua New Guinea,PNG,2018,19
Papua New Guinea,PNG,2019,1
Papua New Guinea,PNG,2020,4
Papua New Guinea,PNG,2021,0
Papua New Guinea,PNG,2022,2
Papua New Guinea,PNG,2023,12
Paraguay,PRY,1974,2601
Paraguay,PRY,1975,140
Paraguay,PRY,1976,1331
Paraguay,PRY,1977,1596
Paraguay,PRY,1978,487
Paraguay,PRY,1979,1309
Paraguay,PRY,1980,745
Paraguay,PRY,1981,428
Paraguay,PRY,1982,531
Paraguay,PRY,1983,1259
Paraguay,PRY,1984,979
Paraguay,PRY,1985,666
Paraguay,PRY,1986,610
Paraguay,PRY,1987,1742
Paraguay,PRY,1988,755
Paraguay,PRY,1989,386
Paraguay,PRY,1990,1396
Paraguay,PRY,1991,526
Paraguay,PRY,1992,864
Paraguay,PRY,1993,2066
Paraguay,PRY,1994,122
Paraguay,PRY,1995,73
Paraguay,PRY,1996,13
Paraguay,PRY,1997,143
Paraguay,PRY,1998,70
Paraguay,PRY,1999,0
Paraguay,PRY,2000,0
Paraguay,PRY,2001,0
Paraguay,PRY,2002,0
Paraguay,PRY,2003,0
Paraguay,PRY,2004,0
Paraguay,PRY,2005,0
Paraguay,PRY,2006,0
Paraguay,PRY,2007,0
Paraguay,PRY,2008,0
Paraguay,PRY,2009,0
Paraguay,PRY,2010,0
Paraguay,PRY,2011,0
Paraguay,PRY,2012,0
Paraguay,PRY,2013,0
Paraguay,PRY,2014,0
Paraguay,PRY,2015,0
Paraguay,PRY,2016,0
Paraguay,PRY,2017,0
Paraguay,PRY,2018,0
Paraguay,PRY,2019,0
Paraguay,PRY,2020,0
Paraguay,PRY,2021,0
Paraguay,PRY,2022,1
Paraguay,PRY,2023,0
Peru,PER,1974,7687
Peru,PER,1975,6749
Peru,PER,1976,9761
Peru,PER,1977,8827
Peru,PER,1978,3386
Peru,PER,1979,13345
Peru,PER,1980,19246
Peru,PER,1981,10071
Peru,PER,1982,12708
Peru,PER,1983,7619
Peru,PER,1984,13039
Peru,PER,1985,9393
Peru,PER,1986,6099
Peru,PER,1987,6240
Peru,PER,1988,5785
Peru,PER,1989,1145
Peru,PER,1990,737
Peru,PER,1991,1014
Peru,PER,1992,22605
Peru,PER,1993,1730
Peru,PER,1994,670
Peru,PER,1995,353
Peru,PER,1996,105
Peru,PER,1997,95
Peru,PER,1998,10
Peru,PER,1999,12
Peru,PER,2000,1
Peru,PER,2001,0
Peru,PER,2002,0
Peru,PER,2003,0
Peru,PER,2004,0
Peru,PER,2005,0
Peru,PER,2006,0
Peru,PER,2007,0
Peru,PER,2008,1
Peru,PER,2009,0
Peru,PER,2010,0
Peru,PER,2011,0
Peru,PER,2012,0
Peru,PER,2013,0
Peru,PER,2014,0
Peru,PER,2015,4
Peru,PER,2016,0
Peru,PER,2017,0
Peru,PER,2018,42
Peru,PER,2019,2
Peru,PER,2020,0
Peru,PER,2021,0
Peru,PER,2022,0
Peru,PER,2023,0
Philippines,PHL,1974,22999
Philippines,PHL,1975,28198
Philippines,PHL,1976,29901
Philippines,PHL,1977,27694
Philippines,PHL,1978,27842
Philippines,PHL,1979,29230
Philippines,PHL,1980,26765
Philippines,PHL,1981,27031
Philippines,PHL,1982,35989
Philippines,PHL,1983,43684
Philippines,PHL,1984,75290
Philippines,PHL,1985,62959
Philippines,PHL,1986,59375
Philippines,PHL,1987,81896
Philippines,PHL,1988,70801
Philippines,PHL,1989,68986
Philippines,PHL,1990,42938
Philippines,PHL,1991,29037
Philippines,PHL,1992,39304
Philippines,PHL,1993,7541
Philippines,PHL,1994,3006
Philippines,PHL,1995,3913
Philippines,PHL,1997,9218
Philippines,PHL,1998,1984
Philippines,PHL,1999,2981
Philippines,PHL,2000,7120
Philippines,PHL,2001,7360
Philippines,PHL,2002,7003
Philippines,PHL,2003,10511
Philippines,PHL,2004,3025
Philippines,PHL,2005,118
Philippines,PHL,2006,9
Philippines,PHL,2007,530
Philippines,PHL,2008,341
Philippines,PHL,2009,1469
Philippines,PHL,2010,6368
Philippines,PHL,2011,6538
Philippines,PHL,2012,1536
Philippines,PHL,2013,2920
Philippines,PHL,2014,58848
Philippines,PHL,2015,619
Philippines,PHL,2016,716
Philippines,PHL,2017,2428
Philippines,PHL,2018,20827
Philippines,PHL,2019,48525
Philippines,PHL,2020,3832
Philippines,PHL,2021,206
Philippines,PHL,2022,589
Philippines,PHL,2023,2892
Poland,POL,1974,70857
Poland,POL,1975,146664
Poland,POL,1976,125168
Poland,POL,1977,44949
Poland,POL,1978,84073
Poland,POL,1979,30653
Poland,POL,1980,24882
Poland,POL,1981,35283
Poland,POL,1982,7620
Poland,POL,1983,11271
Poland,POL,1984,54403
Poland,POL,1985,35680
Poland,POL,1986,6806
Poland,POL,1987,1286
Poland,POL,1988,1005
Poland,POL,1989,7225
Poland,POL,1990,56471
Poland,POL,1991,2419
Poland,POL,1992,3695
Poland,POL,1993,1410
Poland,POL,1994,864
Poland,POL,1995,752
Poland,POL,1996,639
Poland,POL,1997,338
Poland,POL,1998,2255
Poland,POL,1999,99
Poland,POL,2000,77
Poland,POL,2001,133
Poland,POL,2002,34
Poland,POL,2003,48
Poland,POL,2004,11
Poland,POL,2005,13
Poland,POL,2006,120
Poland,POL,2007,40
Poland,POL,2009,115
Poland,POL,2010,13
Poland,POL,2012,71
Poland,POL,2013,84
Poland,POL,2016,123
Poland,POL,2017,63
Poland,POL,2018,359
Poland,POL,2019,1367
Poland,POL,2020,29
Poland,POL,2021,13
Poland,POL,2022,27
Portugal,PRT,1987,813
Portugal,PRT,1988,2285
Portugal,PRT,1989,11791
Portugal,PRT,1990,407
Portugal,PRT,1991,275
Portugal,PRT,1992,208
Portugal,PRT,1993,881
Portugal,PRT,1994,3230
Portugal,PRT,1995,192
Portugal,PRT,1996,112
Portugal,PRT,1997,129
Portugal,PRT,1998,96
Portugal,PRT,1999,50
Portugal,PRT,2000,45
Portugal,PRT,2002,8
Portugal,PRT,2003,8
Portugal,PRT,2004,5
Portugal,PRT,2005,7
Portugal,PRT,2006,0
Portugal,PRT,2007,0
Portugal,PRT,2008,1
Portugal,PRT,2009,3
Portugal,PRT,2010,5
Portugal,PRT,2011,2
Portugal,PRT,2012,23
Portugal,PRT,2013,1
Portugal,PRT,2015,0
Portugal,PRT,2016,34
Portugal,PRT,2017,34
Portugal,PRT,2018,162
Portugal,PRT,2019,10
Portugal,PRT,2020,10
Portugal,PRT,2021,0
Portugal,PRT,2022,0
Portugal,PRT,2023,0
Qatar,QAT,1974,215
Qatar,QAT,1975,126
Qatar,QAT,1976,242
Qatar,QAT,1977,376
Qatar,QAT,1978,319
Qatar,QAT,1979,402
Qatar,QAT,1980,392
Qatar,QAT,1981,1489
Qatar,QAT,1982,506
Qatar,QAT,1983,816
Qatar,QAT,1984,886
Qatar,QAT,1985,1410
Qatar,QAT,1986,2095
Qatar,QAT,1987,409
Qatar,QAT,1988,382
Qatar,QAT,1989,1083
Qatar,QAT,1990,314
Qatar,QAT,1991,563
Qatar,QAT,1992,68
Qatar,QAT,1993,86
Qatar,QAT,1994,31
Qatar,QAT,1995,0
Qatar,QAT,1996,38
Qatar,QAT,1997,439
Qatar,QAT,1998,116
Qatar,QAT,2000,46
Qatar,QAT,2001,23
Qatar,QAT,2002,34
Qatar,QAT,2003,24
Qatar,QAT,2004,29
Qatar,QAT,2005,74
Qatar,QAT,2006,144
Qatar,QAT,2007,361
Qatar,QAT,2009,112
Qatar,QAT,2010,295
Qatar,QAT,2011,101
Qatar,QAT,2012,160
Qatar,QAT,2013,73
Qatar,QAT,2014,46
Qatar,QAT,2015,18
Qatar,QAT,2016,30
Qatar,QAT,2017,9
Qatar,QAT,2018,2
Qatar,QAT,2019,5
Qatar,QAT,2020,3
Qatar,QAT,2021,1
Qatar,QAT,2022,1
Qatar,QAT,2023,127
Romania,ROU,1974,122470
Romania,ROU,1975,110703
Romania,ROU,1976,113907
Romania,ROU,1977,124227
Romania,ROU,1978,110124
Romania,ROU,1979,66371
Romania,ROU,1980,10476
Romania,ROU,1981,21584
Romania,ROU,1982,61682
Romania,ROU,1983,4723
Romania,ROU,1984,2108
Romania,ROU,1985,5007
Romania,ROU,1986,34037
Romania,ROU,1987,11833
Romania,ROU,1988,1810
Romania,ROU,1989,3870
Romania,ROU,1990,4691
Romania,ROU,1991,1773
Romania,ROU,1992,6061
Romania,ROU,1993,28321
Romania,ROU,1994,6228
Romania,ROU,1995,2188
Romania,ROU,1996,906
Romania,ROU,1997,23579
Romania,ROU,1998,9547
Romania,ROU,1999,240
Romania,ROU,2000,35
Romania,ROU,2001,10
Romania,ROU,2002,14
Romania,ROU,2003,9
Romania,ROU,2004,117
Romania,ROU,2005,5043
Romania,ROU,2006,3196
Romania,ROU,2007,353
Romania,ROU,2008,12
Romania,ROU,2009,8
Romania,ROU,2010,193
Romania,ROU,2011,4189
Romania,ROU,2012,7450
Romania,ROU,2013,1159
Romania,ROU,2014,59
Romania,ROU,2015,4
Romania,ROU,2016,2435
Romania,ROU,2017,9076
Romania,ROU,2018,6407
Romania,ROU,2019,3900
Romania,ROU,2020,1004
Romania,ROU,2021,2
Romania,ROU,2022,17
Romania,ROU,2023,3677
Russia,RUS,1990,18370
Russia,RUS,1991,20449
Russia,RUS,1992,18570
Russia,RUS,1993,74463
Russia,RUS,1994,28672
Russia,RUS,1995,6630
Russia,RUS,1996,7120
Russia,RUS,1997,2874
Russia,RUS,1998,6215
Russia,RUS,1999,7428
Russia,RUS,2000,4800
Russia,RUS,2001,2072
Russia,RUS,2002,580
Russia,RUS,2003,3291
Russia,RUS,2004,2444
Russia,RUS,2005,454
Russia,RUS,2006,1147
Russia,RUS,2007,173
Russia,RUS,2008,27
Russia,RUS,2009,101
Russia,RUS,2010,129
Russia,RUS,2011,629
Russia,RUS,2012,2123
Russia,RUS,2013,2339
Russia,RUS,2014,4711
Russia,RUS,2015,843
Russia,RUS,2016,178
Russia,RUS,2017,721
Russia,RUS,2018,2539
Russia,RUS,2019,4491
Russia,RUS,2020,1212
Russia,RUS,2021,1
Russia,RUS,2022,102
Russia,RUS,2023,13083
Rwanda,RWA,1974,48246
Rwanda,RWA,1975,44721
Rwanda,RWA,1976,79278
Rwanda,RWA,1977,73337
Rwanda,RWA,1978,96203
Rwanda,RWA,1979,61094
Rwanda,RWA,1980,80402
Rwanda,RWA,1981,79384
Rwanda,RWA,1982,36792
Rwanda,RWA,1983,20001
Rwanda,RWA,1984,17269
Rwanda,RWA,1985,16760
Rwanda,RWA,1986,42749
Rwanda,RWA,1987,12387
Rwanda,RWA,1988,4364
Rwanda,RWA,1989,5429
Rwanda,RWA,1990,8970
Rwanda,RWA,1991,5820
Rwanda,RWA,1992,17429
Rwanda,RWA,1993,9861
Rwanda,RWA,1994,5999
Rwanda,RWA,1995,28874
Rwanda,RWA,1996,3988
Rwanda,RWA,1997,787
Rwanda,RWA,1999,4359
Rwanda,RWA,2000,2095
Rwanda,RWA,2001,896
Rwanda,RWA,2002,2738
Rwanda,RWA,2003,1064
Rwanda,RWA,2004,386
Rwanda,RWA,2005,129
Rwanda,RWA,2006,494
Rwanda,RWA,2007,26
Rwanda,RWA,2008,6
Rwanda,RWA,2009,5
Rwanda,RWA,2010,121
Rwanda,RWA,2011,31
Rwanda,RWA,2012,75
Rwanda,RWA,2013,17
Rwanda,RWA,2014,10
Rwanda,RWA,2015,1
Rwanda,RWA,2016,95
Rwanda,RWA,2017,145
Rwanda,RWA,2018,229
Rwanda,RWA,2019,818
Rwanda,RWA,2020,108
Rwanda,RWA,2021,40
Rwanda,RWA,2022,29
Rwanda,RWA,2023,108
Saint Kitts and Nevis,KNA,1974,0
Saint Kitts and Nevis,KNA,1977,1
Saint Kitts and Nevis,KNA,1978,9
Saint Kitts and Nevis,KNA,1979,856
Saint Kitts and Nevis,KNA,1980,305
Saint Kitts and Nevis,KNA,1981,52
Saint Kitts and Nevis,KNA,1982,138
Saint Kitts and Nevis,KNA,1983,556
Saint Kitts and Nevis,KNA,1984,2
Saint Kitts and Nevis,KNA,1985,27
Saint Kitts and Nevis,KNA,1986,22
Saint Kitts and Nevis,KNA,1987,21
Saint Kitts and Nevis,KNA,1988,12
Saint Kitts and Nevis,KNA,1989,12
Saint Kitts and Nevis,KNA,1990,80
Saint Kitts and Nevis,KNA,1991,0
Saint Kitts and Nevis,KNA,1992,0
Saint Kitts and Nevis,KNA,1993,0
Saint Kitts and Nevis,KNA,1994,0
Saint Kitts and Nevis,KNA,1995,1
Saint Kitts and Nevis,KNA,1996,0
Saint Kitts and Nevis,KNA,1997,0
Saint Kitts and Nevis,KNA,1998,0
Saint Kitts and Nevis,KNA,1999,0
Saint Kitts and Nevis,KNA,2000,0
Saint Kitts and Nevis,KNA,2001,0
Saint Kitts and Nevis,KNA,2002,0
Saint Kitts and Nevis,KNA,2003,0
Saint Kitts and Nevis,KNA,2004,0
Saint Kitts and Nevis,KNA,2005,0
Saint Kitts and Nevis,KNA,2006,0
Saint Kitts and Nevis,KNA,2007,0
Saint Kitts and Nevis,KNA,2008,0
Saint Kitts and Nevis,KNA,2009,0
Saint Kitts and Nevis,KNA,2010,0
Saint Kitts and Nevis,KNA,2011,0
Saint Kitts and Nevis,KNA,2012,0
Saint Kitts and Nevis,KNA,2013,0
Saint Kitts and Nevis,KNA,2014,0
Saint Kitts and Nevis,KNA,2015,0
Saint Kitts and Nevis,KNA,2016,0
Saint Kitts and Nevis,KNA,2017,0
Saint Kitts and Nevis,KNA,2018,0
Saint Kitts and Nevis,KNA,2019,0
Saint Kitts and Nevis,KNA,2020,0
Saint Kitts and Nevis,KNA,2021,0
Saint Kitts and Nevis,KNA,2022,0
Saint Kitts and Nevis,KNA,2023,0
Saint Lucia,LCA,1974,382
Saint Lucia,LCA,1975,520
Saint Lucia,LCA,1976,725
Saint Lucia,LCA,1977,0
Saint Lucia,LCA,1978,134
Saint Lucia,LCA,1979,9
Saint Lucia,LCA,1980,35
Saint Lucia,LCA,1981,134
Saint Lucia,LCA,1982,2039
Saint Lucia,LCA,1983,71
Saint Lucia,LCA,1984,13
Saint Lucia,LCA,1985,9
Saint Lucia,LCA,1986,32
Saint Lucia,LCA,1987,4
Saint Lucia,LCA,1988,4
Saint Lucia,LCA,1989,10
Saint Lucia,LCA,1990,30
Saint Lucia,LCA,1991,2
Saint Lucia,LCA,1992,0
Saint Lucia,LCA,1993,0
Saint Lucia,LCA,1994,0
Saint Lucia,LCA,1995,2
Saint Lucia,LCA,1996,0
Saint Lucia,LCA,1997,0
Saint Lucia,LCA,1998,0
Saint Lucia,LCA,1999,0
Saint Lucia,LCA,2000,0
Saint Lucia,LCA,2001,0
Saint Lucia,LCA,2002,0
Saint Lucia,LCA,2003,0
Saint Lucia,LCA,2004,0
Saint Lucia,LCA,2005,0
Saint Lucia,LCA,2006,0
Saint Lucia,LCA,2007,0
Saint Lucia,LCA,2008,0
Saint Lucia,LCA,2009,0
Saint Lucia,LCA,2010,0
Saint Lucia,LCA,2011,0
Saint Lucia,LCA,2012,0
Saint Lucia,LCA,2013,0
Saint Lucia,LCA,2014,0
Saint Lucia,LCA,2015,0
Saint Lucia,LCA,2016,0
Saint Lucia,LCA,2017,0
Saint Lucia,LCA,2018,0
Saint Lucia,LCA,2019,0
Saint Lucia,LCA,2020,0
Saint Lucia,LCA,2021,0
Saint Lucia,LCA,2022,0
Saint Lucia,LCA,2023,0
Saint Vincent and the Grenadines,VCT,1974,1
Saint Vincent and the Grenadines,VCT,1975,202
Saint Vincent and the Grenadines,VCT,1976,7
Saint Vincent and the Grenadines,VCT,1978,0
Saint Vincent and the Grenadines,VCT,1979,40
Saint Vincent and the Grenadines,VCT,1980,257
Saint Vincent and the Grenadines,VCT,1981,19
Saint Vincent and the Grenadines,VCT,1982,757
Saint Vincent and the Grenadines,VCT,1983,63
Saint Vincent and the Grenadines,VCT,1984,15
Saint Vincent and the Grenadines,VCT,1985,5
Saint Vincent and the Grenadines,VCT,1986,2
Saint Vincent and the Grenadines,VCT,1987,1
Saint Vincent and the Grenadines,VCT,1988,10
Saint Vincent and the Grenadines,VCT,1989,1
Saint Vincent and the Grenadines,VCT,1990,1
Saint Vincent and the Grenadines,VCT,1991,0
Saint Vincent and the Grenadines,VCT,1992,0
Saint Vincent and the Grenadines,VCT,1993,0
Saint Vincent and the Grenadines,VCT,1994,0
Saint Vincent and the Grenadines,VCT,1995,0
Saint Vincent and the Grenadines,VCT,1996,0
Saint Vincent and the Grenadines,VCT,1997,0
Saint Vincent and the Grenadines,VCT,1998,0
Saint Vincent and the Grenadines,VCT,1999,0
Saint Vincent and the Grenadines,VCT,2000,0
Saint Vincent and the Grenadines,VCT,2001,0
Saint Vincent and the Grenadines,VCT,2002,0
Saint Vincent and the Grenadines,VCT,2003,0
Saint Vincent and the Grenadines,VCT,2004,0
Saint Vincent and the Grenadines,VCT,2005,0
Saint Vincent and the Grenadines,VCT,2006,0
Saint Vincent and the Grenadines,VCT,2007,0
Saint Vincent and the Grenadines,VCT,2008,0
Saint Vincent and the Grenadines,VCT,2009,0
Saint Vincent and the Grenadines,VCT,2010,0
Saint Vincent and the Grenadines,VCT,2011,0
Saint Vincent and the Grenadines,VCT,2012,0
Saint Vincent and the Grenadines,VCT,2013,0
Saint Vincent and the Grenadines,VCT,2014,0
Saint Vincent and the Grenadines,VCT,2015,0
Saint Vincent and the Grenadines,VCT,2016,0
Saint Vincent and the Grenadines,VCT,2017,0
Saint Vincent and the Grenadines,VCT,2018,0
Saint Vincent and the Grenadines,VCT,2019,0
Saint Vincent and the Grenadines,VCT,2020,0
Saint Vincent and the Grenadines,VCT,2021,0
Saint Vincent and the Grenadines,VCT,2022,0
Samoa,WSM,1974,538
Samoa,WSM,1975,314
Samoa,WSM,1976,1348
Samoa,WSM,1977,240
Samoa,WSM,1978,1026
Samoa,WSM,1979,68
Samoa,WSM,1980,376
Samoa,WSM,1981,72
Samoa,WSM,1982,28
Samoa,WSM,1983,7
Samoa,WSM,1984,0
Samoa,WSM,1985,1095
Samoa,WSM,1986,1
Samoa,WSM,1987,0
Samoa,WSM,1988,0
Samoa,WSM,1989,1
Samoa,WSM,1990,0
Samoa,WSM,1991,0
Samoa,WSM,1992,4
Samoa,WSM,1993,7
Samoa,WSM,1994,0
Samoa,WSM,1995,0
Samoa,WSM,1996,87
Samoa,WSM,1997,0
Samoa,WSM,1998,8
Samoa,WSM,2003,0
Samoa,WSM,2004,0
Samoa,WSM,2005,0
Samoa,WSM,2006,0
Samoa,WSM,2009,0
Samoa,WSM,2010,8
Samoa,WSM,2011,0
Samoa,WSM,2012,1
Samoa,WSM,2017,3
Samoa,WSM,2018,0
Samoa,WSM,2019,5687
Samoa,WSM,2020,11
Samoa,WSM,2021,0
Samoa,WSM,2022,0
Samoa,WSM,2023,0
San Marino,SMR,1990,1
San Marino,SMR,1991,1
San Marino,SMR,1992,7
San Marino,SMR,1993,6
San Marino,SMR,1997,22
San Marino,SMR,1999,0
San Marino,SMR,2000,1
San Marino,SMR,2003,3
San Marino,SMR,2004,0
San Marino,SMR,2005,0
San Marino,SMR,2006,0
San Marino,SMR,2007,0
San Marino,SMR,2009,0
San Marino,SMR,2010,0
San Marino,SMR,2011,0
San Marino,SMR,2012,1
San Marino,SMR,2016,0
San Marino,SMR,2017,0
San Marino,SMR,2018,0
San Marino,SMR,2019,12
San Marino,SMR,2020,0
San Marino,SMR,2021,0
San Marino,SMR,2022,0
San Marino,SMR,2023,0
Sao Tome and Principe,STP,1974,476
Sao Tome and Principe,STP,1976,24
Sao Tome and Principe,STP,1977,8
Sao Tome and Principe,STP,1978,186
Sao Tome and Principe,STP,1979,362
Sao Tome and Principe,STP,1980,519
Sao Tome and Principe,STP,1981,194
Sao Tome and Principe,STP,1982,3
Sao Tome and Principe,STP,1983,216
Sao Tome and Principe,STP,1984,576
Sao Tome and Principe,STP,1985,62
Sao Tome and Principe,STP,1986,69
Sao Tome and Principe,STP,1987,0
Sao Tome and Principe,STP,1988,118
Sao Tome and Principe,STP,1990,10
Sao Tome and Principe,STP,1991,0
Sao Tome and Principe,STP,1992,0
Sao Tome and Principe,STP,1993,88
Sao Tome and Principe,STP,1994,319
Sao Tome and Principe,STP,1995,23
Sao Tome and Principe,STP,1996,0
Sao Tome and Principe,STP,1997,0
Sao Tome and Principe,STP,2000,0
Sao Tome and Principe,STP,2001,0
Sao Tome and Principe,STP,2002,0
Sao Tome and Principe,STP,2003,0
Sao Tome and Principe,STP,2004,0
Sao Tome and Principe,STP,2005,0
Sao Tome and Principe,STP,2006,0
Sao Tome and Principe,STP,2007,0
Sao Tome and Principe,STP,2008,0
Sao Tome and Principe,STP,2009,0
Sao Tome and Principe,STP,2010,0
Sao Tome and Principe,STP,2011,0
Sao Tome and Principe,STP,2012,0
Sao Tome and Principe,STP,2013,0
Sao Tome and Principe,STP,2014,0
Sao Tome and Principe,STP,2015,3
Sao Tome and Principe,STP,2016,0
Sao Tome and Principe,STP,2017,0
Sao Tome and Principe,STP,2018,0
Sao Tome and Principe,STP,2019,0
Sao Tome and Principe,STP,2021,0
Saudi Arabia,SAU,1974,47202
Saudi Arabia,SAU,1975,27173
Saudi Arabia,SAU,1976,28472
Saudi Arabia,SAU,1977,24407
Saudi Arabia,SAU,1978,36993
Saudi Arabia,SAU,1979,30627
Saudi Arabia,SAU,1980,46115
Saudi Arabia,SAU,1981,35790
Saudi Arabia,SAU,1982,33294
Saudi Arabia,SAU,1983,44633
Saudi Arabia,SAU,1984,30457
Saudi Arabia,SAU,1985,18393
Saudi Arabia,SAU,1986,22830
Saudi Arabia,SAU,1987,29220
Saudi Arabia,SAU,1988,8225
Saudi Arabia,SAU,1989,3588
Saudi Arabia,SAU,1990,5439
Saudi Arabia,SAU,1991,6368
Saudi Arabia,SAU,1992,11299
Saudi Arabia,SAU,1993,3182
Saudi Arabia,SAU,1994,1253
Saudi Arabia,SAU,1995,2574
Saudi Arabia,SAU,1996,2407
Saudi Arabia,SAU,1997,3978
Saudi Arabia,SAU,1998,5519
Saudi Arabia,SAU,1999,2815
Saudi Arabia,SAU,2001,155
Saudi Arabia,SAU,2002,311
Saudi Arabia,SAU,2003,1208
Saudi Arabia,SAU,2004,1880
Saudi Arabia,SAU,2005,373
Saudi Arabia,SAU,2006,807
Saudi Arabia,SAU,2007,4648
Saudi Arabia,SAU,2008,158
Saudi Arabia,SAU,2009,82
Saudi Arabia,SAU,2010,334
Saudi Arabia,SAU,2011,362
Saudi Arabia,SAU,2012,294
Saudi Arabia,SAU,2013,1164
Saudi Arabia,SAU,2014,154
Saudi Arabia,SAU,2015,219
Saudi Arabia,SAU,2016,125
Saudi Arabia,SAU,2017,459
Saudi Arabia,SAU,2018,1164
Saudi Arabia,SAU,2019,1035
Saudi Arabia,SAU,2020,35
Saudi Arabia,SAU,2021,338
Saudi Arabia,SAU,2022,247
Saudi Arabia,SAU,2023,2254
Senegal,SEN,1974,35069
Senegal,SEN,1975,26567
Senegal,SEN,1976,46309
Senegal,SEN,1977,44844
Senegal,SEN,1978,29888
Senegal,SEN,1979,39188
Senegal,SEN,1980,29144
Senegal,SEN,1981,34516
Senegal,SEN,1982,32380
Senegal,SEN,1983,26481
Senegal,SEN,1986,6831
Senegal,SEN,1987,3453
Senegal,SEN,1988,1596
Senegal,SEN,1989,10940
Senegal,SEN,1990,5004
Senegal,SEN,1991,11427
Senegal,SEN,1992,15367
Senegal,SEN,1993,14693
Senegal,SEN,1994,5944
Senegal,SEN,1996,8069
Senegal,SEN,1997,6594
Senegal,SEN,1998,6594
Senegal,SEN,1999,3668
Senegal,SEN,2000,5839
Senegal,SEN,2001,24789
Senegal,SEN,2002,18184
Senegal,SEN,2003,1519
Senegal,SEN,2004,31
Senegal,SEN,2005,0
Senegal,SEN,2006,3
Senegal,SEN,2007,11
Senegal,SEN,2008,6
Senegal,SEN,2009,999
Senegal,SEN,2010,428
Senegal,SEN,2011,18
Senegal,SEN,2012,46
Senegal,SEN,2013,17
Senegal,SEN,2014,32
Senegal,SEN,2015,58
Senegal,SEN,2016,162
Senegal,SEN,2017,11
Senegal,SEN,2018,12
Senegal,SEN,2019,267
Senegal,SEN,2020,212
Senegal,SEN,2021,187
Senegal,SEN,2022,508
Senegal,SEN,2023,564
Serbia,SRB,1974,24340
Serbia,SRB,1975,31782
Serbia,SRB,1976,31487
Serbia,SRB,1977,27918
Serbia,SRB,1978,27667
Serbia,SRB,1979,18596
Serbia,SRB,1980,37441
Serbia,SRB,1981,20878
Serbia,SRB,1982,13826
Serbia,SRB,1983,12967
Serbia,SRB,1984,20233
Serbia,SRB,1985,25325
Serbia,SRB,1986,14148
Serbia,SRB,1987,8639
Serbia,SRB,1988,6629
Serbia,SRB,1989,16149
Serbia,SRB,1990,4978
Serbia,SRB,1991,991
Serbia,SRB,1992,2108
Serbia,SRB,1993,16777
Serbia,SRB,1994,800
Serbia,SRB,1995,524
Serbia,SRB,1996,458
Serbia,SRB,1997,4692
Serbia,SRB,1998,922
Serbia,SRB,1999,288
Serbia,SRB,2000,38
Serbia,SRB,2001,35
Serbia,SRB,2002,63
Serbia,SRB,2003,15
Serbia,SRB,2004,11
Serbia,SRB,2005,2
Serbia,SRB,2006,2
Serbia,SRB,2007,201
Serbia,SRB,2008,2
Serbia,SRB,2009,1
Serbia,SRB,2010,20
Serbia,SRB,2011,370
Serbia,SRB,2012,0
Serbia,SRB,2013,1
Serbia,SRB,2014,37
Serbia,SRB,2015,383
Serbia,SRB,2016,11
Serbia,SRB,2017,721
Serbia,SRB,2018,5076
Serbia,SRB,2019,22
Serbia,SRB,2021,1
Serbia,SRB,2022,0
Serbia,SRB,2023,50
Seychelles,SYC,1976,0
Seychelles,SYC,1977,0
Seychelles,SYC,1979,2
Seychelles,SYC,1980,3
Seychelles,SYC,1981,4
Seychelles,SYC,1982,347
Seychelles,SYC,1983,267
Seychelles,SYC,1984,19
Seychelles,SYC,1985,10
Seychelles,SYC,1986,4
Seychelles,SYC,1987,2
Seychelles,SYC,1988,0
Seychelles,SYC,1989,5
Seychelles,SYC,1990,13
Seychelles,SYC,1991,6
Seychelles,SYC,1992,0
Seychelles,SYC,1993,0
Seychelles,SYC,1994,0
Seychelles,SYC,1995,0
Seychelles,SYC,1996,2
Seychelles,SYC,1997,3
Seychelles,SYC,1998,626
Seychelles,SYC,1999,2
Seychelles,SYC,2001,0
Seychelles,SYC,2002,0
Seychelles,SYC,2003,0
Seychelles,SYC,2004,0
Seychelles,SYC,2005,0
Seychelles,SYC,2006,10
Seychelles,SYC,2007,1
Seychelles,SYC,2008,0
Seychelles,SYC,2009,0
Seychelles,SYC,2010,0
Seychelles,SYC,2011,0
Seychelles,SYC,2012,0
Seychelles,SYC,2013,0
Seychelles,SYC,2014,0
Seychelles,SYC,2015,0
Seychelles,SYC,2016,0
Seychelles,SYC,2017,0
Seychelles,SYC,2019,0
Seychelles,SYC,2020,27
Seychelles,SYC,2021,0
Seychelles,SYC,2022,0
Seychelles,SYC,2023,0
Sierra Leone,SLE,1974,1328
Sierra Leone,SLE,1976,474
Sierra Leone,SLE,1977,534
Sierra Leone,SLE,1978,151
Sierra Leone,SLE,1979,4102
Sierra Leone,SLE,1980,3625
Sierra Leone,SLE,1981,3408
Sierra Leone,SLE,1982,4102
Sierra Leone,SLE,1983,4327
Sierra Leone,SLE,1984,4016
Sierra Leone,SLE,1985,3351
Sierra Leone,SLE,1986,164
Sierra Leone,SLE,1987,1000
Sierra Leone,SLE,1988,207
Sierra Leone,SLE,1989,625
Sierra Leone,SLE,1990,830
Sierra Leone,SLE,1991,284
Sierra Leone,SLE,1992,914
Sierra Leone,SLE,1993,2288
Sierra Leone,SLE,1994,114
Sierra Leone,SLE,1995,344
Sierra Leone,SLE,1997,361
Sierra Leone,SLE,2000,3575
Sierra Leone,SLE,2001,649
Sierra Leone,SLE,2002,568
Sierra Leone,SLE,2003,586
Sierra Leone,SLE,2004,7
Sierra Leone,SLE,2005,29
Sierra Leone,SLE,2006,33
Sierra Leone,SLE,2007,0
Sierra Leone,SLE,2008,44
Sierra Leone,SLE,2009,31
Sierra Leone,SLE,2010,1089
Sierra Leone,SLE,2011,1865
Sierra Leone,SLE,2012,678
Sierra Leone,SLE,2013,15
Sierra Leone,SLE,2014,1006
Sierra Leone,SLE,2015,607
Sierra Leone,SLE,2016,920
Sierra Leone,SLE,2017,1873
Sierra Leone,SLE,2018,344
Sierra Leone,SLE,2019,40
Sierra Leone,SLE,2020,17
Sierra Leone,SLE,2021,170
Sierra Leone,SLE,2022,731
Sierra Leone,SLE,2023,645
Singapore,SGP,1974,2
Singapore,SGP,1975,7
Singapore,SGP,1976,0
Singapore,SGP,1977,255
Singapore,SGP,1981,771
Singapore,SGP,1982,1965
Singapore,SGP,1983,677
Singapore,SGP,1984,2417
Singapore,SGP,1985,136
Singapore,SGP,1986,218
Singapore,SGP,1987,123
Singapore,SGP,1988,192
Singapore,SGP,1989,146
Singapore,SGP,1990,143
Singapore,SGP,1991,216
Singapore,SGP,1992,606
Singapore,SGP,1993,0
Singapore,SGP,1994,159
Singapore,SGP,1995,185
Singapore,SGP,1997,1413
Singapore,SGP,1998,114
Singapore,SGP,1999,65
Singapore,SGP,2000,141
Singapore,SGP,2001,408
Singapore,SGP,2002,211
Singapore,SGP,2003,33
Singapore,SGP,2004,96
Singapore,SGP,2005,33
Singapore,SGP,2006,23
Singapore,SGP,2007,15
Singapore,SGP,2008,18
Singapore,SGP,2009,16
Singapore,SGP,2010,50
Singapore,SGP,2011,148
Singapore,SGP,2012,42
Singapore,SGP,2013,138
Singapore,SGP,2017,70
Singapore,SGP,2018,38
Singapore,SGP,2019,152
Sint Maarten (Dutch part),SXM,2017,0
Sint Maarten (Dutch part),SXM,2018,0
Slovakia,SVK,1990,47
Slovakia,SVK,1991,211
Slovakia,SVK,1992,415
Slovakia,SVK,1993,551
Slovakia,SVK,1994,29
Slovakia,SVK,1995,2
Slovakia,SVK,1996,0
Slovakia,SVK,1997,620
Slovakia,SVK,1998,530
Slovakia,SVK,1999,0
Slovakia,SVK,2000,0
Slovakia,SVK,2001,0
Slovakia,SVK,2002,0
Slovakia,SVK,2003,1
Slovakia,SVK,2004,2
Slovakia,SVK,2005,0
Slovakia,SVK,2006,0
Slovakia,SVK,2007,0
Slovakia,SVK,2008,0
Slovakia,SVK,2009,0
Slovakia,SVK,2010,0
Slovakia,SVK,2011,0
Slovakia,SVK,2012,0
Slovakia,SVK,2013,0
Slovakia,SVK,2014,0
Slovakia,SVK,2015,1
Slovakia,SVK,2016,0
Slovakia,SVK,2017,7
Slovakia,SVK,2018,565
Slovakia,SVK,2019,318
Slovakia,SVK,2020,0
Slovakia,SVK,2021,0
Slovakia,SVK,2022,0
Slovakia,SVK,2023,6
Slovenia,SVN,1991,32
Slovenia,SVN,1992,10
Slovenia,SVN,1993,7
Slovenia,SVN,1994,134
Slovenia,SVN,1995,398
Slovenia,SVN,1996,8
Slovenia,SVN,1997,9
Slovenia,SVN,1998,13
Slovenia,SVN,1999,1
Slovenia,SVN,2001,0
Slovenia,SVN,2002,0
Slovenia,SVN,2003,0
Slovenia,SVN,2004,0
Slovenia,SVN,2005,0
Slovenia,SVN,2006,0
Slovenia,SVN,2007,0
Slovenia,SVN,2008,0
Slovenia,SVN,2009,0
Slovenia,SVN,2010,2
Slovenia,SVN,2011,22
Slovenia,SVN,2012,2
Slovenia,SVN,2013,1
Slovenia,SVN,2014,52
Slovenia,SVN,2015,18
Slovenia,SVN,2016,1
Slovenia,SVN,2017,8
Slovenia,SVN,2018,9
Slovenia,SVN,2019,51
Slovenia,SVN,2020,6
Slovenia,SVN,2021,0
Slovenia,SVN,2022,0
Slovenia,SVN,2023,1
Solomon Islands,SLB,1977,2936
Solomon Islands,SLB,1978,3054
Solomon Islands,SLB,1979,39
Solomon Islands,SLB,1980,340
Solomon Islands,SLB,1981,2104
Solomon Islands,SLB,1982,3331
Solomon Islands,SLB,1983,923
Solomon Islands,SLB,1984,238
Solomon Islands,SLB,1985,2
Solomon Islands,SLB,1986,0
Solomon Islands,SLB,1987,434
Solomon Islands,SLB,1988,593
Solomon Islands,SLB,1989,13779
Solomon Islands,SLB,1990,343
Solomon Islands,SLB,1991,45
Solomon Islands,SLB,1992,86
Solomon Islands,SLB,1993,1527
Solomon Islands,SLB,1994,640
Solomon Islands,SLB,1995,0
Solomon Islands,SLB,1996,0
Solomon Islands,SLB,1997,0
Solomon Islands,SLB,1998,0
Solomon Islands,SLB,2001,0
Solomon Islands,SLB,2002,0
Solomon Islands,SLB,2003,0
Solomon Islands,SLB,2004,0
Solomon Islands,SLB,2005,0
Solomon Islands,SLB,2006,0
Solomon Islands,SLB,2007,0
Solomon Islands,SLB,2008,0
Solomon Islands,SLB,2009,0
Solomon Islands,SLB,2010,0
Solomon Islands,SLB,2011,0
Solomon Islands,SLB,2012,0
Solomon Islands,SLB,2013,0
Solomon Islands,SLB,2015,0
Solomon Islands,SLB,2016,0
Solomon Islands,SLB,2017,0
Solomon Islands,SLB,2018,0
Solomon Islands,SLB,2023,0
Somalia,SOM,1978,79
Somalia,SOM,1983,622
Somalia,SOM,1984,487
Somalia,SOM,1985,128
Somalia,SOM,1986,70
Somalia,SOM,1987,222
Somalia,SOM,1988,296
Somalia,SOM,1989,988
Somalia,SOM,1996,1830
Somalia,SOM,1998,3075
Somalia,SOM,1999,5523
Somalia,SOM,2000,3965
Somalia,SOM,2001,3571
Somalia,SOM,2002,9559
Somalia,SOM,2003,8257
Somalia,SOM,2004,12008
Somalia,SOM,2006,7
Somalia,SOM,2007,1149
Somalia,SOM,2008,1081
Somalia,SOM,2009,13
Somalia,SOM,2010,115
Somalia,SOM,2011,17298
Somalia,SOM,2012,9983
Somalia,SOM,2013,3173
Somalia,SOM,2014,10229
Somalia,SOM,2015,7497
Somalia,SOM,2016,26
Somalia,SOM,2017,23039
Somalia,SOM,2018,9126
Somalia,SOM,2019,283
Somalia,SOM,2020,2531
Somalia,SOM,2021,7191
Somalia,SOM,2022,17361
Somalia,SOM,2023,3167
South Africa,ZAF,1979,4115
South Africa,ZAF,1980,19193
South Africa,ZAF,1981,15809
South Africa,ZAF,1982,12906
South Africa,ZAF,1983,16735
South Africa,ZAF,1984,16160
South Africa,ZAF,1985,17884
South Africa,ZAF,1986,13459
South Africa,ZAF,1987,22559
South Africa,ZAF,1988,15258
South Africa,ZAF,1989,18268
South Africa,ZAF,1990,10624
South Africa,ZAF,1991,4777
South Africa,ZAF,1992,22745
South Africa,ZAF,1993,12870
South Africa,ZAF,1994,6845
South Africa,ZAF,1995,8845
South Africa,ZAF,1996,6501
South Africa,ZAF,1997,1337
South Africa,ZAF,1998,977
South Africa,ZAF,1999,385
South Africa,ZAF,2000,1459
South Africa,ZAF,2001,1166
South Africa,ZAF,2002,1043
South Africa,ZAF,2003,244
South Africa,ZAF,2004,830
South Africa,ZAF,2005,615
South Africa,ZAF,2006,81
South Africa,ZAF,2007,31
South Africa,ZAF,2008,39
South Africa,ZAF,2009,5857
South Africa,ZAF,2010,12499
South Africa,ZAF,2011,92
South Africa,ZAF,2012,32
South Africa,ZAF,2013,25
South Africa,ZAF,2014,66
South Africa,ZAF,2015,17
South Africa,ZAF,2016,18
South Africa,ZAF,2017,210
South Africa,ZAF,2018,71
South Africa,ZAF,2019,59
South Africa,ZAF,2020,40
South Africa,ZAF,2021,21
South Africa,ZAF,2022,400
South Africa,ZAF,2023,1033
South Korea,KOR,1974,4867
South Korea,KOR,1975,4973
South Korea,KOR,1976,7328
South Korea,KOR,1977,5064
South Korea,KOR,1978,6149
South Korea,KOR,1979,2533
South Korea,KOR,1980,5097
South Korea,KOR,1981,2307
South Korea,KOR,1982,6776
South Korea,KOR,1983,695
South Korea,KOR,1984,2246
South Korea,KOR,1985,1283
South Korea,KOR,1986,1818
South Korea,KOR,1987,1880
South Korea,KOR,1988,1579
South Korea,KOR,1989,2394
South Korea,KOR,1990,3415
South Korea,KOR,1994,7883
South Korea,KOR,1995,71
South Korea,KOR,1996,71
South Korea,KOR,1997,2
South Korea,KOR,1998,4
South Korea,KOR,2000,32647
South Korea,KOR,2001,23060
South Korea,KOR,2002,62
South Korea,KOR,2003,33
South Korea,KOR,2004,11
South Korea,KOR,2005,7
South Korea,KOR,2006,28
South Korea,KOR,2007,194
South Korea,KOR,2008,2
South Korea,KOR,2009,17
South Korea,KOR,2010,114
South Korea,KOR,2011,42
South Korea,KOR,2012,2
South Korea,KOR,2013,107
South Korea,KOR,2014,442
South Korea,KOR,2015,7
South Korea,KOR,2016,18
South Korea,KOR,2017,5
South Korea,KOR,2018,15
South Korea,KOR,2019,194
South Korea,KOR,2020,6
South Korea,KOR,2021,0
South Korea,KOR,2023,7
South Sudan,SSD,2011,1256
South Sudan,SSD,2012,1952
South Sudan,SSD,2013,525
South Sudan,SSD,2014,441
South Sudan,SSD,2015,878
South Sudan,SSD,2016,898
South Sudan,SSD,2017,487
South Sudan,SSD,2018,263
South Sudan,SSD,2019,3401
South Sudan,SSD,2020,1290
South Sudan,SSD,2022,3608
South Sudan,SSD,2023,7957
South-East Asia (WHO),WHO_SEAR,1980,199535
South-East Asia (WHO),WHO_SEAR,1981,305787
South-East Asia (WHO),WHO_SEAR,1982,258666
South-East Asia (WHO),WHO_SEAR,1983,208154
South-East Asia (WHO),WHO_SEAR,1984,302042
South-East Asia (WHO),WHO_SEAR,1985,244113
South-East Asia (WHO),WHO_SEAR,1986,201190
South-East Asia (WHO),WHO_SEAR,1987,319049
South-East Asia (WHO),WHO_SEAR,1988,292916
South-East Asia (WHO),WHO_SEAR,1989,443014
South-East Asia (WHO),WHO_SEAR,1990,224925
South-East Asia (WHO),WHO_SEAR,1991,211085
South-East Asia (WHO),WHO_SEAR,1992,168772
South-East Asia (WHO),WHO_SEAR,1993,141301
South-East Asia (WHO),WHO_SEAR,1994,152106
South-East Asia (WHO),WHO_SEAR,1995,100900
South-East Asia (WHO),WHO_SEAR,1996,102205
South-East Asia (WHO),WHO_SEAR,1997,115844
South-East Asia (WHO),WHO_SEAR,1998,62759
South-East Asia (WHO),WHO_SEAR,1999,47741
South-East Asia (WHO),WHO_SEAR,2000,78558
South-East Asia (WHO),WHO_SEAR,2001,81771
South-East Asia (WHO),WHO_SEAR,2002,76912
South-East Asia (WHO),WHO_SEAR,2003,94598
South-East Asia (WHO),WHO_SEAR,2004,112041
South-East Asia (WHO),WHO_SEAR,2005,88973
South-East Asia (WHO),WHO_SEAR,2006,98124
South-East Asia (WHO),WHO_SEAR,2007,73545
South-East Asia (WHO),WHO_SEAR,2008,72547
South-East Asia (WHO),WHO_SEAR,2009,84356
South-East Asia (WHO),WHO_SEAR,2010,54228
South-East Asia (WHO),WHO_SEAR,2011,69546
South-East Asia (WHO),WHO_SEAR,2012,31582
South-East Asia (WHO),WHO_SEAR,2013,24564
South-East Asia (WHO),WHO_SEAR,2014,42899
South-East Asia (WHO),WHO_SEAR,2015,48888
South-East Asia (WHO),WHO_SEAR,2016,27530
South-East Asia (WHO),WHO_SEAR,2017,28474
South-East Asia (WHO),WHO_SEAR,2018,34741
South-East Asia (WHO),WHO_SEAR,2019,29389
South-East Asia (WHO),WHO_SEAR,2020,9389
South-East Asia (WHO),WHO_SEAR,2021,6448
South-East Asia (WHO),WHO_SEAR,2022,49201
South-East Asia (WHO),WHO_SEAR,2023,85368
Spain,ESP,1974,147793
Spain,ESP,1975,179638
Spain,ESP,1976,133060
Spain,ESP,1977,129375
Spain,ESP,1978,129712
Spain,ESP,1979,93608
Spain,ESP,1980,145322
Spain,ESP,1981,146689
Spain,ESP,1982,159562
Spain,ESP,1983,304350
Spain,ESP,1984,38914
Spain,ESP,1985,80663
Spain,ESP,1986,220109
Spain,ESP,1987,35146
Spain,ESP,1988,22701
Spain,ESP,1989,32908
Spain,ESP,1990,21650
Spain,ESP,1991,24445
Spain,ESP,1992,24460
Spain,ESP,1993,11985
Spain,ESP,1994,6796
Spain,ESP,1995,8849
Spain,ESP,1996,4964
Spain,ESP,1997,1842
Spain,ESP,1998,446
Spain,ESP,1999,246
Spain,ESP,2000,152
Spain,ESP,2002,67
Spain,ESP,2003,256
Spain,ESP,2004,26
Spain,ESP,2005,22
Spain,ESP,2006,362
Spain,ESP,2007,267
Spain,ESP,2008,297
Spain,ESP,2009,41
Spain,ESP,2010,302
Spain,ESP,2011,3802
Spain,ESP,2012,1204
Spain,ESP,2013,131
Spain,ESP,2014,154
Spain,ESP,2015,115
Spain,ESP,2016,37
Spain,ESP,2017,161
Spain,ESP,2018,225
Spain,ESP,2019,288
Spain,ESP,2020,89
Spain,ESP,2021,2
Spain,ESP,2022,1
Spain,ESP,2023,15
Sri Lanka,LKA,1974,1580
Sri Lanka,LKA,1975,5000
Sri Lanka,LKA,1976,5639
Sri Lanka,LKA,1977,5814
Sri Lanka,LKA,1978,6128
Sri Lanka,LKA,1979,6126
Sri Lanka,LKA,1980,5032
Sri Lanka,LKA,1981,6232
Sri Lanka,LKA,1982,13273
Sri Lanka,LKA,1983,8171
Sri Lanka,LKA,1984,13215
Sri Lanka,LKA,1985,9398
Sri Lanka,LKA,1986,6235
Sri Lanka,LKA,1987,3508
Sri Lanka,LKA,1988,2630
Sri Lanka,LKA,1989,780
Sri Lanka,LKA,1990,4004
Sri Lanka,LKA,1991,1896
Sri Lanka,LKA,1992,701
Sri Lanka,LKA,1993,558
Sri Lanka,LKA,1994,566
Sri Lanka,LKA,1995,408
Sri Lanka,LKA,1996,158
Sri Lanka,LKA,1997,195
Sri Lanka,LKA,1998,177
Sri Lanka,LKA,1999,2417
Sri Lanka,LKA,2000,16527
Sri Lanka,LKA,2001,309
Sri Lanka,LKA,2002,139
Sri Lanka,LKA,2003,65
Sri Lanka,LKA,2004,35
Sri Lanka,LKA,2005,3
Sri Lanka,LKA,2006,0
Sri Lanka,LKA,2007,44
Sri Lanka,LKA,2008,33
Sri Lanka,LKA,2009,21
Sri Lanka,LKA,2010,79
Sri Lanka,LKA,2011,60
Sri Lanka,LKA,2012,51
Sri Lanka,LKA,2013,2107
Sri Lanka,LKA,2014,1686
Sri Lanka,LKA,2015,1568
Sri Lanka,LKA,2016,112
Sri Lanka,LKA,2017,1
Sri Lanka,LKA,2018,1
Sri Lanka,LKA,2019,49
Sri Lanka,LKA,2020,2
Sri Lanka,LKA,2022,0
Sri Lanka,LKA,2023,810
Sudan,SDN,1974,57507
Sudan,SDN,1975,58028
Sudan,SDN,1976,24542
Sudan,SDN,1977,35115
Sudan,SDN,1978,16426
Sudan,SDN,1979,44015
Sudan,SDN,1980,50168
Sudan,SDN,1981,64804
Sudan,SDN,1982,68171
Sudan,SDN,1983,2806
Sudan,SDN,1984,2390
Sudan,SDN,1985,67589
Sudan,SDN,1986,27136
Sudan,SDN,1987,1635
Sudan,SDN,1988,7466
Sudan,SDN,1989,15114
Sudan,SDN,1990,14075
Sudan,SDN,1991,30014
Sudan,SDN,1992,17017
Sudan,SDN,1993,683
Sudan,SDN,1994,963
Sudan,SDN,1995,841
Sudan,SDN,1996,2559
Sudan,SDN,1997,350
Sudan,SDN,1998,550
Sudan,SDN,1999,3347
Sudan,SDN,2000,2875
Sudan,SDN,2001,4362
Sudan,SDN,2002,4529
Sudan,SDN,2003,4381
Sudan,SDN,2004,9562
Sudan,SDN,2005,1374
Sudan,SDN,2006,228
Sudan,SDN,2007,327
Sudan,SDN,2008,129
Sudan,SDN,2009,68
Sudan,SDN,2010,680
Sudan,SDN,2011,5616
Sudan,SDN,2012,8523
Sudan,SDN,2013,2813
Sudan,SDN,2014,676
Sudan,SDN,2015,3585
Sudan,SDN,2016,1767
Sudan,SDN,2017,665
Sudan,SDN,2018,4980
Sudan,SDN,2019,3555
Sudan,SDN,2020,401
Sudan,SDN,2023,1377
Suriname,SUR,1974,0
Suriname,SUR,1976,143
Suriname,SUR,1978,0
Suriname,SUR,1979,0
Suriname,SUR,1980,254
Suriname,SUR,1981,716
Suriname,SUR,1982,647
Suriname,SUR,1983,17
Suriname,SUR,1984,40
Suriname,SUR,1985,110
Suriname,SUR,1986,37
Suriname,SUR,1987,5
Suriname,SUR,1988,68
Suriname,SUR,1989,0
Suriname,SUR,1990,35
Suriname,SUR,1991,0
Suriname,SUR,1992,0
Suriname,SUR,1993,0
Suriname,SUR,1994,0
Suriname,SUR,1995,0
Suriname,SUR,1996,0
Suriname,SUR,1997,0
Suriname,SUR,1998,0
Suriname,SUR,1999,0
Suriname,SUR,2000,0
Suriname,SUR,2001,0
Suriname,SUR,2002,0
Suriname,SUR,2003,0
Suriname,SUR,2004,0
Suriname,SUR,2005,0
Suriname,SUR,2006,0
Suriname,SUR,2007,0
Suriname,SUR,2008,0
Suriname,SUR,2009,0
Suriname,SUR,2010,0
Suriname,SUR,2011,0
Suriname,SUR,2012,0
Suriname,SUR,2013,0
Suriname,SUR,2014,0
Suriname,SUR,2015,0
Suriname,SUR,2016,0
Suriname,SUR,2017,0
Suriname,SUR,2018,0
Suriname,SUR,2019,0
Suriname,SUR,2020,0
Suriname,SUR,2021,0
Suriname,SUR,2022,0
Suriname,SUR,2023,0
Sweden,SWE,1974,7464
Sweden,SWE,1975,7841
Sweden,SWE,1976,8774
Sweden,SWE,1977,10313
Sweden,SWE,1978,6908
Sweden,SWE,1979,8668
Sweden,SWE,1980,1786
Sweden,SWE,1981,3540
Sweden,SWE,1982,6223
Sweden,SWE,1983,4626
Sweden,SWE,1984,1003
Sweden,SWE,1985,326
Sweden,SWE,1986,173
Sweden,SWE,1988,38
Sweden,SWE,1989,62
Sweden,SWE,1990,29
Sweden,SWE,1991,25
Sweden,SWE,1992,57
Sweden,SWE,1993,25
Sweden,SWE,1994,21
Sweden,SWE,1995,23
Sweden,SWE,1996,44
Sweden,SWE,1997,62
Sweden,SWE,2000,59
Sweden,SWE,2001,5
Sweden,SWE,2002,9
Sweden,SWE,2003,3
Sweden,SWE,2004,5
Sweden,SWE,2005,13
Sweden,SWE,2006,19
Sweden,SWE,2007,1
Sweden,SWE,2008,25
Sweden,SWE,2009,3
Sweden,SWE,2010,6
Sweden,SWE,2011,26
Sweden,SWE,2012,30
Sweden,SWE,2013,51
Sweden,SWE,2014,26
Sweden,SWE,2015,22
Sweden,SWE,2016,3
Sweden,SWE,2017,41
Sweden,SWE,2018,43
Sweden,SWE,2019,20
Sweden,SWE,2020,5
Sweden,SWE,2021,0
Sweden,SWE,2022,5
Sweden,SWE,2023,11
Switzerland,CHE,1987,7400
Switzerland,CHE,1988,7600
Switzerland,CHE,1989,2700
Switzerland,CHE,1990,1990
Switzerland,CHE,1991,2700
Switzerland,CHE,1992,4300
Switzerland,CHE,1993,3000
Switzerland,CHE,1994,1400
Switzerland,CHE,1995,1400
Switzerland,CHE,1996,2000
Switzerland,CHE,1997,6400
Switzerland,CHE,1998,2000
Switzerland,CHE,1999,800
Switzerland,CHE,2001,700
Switzerland,CHE,2003,574
Switzerland,CHE,2004,39
Switzerland,CHE,2005,60
Switzerland,CHE,2007,1015
Switzerland,CHE,2008,2022
Switzerland,CHE,2009,958
Switzerland,CHE,2010,77
Switzerland,CHE,2011,621
Switzerland,CHE,2012,61
Switzerland,CHE,2013,175
Switzerland,CHE,2014,23
Switzerland,CHE,2015,35
Switzerland,CHE,2016,65
Switzerland,CHE,2017,105
Switzerland,CHE,2018,50
Switzerland,CHE,2020,37
Switzerland,CHE,2021,0
Switzerland,CHE,2022,1
Switzerland,CHE,2023,52
Syria,SYR,1974,1981
Syria,SYR,1975,2057
Syria,SYR,1976,1054
Syria,SYR,1977,1492
Syria,SYR,1978,1062
Syria,SYR,1979,1664
Syria,SYR,1980,1478
Syria,SYR,1981,1729
Syria,SYR,1982,800
Syria,SYR,1983,879
Syria,SYR,1984,1405
Syria,SYR,1985,425
Syria,SYR,1986,2154
Syria,SYR,1987,292
Syria,SYR,1988,58
Syria,SYR,1989,729
Syria,SYR,1990,535
Syria,SYR,1991,359
Syria,SYR,1992,374
Syria,SYR,1993,2300
Syria,SYR,1994,1334
Syria,SYR,1995,1362
Syria,SYR,1996,2060
Syria,SYR,1997,6850
Syria,SYR,1998,5400
Syria,SYR,1999,3
Syria,SYR,2000,146
Syria,SYR,2001,290
Syria,SYR,2002,538
Syria,SYR,2003,801
Syria,SYR,2004,189
Syria,SYR,2005,375
Syria,SYR,2006,517
Syria,SYR,2007,403
Syria,SYR,2008,19
Syria,SYR,2009,22
Syria,SYR,2010,26
Syria,SYR,2011,13
Syria,SYR,2012,13
Syria,SYR,2013,740
Syria,SYR,2014,594
Syria,SYR,2015,45
Syria,SYR,2016,66
Syria,SYR,2017,737
Syria,SYR,2018,329
Syria,SYR,2019,27
Syria,SYR,2020,15
Syria,SYR,2021,11
Syria,SYR,2022,217
Syria,SYR,2023,744
Tajikistan,TJK,1990,6897
Tajikistan,TJK,1991,1241
Tajikistan,TJK,1992,2439
Tajikistan,TJK,1993,5045
Tajikistan,TJK,1994,531
Tajikistan,TJK,1995,56
Tajikistan,TJK,1996,42
Tajikistan,TJK,1997,3882
Tajikistan,TJK,1998,3070
Tajikistan,TJK,1999,177
Tajikistan,TJK,2000,192
Tajikistan,TJK,2001,38
Tajikistan,TJK,2002,927
Tajikistan,TJK,2003,2144
Tajikistan,TJK,2004,4
Tajikistan,TJK,2006,3
Tajikistan,TJK,2007,2
Tajikistan,TJK,2008,0
Tajikistan,TJK,2009,0
Tajikistan,TJK,2010,0
Tajikistan,TJK,2011,1
Tajikistan,TJK,2012,16
Tajikistan,TJK,2013,1
Tajikistan,TJK,2014,0
Tajikistan,TJK,2015,3
Tajikistan,TJK,2016,52
Tajikistan,TJK,2017,654
Tajikistan,TJK,2018,0
Tajikistan,TJK,2019,7
Tajikistan,TJK,2021,10
Tajikistan,TJK,2022,454
Tajikistan,TJK,2023,294
Tanzania,TZA,1976,33221
Tanzania,TZA,1977,67756
Tanzania,TZA,1978,83009
Tanzania,TZA,1979,66062
Tanzania,TZA,1980,63100
Tanzania,TZA,1981,79764
Tanzania,TZA,1982,102127
Tanzania,TZA,1983,68804
Tanzania,TZA,1984,39311
Tanzania,TZA,1985,46032
Tanzania,TZA,1986,38229
Tanzania,TZA,1987,42109
Tanzania,TZA,1988,14568
Tanzania,TZA,1989,7033
Tanzania,TZA,1990,14920
Tanzania,TZA,1991,27188
Tanzania,TZA,1992,13040
Tanzania,TZA,1993,16471
Tanzania,TZA,1994,3558
Tanzania,TZA,1995,3160
Tanzania,TZA,1996,10676
Tanzania,TZA,1997,7287
Tanzania,TZA,1998,10023
Tanzania,TZA,1999,5887
Tanzania,TZA,2000,14649
Tanzania,TZA,2001,11847
Tanzania,TZA,2002,5131
Tanzania,TZA,2003,1673
Tanzania,TZA,2004,1419
Tanzania,TZA,2005,23
Tanzania,TZA,2006,2362
Tanzania,TZA,2007,7726
Tanzania,TZA,2008,3413
Tanzania,TZA,2009,1574
Tanzania,TZA,2010,167
Tanzania,TZA,2011,1622
Tanzania,TZA,2012,1668
Tanzania,TZA,2013,185
Tanzania,TZA,2014,88
Tanzania,TZA,2015,30
Tanzania,TZA,2016,33
Tanzania,TZA,2017,852
Tanzania,TZA,2018,74
Tanzania,TZA,2019,120
Tanzania,TZA,2020,127
Tanzania,TZA,2021,0
Tanzania,TZA,2022,612
Tanzania,TZA,2023,2887
Thailand,THA,1974,2739
Thailand,THA,1975,3392
Thailand,THA,1976,5538
Thailand,THA,1977,8775
Thailand,THA,1978,8502
Thailand,THA,1979,13151
Thailand,THA,1980,16795
Thailand,THA,1981,24298
Thailand,THA,1982,27691
Thailand,THA,1983,34713
Thailand,THA,1984,47205
Thailand,THA,1985,32156
Thailand,THA,1986,19545
Thailand,THA,1987,42172
Thailand,THA,1988,36092
Thailand,THA,1989,14862
Thailand,THA,1990,29244
Thailand,THA,1991,26709
Thailand,THA,1992,7892
Thailand,THA,1993,17851
Thailand,THA,1994,38659
Thailand,THA,1995,11112
Thailand,THA,1996,5757
Thailand,THA,1997,15122
Thailand,THA,1998,13734
Thailand,THA,1999,3167
Thailand,THA,2000,4074
Thailand,THA,2001,7319
Thailand,THA,2002,10315
Thailand,THA,2003,4519
Thailand,THA,2004,4165
Thailand,THA,2005,3526
Thailand,THA,2006,3588
Thailand,THA,2007,3893
Thailand,THA,2008,7790
Thailand,THA,2009,6071
Thailand,THA,2010,2583
Thailand,THA,2011,3156
Thailand,THA,2012,5197
Thailand,THA,2013,2641
Thailand,THA,2015,154
Thailand,THA,2016,652
Thailand,THA,2017,1946
Thailand,THA,2018,6035
Thailand,THA,2019,5412
Thailand,THA,2022,64
Thailand,THA,2023,64
Togo,TGO,1974,19020
Togo,TGO,1975,24304
Togo,TGO,1976,26018
Togo,TGO,1977,23057
Togo,TGO,1978,37445
Togo,TGO,1979,18356
Togo,TGO,1980,33960
Togo,TGO,1981,19043
Togo,TGO,1982,21925
Togo,TGO,1983,19403
Togo,TGO,1984,25869
Togo,TGO,1985,25729
Togo,TGO,1986,13119
Togo,TGO,1987,10111
Togo,TGO,1988,17577
Togo,TGO,1989,3499
Togo,TGO,1990,4548
Togo,TGO,1991,9934
Togo,TGO,1992,6959
Togo,TGO,1993,4017
Togo,TGO,1994,7298
Togo,TGO,1995,6144
Togo,TGO,1996,223
Togo,TGO,1997,450
Togo,TGO,1998,3771
Togo,TGO,1999,2540
Togo,TGO,2000,3578
Togo,TGO,2001,1833
Togo,TGO,2002,363
Togo,TGO,2003,295
Togo,TGO,2004,61
Togo,TGO,2005,38
Togo,TGO,2006,26
Togo,TGO,2007,8
Togo,TGO,2008,187
Togo,TGO,2009,425
Togo,TGO,2010,120
Togo,TGO,2011,187
Togo,TGO,2012,238
Togo,TGO,2013,564
Togo,TGO,2014,577
Togo,TGO,2015,20
Togo,TGO,2016,15
Togo,TGO,2017,46
Togo,TGO,2018,38
Togo,TGO,2019,69
Togo,TGO,2020,91
Togo,TGO,2021,82
Togo,TGO,2022,722
Togo,TGO,2023,686
Tokelau,TKL,1975,0
Tokelau,TKL,1976,1841
Tokelau,TKL,1977,0
Tokelau,TKL,1978,0
Tokelau,TKL,1979,0
Tokelau,TKL,1980,0
Tokelau,TKL,1981,0
Tokelau,TKL,1982,0
Tokelau,TKL,1983,1
Tokelau,TKL,1984,0
Tokelau,TKL,1985,41
Tokelau,TKL,1986,1
Tokelau,TKL,1987,0
Tokelau,TKL,1988,0
Tokelau,TKL,1989,0
Tokelau,TKL,1990,0
Tokelau,TKL,1991,0
Tokelau,TKL,1992,0
Tokelau,TKL,1993,0
Tokelau,TKL,1995,0
Tokelau,TKL,1996,0
Tokelau,TKL,1997,0
Tokelau,TKL,1998,0
Tokelau,TKL,1999,0
Tokelau,TKL,2000,0
Tokelau,TKL,2001,0
Tokelau,TKL,2003,0
Tokelau,TKL,2004,0
Tokelau,TKL,2005,0
Tokelau,TKL,2009,0
Tokelau,TKL,2010,0
Tokelau,TKL,2011,0
Tokelau,TKL,2017,5
Tokelau,TKL,2018,0
Tokelau,TKL,2019,0
Tonga,TON,1974,34
Tonga,TON,1975,0
Tonga,TON,1976,2487
Tonga,TON,1977,84
Tonga,TON,1978,17
Tonga,TON,1979,523
Tonga,TON,1980,2336
Tonga,TON,1981,187
Tonga,TON,1982,19
Tonga,TON,1983,36
Tonga,TON,1984,5
Tonga,TON,1985,412
Tonga,TON,1986,233
Tonga,TON,1987,0
Tonga,TON,1988,0
Tonga,TON,1989,25
Tonga,TON,1990,65
Tonga,TON,1991,18
Tonga,TON,1992,10
Tonga,TON,1993,0
Tonga,TON,1995,0
Tonga,TON,1996,0
Tonga,TON,1997,1081
Tonga,TON,1998,36
Tonga,TON,1999,6
Tonga,TON,2000,0
Tonga,TON,2001,4
Tonga,TON,2002,0
Tonga,TON,2003,0
Tonga,TON,2004,0
Tonga,TON,2005,0
Tonga,TON,2006,0
Tonga,TON,2007,0
Tonga,TON,2008,0
Tonga,TON,2009,0
Tonga,TON,2010,0
Tonga,TON,2011,0
Tonga,TON,2012,0
Tonga,TON,2013,0
Tonga,TON,2016,0
Tonga,TON,2017,0
Tonga,TON,2018,0
Tonga,TON,2019,659
Tonga,TON,2023,12
Trinidad and Tobago,TTO,1974,219
Trinidad and Tobago,TTO,1975,244
Trinidad and Tobago,TTO,1976,589
Trinidad and Tobago,TTO,1977,1602
Trinidad and Tobago,TTO,1978,775
Trinidad and Tobago,TTO,1979,394
Trinidad and Tobago,TTO,1980,384
Trinidad and Tobago,TTO,1981,3601
Trinidad and Tobago,TTO,1982,1284
Trinidad and Tobago,TTO,1983,2392
Trinidad and Tobago,TTO,1984,3556
Trinidad and Tobago,TTO,1985,3549
Trinidad and Tobago,TTO,1986,2660
Trinidad and Tobago,TTO,1987,441
Trinidad and Tobago,TTO,1988,388
Trinidad and Tobago,TTO,1989,2170
Trinidad and Tobago,TTO,1990,511
Trinidad and Tobago,TTO,1991,141
Trinidad and Tobago,TTO,1992,0
Trinidad and Tobago,TTO,1993,0
Trinidad and Tobago,TTO,1994,0
Trinidad and Tobago,TTO,1995,0
Trinidad and Tobago,TTO,1996,0
Trinidad and Tobago,TTO,1997,1
Trinidad and Tobago,TTO,1998,0
Trinidad and Tobago,TTO,1999,0
Trinidad and Tobago,TTO,2000,0
Trinidad and Tobago,TTO,2001,0
Trinidad and Tobago,TTO,2002,0
Trinidad and Tobago,TTO,2003,0
Trinidad and Tobago,TTO,2004,0
Trinidad and Tobago,TTO,2005,0
Trinidad and Tobago,TTO,2006,0
Trinidad and Tobago,TTO,2007,0
Trinidad and Tobago,TTO,2008,0
Trinidad and Tobago,TTO,2009,0
Trinidad and Tobago,TTO,2010,0
Trinidad and Tobago,TTO,2011,0
Trinidad and Tobago,TTO,2012,0
Trinidad and Tobago,TTO,2013,0
Trinidad and Tobago,TTO,2014,0
Trinidad and Tobago,TTO,2015,0
Trinidad and Tobago,TTO,2016,0
Trinidad and Tobago,TTO,2017,0
Trinidad and Tobago,TTO,2018,0
Trinidad and Tobago,TTO,2019,0
Trinidad and Tobago,TTO,2020,0
Trinidad and Tobago,TTO,2021,0
Trinidad and Tobago,TTO,2023,0
Tunisia,TUN,1978,250
Tunisia,TUN,1979,351
Tunisia,TUN,1980,225
Tunisia,TUN,1981,3007
Tunisia,TUN,1982,1828
Tunisia,TUN,1983,1464
Tunisia,TUN,1984,2481
Tunisia,TUN,1985,4766
Tunisia,TUN,1986,3740
Tunisia,TUN,1987,573
Tunisia,TUN,1988,288
Tunisia,TUN,1989,1147
Tunisia,TUN,1990,547
Tunisia,TUN,1991,1250
Tunisia,TUN,1992,11872
Tunisia,TUN,1993,1413
Tunisia,TUN,1994,597
Tunisia,TUN,1995,676
Tunisia,TUN,1996,533
Tunisia,TUN,1997,371
Tunisia,TUN,1998,123
Tunisia,TUN,1999,101
Tunisia,TUN,2000,47
Tunisia,TUN,2001,231
Tunisia,TUN,2002,98
Tunisia,TUN,2003,22
Tunisia,TUN,2004,1
Tunisia,TUN,2005,15
Tunisia,TUN,2006,3
Tunisia,TUN,2007,4
Tunisia,TUN,2008,2
Tunisia,TUN,2009,1
Tunisia,TUN,2010,1
Tunisia,TUN,2011,11
Tunisia,TUN,2012,48
Tunisia,TUN,2013,16
Tunisia,TUN,2014,15
Tunisia,TUN,2015,16
Tunisia,TUN,2016,7
Tunisia,TUN,2017,5
Tunisia,TUN,2018,13
Tunisia,TUN,2019,4669
Tunisia,TUN,2020,20
Tunisia,TUN,2021,7
Tunisia,TUN,2022,11
Tunisia,TUN,2023,10
Turkey,TUR,1974,12836
Turkey,TUR,1975,24347
Turkey,TUR,1976,21740
Turkey,TUR,1977,16123
Turkey,TUR,1978,12517
Turkey,TUR,1979,11471
Turkey,TUR,1980,8618
Turkey,TUR,1981,26547
Turkey,TUR,1982,8778
Turkey,TUR,1983,31515
Turkey,TUR,1984,30666
Turkey,TUR,1985,14695
Turkey,TUR,1986,2267
Turkey,TUR,1987,2194
Turkey,TUR,1988,9279
Turkey,TUR,1989,19273
Turkey,TUR,1990,11372
Turkey,TUR,1991,22521
Turkey,TUR,1992,24626
Turkey,TUR,1993,34285
Turkey,TUR,1994,23733
Turkey,TUR,1995,13544
Turkey,TUR,1996,27171
Turkey,TUR,1997,22795
Turkey,TUR,1998,27120
Turkey,TUR,1999,16329
Turkey,TUR,2000,16244
Turkey,TUR,2001,30509
Turkey,TUR,2002,7823
Turkey,TUR,2003,5844
Turkey,TUR,2004,8927
Turkey,TUR,2005,6200
Turkey,TUR,2006,34
Turkey,TUR,2007,3
Turkey,TUR,2008,0
Turkey,TUR,2009,4
Turkey,TUR,2010,7
Turkey,TUR,2011,111
Turkey,TUR,2012,349
Turkey,TUR,2013,7405
Turkey,TUR,2014,565
Turkey,TUR,2015,342
Turkey,TUR,2016,9
Turkey,TUR,2017,84
Turkey,TUR,2018,716
Turkey,TUR,2019,2904
Turkey,TUR,2022,103
Turkmenistan,TKM,1990,2806
Turkmenistan,TKM,1991,1346
Turkmenistan,TKM,1992,692
Turkmenistan,TKM,1993,2486
Turkmenistan,TKM,1994,2613
Turkmenistan,TKM,1995,393
Turkmenistan,TKM,1996,96
Turkmenistan,TKM,1997,377
Turkmenistan,TKM,1998,1035
Turkmenistan,TKM,1999,452
Turkmenistan,TKM,2000,113
Turkmenistan,TKM,2001,9
Turkmenistan,TKM,2002,11
Turkmenistan,TKM,2003,1
Turkmenistan,TKM,2004,1
Turkmenistan,TKM,2005,0
Turkmenistan,TKM,2006,48
Turkmenistan,TKM,2007,59
Turkmenistan,TKM,2008,0
Turkmenistan,TKM,2009,0
Turkmenistan,TKM,2010,0
Turkmenistan,TKM,2011,0
Turkmenistan,TKM,2012,0
Turkmenistan,TKM,2013,0
Turkmenistan,TKM,2014,0
Turkmenistan,TKM,2015,0
Turkmenistan,TKM,2016,0
Turkmenistan,TKM,2017,0
Turkmenistan,TKM,2018,0
Turkmenistan,TKM,2019,0
Turkmenistan,TKM,2021,0
Turkmenistan,TKM,2022,0
Turkmenistan,TKM,2023,0
Turks and Caicos Islands,TCA,1976,1
Turks and Caicos Islands,TCA,1977,26
Turks and Caicos Islands,TCA,1978,10
Turks and Caicos Islands,TCA,1979,0
Turks and Caicos Islands,TCA,1980,4
Turks and Caicos Islands,TCA,1981,16
Turks and Caicos Islands,TCA,1982,3
Turks and Caicos Islands,TCA,1983,100
Turks and Caicos Islands,TCA,1984,6
Turks and Caicos Islands,TCA,1985,2
Turks and Caicos Islands,TCA,1986,0
Turks and Caicos Islands,TCA,1987,0
Turks and Caicos Islands,TCA,1988,0
Turks and Caicos Islands,TCA,1989,0
Turks and Caicos Islands,TCA,1990,2
Turks and Caicos Islands,TCA,1991,8
Turks and Caicos Islands,TCA,1992,0
Turks and Caicos Islands,TCA,1993,0
Turks and Caicos Islands,TCA,1994,0
Turks and Caicos Islands,TCA,1995,4
Turks and Caicos Islands,TCA,1996,0
Turks and Caicos Islands,TCA,1997,0
Turks and Caicos Islands,TCA,1998,0
Turks and Caicos Islands,TCA,1999,0
Turks and Caicos Islands,TCA,2000,0
Turks and Caicos Islands,TCA,2001,0
Turks and Caicos Islands,TCA,2002,0
Turks and Caicos Islands,TCA,2003,0
Turks and Caicos Islands,TCA,2017,0
Turks and Caicos Islands,TCA,2018,0
Turks and Caicos Islands,TCA,2019,0
Turks and Caicos Islands,TCA,2020,0
Turks and Caicos Islands,TCA,2021,0
Turks and Caicos Islands,TCA,2022,0
Turks and Caicos Islands,TCA,2023,0
Tuvalu,TUV,1975,0
Tuvalu,TUV,1976,1
Tuvalu,TUV,1977,0
Tuvalu,TUV,1978,0
Tuvalu,TUV,1979,94
Tuvalu,TUV,1980,509
Tuvalu,TUV,1981,3
Tuvalu,TUV,1982,20
Tuvalu,TUV,1983,0
Tuvalu,TUV,1984,2
Tuvalu,TUV,1985,0
Tuvalu,TUV,1986,0
Tuvalu,TUV,1987,284
Tuvalu,TUV,1988,0
Tuvalu,TUV,1989,0
Tuvalu,TUV,1991,0
Tuvalu,TUV,1992,1
Tuvalu,TUV,1993,0
Tuvalu,TUV,1994,0
Tuvalu,TUV,1995,1
Tuvalu,TUV,1996,51
Tuvalu,TUV,1997,14
Tuvalu,TUV,1999,0
Tuvalu,TUV,2001,0
Tuvalu,TUV,2002,0
Tuvalu,TUV,2003,0
Tuvalu,TUV,2004,0
Tuvalu,TUV,2005,0
Tuvalu,TUV,2006,0
Tuvalu,TUV,2007,0
Tuvalu,TUV,2008,0
Tuvalu,TUV,2009,0
Tuvalu,TUV,2010,0
Tuvalu,TUV,2011,0
Tuvalu,TUV,2012,0
Tuvalu,TUV,2019,0
Uganda,UGA,1974,3643
Uganda,UGA,1975,6802
Uganda,UGA,1976,12828
Uganda,UGA,1977,26879
Uganda,UGA,1978,17877
Uganda,UGA,1979,2571
Uganda,UGA,1980,13415
Uganda,UGA,1981,18630
Uganda,UGA,1982,11408
Uganda,UGA,1983,43016
Uganda,UGA,1984,20072
Uganda,UGA,1988,1666
Uganda,UGA,1989,660
Uganda,UGA,1990,2637
Uganda,UGA,1992,36511
Uganda,UGA,1994,49815
Uganda,UGA,1995,42659
Uganda,UGA,1996,26198
Uganda,UGA,1997,12562
Uganda,UGA,1998,42528
Uganda,UGA,1999,42737
Uganda,UGA,2000,42554
Uganda,UGA,2001,48543
Uganda,UGA,2002,49871
Uganda,UGA,2003,29429
Uganda,UGA,2004,141
Uganda,UGA,2005,22
Uganda,UGA,2006,5736
Uganda,UGA,2007,3776
Uganda,UGA,2008,1319
Uganda,UGA,2009,1601
Uganda,UGA,2010,1313
Uganda,UGA,2011,3312
Uganda,UGA,2012,2027
Uganda,UGA,2013,7878
Uganda,UGA,2014,314
Uganda,UGA,2015,478
Uganda,UGA,2016,139
Uganda,UGA,2017,1021
Uganda,UGA,2018,2627
Uganda,UGA,2019,920
Uganda,UGA,2020,314
Uganda,UGA,2021,606
Uganda,UGA,2022,52
Uganda,UGA,2023,399
Ukraine,UKR,1990,6841
Ukraine,UKR,1991,5321
Ukraine,UKR,1992,13289
Ukraine,UKR,1993,23452
Ukraine,UKR,1994,9837
Ukraine,UKR,1995,1923
Ukraine,UKR,1996,8678
Ukraine,UKR,1997,7000
Ukraine,UKR,1998,5107
Ukraine,UKR,1999,1389
Ukraine,UKR,2000,817
Ukraine,UKR,2001,16970
Ukraine,UKR,2002,7587
Ukraine,UKR,2003,411
Ukraine,UKR,2004,146
Ukraine,UKR,2005,2392
Ukraine,UKR,2006,42724
Ukraine,UKR,2007,1005
Ukraine,UKR,2008,48
Ukraine,UKR,2010,39
Ukraine,UKR,2011,1333
Ukraine,UKR,2012,12746
Ukraine,UKR,2015,105
Ukraine,UKR,2016,102
Ukraine,UKR,2017,4782
Ukraine,UKR,2018,53219
Ukraine,UKR,2019,57282
Ukraine,UKR,2020,264
Ukraine,UKR,2021,16
Ukraine,UKR,2022,11
Ukraine,UKR,2023,66
United Arab Emirates,ARE,1974,555
United Arab Emirates,ARE,1975,399
United Arab Emirates,ARE,1976,897
United Arab Emirates,ARE,1977,1056
United Arab Emirates,ARE,1978,1973
United Arab Emirates,ARE,1979,1616
United Arab Emirates,ARE,1980,2796
United Arab Emirates,ARE,1981,2820
United Arab Emirates,ARE,1982,1691
United Arab Emirates,ARE,1983,2105
United Arab Emirates,ARE,1984,1749
United Arab Emirates,ARE,1985,2400
United Arab Emirates,ARE,1986,2158
United Arab Emirates,ARE,1987,2913
United Arab Emirates,ARE,1988,1187
United Arab Emirates,ARE,1989,1068
United Arab Emirates,ARE,1990,1187
United Arab Emirates,ARE,1991,1148
United Arab Emirates,ARE,1992,1063
United Arab Emirates,ARE,1993,745
United Arab Emirates,ARE,1994,518
United Arab Emirates,ARE,1995,671
United Arab Emirates,ARE,1996,425
United Arab Emirates,ARE,1997,243
United Arab Emirates,ARE,1998,296
United Arab Emirates,ARE,1999,117
United Arab Emirates,ARE,2000,69
United Arab Emirates,ARE,2001,30
United Arab Emirates,ARE,2002,53
United Arab Emirates,ARE,2003,42
United Arab Emirates,ARE,2004,22
United Arab Emirates,ARE,2005,29
United Arab Emirates,ARE,2008,55
United Arab Emirates,ARE,2010,87
United Arab Emirates,ARE,2012,132
United Arab Emirates,ARE,2014,344
United Arab Emirates,ARE,2015,347
United Arab Emirates,ARE,2016,223
United Arab Emirates,ARE,2017,121
United Arab Emirates,ARE,2018,172
United Arab Emirates,ARE,2019,187
United Arab Emirates,ARE,2020,50
United Arab Emirates,ARE,2021,35
United Arab Emirates,ARE,2022,98
United Arab Emirates,ARE,2023,484
United Kingdom,GBR,1974,118672
United Kingdom,GBR,1975,158619
United Kingdom,GBR,1976,68422
United Kingdom,GBR,1977,190393
United Kingdom,GBR,1978,133811
United Kingdom,GBR,1979,93371
United Kingdom,GBR,1980,147962
United Kingdom,GBR,1981,61779
United Kingdom,GBR,1982,105642
United Kingdom,GBR,1983,114948
United Kingdom,GBR,1984,67632
United Kingdom,GBR,1985,104774
United Kingdom,GBR,1986,90214
United Kingdom,GBR,1987,44850
United Kingdom,GBR,1988,88259
United Kingdom,GBR,1989,30160
United Kingdom,GBR,1990,28228
United Kingdom,GBR,1991,11727
United Kingdom,GBR,1992,12317
United Kingdom,GBR,1993,12018
United Kingdom,GBR,1994,23525
United Kingdom,GBR,1995,9017
United Kingdom,GBR,1996,6866
United Kingdom,GBR,1997,4844
United Kingdom,GBR,1998,74
United Kingdom,GBR,2000,104
United Kingdom,GBR,2001,73
United Kingdom,GBR,2002,314
United Kingdom,GBR,2003,460
United Kingdom,GBR,2004,189
United Kingdom,GBR,2005,79
United Kingdom,GBR,2006,764
United Kingdom,GBR,2007,1022
United Kingdom,GBR,2008,1445
United Kingdom,GBR,2009,1212
United Kingdom,GBR,2010,443
United Kingdom,GBR,2011,1112
United Kingdom,GBR,2012,2092
United Kingdom,GBR,2013,1919
United Kingdom,GBR,2014,133
United Kingdom,GBR,2015,91
United Kingdom,GBR,2016,558
United Kingdom,GBR,2017,364
United Kingdom,GBR,2018,1216
United Kingdom,GBR,2019,1092
United Kingdom,GBR,2020,95
United Kingdom,GBR,2021,2
United Kingdom,GBR,2022,63
United Kingdom,GBR,2023,493
United States,USA,1974,22094
United States,USA,1975,24374
United States,USA,1976,41126
United States,USA,1977,57345
United States,USA,1978,26871
United States,USA,1979,13597
United States,USA,1980,13506
United States,USA,1981,3124
United States,USA,1982,1714
United States,USA,1983,1497
United States,USA,1984,2587
United States,USA,1985,2822
United States,USA,1986,6282
United States,USA,1987,3655
United States,USA,1988,3396
United States,USA,1989,18193
United States,USA,1990,27786
United States,USA,1991,9643
United States,USA,1992,2231
United States,USA,1993,312
United States,USA,1994,958
United States,USA,1995,309
United States,USA,1996,489
United States,USA,1997,138
United States,USA,1998,100
United States,USA,1999,100
United States,USA,2000,85
United States,USA,2001,116
United States,USA,2002,41
United States,USA,2003,56
United States,USA,2004,37
United States,USA,2005,66
United States,USA,2006,55
United States,USA,2007,43
United States,USA,2008,140
United States,USA,2009,71
United States,USA,2010,63
United States,USA,2011,220
United States,USA,2012,55
United States,USA,2013,187
United States,USA,2014,667
United States,USA,2015,188
United States,USA,2016,85
United States,USA,2017,120
United States,USA,2018,375
United States,USA,2020,1275
United States,USA,2021,14
Uruguay,URY,1974,4456
Uruguay,URY,1975,5754
Uruguay,URY,1976,1356
Uruguay,URY,1977,5178
Uruguay,URY,1978,552
Uruguay,URY,1979,1226
Uruguay,URY,1980,141
Uruguay,URY,1981,15465
Uruguay,URY,1982,135
Uruguay,URY,1983,18
Uruguay,URY,1984,352
Uruguay,URY,1985,160
Uruguay,URY,1986,198
Uruguay,URY,1987,1190
Uruguay,URY,1988,76
Uruguay,URY,1989,20
Uruguay,URY,1990,110
Uruguay,URY,1991,2040
Uruguay,URY,1992,187
Uruguay,URY,1993,16
Uruguay,URY,1994,0
Uruguay,URY,1995,5
Uruguay,URY,1996,2
Uruguay,URY,1997,2
Uruguay,URY,1998,6
Uruguay,URY,1999,34
Uruguay,URY,2000,0
Uruguay,URY,2001,0
Uruguay,URY,2002,0
Uruguay,URY,2003,0
Uruguay,URY,2004,0
Uruguay,URY,2005,0
Uruguay,URY,2006,0
Uruguay,URY,2007,0
Uruguay,URY,2008,0
Uruguay,URY,2009,0
Uruguay,URY,2010,0
Uruguay,URY,2011,0
Uruguay,URY,2012,0
Uruguay,URY,2013,0
Uruguay,URY,2014,0
Uruguay,URY,2015,0
Uruguay,URY,2016,0
Uruguay,URY,2017,0
Uruguay,URY,2018,0
Uruguay,URY,2019,9
Uruguay,URY,2020,2
Uruguay,URY,2021,0
Uruguay,URY,2022,0
Uruguay,URY,2023,0
Uzbekistan,UZB,1990,3943
Uzbekistan,UZB,1991,3878
Uzbekistan,UZB,1992,2020
Uzbekistan,UZB,1993,2354
Uzbekistan,UZB,1994,1661
Uzbekistan,UZB,1995,294
Uzbekistan,UZB,1996,228
Uzbekistan,UZB,1997,261
Uzbekistan,UZB,1998,875
Uzbekistan,UZB,1999,1193
Uzbekistan,UZB,2000,80
Uzbekistan,UZB,2001,22
Uzbekistan,UZB,2002,25
Uzbekistan,UZB,2003,85
Uzbekistan,UZB,2004,75
Uzbekistan,UZB,2005,737
Uzbekistan,UZB,2006,823
Uzbekistan,UZB,2007,863
Uzbekistan,UZB,2008,2
Uzbekistan,UZB,2009,0
Uzbekistan,UZB,2010,117
Uzbekistan,UZB,2011,476
Uzbekistan,UZB,2013,0
Uzbekistan,UZB,2014,8
Uzbekistan,UZB,2015,22
Uzbekistan,UZB,2016,1
Uzbekistan,UZB,2017,0
Uzbekistan,UZB,2018,22
Uzbekistan,UZB,2019,1672
Uzbekistan,UZB,2020,4103
Uzbekistan,UZB,2021,0
Uzbekistan,UZB,2022,7
Uzbekistan,UZB,2023,1176
Vanuatu,VUT,1975,129
Vanuatu,VUT,1976,24
Vanuatu,VUT,1977,1133
Vanuatu,VUT,1978,378
Vanuatu,VUT,1979,7
Vanuatu,VUT,1980,39
Vanuatu,VUT,1981,45
Vanuatu,VUT,1982,832
Vanuatu,VUT,1983,401
Vanuatu,VUT,1984,1634
Vanuatu,VUT,1985,940
Vanuatu,VUT,1986,1064
Vanuatu,VUT,1987,253
Vanuatu,VUT,1988,140
Vanuatu,VUT,1989,169
Vanuatu,VUT,1990,67
Vanuatu,VUT,1991,541
Vanuatu,VUT,1992,154
Vanuatu,VUT,1993,67
Vanuatu,VUT,1994,27
Vanuatu,VUT,1995,27
Vanuatu,VUT,1996,4
Vanuatu,VUT,1997,113
Vanuatu,VUT,1999,12
Vanuatu,VUT,2000,9
Vanuatu,VUT,2001,7
Vanuatu,VUT,2002,101
Vanuatu,VUT,2003,165
Vanuatu,VUT,2005,3
Vanuatu,VUT,2006,0
Vanuatu,VUT,2007,0
Vanuatu,VUT,2008,0
Vanuatu,VUT,2009,0
Vanuatu,VUT,2010,0
Vanuatu,VUT,2011,0
Vanuatu,VUT,2012,0
Vanuatu,VUT,2013,0
Vanuatu,VUT,2014,10
Vanuatu,VUT,2015,39
Vanuatu,VUT,2018,0
Vanuatu,VUT,2019,0
Vanuatu,VUT,2020,0
Vanuatu,VUT,2021,0
Vanuatu,VUT,2022,0
Vanuatu,VUT,2023,0
Venezuela,VEN,1974,33454
Venezuela,VEN,1975,34796
Venezuela,VEN,1976,23268
Venezuela,VEN,1977,13330
Venezuela,VEN,1978,18568
Venezuela,VEN,1979,21691
Venezuela,VEN,1980,9750
Venezuela,VEN,1981,31255
Venezuela,VEN,1982,14200
Venezuela,VEN,1983,11263
Venezuela,VEN,1984,11833
Venezuela,VEN,1985,21974
Venezuela,VEN,1986,14026
Venezuela,VEN,1987,19261
Venezuela,VEN,1988,12339
Venezuela,VEN,1989,10160
Venezuela,VEN,1990,9881
Venezuela,VEN,1991,15273
Venezuela,VEN,1992,11949
Venezuela,VEN,1993,20244
Venezuela,VEN,1994,15364
Venezuela,VEN,1995,172
Venezuela,VEN,1996,89
Venezuela,VEN,1997,27
Venezuela,VEN,1998,4
Venezuela,VEN,1999,0
Venezuela,VEN,2000,22
Venezuela,VEN,2001,115
Venezuela,VEN,2002,2392
Venezuela,VEN,2003,0
Venezuela,VEN,2004,0
Venezuela,VEN,2005,0
Venezuela,VEN,2006,78
Venezuela,VEN,2007,32
Venezuela,VEN,2008,0
Venezuela,VEN,2009,0
Venezuela,VEN,2010,0
Venezuela,VEN,2011,0
Venezuela,VEN,2012,1
Venezuela,VEN,2013,0
Venezuela,VEN,2014,0
Venezuela,VEN,2015,0
Venezuela,VEN,2016,0
Venezuela,VEN,2017,727
Venezuela,VEN,2018,5667
Venezuela,VEN,2019,548
Venezuela,VEN,2020,0
Venezuela,VEN,2021,0
Venezuela,VEN,2023,0
Vietnam,VNM,1974,26975
Vietnam,VNM,1975,63896
Vietnam,VNM,1976,71011
Vietnam,VNM,1977,122558
Vietnam,VNM,1978,115034
Vietnam,VNM,1979,117560
Vietnam,VNM,1980,86901
Vietnam,VNM,1981,62400
Vietnam,VNM,1982,72466
Vietnam,VNM,1983,125176
Vietnam,VNM,1984,87796
Vietnam,VNM,1985,82231
Vietnam,VNM,1986,68463
Vietnam,VNM,1987,30460
Vietnam,VNM,1988,23308
Vietnam,VNM,1989,22332
Vietnam,VNM,1990,8175
Vietnam,VNM,1991,9874
Vietnam,VNM,1992,11830
Vietnam,VNM,1993,12015
Vietnam,VNM,1994,11853
Vietnam,VNM,1995,6171
Vietnam,VNM,1996,5156
Vietnam,VNM,1997,6507
Vietnam,VNM,1998,11690
Vietnam,VNM,1999,14134
Vietnam,VNM,2000,16512
Vietnam,VNM,2001,12058
Vietnam,VNM,2002,6755
Vietnam,VNM,2003,2297
Vietnam,VNM,2004,217
Vietnam,VNM,2005,410
Vietnam,VNM,2006,1978
Vietnam,VNM,2007,17
Vietnam,VNM,2008,352
Vietnam,VNM,2009,6582
Vietnam,VNM,2010,2809
Vietnam,VNM,2011,750
Vietnam,VNM,2012,578
Vietnam,VNM,2013,1123
Vietnam,VNM,2014,15033
Vietnam,VNM,2015,256
Vietnam,VNM,2016,46
Vietnam,VNM,2017,227
Vietnam,VNM,2018,2256
Vietnam,VNM,2019,14156
Vietnam,VNM,2020,846
Vietnam,VNM,2021,162
Vietnam,VNM,2022,23
Vietnam,VNM,2023,43
Wallis and Futuna Islands,,1975,0
Wallis and Futuna Islands,,1976,155
Wallis and Futuna Islands,,1977,48
Wallis and Futuna Islands,,1978,7
Wallis and Futuna Islands,,1979,0
Wallis and Futuna Islands,,1980,342
Wallis and Futuna Islands,,1981,18
Wallis and Futuna Islands,,1982,87
Wallis and Futuna Islands,,1983,65
Wallis and Futuna Islands,,1984,4
Wallis and Futuna Islands,,1988,0
Wallis and Futuna Islands,,1989,0
Wallis and Futuna Islands,,1992,0
Wallis and Futuna Islands,,1993,9
Wallis and Futuna Islands,,1994,9
Wallis and Futuna Islands,,1995,13
Wallis and Futuna Islands,,1997,0
Wallis and Futuna Islands,,1998,0
Wallis and Futuna Islands,,1999,0
Wallis and Futuna Islands,,2000,0
Wallis and Futuna Islands,,2003,0
Wallis and Futuna Islands,,2007,0
Wallis and Futuna Islands,,2012,0
Wallis and Futuna Islands,,2013,0
Wallis and Futuna Islands,,2018,0
Western Pacific (WHO),WHO_WPAC,1980,1319640
Western Pacific (WHO),WHO_WPAC,1981,1192731
Western Pacific (WHO),WHO_WPAC,1982,1102419
Western Pacific (WHO),WHO_WPAC,1983,993945
Western Pacific (WHO),WHO_WPAC,1984,891403
Western Pacific (WHO),WHO_WPAC,1985,630303
Western Pacific (WHO),WHO_WPAC,1986,379516
Western Pacific (WHO),WHO_WPAC,1987,255178
Western Pacific (WHO),WHO_WPAC,1988,216950
Western Pacific (WHO),WHO_WPAC,1989,222264
Western Pacific (WHO),WHO_WPAC,1990,155490
Western Pacific (WHO),WHO_WPAC,1991,186696
Western Pacific (WHO),WHO_WPAC,1992,210250
Western Pacific (WHO),WHO_WPAC,1993,157479
Western Pacific (WHO),WHO_WPAC,1994,115237
Western Pacific (WHO),WHO_WPAC,1995,75374
Western Pacific (WHO),WHO_WPAC,1996,82595
Western Pacific (WHO),WHO_WPAC,1997,107787
Western Pacific (WHO),WHO_WPAC,1998,76878
Western Pacific (WHO),WHO_WPAC,1999,104424
Western Pacific (WHO),WHO_WPAC,2000,177052
Western Pacific (WHO),WHO_WPAC,2001,175398
Western Pacific (WHO),WHO_WPAC,2002,129306
Western Pacific (WHO),WHO_WPAC,2003,101810
Western Pacific (WHO),WHO_WPAC,2004,91763
Western Pacific (WHO),WHO_WPAC,2005,128017
Western Pacific (WHO),WHO_WPAC,2006,103159
Western Pacific (WHO),WHO_WPAC,2007,112294
Western Pacific (WHO),WHO_WPAC,2008,147987
Western Pacific (WHO),WHO_WPAC,2009,66609
Western Pacific (WHO),WHO_WPAC,2010,49460
Western Pacific (WHO),WHO_WPAC,2011,21050
Western Pacific (WHO),WHO_WPAC,2012,10764
Western Pacific (WHO),WHO_WPAC,2013,31844
Western Pacific (WHO),WHO_WPAC,2014,131043
Western Pacific (WHO),WHO_WPAC,2015,65176
Western Pacific (WHO),WHO_WPAC,2016,57879
Western Pacific (WHO),WHO_WPAC,2017,10695
Western Pacific (WHO),WHO_WPAC,2018,29503
Western Pacific (WHO),WHO_WPAC,2019,78479
Western Pacific (WHO),WHO_WPAC,2020,6605
Western Pacific (WHO),WHO_WPAC,2021,1064
Western Pacific (WHO),WHO_WPAC,2022,1442
Western Pacific (WHO),WHO_WPAC,2023,5630
World,OWID_WRL,1980,3852242
World,OWID_WRL,1981,4078455
World,OWID_WRL,1982,3623758
World,OWID_WRL,1983,3586101
World,OWID_WRL,1984,3026973
World,OWID_WRL,1985,2819553
World,OWID_WRL,1986,2078696
World,OWID_WRL,1987,1682847
World,OWID_WRL,1988,1663940
World,OWID_WRL,1989,1822390
World,OWID_WRL,1990,1325074
World,OWID_WRL,1991,1370243
World,OWID_WRL,1992,1481192
World,OWID_WRL,1993,1143945
World,OWID_WRL,1994,926808
World,OWID_WRL,1995,720391
World,OWID_WRL,1996,870218
World,OWID_WRL,1997,825673
World,OWID_WRL,1998,694466
World,OWID_WRL,1999,752407
World,OWID_WRL,2000,853479
World,OWID_WRL,2001,849173
World,OWID_WRL,2002,586471
World,OWID_WRL,2003,679856
World,OWID_WRL,2004,513406
World,OWID_WRL,2005,585701
World,OWID_WRL,2006,377576
World,OWID_WRL,2007,285031
World,OWID_WRL,2008,278751
World,OWID_WRL,2009,278637
World,OWID_WRL,2010,343806
World,OWID_WRL,2011,359332
World,OWID_WRL,2012,212376
World,OWID_WRL,2013,275307
World,OWID_WRL,2014,282078
World,OWID_WRL,2015,214808
World,OWID_WRL,2016,132490
World,OWID_WRL,2017,173457
World,OWID_WRL,2018,360296
World,OWID_WRL,2019,873222
World,OWID_WRL,2020,159073
World,OWID_WRL,2021,123171
World,OWID_WRL,2022,205173
World,OWID_WRL,2023,663795
Yemen,YEM,1974,1530
Yemen,YEM,1975,2564
Yemen,YEM,1976,8814
Yemen,YEM,1977,14234
Yemen,YEM,1978,7744
Yemen,YEM,1979,23335
Yemen,YEM,1980,18020
Yemen,YEM,1981,21355
Yemen,YEM,1982,24482
Yemen,YEM,1983,33348
Yemen,YEM,1984,39713
Yemen,YEM,1985,27997
Yemen,YEM,1986,15596
Yemen,YEM,1987,17408
Yemen,YEM,1988,10424
Yemen,YEM,1989,26681
Yemen,YEM,1991,75
Yemen,YEM,1992,2420
Yemen,YEM,1993,601
Yemen,YEM,1994,35
Yemen,YEM,1995,225
Yemen,YEM,1997,51
Yemen,YEM,1998,8785
Yemen,YEM,1999,26126
Yemen,YEM,2001,485
Yemen,YEM,2002,890
Yemen,YEM,2003,8536
Yemen,YEM,2004,12708
Yemen,YEM,2005,6285
Yemen,YEM,2006,8079
Yemen,YEM,2007,13
Yemen,YEM,2008,7
Yemen,YEM,2009,130
Yemen,YEM,2010,510
Yemen,YEM,2011,2676
Yemen,YEM,2012,2177
Yemen,YEM,2013,400
Yemen,YEM,2014,815
Yemen,YEM,2015,468
Yemen,YEM,2016,143
Yemen,YEM,2017,433
Yemen,YEM,2018,10640
Yemen,YEM,2019,1161
Yemen,YEM,2020,298
Yemen,YEM,2021,4904
Yemen,YEM,2022,23941
Yemen,YEM,2023,49755
Zambia,ZMB,1974,113643
Zambia,ZMB,1975,91461
Zambia,ZMB,1976,128135
Zambia,ZMB,1977,112021
Zambia,ZMB,1978,98516
Zambia,ZMB,1979,95069
Zambia,ZMB,1980,98659
Zambia,ZMB,1981,184210
Zambia,ZMB,1982,73499
Zambia,ZMB,1983,51140
Zambia,ZMB,1984,36881
Zambia,ZMB,1985,51000
Zambia,ZMB,1986,23866
Zambia,ZMB,1987,14793
Zambia,ZMB,1988,12487
Zambia,ZMB,1989,5747
Zambia,ZMB,1990,6748
Zambia,ZMB,1991,2822
Zambia,ZMB,1992,11006
Zambia,ZMB,1993,11829
Zambia,ZMB,1994,14255
Zambia,ZMB,1995,8533
Zambia,ZMB,1996,9459
Zambia,ZMB,1997,7140
Zambia,ZMB,1999,23518
Zambia,ZMB,2000,30930
Zambia,ZMB,2001,16997
Zambia,ZMB,2002,25036
Zambia,ZMB,2003,881
Zambia,ZMB,2004,35
Zambia,ZMB,2005,45
Zambia,ZMB,2006,459
Zambia,ZMB,2007,535
Zambia,ZMB,2008,140
Zambia,ZMB,2009,26
Zambia,ZMB,2010,15754
Zambia,ZMB,2011,13234
Zambia,ZMB,2012,896
Zambia,ZMB,2013,35
Zambia,ZMB,2014,9
Zambia,ZMB,2015,9
Zambia,ZMB,2016,8
Zambia,ZMB,2017,13
Zambia,ZMB,2018,11
Zambia,ZMB,2019,15
Zambia,ZMB,2020,237
Zambia,ZMB,2021,55
Zambia,ZMB,2022,1755
Zambia,ZMB,2023,5653
Zimbabwe,ZWE,1976,6112
Zimbabwe,ZWE,1977,9026
Zimbabwe,ZWE,1978,6081
Zimbabwe,ZWE,1979,8849
Zimbabwe,ZWE,1980,23650
Zimbabwe,ZWE,1981,4995
Zimbabwe,ZWE,1982,4941
Zimbabwe,ZWE,1983,36253
Zimbabwe,ZWE,1984,21662
Zimbabwe,ZWE,1985,22290
Zimbabwe,ZWE,1986,20388
Zimbabwe,ZWE,1987,17675
Zimbabwe,ZWE,1988,49812
Zimbabwe,ZWE,1989,47509
Zimbabwe,ZWE,1990,13728
Zimbabwe,ZWE,1991,24090
Zimbabwe,ZWE,1992,17346
Zimbabwe,ZWE,1993,34071
Zimbabwe,ZWE,1994,37785
Zimbabwe,ZWE,1995,8529
Zimbabwe,ZWE,1996,37407
Zimbabwe,ZWE,1997,12971
Zimbabwe,ZWE,1998,2049
Zimbabwe,ZWE,1999,772
Zimbabwe,ZWE,2000,1483
Zimbabwe,ZWE,2001,529
Zimbabwe,ZWE,2002,304
Zimbabwe,ZWE,2003,998
Zimbabwe,ZWE,2004,31
Zimbabwe,ZWE,2005,420
Zimbabwe,ZWE,2006,212
Zimbabwe,ZWE,2007,242
Zimbabwe,ZWE,2008,0
Zimbabwe,ZWE,2009,853
Zimbabwe,ZWE,2010,9696
Zimbabwe,ZWE,2011,0
Zimbabwe,ZWE,2012,0
Zimbabwe,ZWE,2013,0
Zimbabwe,ZWE,2014,0
Zimbabwe,ZWE,2015,0
Zimbabwe,ZWE,2016,1
Zimbabwe,ZWE,2017,1
Zimbabwe,ZWE,2018,1
Zimbabwe,ZWE,2019,4
Zimbabwe,ZWE,2020,3
Zimbabwe,ZWE,2021,282
Zimbabwe,ZWE,2022,5532
Zimbabwe,ZWE,2023,5532