entity,code,date,total_cases,new_cases,total_deaths,new_deaths,new_cases_smoothed
Angola,AGO,2024-11-10,0,0,0,0,0
Angola,AGO,2024-11-11,0,0,0,0,0
Angola,AGO,2024-11-12,0,0,0,0,0
Angola,AGO,2024-11-13,0,0,0,0,0
Angola,AGO,2024-11-14,0,0,0,0,0
Angola,AGO,2024-11-15,0,0,0,0,0
Angola,AGO,2024-11-16,0,0,0,0,0
Angola,AGO,2024-11-17,1,1,0,0,0.14
Angola,AGO,2024-11-18,1,0,0,0,0.14
Angola,AGO,2024-11-19,1,0,0,0,0.14
Angola,AGO,2024-11-20,2,1,0,0,0.29
Angola,AGO,2024-11-21,2,0,0,0,0.29
Angola,AGO,2024-11-22,2,0,0,0,0.29
Angola,AGO,2024-11-23,2,0,0,0,0.29
Angola,AGO,2024-11-24,2,0,0,0,0.14
Angola,AGO,2024-11-25,2,0,0,0,0.14
Angola,AGO,2024-11-26,2,0,0,0,0.14
Angola,AGO,2024-11-27,2,0,0,0,0
Angola,AGO,2024-11-28,2,0,0,0,0
Angola,AGO,2024-11-29,2,0,0,0,0
Angola,AGO,2024-11-30,2,0,0,0,0
Angola,AGO,2024-12-01,3,1,0,0,0.14
Angola,AGO,2024-12-02,3,0,0,0,0.14
Angola,AGO,2024-12-03,3,0,0,0,0.14
Angola,AGO,2024-12-04,3,0,0,0,0.14
Angola,AGO,2024-12-05,3,0,0,0,0.14
Angola,AGO,2024-12-06,3,0,0,0,0.14
Angola,AGO,2024-12-07,3,0,0,0,0.14
Angola,AGO,2024-12-08,4,1,0,0,0.14
Angola,AGO,2024-12-09,4,0,0,0,0.14
Angola,AGO,2024-12-10,4,0,0,0,0.14
Angola,AGO,2024-12-11,4,0,0,0,0.14
Angola,AGO,2024-12-12,4,0,0,0,0.14
Angola,AGO,2024-12-13,4,0,0,0,0.14
Angola,AGO,2024-12-14,4,0,0,0,0.14
Angola,AGO,2024-12-15,4,0,0,0,0
Angola,AGO,2024-12-16,4,0,0,0,0
Angola,AGO,2024-12-17,4,0,0,0,0
Angola,AGO,2024-12-18,4,0,0,0,0
Angola,AGO,2024-12-19,4,0,0,0,0
Angola,AGO,2024-12-20,4,0,0,0,0
Angola,AGO,2024-12-21,4,0,0,0,0
Angola,AGO,2024-12-22,4,0,0,0,0
Angola,AGO,2024-12-23,4,0,0,0,0
Angola,AGO,2024-12-24,4,0,0,0,0
Angola,AGO,2024-12-25,4,0,0,0,0
Angola,AGO,2024-12-26,4,0,0,0,0
Angola,AGO,2024-12-27,4,0,0,0,0
Angola,AGO,2024-12-28,4,0,0,0,0
Angola,AGO,2024-12-29,4,0,0,0,0
Angola,AGO,2024-12-30,4,0,0,0,0
Angola,AGO,2024-12-31,4,0,0,0,0
Angola,AGO,2025-01-01,4,0,0,0,0
Angola,AGO,2025-01-02,4,0,0,0,0
Angola,AGO,2025-01-03,4,0,0,0,0
Angola,AGO,2025-01-04,4,0,0,0,0
Angola,AGO,2025-01-05,4,0,0,0,0
Angola,AGO,2025-01-06,4,0,0,0,0
Angola,AGO,2025-01-07,4,0,0,0,0
Angola,AGO,2025-01-08,4,0,0,0,0
Angola,AGO,2025-01-09,4,0,0,0,0
Angola,AGO,2025-01-10,4,0,0,0,0
Angola,AGO,2025-01-11,4,0,0,0,0
Angola,AGO,2025-01-12,4,0,0,0,0
Angola,AGO,2025-01-13,4,0,0,0,0
Angola,AGO,2025-01-14,4,0,0,0,0
Angola,AGO,2025-01-15,4,0,0,0,0
Angola,AGO,2025-01-16,4,0,0,0,0
Angola,AGO,2025-01-17,4,0,0,0,0
Angola,AGO,2025-01-18,4,0,0,0,0
Angola,AGO,2025-01-19,4,0,0,0,0
Angola,AGO,2025-01-20,4,0,0,0,0
Angola,AGO,2025-01-21,4,0,0,0,0
Angola,AGO,2025-01-22,4,0,0,0,0
Angola,AGO,2025-01-23,4,0,0,0,0
Angola,AGO,2025-01-24,4,0,0,0,0
Angola,AGO,2025-01-25,4,0,0,0,0
Angola,AGO,2025-01-26,4,0,0,0,0
Angola,AGO,2025-01-27,4,0,0,0,0
Angola,AGO,2025-01-28,4,0,0,0,0
Angola,AGO,2025-01-29,4,0,0,0,0
Angola,AGO,2025-01-30,4,0,0,0,0
Angola,AGO,2025-01-31,4,0,0,0,0
Angola,AGO,2025-02-01,4,0,0,0,0
Angola,AGO,2025-02-02,4,0,0,0,0
Angola,AGO,2025-02-03,4,0,0,0,0
Angola,AGO,2025-02-04,4,0,0,0,0
Angola,AGO,2025-02-05,4,0,0,0,0
Angola,AGO,2025-02-06,4,0,0,0,0
Angola,AGO,2025-02-07,4,0,0,0,0
Angola,AGO,2025-02-08,4,0,0,0,0
Angola,AGO,2025-02-09,4,0,0,0,0
Angola,AGO,2025-02-10,4,0,0,0,0
Angola,AGO,2025-02-11,4,0,0,0,0
Angola,AGO,2025-02-12,4,0,0,0,0
Angola,AGO,2025-02-13,4,0,0,0,0
Angola,AGO,2025-02-14,4,0,0,0,0
Angola,AGO,2025-02-15,4,0,0,0,0
Angola,AGO,2025-02-16,5,1,0,0,0.14
Angola,AGO,2025-02-17,5,0,0,0,0.14
Angola,AGO,2025-02-18,5,0,0,0,0.14
Angola,AGO,2025-02-19,5,0,0,0,0.14
Angola,AGO,2025-02-20,5,0,0,0,0.14
Angola,AGO,2025-02-21,5,0,0,0,0.14
Angola,AGO,2025-02-22,5,0,0,0,0.14
Angola,AGO,2025-02-23,7,2,0,0,0.29
Angola,AGO,2025-02-24,7,0,0,0,0.29
Angola,AGO,2025-02-25,7,0,0,0,0.29
Angola,AGO,2025-02-26,7,0,0,0,0.29
Angola,AGO,2025-02-27,7,0,0,0,0.29
Angola,AGO,2025-02-28,7,0,0,0,0.29
Angola,AGO,2025-03-01,7,0,0,0,0.29
Angola,AGO,2025-03-02,7,0,0,0,0
Angola,AGO,2025-03-03,7,0,0,0,0
Angola,AGO,2025-03-04,7,0,0,0,0
Angola,AGO,2025-03-05,7,0,0,0,0
Angola,AGO,2025-03-06,7,0,0,0,0
Angola,AGO,2025-03-07,7,0,0,0,0
Angola,AGO,2025-03-08,7,0,0,0,0
Angola,AGO,2025-03-09,8,1,0,0,0.14
Angola,AGO,2025-03-10,8,0,0,0,0.14
Angola,AGO,2025-03-11,8,0,0,0,0.14
Angola,AGO,2025-03-12,8,0,0,0,0.14
Angola,AGO,2025-03-13,8,0,0,0,0.14
Angola,AGO,2025-03-14,8,0,0,0,0.14
Angola,AGO,2025-03-15,8,0,0,0,0.14
Angola,AGO,2025-03-16,8,0,0,0,0
Angola,AGO,2025-03-17,8,0,0,0,0
Angola,AGO,2025-03-18,8,0,0,0,0
Angola,AGO,2025-03-19,8,0,0,0,0
Angola,AGO,2025-03-20,8,0,0,0,0
Angola,AGO,2025-03-21,8,0,0,0,0
Angola,AGO,2025-03-22,8,0,0,0,0
Angola,AGO,2025-03-23,8,0,0,0,0
Angola,AGO,2025-03-24,8,0,0,0,0
Angola,AGO,2025-03-25,8,0,0,0,0
Angola,AGO,2025-03-26,8,0,0,0,0
Angola,AGO,2025-03-27,8,0,0,0,0
Angola,AGO,2025-03-28,8,0,0,0,0
Angola,AGO,2025-03-29,8,0,0,0,0
Angola,AGO,2025-03-30,10,2,0,0,0.29
Angola,AGO,2025-03-31,10,0,0,0,0.29
Angola,AGO,2025-04-01,10,0,0,0,0.29
Angola,AGO,2025-04-02,10,0,0,0,0.29
Angola,AGO,2025-04-03,10,0,0,0,0.29
Angola,AGO,2025-04-04,10,0,0,0,0.29
Angola,AGO,2025-04-05,10,0,0,0,0.29
Angola,AGO,2025-04-06,10,0,0,0,0
Angola,AGO,2025-04-07,10,0,0,0,0
Angola,AGO,2025-04-08,10,0,0,0,0
Angola,AGO,2025-04-09,10,0,0,0,0
Angola,AGO,2025-04-10,10,0,0,0,0
Angola,AGO,2025-04-11,10,0,0,0,0
Angola,AGO,2025-04-12,10,0,0,0,0
Angola,AGO,2025-04-13,10,0,0,0,0
Angola,AGO,2025-04-14,10,0,0,0,0
Angola,AGO,2025-04-15,10,0,0,0,0
Angola,AGO,2025-04-16,10,0,0,0,0
Angola,AGO,2025-04-17,10,0,0,0,0
Angola,AGO,2025-04-18,10,0,0,0,0
Angola,AGO,2025-04-19,10,0,0,0,0
Angola,AGO,2025-04-20,10,0,0,0,0
Angola,AGO,2025-04-21,10,0,0,0,0
Angola,AGO,2025-04-22,10,0,0,0,0
Angola,AGO,2025-04-23,10,0,0,0,0
Angola,AGO,2025-04-24,10,0,0,0,0
Angola,AGO,2025-04-25,10,0,0,0,0
Angola,AGO,2025-04-26,10,0,0,0,0
Angola,AGO,2025-04-27,10,0,0,0,0
Angola,AGO,2025-04-28,10,0,0,0,0
Angola,AGO,2025-04-29,10,0,0,0,0
Angola,AGO,2025-04-30,10,0,0,0,0
Angola,AGO,2025-05-01,10,0,0,0,0
Angola,AGO,2025-05-02,10,0,0,0,0
Angola,AGO,2025-05-03,10,0,0,0,0
Angola,AGO,2025-05-04,10,0,0,0,0
Angola,AGO,2025-05-05,10,0,0,0,0
Angola,AGO,2025-05-06,10,0,0,0,0
Angola,AGO,2025-05-07,10,0,0,0,0
Angola,AGO,2025-05-08,10,0,0,0,0
Angola,AGO,2025-05-09,10,0,0,0,0
Angola,AGO,2025-05-10,10,0,0,0,0
Angola,AGO,2025-05-11,10,0,0,0,0
Angola,AGO,2025-05-12,10,0,0,0,0
Angola,AGO,2025-05-13,10,0,0,0,0
Angola,AGO,2025-05-14,10,0,0,0,0
Angola,AGO,2025-05-15,10,0,0,0,0
Angola,AGO,2025-05-16,10,0,0,0,0
Angola,AGO,2025-05-17,10,0,0,0,0
Angola,AGO,2025-05-18,10,0,0,0,0
Angola,AGO,2025-05-19,10,0,0,0,0
Angola,AGO,2025-05-20,10,0,0,0,0
Angola,AGO,2025-05-21,10,0,0,0,0
Angola,AGO,2025-05-22,10,0,0,0,0
Angola,AGO,2025-05-23,10,0,0,0,0
Angola,AGO,2025-05-24,10,0,0,0,0
Angola,AGO,2025-05-25,10,0,0,0,0
Angola,AGO,2025-05-26,10,0,0,0,0
Angola,AGO,2025-05-27,10,0,0,0,0
Angola,AGO,2025-05-28,10,0,0,0,0
Angola,AGO,2025-05-29,10,0,0,0,0
Angola,AGO,2025-05-30,10,0,0,0,0
Angola,AGO,2025-05-31,10,0,0,0,0
Angola,AGO,2025-06-01,10,0,0,0,0
Angola,AGO,2025-06-02,10,0,0,0,0
Angola,AGO,2025-06-03,10,0,0,0,0
Angola,AGO,2025-06-04,10,0,0,0,0
Angola,AGO,2025-06-05,10,0,0,0,0
Angola,AGO,2025-06-06,10,0,0,0,0
Angola,AGO,2025-06-07,10,0,0,0,0
Angola,AGO,2025-06-08,10,0,0,0,0
Angola,AGO,2025-06-09,10,0,0,0,0
Angola,AGO,2025-06-10,10,0,0,0,0
Angola,AGO,2025-06-11,10,0,0,0,0
Angola,AGO,2025-06-12,10,0,0,0,0
Angola,AGO,2025-06-13,10,0,0,0,0
Angola,AGO,2025-06-14,10,0,0,0,0
Angola,AGO,2025-06-15,10,0,0,0,0
Angola,AGO,2025-06-16,10,0,0,0,0
Angola,AGO,2025-06-17,10,0,0,0,0
Angola,AGO,2025-06-18,10,0,0,0,0
Angola,AGO,2025-06-19,10,0,0,0,0
Angola,AGO,2025-06-20,10,0,0,0,0
Angola,AGO,2025-06-21,10,0,0,0,0
Angola,AGO,2025-06-22,10,0,0,0,0
Angola,AGO,2025-06-23,10,0,0,0,0
Angola,AGO,2025-06-24,10,0,0,0,0
Angola,AGO,2025-06-25,10,0,0,0,0
Angola,AGO,2025-06-26,10,0,0,0,0
Angola,AGO,2025-06-27,10,0,0,0,0
Angola,AGO,2025-06-28,10,0,0,0,0
Angola,AGO,2025-06-29,11,1,0,0,0.14
Angola,AGO,2025-06-30,11,0,0,0,0.14
Angola,AGO,2025-07-01,11,0,0,0,0.14
Angola,AGO,2025-07-02,11,0,0,0,0.14
Angola,AGO,2025-07-03,11,0,0,0,0.14
Angola,AGO,2025-07-04,11,0,0,0,0.14
Angola,AGO,2025-07-05,11,0,0,0,0.14
Angola,AGO,2025-07-06,11,0,0,0,0
Angola,AGO,2025-07-07,11,0,0,0,0
Angola,AGO,2025-07-08,11,0,0,0,0
Angola,AGO,2025-07-09,11,0,0,0,0
Angola,AGO,2025-07-10,11,0,0,0,0
Angola,AGO,2025-07-11,11,0,0,0,0
Angola,AGO,2025-07-12,11,0,0,0,0
Angola,AGO,2025-07-13,12,1,0,0,0.14
Angola,AGO,2025-07-14,12,0,0,0,0.14
Angola,AGO,2025-07-15,12,0,0,0,0.14
Angola,AGO,2025-07-16,12,0,0,0,0.14
Angola,AGO,2025-07-17,12,0,0,0,0.14
Angola,AGO,2025-07-18,12,0,0,0,0.14
Angola,AGO,2025-07-19,12,0,0,0,0.14
Angola,AGO,2025-07-20,12,0,0,0,0
Angola,AGO,2025-07-21,12,0,0,0,0
Angola,AGO,2025-07-22,12,0,0,0,0
Angola,AGO,2025-07-23,12,0,0,0,0
Angola,AGO,2025-07-24,12,0,0,0,0
Angola,AGO,2025-07-25,12,0,0,0,0
Angola,AGO,2025-07-26,12,0,0,0,0
Angola,AGO,2025-07-27,12,0,0,0,0
Angola,AGO,2025-07-28,12,0,0,0,0
Angola,AGO,2025-07-29,12,0,0,0,0
Angola,AGO,2025-07-30,12,0,0,0,0
Angola,AGO,2025-07-31,12,0,0,0,0
Angola,AGO,2025-08-01,12,0,0,0,0
Angola,AGO,2025-08-02,12,0,0,0,0
Angola,AGO,2025-08-03,12,0,0,0,0
Angola,AGO,2025-08-04,12,0,0,0,0
Angola,AGO,2025-08-05,12,0,0,0,0
Angola,AGO,2025-08-06,12,0,0,0,0
Angola,AGO,2025-08-07,12,0,0,0,0
Angola,AGO,2025-08-08,12,0,0,0,0
Angola,AGO,2025-08-09,12,0,0,0,0
Angola,AGO,2025-08-10,12,0,0,0,0
Angola,AGO,2025-08-11,12,0,0,0,0
Angola,AGO,2025-08-12,12,0,0,0,0
Angola,AGO,2025-08-13,12,0,0,0,0
Angola,AGO,2025-08-14,12,0,0,0,0
Angola,AGO,2025-08-15,12,0,0,0,0
Angola,AGO,2025-08-16,12,0,0,0,0
Angola,AGO,2025-08-17,12,0,0,0,0
Angola,AGO,2025-08-18,12,0,0,0,0
Angola,AGO,2025-08-19,12,0,0,0,0
Angola,AGO,2025-08-20,12,0,0,0,0
Angola,AGO,2025-08-21,12,0,0,0,0
Angola,AGO,2025-08-22,12,0,0,0,0
Angola,AGO,2025-08-23,12,0,0,0,0
Angola,AGO,2025-08-24,12,0,0,0,0
Angola,AGO,2025-08-25,12,0,0,0,0
Angola,AGO,2025-08-26,12,0,0,0,0
Angola,AGO,2025-08-27,12,0,0,0,0
Angola,AGO,2025-08-28,12,0,0,0,0
Angola,AGO,2025-08-29,12,0,0,0,0
Angola,AGO,2025-08-30,12,0,0,0,0
Angola,AGO,2025-08-31,12,0,0,0,0
Benin,BEN,2022-05-01,0,0,0,0,0
Benin,BEN,2022-05-02,0,0,0,0,0
Benin,BEN,2022-05-03,0,0,0,0,0
Benin,BEN,2022-05-04,0,0,0,0,0
Benin,BEN,2022-05-05,0,0,0,0,0
Benin,BEN,2022-05-06,0,0,0,0,0
Benin,BEN,2022-05-07,0,0,0,0,0
Benin,BEN,2022-05-08,0,0,0,0,0
Benin,BEN,2022-05-09,0,0,0,0,0
Benin,BEN,2022-05-10,0,0,0,0,0
Benin,BEN,2022-05-11,0,0,0,0,0
Benin,BEN,2022-05-12,0,0,0,0,0
Benin,BEN,2022-05-13,0,0,0,0,0
Benin,BEN,2022-05-14,0,0,0,0,0
Benin,BEN,2022-05-15,0,0,0,0,0
Benin,BEN,2022-05-16,0,0,0,0,0
Benin,BEN,2022-05-17,0,0,0,0,0
Benin,BEN,2022-05-18,0,0,0,0,0
Benin,BEN,2022-05-19,0,0,0,0,0
Benin,BEN,2022-05-20,0,0,0,0,0
Benin,BEN,2022-05-21,0,0,0,0,0
Benin,BEN,2022-05-22,0,0,0,0,0
Benin,BEN,2022-05-23,0,0,0,0,0
Benin,BEN,2022-05-24,0,0,0,0,0
Benin,BEN,2022-05-25,0,0,0,0,0
Benin,BEN,2022-05-26,0,0,0,0,0
Benin,BEN,2022-05-27,0,0,0,0,0
Benin,BEN,2022-05-28,0,0,0,0,0
Benin,BEN,2022-05-29,0,0,0,0,0
Benin,BEN,2022-05-30,0,0,0,0,0
Benin,BEN,2022-05-31,0,0,0,0,0
Benin,BEN,2022-06-01,0,0,0,0,0
Benin,BEN,2022-06-02,0,0,0,0,0
Benin,BEN,2022-06-03,0,0,0,0,0
Benin,BEN,2022-06-04,0,0,0,0,0
Benin,BEN,2022-06-05,0,0,0,0,0
Benin,BEN,2022-06-06,0,0,0,0,0
Benin,BEN,2022-06-07,0,0,0,0,0
Benin,BEN,2022-06-08,0,0,0,0,0
Benin,BEN,2022-06-09,0,0,0,0,0
Benin,BEN,2022-06-10,0,0,0,0,0
Benin,BEN,2022-06-11,0,0,0,0,0
Benin,BEN,2022-06-12,0,0,0,0,0
Benin,BEN,2022-06-13,0,0,0,0,0
Benin,BEN,2022-06-14,0,0,0,0,0
Benin,BEN,2022-06-15,0,0,0,0,0
Benin,BEN,2022-06-16,0,0,0,0,0
Benin,BEN,2022-06-17,0,0,0,0,0
Benin,BEN,2022-06-18,0,0,0,0,0
Benin,BEN,2022-06-19,0,0,0,0,0
Benin,BEN,2022-06-20,0,0,0,0,0
Benin,BEN,2022-06-21,0,0,0,0,0
Benin,BEN,2022-06-22,0,0,0,0,0
Benin,BEN,2022-06-23,0,0,0,0,0
Benin,BEN,2022-06-24,0,0,0,0,0
Benin,BEN,2022-06-25,0,0,0,0,0
Benin,BEN,2022-06-26,3,3,0,0,0.43
Benin,BEN,2022-06-27,3,0,0,0,0.43
Benin,BEN,2022-06-28,3,0,0,0,0.43
Benin,BEN,2022-06-29,3,0,0,0,0.43
Benin,BEN,2022-06-30,3,0,0,0,0.43
Benin,BEN,2022-07-01,3,0,0,0,0.43
Benin,BEN,2022-07-02,3,0,0,0,0.43
Benin,BEN,2022-07-03,3,0,0,0,0
Benin,BEN,2022-07-04,3,0,0,0,0
Benin,BEN,2022-07-05,3,0,0,0,0
Benin,BEN,2022-07-06,3,0,0,0,0
Benin,BEN,2022-07-07,3,0,0,0,0
Benin,BEN,2022-07-08,3,0,0,0,0
Benin,BEN,2022-07-09,3,0,0,0,0
Benin,BEN,2022-07-10,3,0,0,0,0
Benin,BEN,2022-07-11,3,0,0,0,0
Benin,BEN,2022-07-12,3,0,0,0,0
Benin,BEN,2022-07-13,3,0,0,0,0
Benin,BEN,2022-07-14,3,0,0,0,0
Benin,BEN,2022-07-15,3,0,0,0,0
Benin,BEN,2022-07-16,3,0,0,0,0
Benin,BEN,2022-07-17,3,0,0,0,0
Benin,BEN,2022-07-18,3,0,0,0,0
Benin,BEN,2022-07-19,3,0,0,0,0
Benin,BEN,2022-07-20,3,0,0,0,0
Benin,BEN,2022-07-21,3,0,0,0,0
Benin,BEN,2022-07-22,3,0,0,0,0
Benin,BEN,2022-07-23,3,0,0,0,0
Benin,BEN,2022-07-24,3,0,0,0,0
Benin,BEN,2022-07-25,3,0,0,0,0
Benin,BEN,2022-07-26,3,0,0,0,0
Benin,BEN,2022-07-27,3,0,0,0,0
Benin,BEN,2022-07-28,3,0,0,0,0
Benin,BEN,2022-07-29,3,0,0,0,0
Benin,BEN,2022-07-30,3,0,0,0,0
Benin,BEN,2022-07-31,3,0,0,0,0
Benin,BEN,2022-08-01,3,0,0,0,0
Benin,BEN,2022-08-02,3,0,0,0,0
Benin,BEN,2022-08-03,3,0,0,0,0
Benin,BEN,2022-08-04,3,0,0,0,0
Benin,BEN,2022-08-05,3,0,0,0,0
Benin,BEN,2022-08-06,3,0,0,0,0
Benin,BEN,2022-08-07,3,0,0,0,0
Benin,BEN,2022-08-08,3,0,0,0,0
Benin,BEN,2022-08-09,3,0,0,0,0
Benin,BEN,2022-08-10,3,0,0,0,0
Benin,BEN,2022-08-11,3,0,0,0,0
Benin,BEN,2022-08-12,3,0,0,0,0
Benin,BEN,2022-08-13,3,0,0,0,0
Benin,BEN,2022-08-14,3,0,0,0,0
Benin,BEN,2022-08-15,3,0,0,0,0
Benin,BEN,2022-08-16,3,0,0,0,0
Benin,BEN,2022-08-17,3,0,0,0,0
Benin,BEN,2022-08-18,3,0,0,0,0
Benin,BEN,2022-08-19,3,0,0,0,0
Benin,BEN,2022-08-20,3,0,0,0,0
Benin,BEN,2022-08-21,3,0,0,0,0
Benin,BEN,2022-08-22,3,0,0,0,0
Benin,BEN,2022-08-23,3,0,0,0,0
Benin,BEN,2022-08-24,3,0,0,0,0
Benin,BEN,2022-08-25,3,0,0,0,0
Benin,BEN,2022-08-26,3,0,0,0,0
Benin,BEN,2022-08-27,3,0,0,0,0
Benin,BEN,2022-08-28,3,0,0,0,0
Benin,BEN,2022-08-29,3,0,0,0,0
Benin,BEN,2022-08-30,3,0,0,0,0
Benin,BEN,2022-08-31,3,0,0,0,0
Benin,BEN,2022-09-01,3,0,0,0,0
Benin,BEN,2022-09-02,3,0,0,0,0
Benin,BEN,2022-09-03,3,0,0,0,0
Benin,BEN,2022-09-04,3,0,0,0,0
Benin,BEN,2022-09-05,3,0,0,0,0
Benin,BEN,2022-09-06,3,0,0,0,0
Benin,BEN,2022-09-07,3,0,0,0,0
Benin,BEN,2022-09-08,3,0,0,0,0
Benin,BEN,2022-09-09,3,0,0,0,0
Benin,BEN,2022-09-10,3,0,0,0,0
Benin,BEN,2022-09-11,3,0,0,0,0
Benin,BEN,2022-09-12,3,0,0,0,0
Benin,BEN,2022-09-13,3,0,0,0,0
Benin,BEN,2022-09-14,3,0,0,0,0
Benin,BEN,2022-09-15,3,0,0,0,0
Benin,BEN,2022-09-16,3,0,0,0,0
Benin,BEN,2022-09-17,3,0,0,0,0
Benin,BEN,2022-09-18,3,0,0,0,0
Benin,BEN,2022-09-19,3,0,0,0,0
Benin,BEN,2022-09-20,3,0,0,0,0
Benin,BEN,2022-09-21,3,0,0,0,0
Benin,BEN,2022-09-22,3,0,0,0,0
Benin,BEN,2022-09-23,3,0,0,0,0
Benin,BEN,2022-09-24,3,0,0,0,0
Benin,BEN,2022-09-25,3,0,0,0,0
Benin,BEN,2022-09-26,3,0,0,0,0
Benin,BEN,2022-09-27,3,0,0,0,0
Benin,BEN,2022-09-28,3,0,0,0,0
Benin,BEN,2022-09-29,3,0,0,0,0
Benin,BEN,2022-09-30,3,0,0,0,0
Benin,BEN,2022-10-01,3,0,0,0,0
Benin,BEN,2022-10-02,3,0,0,0,0
Benin,BEN,2022-10-03,3,0,0,0,0
Benin,BEN,2022-10-04,3,0,0,0,0
Benin,BEN,2022-10-05,3,0,0,0,0
Benin,BEN,2022-10-06,3,0,0,0,0
Benin,BEN,2022-10-07,3,0,0,0,0
Benin,BEN,2022-10-08,3,0,0,0,0
Benin,BEN,2022-10-09,3,0,0,0,0
Benin,BEN,2022-10-10,3,0,0,0,0
Benin,BEN,2022-10-11,3,0,0,0,0
Benin,BEN,2022-10-12,3,0,0,0,0
Benin,BEN,2022-10-13,3,0,0,0,0
Benin,BEN,2022-10-14,3,0,0,0,0
Benin,BEN,2022-10-15,3,0,0,0,0
Benin,BEN,2022-10-16,3,0,0,0,0
Benin,BEN,2022-10-17,3,0,0,0,0
Benin,BEN,2022-10-18,3,0,0,0,0
Benin,BEN,2022-10-19,3,0,0,0,0
Benin,BEN,2022-10-20,3,0,0,0,0
Benin,BEN,2022-10-21,3,0,0,0,0
Benin,BEN,2022-10-22,3,0,0,0,0
Benin,BEN,2022-10-23,3,0,0,0,0
Benin,BEN,2022-10-24,3,0,0,0,0
Benin,BEN,2022-10-25,3,0,0,0,0
Benin,BEN,2022-10-26,3,0,0,0,0
Benin,BEN,2022-10-27,3,0,0,0,0
Benin,BEN,2022-10-28,3,0,0,0,0
Benin,BEN,2022-10-29,3,0,0,0,0
Benin,BEN,2022-10-30,3,0,0,0,0
Benin,BEN,2022-10-31,3,0,0,0,0
Benin,BEN,2022-11-01,3,0,0,0,0
Benin,BEN,2022-11-02,3,0,0,0,0
Benin,BEN,2022-11-03,3,0,0,0,0
Benin,BEN,2022-11-04,3,0,0,0,0
Benin,BEN,2022-11-05,3,0,0,0,0
Benin,BEN,2022-11-06,3,0,0,0,0
Benin,BEN,2022-11-07,3,0,0,0,0
Benin,BEN,2022-11-08,3,0,0,0,0
Benin,BEN,2022-11-09,3,0,0,0,0
Benin,BEN,2022-11-10,3,0,0,0,0
Benin,BEN,2022-11-11,3,0,0,0,0
Benin,BEN,2022-11-12,3,0,0,0,0
Benin,BEN,2022-11-13,3,0,0,0,0
Benin,BEN,2022-11-14,3,0,0,0,0
Benin,BEN,2022-11-15,3,0,0,0,0
Benin,BEN,2022-11-16,3,0,0,0,0
Benin,BEN,2022-11-17,3,0,0,0,0
Benin,BEN,2022-11-18,3,0,0,0,0
Benin,BEN,2022-11-19,3,0,0,0,0
Benin,BEN,2022-11-20,3,0,0,0,0
Benin,BEN,2022-11-21,3,0,0,0,0
Benin,BEN,2022-11-22,3,0,0,0,0
Benin,BEN,2022-11-23,3,0,0,0,0
Benin,BEN,2022-11-24,3,0,0,0,0
Benin,BEN,2022-11-25,3,0,0,0,0
Benin,BEN,2022-11-26,3,0,0,0,0
Benin,BEN,2022-11-27,3,0,0,0,0
Benin,BEN,2022-11-28,3,0,0,0,0
Benin,BEN,2022-11-29,3,0,0,0,0
Benin,BEN,2022-11-30,3,0,0,0,0
Benin,BEN,2022-12-01,3,0,0,0,0
Benin,BEN,2022-12-02,3,0,0,0,0
Benin,BEN,2022-12-03,3,0,0,0,0
Benin,BEN,2022-12-04,3,0,0,0,0
Benin,BEN,2022-12-05,3,0,0,0,0
Benin,BEN,2022-12-06,3,0,0,0,0
Benin,BEN,2022-12-07,3,0,0,0,0
Benin,BEN,2022-12-08,3,0,0,0,0
Benin,BEN,2022-12-09,3,0,0,0,0
Benin,BEN,2022-12-10,3,0,0,0,0
Benin,BEN,2022-12-11,3,0,0,0,0
Benin,BEN,2022-12-12,3,0,0,0,0
Benin,BEN,2022-12-13,3,0,0,0,0
Benin,BEN,2022-12-14,3,0,0,0,0
Benin,BEN,2022-12-15,3,0,0,0,0
Benin,BEN,2022-12-16,3,0,0,0,0
Benin,BEN,2022-12-17,3,0,0,0,0
Benin,BEN,2022-12-18,3,0,0,0,0
Benin,BEN,2022-12-19,3,0,0,0,0
Benin,BEN,2022-12-20,3,0,0,0,0
Benin,BEN,2022-12-21,3,0,0,0,0
Benin,BEN,2022-12-22,3,0,0,0,0
Benin,BEN,2022-12-23,3,0,0,0,0
Benin,BEN,2022-12-24,3,0,0,0,0
Benin,BEN,2022-12-25,3,0,0,0,0
Benin,BEN,2022-12-26,3,0,0,0,0
Benin,BEN,2022-12-27,3,0,0,0,0
Benin,BEN,2022-12-28,3,0,0,0,0
Benin,BEN,2022-12-29,3,0,0,0,0
Benin,BEN,2022-12-30,3,0,0,0,0
Benin,BEN,2022-12-31,3,0,0,0,0
Benin,BEN,2023-01-01,3,0,0,0,0
Benin,BEN,2023-01-02,3,0,0,0,0
Benin,BEN,2023-01-03,3,0,0,0,0
Benin,BEN,2023-01-04,3,0,0,0,0
Benin,BEN,2023-01-05,3,0,0,0,0
Benin,BEN,2023-01-06,3,0,0,0,0
Benin,BEN,2023-01-07,3,0,0,0,0
Benin,BEN,2023-01-08,3,0,0,0,0
Benin,BEN,2023-01-09,3,0,0,0,0
Benin,BEN,2023-01-10,3,0,0,0,0
Benin,BEN,2023-01-11,3,0,0,0,0
Benin,BEN,2023-01-12,3,0,0,0,0
Benin,BEN,2023-01-13,3,0,0,0,0
Benin,BEN,2023-01-14,3,0,0,0,0
Benin,BEN,2023-01-15,3,0,0,0,0
Benin,BEN,2023-01-16,3,0,0,0,0
Benin,BEN,2023-01-17,3,0,0,0,0
Benin,BEN,2023-01-18,3,0,0,0,0
Benin,BEN,2023-01-19,3,0,0,0,0
Benin,BEN,2023-01-20,3,0,0,0,0
Benin,BEN,2023-01-21,3,0,0,0,0
Benin,BEN,2023-01-22,3,0,0,0,0
Benin,BEN,2023-01-23,3,0,0,0,0
Benin,BEN,2023-01-24,3,0,0,0,0
Benin,BEN,2023-01-25,3,0,0,0,0
Benin,BEN,2023-01-26,3,0,0,0,0
Benin,BEN,2023-01-27,3,0,0,0,0
Benin,BEN,2023-01-28,3,0,0,0,0
Benin,BEN,2023-01-29,3,0,0,0,0
Benin,BEN,2023-01-30,3,0,0,0,0
Benin,BEN,2023-01-31,3,0,0,0,0
Benin,BEN,2023-02-01,3,0,0,0,0
Benin,BEN,2023-02-02,3,0,0,0,0
Benin,BEN,2023-02-03,3,0,0,0,0
Benin,BEN,2023-02-04,3,0,0,0,0
Benin,BEN,2023-02-05,3,0,0,0,0
Benin,BEN,2023-02-06,3,0,0,0,0
Benin,BEN,2023-02-07,3,0,0,0,0
Benin,BEN,2023-02-08,3,0,0,0,0
Benin,BEN,2023-02-09,3,0,0,0,0
Benin,BEN,2023-02-10,3,0,0,0,0
Benin,BEN,2023-02-11,3,0,0,0,0
Benin,BEN,2023-02-12,3,0,0,0,0
Benin,BEN,2023-02-13,3,0,0,0,0
Benin,BEN,2023-02-14,3,0,0,0,0
Benin,BEN,2023-02-15,3,0,0,0,0
Benin,BEN,2023-02-16,3,0,0,0,0
Benin,BEN,2023-02-17,3,0,0,0,0
Benin,BEN,2023-02-18,3,0,0,0,0
Benin,BEN,2023-02-19,3,0,0,0,0
Benin,BEN,2023-02-20,3,0,0,0,0
Benin,BEN,2023-02-21,3,0,0,0,0
Benin,BEN,2023-02-22,3,0,0,0,0
Benin,BEN,2023-02-23,3,0,0,0,0
Benin,BEN,2023-02-24,3,0,0,0,0
Benin,BEN,2023-02-25,3,0,0,0,0
Benin,BEN,2023-02-26,3,0,0,0,0
Benin,BEN,2023-02-27,3,0,0,0,0
Benin,BEN,2023-02-28,3,0,0,0,0
Benin,BEN,2023-03-01,3,0,0,0,0
Benin,BEN,2023-03-02,3,0,0,0,0
Benin,BEN,2023-03-03,3,0,0,0,0
Benin,BEN,2023-03-04,3,0,0,0,0
Benin,BEN,2023-03-05,3,0,0,0,0
Benin,BEN,2023-03-06,3,0,0,0,0
Benin,BEN,2023-03-07,3,0,0,0,0
Benin,BEN,2023-03-08,3,0,0,0,0
Benin,BEN,2023-03-09,3,0,0,0,0
Benin,BEN,2023-03-10,3,0,0,0,0
Benin,BEN,2023-03-11,3,0,0,0,0
Benin,BEN,2023-03-12,3,0,0,0,0
Benin,BEN,2023-03-13,3,0,0,0,0
Benin,BEN,2023-03-14,3,0,0,0,0
Benin,BEN,2023-03-15,3,0,0,0,0
Benin,BEN,2023-03-16,3,0,0,0,0
Benin,BEN,2023-03-17,3,0,0,0,0
Benin,BEN,2023-03-18,3,0,0,0,0
Benin,BEN,2023-03-19,3,0,0,0,0
Benin,BEN,2023-03-20,3,0,0,0,0
Benin,BEN,2023-03-21,3,0,0,0,0
Benin,BEN,2023-03-22,3,0,0,0,0
Benin,BEN,2023-03-23,3,0,0,0,0
Benin,BEN,2023-03-24,3,0,0,0,0
Benin,BEN,2023-03-25,3,0,0,0,0
Benin,BEN,2023-03-26,3,0,0,0,0
Benin,BEN,2023-03-27,3,0,0,0,0
Benin,BEN,2023-03-28,3,0,0,0,0
Benin,BEN,2023-03-29,3,0,0,0,0
Benin,BEN,2023-03-30,3,0,0,0,0
Benin,BEN,2023-03-31,3,0,0,0,0
Benin,BEN,2023-04-01,3,0,0,0,0
Benin,BEN,2023-04-02,3,0,0,0,0
Benin,BEN,2023-04-03,3,0,0,0,0
Benin,BEN,2023-04-04,3,0,0,0,0
Benin,BEN,2023-04-05,3,0,0,0,0
Benin,BEN,2023-04-06,3,0,0,0,0
Benin,BEN,2023-04-07,3,0,0,0,0
Benin,BEN,2023-04-08,3,0,0,0,0
Benin,BEN,2023-04-09,3,0,0,0,0
Benin,BEN,2023-04-10,3,0,0,0,0
Benin,BEN,2023-04-11,3,0,0,0,0
Benin,BEN,2023-04-12,3,0,0,0,0
Benin,BEN,2023-04-13,3,0,0,0,0
Benin,BEN,2023-04-14,3,0,0,0,0
Benin,BEN,2023-04-15,3,0,0,0,0
Benin,BEN,2023-04-16,3,0,0,0,0
Benin,BEN,2023-04-17,3,0,0,0,0
Benin,BEN,2023-04-18,3,0,0,0,0
Benin,BEN,2023-04-19,3,0,0,0,0
Benin,BEN,2023-04-20,3,0,0,0,0
Benin,BEN,2023-04-21,3,0,0,0,0
Benin,BEN,2023-04-22,3,0,0,0,0
Benin,BEN,2023-04-23,3,0,0,0,0
Benin,BEN,2023-04-24,3,0,0,0,0
Benin,BEN,2023-04-25,3,0,0,0,0
Benin,BEN,2023-04-26,3,0,0,0,0
Benin,BEN,2023-04-27,3,0,0,0,0
Benin,BEN,2023-04-28,3,0,0,0,0
Benin,BEN,2023-04-29,3,0,0,0,0
Benin,BEN,2023-04-30,3,0,0,0,0
Benin,BEN,2023-05-01,3,0,0,0,0
Benin,BEN,2023-05-02,3,0,0,0,0
Benin,BEN,2023-05-03,3,0,0,0,0
Benin,BEN,2023-05-04,3,0,0,0,0
Benin,BEN,2023-05-05,3,0,0,0,0
Benin,BEN,2023-05-06,3,0,0,0,0
Benin,BEN,2023-05-07,3,0,0,0,0
Benin,BEN,2023-05-08,3,0,0,0,0
Benin,BEN,2023-05-09,3,0,0,0,0
Benin,BEN,2023-05-10,3,0,0,0,0
Benin,BEN,2023-05-11,3,0,0,0,0
Benin,BEN,2023-05-12,3,0,0,0,0
Benin,BEN,2023-05-13,3,0,0,0,0
Benin,BEN,2023-05-14,3,0,0,0,0
Benin,BEN,2023-05-15,3,0,0,0,0
Benin,BEN,2023-05-16,3,0,0,0,0
Benin,BEN,2023-05-17,3,0,0,0,0
Benin,BEN,2023-05-18,3,0,0,0,0
Benin,BEN,2023-05-19,3,0,0,0,0
Benin,BEN,2023-05-20,3,0,0,0,0
Benin,BEN,2023-05-21,3,0,0,0,0
Benin,BEN,2023-05-22,3,0,0,0,0
Benin,BEN,2023-05-23,3,0,0,0,0
Benin,BEN,2023-05-24,3,0,0,0,0
Benin,BEN,2023-05-25,3,0,0,0,0
Benin,BEN,2023-05-26,3,0,0,0,0
Benin,BEN,2023-05-27,3,0,0,0,0
Benin,BEN,2023-05-28,3,0,0,0,0
Benin,BEN,2023-05-29,3,0,0,0,0
Benin,BEN,2023-05-30,3,0,0,0,0
Benin,BEN,2023-05-31,3,0,0,0,0
Benin,BEN,2023-06-01,3,0,0,0,0
Benin,BEN,2023-06-02,3,0,0,0,0
Benin,BEN,2023-06-03,3,0,0,0,0
Benin,BEN,2023-06-04,3,0,0,0,0
Benin,BEN,2023-06-05,3,0,0,0,0
Benin,BEN,2023-06-06,3,0,0,0,0
Benin,BEN,2023-06-07,3,0,0,0,0
Benin,BEN,2023-06-08,3,0,0,0,0
Benin,BEN,2023-06-09,3,0,0,0,0
Benin,BEN,2023-06-10,3,0,0,0,0
Benin,BEN,2023-06-11,3,0,0,0,0
Benin,BEN,2023-06-12,3,0,0,0,0
Benin,BEN,2023-06-13,3,0,0,0,0
Benin,BEN,2023-06-14,3,0,0,0,0
Benin,BEN,2023-06-15,3,0,0,0,0
Benin,BEN,2023-06-16,3,0,0,0,0
Benin,BEN,2023-06-17,3,0,0,0,0
Benin,BEN,2023-06-18,3,0,0,0,0
Benin,BEN,2023-06-19,3,0,0,0,0
Benin,BEN,2023-06-20,3,0,0,0,0
Benin,BEN,2023-06-21,3,0,0,0,0
Benin,BEN,2023-06-22,3,0,0,0,0
Benin,BEN,2023-06-23,3,0,0,0,0
Benin,BEN,2023-06-24,3,0,0,0,0
Benin,BEN,2023-06-25,3,0,0,0,0
Benin,BEN,2023-06-26,3,0,0,0,0
Benin,BEN,2023-06-27,3,0,0,0,0
Benin,BEN,2023-06-28,3,0,0,0,0
Benin,BEN,2023-06-29,3,0,0,0,0
Benin,BEN,2023-06-30,3,0,0,0,0
Benin,BEN,2023-07-01,3,0,0,0,0
Benin,BEN,2023-07-02,3,0,0,0,0
Benin,BEN,2023-07-03,3,0,0,0,0
Benin,BEN,2023-07-04,3,0,0,0,0
Benin,BEN,2023-07-05,3,0,0,0,0
Benin,BEN,2023-07-06,3,0,0,0,0
Benin,BEN,2023-07-07,3,0,0,0,0
Benin,BEN,2023-07-08,3,0,0,0,0
Benin,BEN,2023-07-09,3,0,0,0,0
Benin,BEN,2023-07-10,3,0,0,0,0
Benin,BEN,2023-07-11,3,0,0,0,0
Benin,BEN,2023-07-12,3,0,0,0,0
Benin,BEN,2023-07-13,3,0,0,0,0
Benin,BEN,2023-07-14,3,0,0,0,0
Benin,BEN,2023-07-15,3,0,0,0,0
Benin,BEN,2023-07-16,3,0,0,0,0
Benin,BEN,2023-07-17,3,0,0,0,0
Benin,BEN,2023-07-18,3,0,0,0,0
Benin,BEN,2023-07-19,3,0,0,0,0
Benin,BEN,2023-07-20,3,0,0,0,0
Benin,BEN,2023-07-21,3,0,0,0,0
Benin,BEN,2023-07-22,3,0,0,0,0
Benin,BEN,2023-07-23,3,0,0,0,0
Benin,BEN,2023-07-24,3,0,0,0,0
Benin,BEN,2023-07-25,3,0,0,0,0
Benin,BEN,2023-07-26,3,0,0,0,0
Benin,BEN,2023-07-27,3,0,0,0,0
Benin,BEN,2023-07-28,3,0,0,0,0
Benin,BEN,2023-07-29,3,0,0,0,0
Benin,BEN,2023-07-30,3,0,0,0,0
Benin,BEN,2023-07-31,3,0,0,0,0
Benin,BEN,2023-08-01,3,0,0,0,0
Benin,BEN,2023-08-02,3,0,0,0,0
Benin,BEN,2023-08-03,3,0,0,0,0
Benin,BEN,2023-08-04,3,0,0,0,0
Benin,BEN,2023-08-05,3,0,0,0,0
Benin,BEN,2023-08-06,3,0,0,0,0
Benin,BEN,2023-08-07,3,0,0,0,0
Benin,BEN,2023-08-08,3,0,0,0,0
Benin,BEN,2023-08-09,3,0,0,0,0
Benin,BEN,2023-08-10,3,0,0,0,0
Benin,BEN,2023-08-11,3,0,0,0,0
Benin,BEN,2023-08-12,3,0,0,0,0
Benin,BEN,2023-08-13,3,0,0,0,0
Benin,BEN,2023-08-14,3,0,0,0,0
Benin,BEN,2023-08-15,3,0,0,0,0
Benin,BEN,2023-08-16,3,0,0,0,0
Benin,BEN,2023-08-17,3,0,0,0,0
Benin,BEN,2023-08-18,3,0,0,0,0
Benin,BEN,2023-08-19,3,0,0,0,0
Benin,BEN,2023-08-20,3,0,0,0,0
Benin,BEN,2023-08-21,3,0,0,0,0
Benin,BEN,2023-08-22,3,0,0,0,0
Benin,BEN,2023-08-23,3,0,0,0,0
Benin,BEN,2023-08-24,3,0,0,0,0
Benin,BEN,2023-08-25,3,0,0,0,0
Benin,BEN,2023-08-26,3,0,0,0,0
Benin,BEN,2023-08-27,3,0,0,0,0
Benin,BEN,2023-08-28,3,0,0,0,0
Benin,BEN,2023-08-29,3,0,0,0,0
Benin,BEN,2023-08-30,3,0,0,0,0
Benin,BEN,2023-08-31,3,0,0,0,0
Benin,BEN,2023-09-01,3,0,0,0,0
Benin,BEN,2023-09-02,3,0,0,0,0
Benin,BEN,2023-09-03,3,0,0,0,0
Benin,BEN,2023-09-04,3,0,0,0,0
Benin,BEN,2023-09-05,3,0,0,0,0
Benin,BEN,2023-09-06,3,0,0,0,0
Benin,BEN,2023-09-07,3,0,0,0,0
Benin,BEN,2023-09-08,3,0,0,0,0
Benin,BEN,2023-09-09,3,0,0,0,0
Benin,BEN,2023-09-10,3,0,0,0,0
Benin,BEN,2023-09-11,3,0,0,0,0
Benin,BEN,2023-09-12,3,0,0,0,0
Benin,BEN,2023-09-13,3,0,0,0,0
Benin,BEN,2023-09-14,3,0,0,0,0
Benin,BEN,2023-09-15,3,0,0,0,0
Benin,BEN,2023-09-16,3,0,0,0,0
Benin,BEN,2023-09-17,3,0,0,0,0
Benin,BEN,2023-09-18,3,0,0,0,0
Benin,BEN,2023-09-19,3,0,0,0,0
Benin,BEN,2023-09-20,3,0,0,0,0
Benin,BEN,2023-09-21,3,0,0,0,0
Benin,BEN,2023-09-22,3,0,0,0,0
Benin,BEN,2023-09-23,3,0,0,0,0
Benin,BEN,2023-09-24,3,0,0,0,0
Benin,BEN,2023-09-25,3,0,0,0,0
Benin,BEN,2023-09-26,3,0,0,0,0
Benin,BEN,2023-09-27,3,0,0,0,0
Benin,BEN,2023-09-28,3,0,0,0,0
Benin,BEN,2023-09-29,3,0,0,0,0
Benin,BEN,2023-09-30,3,0,0,0,0
Benin,BEN,2023-10-01,3,0,0,0,0
Benin,BEN,2023-10-02,3,0,0,0,0
Benin,BEN,2023-10-03,3,0,0,0,0
Benin,BEN,2023-10-04,3,0,0,0,0
Benin,BEN,2023-10-05,3,0,0,0,0
Benin,BEN,2023-10-06,3,0,0,0,0
Benin,BEN,2023-10-07,3,0,0,0,0
Benin,BEN,2023-10-08,3,0,0,0,0
Benin,BEN,2023-10-09,3,0,0,0,0
Benin,BEN,2023-10-10,3,0,0,0,0
Benin,BEN,2023-10-11,3,0,0,0,0
Benin,BEN,2023-10-12,3,0,0,0,0
Benin,BEN,2023-10-13,3,0,0,0,0
Benin,BEN,2023-10-14,3,0,0,0,0
Benin,BEN,2023-10-15,3,0,0,0,0
Benin,BEN,2023-10-16,3,0,0,0,0
Benin,BEN,2023-10-17,3,0,0,0,0
Benin,BEN,2023-10-18,3,0,0,0,0
Benin,BEN,2023-10-19,3,0,0,0,0
Benin,BEN,2023-10-20,3,0,0,0,0
Benin,BEN,2023-10-21,3,0,0,0,0
Benin,BEN,2023-10-22,3,0,0,0,0
Benin,BEN,2023-10-23,3,0,0,0,0
Benin,BEN,2023-10-24,3,0,0,0,0
Benin,BEN,2023-10-25,3,0,0,0,0
Benin,BEN,2023-10-26,3,0,0,0,0
Benin,BEN,2023-10-27,3,0,0,0,0
Benin,BEN,2023-10-28,3,0,0,0,0
Benin,BEN,2023-10-29,3,0,0,0,0
Benin,BEN,2023-10-30,3,0,0,0,0
Benin,BEN,2023-10-31,3,0,0,0,0
Benin,BEN,2023-11-01,3,0,0,0,0
Benin,BEN,2023-11-02,3,0,0,0,0
Benin,BEN,2023-11-03,3,0,0,0,0
Benin,BEN,2023-11-04,3,0,0,0,0
Benin,BEN,2023-11-05,3,0,0,0,0
Benin,BEN,2023-11-06,3,0,0,0,0
Benin,BEN,2023-11-07,3,0,0,0,0
Benin,BEN,2023-11-08,3,0,0,0,0
Benin,BEN,2023-11-09,3,0,0,0,0
Benin,BEN,2023-11-10,3,0,0,0,0
Benin,BEN,2023-11-11,3,0,0,0,0
Benin,BEN,2023-11-12,3,0,0,0,0
Benin,BEN,2023-11-13,3,0,0,0,0
Benin,BEN,2023-11-14,3,0,0,0,0
Benin,BEN,2023-11-15,3,0,0,0,0
Benin,BEN,2023-11-16,3,0,0,0,0
Benin,BEN,2023-11-17,3,0,0,0,0
Benin,BEN,2023-11-18,3,0,0,0,0
Benin,BEN,2023-11-19,3,0,0,0,0
Benin,BEN,2023-11-20,3,0,0,0,0
Benin,BEN,2023-11-21,3,0,0,0,0
Benin,BEN,2023-11-22,3,0,0,0,0
Benin,BEN,2023-11-23,3,0,0,0,0
Benin,BEN,2023-11-24,3,0,0,0,0
Benin,BEN,2023-11-25,3,0,0,0,0
Benin,BEN,2023-11-26,3,0,0,0,0
Benin,BEN,2023-11-27,3,0,0,0,0
Benin,BEN,2023-11-28,3,0,0,0,0
Benin,BEN,2023-11-29,3,0,0,0,0
Benin,BEN,2023-11-30,3,0,0,0,0
Benin,BEN,2023-12-01,3,0,0,0,0
Benin,BEN,2023-12-02,3,0,0,0,0
Benin,BEN,2023-12-03,3,0,0,0,0
Benin,BEN,2023-12-04,3,0,0,0,0
Benin,BEN,2023-12-05,3,0,0,0,0
Benin,BEN,2023-12-06,3,0,0,0,0
Benin,BEN,2023-12-07,3,0,0,0,0
Benin,BEN,2023-12-08,3,0,0,0,0
Benin,BEN,2023-12-09,3,0,0,0,0
Benin,BEN,2023-12-10,3,0,0,0,0
Benin,BEN,2023-12-11,3,0,0,0,0
Benin,BEN,2023-12-12,3,0,0,0,0
Benin,BEN,2023-12-13,3,0,0,0,0
Benin,BEN,2023-12-14,3,0,0,0,0
Benin,BEN,2023-12-15,3,0,0,0,0
Benin,BEN,2023-12-16,3,0,0,0,0
Benin,BEN,2023-12-17,3,0,0,0,0
Benin,BEN,2023-12-18,3,0,0,0,0
Benin,BEN,2023-12-19,3,0,0,0,0
Benin,BEN,2023-12-20,3,0,0,0,0
Benin,BEN,2023-12-21,3,0,0,0,0
Benin,BEN,2023-12-22,3,0,0,0,0
Benin,BEN,2023-12-23,3,0,0,0,0
Benin,BEN,2023-12-24,3,0,0,0,0
Benin,BEN,2023-12-25,3,0,0,0,0
Benin,BEN,2023-12-26,3,0,0,0,0
Benin,BEN,2023-12-27,3,0,0,0,0
Benin,BEN,2023-12-28,3,0,0,0,0
Benin,BEN,2023-12-29,3,0,0,0,0
Benin,BEN,2023-12-30,3,0,0,0,0
Benin,BEN,2023-12-31,3,0,0,0,0
Benin,BEN,2024-01-01,3,0,0,0,0
Benin,BEN,2024-01-02,3,0,0,0,0
Benin,BEN,2024-01-03,3,0,0,0,0
Benin,BEN,2024-01-04,3,0,0,0,0
Benin,BEN,2024-01-05,3,0,0,0,0
Benin,BEN,2024-01-06,3,0,0,0,0
Benin,BEN,2024-01-07,3,0,0,0,0
Benin,BEN,2024-01-08,3,0,0,0,0
Benin,BEN,2024-01-09,3,0,0,0,0
Benin,BEN,2024-01-10,3,0,0,0,0
Benin,BEN,2024-01-11,3,0,0,0,0
Benin,BEN,2024-01-12,3,0,0,0,0
Benin,BEN,2024-01-13,3,0,0,0,0
Benin,BEN,2024-01-14,3,0,0,0,0
Benin,BEN,2024-01-15,3,0,0,0,0
Benin,BEN,2024-01-16,3,0,0,0,0
Benin,BEN,2024-01-17,3,0,0,0,0
Benin,BEN,2024-01-18,3,0,0,0,0
Benin,BEN,2024-01-19,3,0,0,0,0
Benin,BEN,2024-01-20,3,0,0,0,0
Benin,BEN,2024-01-21,3,0,0,0,0
Benin,BEN,2024-01-22,3,0,0,0,0
Benin,BEN,2024-01-23,3,0,0,0,0
Benin,BEN,2024-01-24,3,0,0,0,0
Benin,BEN,2024-01-25,3,0,0,0,0
Benin,BEN,2024-01-26,3,0,0,0,0
Benin,BEN,2024-01-27,3,0,0,0,0
Benin,BEN,2024-01-28,3,0,0,0,0
Benin,BEN,2024-01-29,3,0,0,0,0
Benin,BEN,2024-01-30,3,0,0,0,0
Benin,BEN,2024-01-31,3,0,0,0,0
Benin,BEN,2024-02-01,3,0,0,0,0
Benin,BEN,2024-02-02,3,0,0,0,0
Benin,BEN,2024-02-03,3,0,0,0,0
Benin,BEN,2024-02-04,3,0,0,0,0
Benin,BEN,2024-02-05,3,0,0,0,0
Benin,BEN,2024-02-06,3,0,0,0,0
Benin,BEN,2024-02-07,3,0,0,0,0
Benin,BEN,2024-02-08,3,0,0,0,0
Benin,BEN,2024-02-09,3,0,0,0,0
Benin,BEN,2024-02-10,3,0,0,0,0
Benin,BEN,2024-02-11,3,0,0,0,0
Benin,BEN,2024-02-12,3,0,0,0,0
Benin,BEN,2024-02-13,3,0,0,0,0
Benin,BEN,2024-02-14,3,0,0,0,0
Benin,BEN,2024-02-15,3,0,0,0,0
Benin,BEN,2024-02-16,3,0,0,0,0
Benin,BEN,2024-02-17,3,0,0,0,0
Benin,BEN,2024-02-18,3,0,0,0,0
Benin,BEN,2024-02-19,3,0,0,0,0
Benin,BEN,2024-02-20,3,0,0,0,0
Benin,BEN,2024-02-21,3,0,0,0,0
Benin,BEN,2024-02-22,3,0,0,0,0
Benin,BEN,2024-02-23,3,0,0,0,0
Benin,BEN,2024-02-24,3,0,0,0,0
Benin,BEN,2024-02-25,3,0,0,0,0
Benin,BEN,2024-02-26,3,0,0,0,0
Benin,BEN,2024-02-27,3,0,0,0,0
Benin,BEN,2024-02-28,3,0,0,0,0
Benin,BEN,2024-02-29,3,0,0,0,0
Benin,BEN,2024-03-01,3,0,0,0,0
Benin,BEN,2024-03-02,3,0,0,0,0
Benin,BEN,2024-03-03,3,0,0,0,0
Benin,BEN,2024-03-04,3,0,0,0,0
Benin,BEN,2024-03-05,3,0,0,0,0
Benin,BEN,2024-03-06,3,0,0,0,0
Benin,BEN,2024-03-07,3,0,0,0,0
Benin,BEN,2024-03-08,3,0,0,0,0
Benin,BEN,2024-03-09,3,0,0,0,0
Benin,BEN,2024-03-10,3,0,0,0,0
Benin,BEN,2024-03-11,3,0,0,0,0
Benin,BEN,2024-03-12,3,0,0,0,0
Benin,BEN,2024-03-13,3,0,0,0,0
Benin,BEN,2024-03-14,3,0,0,0,0
Benin,BEN,2024-03-15,3,0,0,0,0
Benin,BEN,2024-03-16,3,0,0,0,0
Benin,BEN,2024-03-17,3,0,0,0,0
Benin,BEN,2024-03-18,3,0,0,0,0
Benin,BEN,2024-03-19,3,0,0,0,0
Benin,BEN,2024-03-20,3,0,0,0,0
Benin,BEN,2024-03-21,3,0,0,0,0
Benin,BEN,2024-03-22,3,0,0,0,0
Benin,BEN,2024-03-23,3,0,0,0,0
Benin,BEN,2024-03-24,3,0,0,0,0
Benin,BEN,2024-03-25,3,0,0,0,0
Benin,BEN,2024-03-26,3,0,0,0,0
Benin,BEN,2024-03-27,3,0,0,0,0
Benin,BEN,2024-03-28,3,0,0,0,0
Benin,BEN,2024-03-29,3,0,0,0,0
Benin,BEN,2024-03-30,3,0,0,0,0
Benin,BEN,2024-03-31,3,0,0,0,0
Benin,BEN,2024-04-01,3,0,0,0,0
Benin,BEN,2024-04-02,3,0,0,0,0
Benin,BEN,2024-04-03,3,0,0,0,0
Benin,BEN,2024-04-04,3,0,0,0,0
Benin,BEN,2024-04-05,3,0,0,0,0
Benin,BEN,2024-04-06,3,0,0,0,0
Benin,BEN,2024-04-07,3,0,0,0,0
Benin,BEN,2024-04-08,3,0,0,0,0
Benin,BEN,2024-04-09,3,0,0,0,0
Benin,BEN,2024-04-10,3,0,0,0,0
Benin,BEN,2024-04-11,3,0,0,0,0
Benin,BEN,2024-04-12,3,0,0,0,0
Benin,BEN,2024-04-13,3,0,0,0,0
Benin,BEN,2024-04-14,3,0,0,0,0
Benin,BEN,2024-04-15,3,0,0,0,0
Benin,BEN,2024-04-16,3,0,0,0,0
Benin,BEN,2024-04-17,3,0,0,0,0
Benin,BEN,2024-04-18,3,0,0,0,0
Benin,BEN,2024-04-19,3,0,0,0,0
Benin,BEN,2024-04-20,3,0,0,0,0
Benin,BEN,2024-04-21,3,0,0,0,0
Benin,BEN,2024-04-22,3,0,0,0,0
Benin,BEN,2024-04-23,3,0,0,0,0
Benin,BEN,2024-04-24,3,0,0,0,0
Benin,BEN,2024-04-25,3,0,0,0,0
Benin,BEN,2024-04-26,3,0,0,0,0
Benin,BEN,2024-04-27,3,0,0,0,0
Benin,BEN,2024-04-28,3,0,0,0,0
Benin,BEN,2024-04-29,3,0,0,0,0
Benin,BEN,2024-04-30,3,0,0,0,0
Benin,BEN,2024-05-01,3,0,0,0,0
Benin,BEN,2024-05-02,3,0,0,0,0
Benin,BEN,2024-05-03,3,0,0,0,0
Benin,BEN,2024-05-04,3,0,0,0,0
Benin,BEN,2024-05-05,3,0,0,0,0
Benin,BEN,2024-05-06,3,0,0,0,0
Benin,BEN,2024-05-07,3,0,0,0,0
Benin,BEN,2024-05-08,3,0,0,0,0
Benin,BEN,2024-05-09,3,0,0,0,0
Benin,BEN,2024-05-10,3,0,0,0,0
Benin,BEN,2024-05-11,3,0,0,0,0
Benin,BEN,2024-05-12,3,0,0,0,0
Benin,BEN,2024-05-13,3,0,0,0,0
Benin,BEN,2024-05-14,3,0,0,0,0
Benin,BEN,2024-05-15,3,0,0,0,0
Benin,BEN,2024-05-16,3,0,0,0,0
Benin,BEN,2024-05-17,3,0,0,0,0
Benin,BEN,2024-05-18,3,0,0,0,0
Benin,BEN,2024-05-19,3,0,0,0,0
Benin,BEN,2024-05-20,3,0,0,0,0
Benin,BEN,2024-05-21,3,0,0,0,0
Benin,BEN,2024-05-22,3,0,0,0,0
Benin,BEN,2024-05-23,3,0,0,0,0
Benin,BEN,2024-05-24,3,0,0,0,0
Benin,BEN,2024-05-25,3,0,0,0,0
Benin,BEN,2024-05-26,3,0,0,0,0
Benin,BEN,2024-05-27,3,0,0,0,0
Benin,BEN,2024-05-28,3,0,0,0,0
Benin,BEN,2024-05-29,3,0,0,0,0
Benin,BEN,2024-05-30,3,0,0,0,0
Benin,BEN,2024-05-31,3,0,0,0,0
Benin,BEN,2024-06-01,3,0,0,0,0
Benin,BEN,2024-06-02,3,0,0,0,0
Benin,BEN,2024-06-03,3,0,0,0,0
Benin,BEN,2024-06-04,3,0,0,0,0
Benin,BEN,2024-06-05,3,0,0,0,0
Benin,BEN,2024-06-06,3,0,0,0,0
Benin,BEN,2024-06-07,3,0,0,0,0
Benin,BEN,2024-06-08,3,0,0,0,0
Benin,BEN,2024-06-09,3,0,0,0,0
Benin,BEN,2024-06-10,3,0,0,0,0
Benin,BEN,2024-06-11,3,0,0,0,0
Benin,BEN,2024-06-12,3,0,0,0,0
Benin,BEN,2024-06-13,3,0,0,0,0
Benin,BEN,2024-06-14,3,0,0,0,0
Benin,BEN,2024-06-15,3,0,0,0,0
Benin,BEN,2024-06-16,3,0,0,0,0
Benin,BEN,2024-06-17,3,0,0,0,0
Benin,BEN,2024-06-18,3,0,0,0,0
Benin,BEN,2024-06-19,3,0,0,0,0
Benin,BEN,2024-06-20,3,0,0,0,0
Benin,BEN,2024-06-21,3,0,0,0,0
Benin,BEN,2024-06-22,3,0,0,0,0
Benin,BEN,2024-06-23,3,0,0,0,0
Benin,BEN,2024-06-24,3,0,0,0,0
Benin,BEN,2024-06-25,3,0,0,0,0
Benin,BEN,2024-06-26,3,0,0,0,0
Benin,BEN,2024-06-27,3,0,0,0,0
Benin,BEN,2024-06-28,3,0,0,0,0
Benin,BEN,2024-06-29,3,0,0,0,0
Benin,BEN,2024-06-30,3,0,0,0,0
Benin,BEN,2024-07-01,3,0,0,0,0
Benin,BEN,2024-07-02,3,0,0,0,0
Benin,BEN,2024-07-03,3,0,0,0,0
Benin,BEN,2024-07-04,3,0,0,0,0
Benin,BEN,2024-07-05,3,0,0,0,0
Benin,BEN,2024-07-06,3,0,0,0,0
Benin,BEN,2024-07-07,3,0,0,0,0
Benin,BEN,2024-07-08,3,0,0,0,0
Benin,BEN,2024-07-09,3,0,0,0,0
Benin,BEN,2024-07-10,3,0,0,0,0
Benin,BEN,2024-07-11,3,0,0,0,0
Benin,BEN,2024-07-12,3,0,0,0,0
Benin,BEN,2024-07-13,3,0,0,0,0
Benin,BEN,2024-07-14,3,0,0,0,0
Benin,BEN,2024-07-15,3,0,0,0,0
Benin,BEN,2024-07-16,3,0,0,0,0
Benin,BEN,2024-07-17,3,0,0,0,0
Benin,BEN,2024-07-18,3,0,0,0,0
Benin,BEN,2024-07-19,3,0,0,0,0
Benin,BEN,2024-07-20,3,0,0,0,0
Benin,BEN,2024-07-21,3,0,0,0,0
Benin,BEN,2024-07-22,3,0,0,0,0
Benin,BEN,2024-07-23,3,0,0,0,0
Benin,BEN,2024-07-24,3,0,0,0,0
Benin,BEN,2024-07-25,3,0,0,0,0
Benin,BEN,2024-07-26,3,0,0,0,0
Benin,BEN,2024-07-27,3,0,0,0,0
Benin,BEN,2024-07-28,3,0,0,0,0
Benin,BEN,2024-07-29,3,0,0,0,0
Benin,BEN,2024-07-30,3,0,0,0,0
Benin,BEN,2024-07-31,3,0,0,0,0
Benin,BEN,2024-08-01,3,0,0,0,0
Benin,BEN,2024-08-02,3,0,0,0,0
Benin,BEN,2024-08-03,3,0,0,0,0
Benin,BEN,2024-08-04,3,0,0,0,0
Benin,BEN,2024-08-05,3,0,0,0,0
Benin,BEN,2024-08-06,3,0,0,0,0
Benin,BEN,2024-08-07,3,0,0,0,0
Benin,BEN,2024-08-08,3,0,0,0,0
Benin,BEN,2024-08-09,3,0,0,0,0
Benin,BEN,2024-08-10,3,0,0,0,0
Benin,BEN,2024-08-11,3,0,0,0,0
Benin,BEN,2024-08-12,3,0,0,0,0
Benin,BEN,2024-08-13,3,0,0,0,0
Benin,BEN,2024-08-14,3,0,0,0,0
Benin,BEN,2024-08-15,3,0,0,0,0
Benin,BEN,2024-08-16,3,0,0,0,0
Benin,BEN,2024-08-17,3,0,0,0,0
Benin,BEN,2024-08-18,3,0,0,0,0
Benin,BEN,2024-08-19,3,0,0,0,0
Benin,BEN,2024-08-20,3,0,0,0,0
Benin,BEN,2024-08-21,3,0,0,0,0
Benin,BEN,2024-08-22,3,0,0,0,0
Benin,BEN,2024-08-23,3,0,0,0,0
Benin,BEN,2024-08-24,3,0,0,0,0
Benin,BEN,2024-08-25,3,0,0,0,0
Benin,BEN,2024-08-26,3,0,0,0,0
Benin,BEN,2024-08-27,3,0,0,0,0
Benin,BEN,2024-08-28,3,0,0,0,0
Benin,BEN,2024-08-29,3,0,0,0,0
Benin,BEN,2024-08-30,3,0,0,0,0
Benin,BEN,2024-08-31,3,0,0,0,0
Benin,BEN,2024-09-01,3,0,0,0,0
Benin,BEN,2024-09-02,3,0,0,0,0
Benin,BEN,2024-09-03,3,0,0,0,0
Benin,BEN,2024-09-04,3,0,0,0,0
Benin,BEN,2024-09-05,3,0,0,0,0
Benin,BEN,2024-09-06,3,0,0,0,0
Benin,BEN,2024-09-07,3,0,0,0,0
Benin,BEN,2024-09-08,3,0,0,0,0
Benin,BEN,2024-09-09,3,0,0,0,0
Benin,BEN,2024-09-10,3,0,0,0,0
Benin,BEN,2024-09-11,3,0,0,0,0
Benin,BEN,2024-09-12,3,0,0,0,0
Benin,BEN,2024-09-13,3,0,0,0,0
Benin,BEN,2024-09-14,3,0,0,0,0
Benin,BEN,2024-09-15,3,0,0,0,0
Benin,BEN,2024-09-16,3,0,0,0,0
Benin,BEN,2024-09-17,3,0,0,0,0
Benin,BEN,2024-09-18,3,0,0,0,0
Benin,BEN,2024-09-19,3,0,0,0,0
Benin,BEN,2024-09-20,3,0,0,0,0
Benin,BEN,2024-09-21,3,0,0,0,0
Benin,BEN,2024-09-22,3,0,0,0,0
Benin,BEN,2024-09-23,3,0,0,0,0
Benin,BEN,2024-09-24,3,0,0,0,0
Benin,BEN,2024-09-25,3,0,0,0,0
Benin,BEN,2024-09-26,3,0,0,0,0
Benin,BEN,2024-09-27,3,0,0,0,0
Benin,BEN,2024-09-28,3,0,0,0,0
Benin,BEN,2024-09-29,3,0,0,0,0
Benin,BEN,2024-09-30,3,0,0,0,0
Benin,BEN,2024-10-01,3,0,0,0,0
Benin,BEN,2024-10-02,3,0,0,0,0
Benin,BEN,2024-10-03,3,0,0,0,0
Benin,BEN,2024-10-04,3,0,0,0,0
Benin,BEN,2024-10-05,3,0,0,0,0
Benin,BEN,2024-10-06,3,0,0,0,0
Benin,BEN,2024-10-07,3,0,0,0,0
Benin,BEN,2024-10-08,3,0,0,0,0
Benin,BEN,2024-10-09,3,0,0,0,0
Benin,BEN,2024-10-10,3,0,0,0,0
Benin,BEN,2024-10-11,3,0,0,0,0
Benin,BEN,2024-10-12,3,0,0,0,0
Benin,BEN,2024-10-13,3,0,0,0,0
Benin,BEN,2024-10-14,3,0,0,0,0
Benin,BEN,2024-10-15,3,0,0,0,0
Benin,BEN,2024-10-16,3,0,0,0,0
Benin,BEN,2024-10-17,3,0,0,0,0
Benin,BEN,2024-10-18,3,0,0,0,0
Benin,BEN,2024-10-19,3,0,0,0,0
Benin,BEN,2024-10-20,3,0,0,0,0
Benin,BEN,2024-10-21,3,0,0,0,0
Benin,BEN,2024-10-22,3,0,0,0,0
Benin,BEN,2024-10-23,3,0,0,0,0
Benin,BEN,2024-10-24,3,0,0,0,0
Benin,BEN,2024-10-25,3,0,0,0,0
Benin,BEN,2024-10-26,3,0,0,0,0
Benin,BEN,2024-10-27,3,0,0,0,0
Benin,BEN,2024-10-28,3,0,0,0,0
Benin,BEN,2024-10-29,3,0,0,0,0
Benin,BEN,2024-10-30,3,0,0,0,0
Benin,BEN,2024-10-31,3,0,0,0,0
Benin,BEN,2024-11-01,3,0,0,0,0
Benin,BEN,2024-11-02,3,0,0,0,0
Benin,BEN,2024-11-03,3,0,0,0,0
Benin,BEN,2024-11-04,3,0,0,0,0
Benin,BEN,2024-11-05,3,0,0,0,0
Benin,BEN,2024-11-06,3,0,0,0,0
Benin,BEN,2024-11-07,3,0,0,0,0
Benin,BEN,2024-11-08,3,0,0,0,0
Benin,BEN,2024-11-09,3,0,0,0,0
Benin,BEN,2024-11-10,3,0,0,0,0
Benin,BEN,2024-11-11,3,0,0,0,0
Benin,BEN,2024-11-12,3,0,0,0,0
Benin,BEN,2024-11-13,3,0,0,0,0
Benin,BEN,2024-11-14,3,0,0,0,0
Benin,BEN,2024-11-15,3,0,0,0,0
Benin,BEN,2024-11-16,3,0,0,0,0
Benin,BEN,2024-11-17,3,0,0,0,0
Benin,BEN,2024-11-18,3,0,0,0,0
Benin,BEN,2024-11-19,3,0,0,0,0
Benin,BEN,2024-11-20,3,0,0,0,0
Benin,BEN,2024-11-21,3,0,0,0,0
Benin,BEN,2024-11-22,3,0,0,0,0
Benin,BEN,2024-11-23,3,0,0,0,0
Benin,BEN,2024-11-24,3,0,0,0,0
Benin,BEN,2024-11-25,3,0,0,0,0
Benin,BEN,2024-11-26,3,0,0,0,0
Benin,BEN,2024-11-27,3,0,0,0,0
Benin,BEN,2024-11-28,3,0,0,0,0
Benin,BEN,2024-11-29,3,0,0,0,0
Benin,BEN,2024-11-30,3,0,0,0,0
Benin,BEN,2024-12-01,3,0,0,0,0
Benin,BEN,2024-12-02,3,0,0,0,0
Benin,BEN,2024-12-03,3,0,0,0,0
Benin,BEN,2024-12-04,3,0,0,0,0
Benin,BEN,2024-12-05,3,0,0,0,0
Benin,BEN,2024-12-06,3,0,0,0,0
Benin,BEN,2024-12-07,3,0,0,0,0
Benin,BEN,2024-12-08,3,0,0,0,0
Benin,BEN,2024-12-09,3,0,0,0,0
Benin,BEN,2024-12-10,3,0,0,0,0
Benin,BEN,2024-12-11,3,0,0,0,0
Benin,BEN,2024-12-12,3,0,0,0,0
Benin,BEN,2024-12-13,3,0,0,0,0
Benin,BEN,2024-12-14,3,0,0,0,0
Benin,BEN,2024-12-15,3,0,0,0,0
Benin,BEN,2024-12-16,3,0,0,0,0
Benin,BEN,2024-12-17,3,0,0,0,0
Benin,BEN,2024-12-18,3,0,0,0,0
Benin,BEN,2024-12-19,3,0,0,0,0
Benin,BEN,2024-12-20,3,0,0,0,0
Benin,BEN,2024-12-21,3,0,0,0,0
Benin,BEN,2024-12-22,3,0,0,0,0
Benin,BEN,2024-12-23,3,0,0,0,0
Benin,BEN,2024-12-24,3,0,0,0,0
Benin,BEN,2024-12-25,3,0,0,0,0
Benin,BEN,2024-12-26,3,0,0,0,0
Benin,BEN,2024-12-27,3,0,0,0,0
Benin,BEN,2024-12-28,3,0,0,0,0
Benin,BEN,2024-12-29,3,0,0,0,0
Burundi,BDI,2024-07-21,0,0,0,0,0
Burundi,BDI,2024-07-22,0,0,0,0,0
Burundi,BDI,2024-07-23,0,0,0,0,0
Burundi,BDI,2024-07-24,0,0,0,0,0
Burundi,BDI,2024-07-25,0,0,0,0,0
Burundi,BDI,2024-07-26,0,0,0,0,0
Burundi,BDI,2024-07-27,0,0,0,0,0
Burundi,BDI,2024-07-28,9,9,0,0,1.29
Burundi,BDI,2024-07-29,9,0,0,0,1.29
Burundi,BDI,2024-07-30,9,0,0,0,1.29
Burundi,BDI,2024-07-31,9,0,0,0,1.29
Burundi,BDI,2024-08-01,9,0,0,0,1.29
Burundi,BDI,2024-08-02,9,0,0,0,1.29
Burundi,BDI,2024-08-03,9,0,0,0,1.29
Burundi,BDI,2024-08-04,40,31,0,0,4.43
Burundi,BDI,2024-08-05,40,0,0,0,4.43
Burundi,BDI,2024-08-06,40,0,0,0,4.43
Burundi,BDI,2024-08-07,40,0,0,0,4.43
Burundi,BDI,2024-08-08,40,0,0,0,4.43
Burundi,BDI,2024-08-09,40,0,0,0,4.43
Burundi,BDI,2024-08-10,40,0,0,0,4.43
Burundi,BDI,2024-08-11,83,43,0,0,6.14
Burundi,BDI,2024-08-12,83,0,0,0,6.14
Burundi,BDI,2024-08-13,83,0,0,0,6.14
Burundi,BDI,2024-08-14,83,0,0,0,6.14
Burundi,BDI,2024-08-15,83,0,0,0,6.14
Burundi,BDI,2024-08-16,83,0,0,0,6.14
Burundi,BDI,2024-08-17,83,0,0,0,6.14
Burundi,BDI,2024-08-18,153,70,0,0,10
Burundi,BDI,2024-08-19,153,0,0,0,10
Burundi,BDI,2024-08-20,153,0,0,0,10
Burundi,BDI,2024-08-21,153,0,0,0,10
Burundi,BDI,2024-08-22,153,0,0,0,10
Burundi,BDI,2024-08-23,153,0,0,0,10
Burundi,BDI,2024-08-24,153,0,0,0,10
Burundi,BDI,2024-08-25,231,78,0,0,11.14
Burundi,BDI,2024-08-26,231,0,0,0,11.14
Burundi,BDI,2024-08-27,231,0,0,0,11.14
Burundi,BDI,2024-08-28,231,0,0,0,11.14
Burundi,BDI,2024-08-29,231,0,0,0,11.14
Burundi,BDI,2024-08-30,231,0,0,0,11.14
Burundi,BDI,2024-08-31,231,0,0,0,11.14
Burundi,BDI,2024-09-01,328,97,0,0,13.86
Burundi,BDI,2024-09-02,328,0,0,0,13.86
Burundi,BDI,2024-09-03,328,0,0,0,13.86
Burundi,BDI,2024-09-04,328,0,0,0,13.86
Burundi,BDI,2024-09-05,328,0,0,0,13.86
Burundi,BDI,2024-09-06,328,0,0,0,13.86
Burundi,BDI,2024-09-07,328,0,0,0,13.86
Burundi,BDI,2024-09-08,385,57,0,0,8.14
Burundi,BDI,2024-09-09,385,0,0,0,8.14
Burundi,BDI,2024-09-10,385,0,0,0,8.14
Burundi,BDI,2024-09-11,385,0,0,0,8.14
Burundi,BDI,2024-09-12,385,0,0,0,8.14
Burundi,BDI,2024-09-13,385,0,0,0,8.14
Burundi,BDI,2024-09-14,385,0,0,0,8.14
Burundi,BDI,2024-09-15,564,179,0,0,25.57
Burundi,BDI,2024-09-16,564,0,0,0,25.57
Burundi,BDI,2024-09-17,564,0,0,0,25.57
Burundi,BDI,2024-09-18,564,0,0,0,25.57
Burundi,BDI,2024-09-19,564,0,0,0,25.57
Burundi,BDI,2024-09-20,564,0,0,0,25.57
Burundi,BDI,2024-09-21,564,0,0,0,25.57
Burundi,BDI,2024-09-22,696,132,0,0,18.86
Burundi,BDI,2024-09-23,696,0,0,0,18.86
Burundi,BDI,2024-09-24,696,0,0,0,18.86
Burundi,BDI,2024-09-25,696,0,0,0,18.86
Burundi,BDI,2024-09-26,696,0,0,0,18.86
Burundi,BDI,2024-09-27,696,0,0,0,18.86
Burundi,BDI,2024-09-28,696,0,0,0,18.86
Burundi,BDI,2024-09-29,853,157,0,0,22.43
Burundi,BDI,2024-09-30,853,0,0,0,22.43
Burundi,BDI,2024-10-01,853,0,0,0,22.43
Burundi,BDI,2024-10-02,853,0,0,0,22.43
Burundi,BDI,2024-10-03,853,0,0,0,22.43
Burundi,BDI,2024-10-04,853,0,0,0,22.43
Burundi,BDI,2024-10-05,853,0,0,0,22.43
Burundi,BDI,2024-10-06,987,134,0,0,19.14
Burundi,BDI,2024-10-07,987,0,0,0,19.14
Burundi,BDI,2024-10-08,987,0,0,0,19.14
Burundi,BDI,2024-10-09,987,0,0,0,19.14
Burundi,BDI,2024-10-10,987,0,0,0,19.14
Burundi,BDI,2024-10-11,987,0,0,0,19.14
Burundi,BDI,2024-10-12,987,0,0,0,19.14
Burundi,BDI,2024-10-13,1170,183,0,0,26.14
Burundi,BDI,2024-10-14,1170,0,0,0,26.14
Burundi,BDI,2024-10-15,1170,0,0,0,26.14
Burundi,BDI,2024-10-16,1170,0,0,0,26.14
Burundi,BDI,2024-10-17,1170,0,0,0,26.14
Burundi,BDI,2024-10-18,1170,0,0,0,26.14
Burundi,BDI,2024-10-19,1170,0,0,0,26.14
Burundi,BDI,2024-10-20,1287,117,0,0,16.71
Burundi,BDI,2024-10-21,1287,0,0,0,16.71
Burundi,BDI,2024-10-22,1287,0,0,0,16.71
Burundi,BDI,2024-10-23,1287,0,0,0,16.71
Burundi,BDI,2024-10-24,1287,0,0,0,16.71
Burundi,BDI,2024-10-25,1287,0,0,0,16.71
Burundi,BDI,2024-10-26,1287,0,0,0,16.71
Burundi,BDI,2024-10-27,1509,222,0,0,31.71
Burundi,BDI,2024-10-28,1509,0,0,0,31.71
Burundi,BDI,2024-10-29,1509,0,0,0,31.71
Burundi,BDI,2024-10-30,1509,0,0,0,31.71
Burundi,BDI,2024-10-31,1509,0,0,0,31.71
Burundi,BDI,2024-11-01,1509,0,0,0,31.71
Burundi,BDI,2024-11-02,1509,0,0,0,31.71
Burundi,BDI,2024-11-03,1718,209,0,0,29.86
Burundi,BDI,2024-11-04,1718,0,0,0,29.86
Burundi,BDI,2024-11-05,1718,0,0,0,29.86
Burundi,BDI,2024-11-06,1718,0,0,0,29.86
Burundi,BDI,2024-11-07,1718,0,0,0,29.86
Burundi,BDI,2024-11-08,1718,0,0,0,29.86
Burundi,BDI,2024-11-09,1718,0,0,0,29.86
Burundi,BDI,2024-11-10,1863,145,0,0,20.71
Burundi,BDI,2024-11-11,1863,0,0,0,20.71
Burundi,BDI,2024-11-12,1863,0,0,0,20.71
Burundi,BDI,2024-11-13,1863,0,0,0,20.71
Burundi,BDI,2024-11-14,1863,0,0,0,20.71
Burundi,BDI,2024-11-15,1863,0,0,0,20.71
Burundi,BDI,2024-11-16,1863,0,0,0,20.71
Burundi,BDI,2024-11-17,2050,187,1,1,26.71
Burundi,BDI,2024-11-18,2050,0,1,0,26.71
Burundi,BDI,2024-11-19,2050,0,1,0,26.71
Burundi,BDI,2024-11-20,2050,0,1,0,26.71
Burundi,BDI,2024-11-21,2050,0,1,0,26.71
Burundi,BDI,2024-11-22,2050,0,1,0,26.71
Burundi,BDI,2024-11-23,2050,0,1,0,26.71
Burundi,BDI,2024-11-24,2237,187,1,0,26.71
Burundi,BDI,2024-11-25,2237,0,1,0,26.71
Burundi,BDI,2024-11-26,2237,0,1,0,26.71
Burundi,BDI,2024-11-27,2237,0,1,0,26.71
Burundi,BDI,2024-11-28,2237,0,1,0,26.71
Burundi,BDI,2024-11-29,2237,0,1,0,26.71
Burundi,BDI,2024-11-30,2237,0,1,0,26.71
Burundi,BDI,2024-12-01,2402,165,1,0,23.57
Burundi,BDI,2024-12-02,2402,0,1,0,23.57
Burundi,BDI,2024-12-03,2402,0,1,0,23.57
Burundi,BDI,2024-12-04,2402,0,1,0,23.57
Burundi,BDI,2024-12-05,2402,0,1,0,23.57
Burundi,BDI,2024-12-06,2402,0,1,0,23.57
Burundi,BDI,2024-12-07,2402,0,1,0,23.57
Burundi,BDI,2024-12-08,2546,144,1,0,20.57
Burundi,BDI,2024-12-09,2546,0,1,0,20.57
Burundi,BDI,2024-12-10,2546,0,1,0,20.57
Burundi,BDI,2024-12-11,2546,0,1,0,20.57
Burundi,BDI,2024-12-12,2546,0,1,0,20.57
Burundi,BDI,2024-12-13,2546,0,1,0,20.57
Burundi,BDI,2024-12-14,2546,0,1,0,20.57
Burundi,BDI,2024-12-15,2717,171,1,0,24.43
Burundi,BDI,2024-12-16,2717,0,1,0,24.43
Burundi,BDI,2024-12-17,2717,0,1,0,24.43
Burundi,BDI,2024-12-18,2717,0,1,0,24.43
Burundi,BDI,2024-12-19,2717,0,1,0,24.43
Burundi,BDI,2024-12-20,2717,0,1,0,24.43
Burundi,BDI,2024-12-21,2717,0,1,0,24.43
Burundi,BDI,2024-12-22,2861,144,1,0,20.57
Burundi,BDI,2024-12-23,2861,0,1,0,20.57
Burundi,BDI,2024-12-24,2861,0,1,0,20.57
Burundi,BDI,2024-12-25,2861,0,1,0,20.57
Burundi,BDI,2024-12-26,2861,0,1,0,20.57
Burundi,BDI,2024-12-27,2861,0,1,0,20.57
Burundi,BDI,2024-12-28,2861,0,1,0,20.57
Burundi,BDI,2024-12-29,2946,85,1,0,12.14
Burundi,BDI,2024-12-30,2946,0,1,0,12.14
Burundi,BDI,2024-12-31,2946,0,1,0,12.14
Burundi,BDI,2025-01-01,2946,0,1,0,12.14
Burundi,BDI,2025-01-02,2946,0,1,0,12.14
Burundi,BDI,2025-01-03,2946,0,1,0,12.14
Burundi,BDI,2025-01-04,2946,0,1,0,12.14
Burundi,BDI,2025-01-05,3035,89,1,0,12.71
Burundi,BDI,2025-01-06,3035,0,1,0,12.71
Burundi,BDI,2025-01-07,3035,0,1,0,12.71
Burundi,BDI,2025-01-08,3035,0,1,0,12.71
Burundi,BDI,2025-01-09,3035,0,1,0,12.71
Burundi,BDI,2025-01-10,3035,0,1,0,12.71
Burundi,BDI,2025-01-11,3035,0,1,0,12.71
Burundi,BDI,2025-01-12,3116,81,1,0,11.57
Burundi,BDI,2025-01-13,3116,0,1,0,11.57
Burundi,BDI,2025-01-14,3116,0,1,0,11.57
Burundi,BDI,2025-01-15,3116,0,1,0,11.57
Burundi,BDI,2025-01-16,3116,0,1,0,11.57
Burundi,BDI,2025-01-17,3116,0,1,0,11.57
Burundi,BDI,2025-01-18,3116,0,1,0,11.57
Burundi,BDI,2025-01-19,3236,120,1,0,17.14
Burundi,BDI,2025-01-20,3236,0,1,0,17.14
Burundi,BDI,2025-01-21,3236,0,1,0,17.14
Burundi,BDI,2025-01-22,3236,0,1,0,17.14
Burundi,BDI,2025-01-23,3236,0,1,0,17.14
Burundi,BDI,2025-01-24,3236,0,1,0,17.14
Burundi,BDI,2025-01-25,3236,0,1,0,17.14
Burundi,BDI,2025-01-26,3288,52,1,0,7.43
Burundi,BDI,2025-01-27,3288,0,1,0,7.43
Burundi,BDI,2025-01-28,3288,0,1,0,7.43
Burundi,BDI,2025-01-29,3288,0,1,0,7.43
Burundi,BDI,2025-01-30,3288,0,1,0,7.43
Burundi,BDI,2025-01-31,3288,0,1,0,7.43
Burundi,BDI,2025-02-01,3288,0,1,0,7.43
Burundi,BDI,2025-02-02,3359,71,1,0,10.14
Burundi,BDI,2025-02-03,3359,0,1,0,10.14
Burundi,BDI,2025-02-04,3359,0,1,0,10.14
Burundi,BDI,2025-02-05,3359,0,1,0,10.14
Burundi,BDI,2025-02-06,3359,0,1,0,10.14
Burundi,BDI,2025-02-07,3359,0,1,0,10.14
Burundi,BDI,2025-02-08,3359,0,1,0,10.14
Burundi,BDI,2025-02-09,3428,69,1,0,9.86
Burundi,BDI,2025-02-10,3428,0,1,0,9.86
Burundi,BDI,2025-02-11,3428,0,1,0,9.86
Burundi,BDI,2025-02-12,3428,0,1,0,9.86
Burundi,BDI,2025-02-13,3428,0,1,0,9.86
Burundi,BDI,2025-02-14,3428,0,1,0,9.86
Burundi,BDI,2025-02-15,3428,0,1,0,9.86
Burundi,BDI,2025-02-16,3467,39,1,0,5.57
Burundi,BDI,2025-02-17,3467,0,1,0,5.57
Burundi,BDI,2025-02-18,3467,0,1,0,5.57
Burundi,BDI,2025-02-19,3467,0,1,0,5.57
Burundi,BDI,2025-02-20,3467,0,1,0,5.57
Burundi,BDI,2025-02-21,3467,0,1,0,5.57
Burundi,BDI,2025-02-22,3467,0,1,0,5.57
Burundi,BDI,2025-02-23,3547,80,1,0,11.43
Burundi,BDI,2025-02-24,3547,0,1,0,11.43
Burundi,BDI,2025-02-25,3547,0,1,0,11.43
Burundi,BDI,2025-02-26,3547,0,1,0,11.43
Burundi,BDI,2025-02-27,3547,0,1,0,11.43
Burundi,BDI,2025-02-28,3547,0,1,0,11.43
Burundi,BDI,2025-03-01,3588,41,1,0,17.29
Burundi,BDI,2025-03-02,3588,0,1,0,5.86
Burundi,BDI,2025-03-03,3588,0,1,0,5.86
Burundi,BDI,2025-03-04,3588,0,1,0,5.86
Burundi,BDI,2025-03-05,3588,0,1,0,5.86
Burundi,BDI,2025-03-06,3588,0,1,0,5.86
Burundi,BDI,2025-03-07,3588,0,1,0,5.86
Burundi,BDI,2025-03-08,3588,0,1,0,0
Burundi,BDI,2025-03-09,3614,26,1,0,3.71
Burundi,BDI,2025-03-10,3614,0,1,0,3.71
Burundi,BDI,2025-03-11,3614,0,1,0,3.71
Burundi,BDI,2025-03-12,3614,0,1,0,3.71
Burundi,BDI,2025-03-13,3614,0,1,0,3.71
Burundi,BDI,2025-03-14,3614,0,1,0,3.71
Burundi,BDI,2025-03-15,3614,0,1,0,3.71
Burundi,BDI,2025-03-16,3648,34,1,0,4.86
Burundi,BDI,2025-03-17,3648,0,1,0,4.86
Burundi,BDI,2025-03-18,3648,0,1,0,4.86
Burundi,BDI,2025-03-19,3648,0,1,0,4.86
Burundi,BDI,2025-03-20,3648,0,1,0,4.86
Burundi,BDI,2025-03-21,3648,0,1,0,4.86
Burundi,BDI,2025-03-22,3648,0,1,0,4.86
Burundi,BDI,2025-03-23,3698,50,1,0,7.14
Burundi,BDI,2025-03-24,3698,0,1,0,7.14
Burundi,BDI,2025-03-25,3698,0,1,0,7.14
Burundi,BDI,2025-03-26,3698,0,1,0,7.14
Burundi,BDI,2025-03-27,3698,0,1,0,7.14
Burundi,BDI,2025-03-28,3698,0,1,0,7.14
Burundi,BDI,2025-03-29,3698,0,1,0,7.14
Burundi,BDI,2025-03-30,3725,27,1,0,3.86
Burundi,BDI,2025-03-31,3725,0,1,0,3.86
Burundi,BDI,2025-04-01,3725,0,1,0,3.86
Burundi,BDI,2025-04-02,3725,0,1,0,3.86
Burundi,BDI,2025-04-03,3725,0,1,0,3.86
Burundi,BDI,2025-04-04,3725,0,1,0,3.86
Burundi,BDI,2025-04-05,3725,0,1,0,3.86
Burundi,BDI,2025-04-06,3751,26,1,0,3.71
Burundi,BDI,2025-04-07,3751,0,1,0,3.71
Burundi,BDI,2025-04-08,3751,0,1,0,3.71
Burundi,BDI,2025-04-09,3751,0,1,0,3.71
Burundi,BDI,2025-04-10,3751,0,1,0,3.71
Burundi,BDI,2025-04-11,3751,0,1,0,3.71
Burundi,BDI,2025-04-12,3751,0,1,0,3.71
Burundi,BDI,2025-04-13,3773,22,1,0,3.14
Burundi,BDI,2025-04-14,3773,0,1,0,3.14
Burundi,BDI,2025-04-15,3773,0,1,0,3.14
Burundi,BDI,2025-04-16,3773,0,1,0,3.14
Burundi,BDI,2025-04-17,3773,0,1,0,3.14
Burundi,BDI,2025-04-18,3773,0,1,0,3.14
Burundi,BDI,2025-04-19,3773,0,1,0,3.14
Burundi,BDI,2025-04-20,3804,31,1,0,4.43
Burundi,BDI,2025-04-21,3804,0,1,0,4.43
Burundi,BDI,2025-04-22,3804,0,1,0,4.43
Burundi,BDI,2025-04-23,3804,0,1,0,4.43
Burundi,BDI,2025-04-24,3804,0,1,0,4.43
Burundi,BDI,2025-04-25,3804,0,1,0,4.43
Burundi,BDI,2025-04-26,3804,0,1,0,4.43
Burundi,BDI,2025-04-27,3839,35,1,0,5
Burundi,BDI,2025-04-28,3839,0,1,0,5
Burundi,BDI,2025-04-29,3839,0,1,0,5
Burundi,BDI,2025-04-30,3839,0,1,0,5
Burundi,BDI,2025-05-01,3839,0,1,0,5
Burundi,BDI,2025-05-02,3839,0,1,0,5
Burundi,BDI,2025-05-03,3839,0,1,0,5
Burundi,BDI,2025-05-04,3883,44,1,0,6.29
Burundi,BDI,2025-05-05,3883,0,1,0,6.29
Burundi,BDI,2025-05-06,3883,0,1,0,6.29
Burundi,BDI,2025-05-07,3883,0,1,0,6.29
Burundi,BDI,2025-05-08,3883,0,1,0,6.29
Burundi,BDI,2025-05-09,3883,0,1,0,6.29
Burundi,BDI,2025-05-10,3883,0,1,0,6.29
Burundi,BDI,2025-05-11,3910,27,1,0,3.86
Burundi,BDI,2025-05-12,3910,0,1,0,3.86
Burundi,BDI,2025-05-13,3910,0,1,0,3.86
Burundi,BDI,2025-05-14,3910,0,1,0,3.86
Burundi,BDI,2025-05-15,3910,0,1,0,3.86
Burundi,BDI,2025-05-16,3910,0,1,0,3.86
Burundi,BDI,2025-05-17,3910,0,1,0,3.86
Burundi,BDI,2025-05-18,3934,24,1,0,3.43
Burundi,BDI,2025-05-19,3934,0,1,0,3.43
Burundi,BDI,2025-05-20,3934,0,1,0,3.43
Burundi,BDI,2025-05-21,3934,0,1,0,3.43
Burundi,BDI,2025-05-22,3934,0,1,0,3.43
Burundi,BDI,2025-05-23,3934,0,1,0,3.43
Burundi,BDI,2025-05-24,3934,0,1,0,3.43
Burundi,BDI,2025-05-25,3958,24,1,0,3.43
Burundi,BDI,2025-05-26,3958,0,1,0,3.43
Burundi,BDI,2025-05-27,3958,0,1,0,3.43
Burundi,BDI,2025-05-28,3958,0,1,0,3.43
Burundi,BDI,2025-05-29,3958,0,1,0,3.43
Burundi,BDI,2025-05-30,3958,0,1,0,3.43
Burundi,BDI,2025-05-31,3970,12,1,0,5.14
Burundi,BDI,2025-06-01,3970,0,1,0,1.71
Burundi,BDI,2025-06-02,3970,0,1,0,1.71
Burundi,BDI,2025-06-03,3970,0,1,0,1.71
Burundi,BDI,2025-06-04,3970,0,1,0,1.71
Burundi,BDI,2025-06-05,3970,0,1,0,1.71
Burundi,BDI,2025-06-06,3970,0,1,0,1.71
Burundi,BDI,2025-06-07,3970,0,1,0,0
Burundi,BDI,2025-06-08,3980,10,1,0,1.43
Burundi,BDI,2025-06-09,3980,0,1,0,1.43
Burundi,BDI,2025-06-10,3980,0,1,0,1.43
Burundi,BDI,2025-06-11,3980,0,1,0,1.43
Burundi,BDI,2025-06-12,3980,0,1,0,1.43
Burundi,BDI,2025-06-13,3980,0,1,0,1.43
Burundi,BDI,2025-06-14,3980,0,1,0,1.43
Burundi,BDI,2025-06-15,4006,26,1,0,3.71
Burundi,BDI,2025-06-16,4006,0,1,0,3.71
Burundi,BDI,2025-06-17,4006,0,1,0,3.71
Burundi,BDI,2025-06-18,4006,0,1,0,3.71
Burundi,BDI,2025-06-19,4006,0,1,0,3.71
Burundi,BDI,2025-06-20,4006,0,1,0,3.71
Burundi,BDI,2025-06-21,4006,0,1,0,3.71
Burundi,BDI,2025-06-22,4025,19,1,0,2.71
Burundi,BDI,2025-06-23,4025,0,1,0,2.71
Burundi,BDI,2025-06-24,4025,0,1,0,2.71
Burundi,BDI,2025-06-25,4025,0,1,0,2.71
Burundi,BDI,2025-06-26,4025,0,1,0,2.71
Burundi,BDI,2025-06-27,4025,0,1,0,2.71
Burundi,BDI,2025-06-28,4025,0,1,0,2.71
Burundi,BDI,2025-06-29,4055,30,1,0,4.29
Burundi,BDI,2025-06-30,4055,0,1,0,4.29
Burundi,BDI,2025-07-01,4055,0,1,0,4.29
Burundi,BDI,2025-07-02,4055,0,1,0,4.29
Burundi,BDI,2025-07-03,4055,0,1,0,4.29
Burundi,BDI,2025-07-04,4055,0,1,0,4.29
Burundi,BDI,2025-07-05,4055,0,1,0,4.29
Burundi,BDI,2025-07-06,4105,50,1,0,7.14
Burundi,BDI,2025-07-07,4105,0,1,0,7.14
Burundi,BDI,2025-07-08,4105,0,1,0,7.14
Burundi,BDI,2025-07-09,4105,0,1,0,7.14
Burundi,BDI,2025-07-10,4105,0,1,0,7.14
Burundi,BDI,2025-07-11,4105,0,1,0,7.14
Burundi,BDI,2025-07-12,4105,0,1,0,7.14
Burundi,BDI,2025-07-13,4148,43,1,0,6.14
Burundi,BDI,2025-07-14,4148,0,1,0,6.14
Burundi,BDI,2025-07-15,4148,0,1,0,6.14
Burundi,BDI,2025-07-16,4148,0,1,0,6.14
Burundi,BDI,2025-07-17,4148,0,1,0,6.14
Burundi,BDI,2025-07-18,4148,0,1,0,6.14
Burundi,BDI,2025-07-19,4148,0,1,0,6.14
Burundi,BDI,2025-07-20,4189,41,1,0,5.86
Burundi,BDI,2025-07-21,4189,0,1,0,5.86
Burundi,BDI,2025-07-22,4189,0,1,0,5.86
Burundi,BDI,2025-07-23,4189,0,1,0,5.86
Burundi,BDI,2025-07-24,4189,0,1,0,5.86
Burundi,BDI,2025-07-25,4189,0,1,0,5.86
Burundi,BDI,2025-07-26,4189,0,1,0,5.86
Burundi,BDI,2025-07-27,4242,53,1,0,7.57
Burundi,BDI,2025-07-28,4242,0,1,0,7.57
Burundi,BDI,2025-07-29,4242,0,1,0,7.57
Burundi,BDI,2025-07-30,4242,0,1,0,7.57
Burundi,BDI,2025-07-31,4242,0,1,0,7.57
Burundi,BDI,2025-08-01,4242,0,1,0,7.57
Burundi,BDI,2025-08-02,4242,0,1,0,7.57
Burundi,BDI,2025-08-03,4274,32,1,0,4.57
Burundi,BDI,2025-08-04,4274,0,1,0,4.57
Burundi,BDI,2025-08-05,4274,0,1,0,4.57
Burundi,BDI,2025-08-06,4274,0,1,0,4.57
Burundi,BDI,2025-08-07,4274,0,1,0,4.57
Burundi,BDI,2025-08-08,4319,45,1,0,11
Burundi,BDI,2025-08-09,4319,0,1,0,11
Burundi,BDI,2025-08-10,4319,0,1,0,6.43
Burundi,BDI,2025-08-11,4319,0,1,0,6.43
Burundi,BDI,2025-08-12,4319,0,1,0,6.43
Burundi,BDI,2025-08-13,4319,0,1,0,6.43
Burundi,BDI,2025-08-14,4319,0,1,0,6.43
Burundi,BDI,2025-08-15,4319,0,1,0,0
Burundi,BDI,2025-08-16,4319,0,1,0,0
Burundi,BDI,2025-08-17,4350,31,1,0,4.43
Burundi,BDI,2025-08-18,4350,0,1,0,4.43
Burundi,BDI,2025-08-19,4350,0,1,0,4.43
Burundi,BDI,2025-08-20,4350,0,1,0,4.43
Burundi,BDI,2025-08-21,4350,0,1,0,4.43
Burundi,BDI,2025-08-22,4350,0,1,0,4.43
Burundi,BDI,2025-08-23,4350,0,1,0,4.43
Burundi,BDI,2025-08-24,4384,34,1,0,4.86
Burundi,BDI,2025-08-25,4384,0,1,0,4.86
Burundi,BDI,2025-08-26,4384,0,1,0,4.86
Burundi,BDI,2025-08-27,4384,0,1,0,4.86
Burundi,BDI,2025-08-28,4384,0,1,0,4.86
Burundi,BDI,2025-08-29,4384,0,1,0,4.86
Burundi,BDI,2025-08-30,4384,0,1,0,4.86
Burundi,BDI,2025-08-31,4405,21,1,0,3
Burundi,BDI,2025-09-01,4405,0,1,0,3
Burundi,BDI,2025-09-02,4405,0,1,0,3
Burundi,BDI,2025-09-03,4405,0,1,0,3
Burundi,BDI,2025-09-04,4405,0,1,0,3
Burundi,BDI,2025-09-05,4405,0,1,0,3
Burundi,BDI,2025-09-06,4405,0,1,0,3
Burundi,BDI,2025-09-07,4428,23,1,0,3.29
Burundi,BDI,2025-09-08,4428,0,1,0,3.29
Burundi,BDI,2025-09-09,4428,0,1,0,3.29
Burundi,BDI,2025-09-10,4428,0,1,0,3.29
Burundi,BDI,2025-09-11,4428,0,1,0,3.29
Burundi,BDI,2025-09-12,4428,0,1,0,3.29
Burundi,BDI,2025-09-13,4428,0,1,0,3.29
Burundi,BDI,2025-09-14,4452,24,1,0,3.43
Burundi,BDI,2025-09-15,4452,0,1,0,3.43
Burundi,BDI,2025-09-16,4452,0,1,0,3.43
Burundi,BDI,2025-09-17,4452,0,1,0,3.43
Burundi,BDI,2025-09-18,4452,0,1,0,3.43
Burundi,BDI,2025-09-19,4452,0,1,0,3.43
Burundi,BDI,2025-09-20,4452,0,1,0,3.43
Burundi,BDI,2025-09-21,4473,21,1,0,3
Burundi,BDI,2025-09-22,4473,0,1,0,3
Burundi,BDI,2025-09-23,4473,0,1,0,3
Burundi,BDI,2025-09-24,4473,0,1,0,3
Burundi,BDI,2025-09-25,4473,0,1,0,3
Burundi,BDI,2025-09-26,4473,0,1,0,3
Burundi,BDI,2025-09-27,4473,0,1,0,3
Burundi,BDI,2025-09-28,4483,10,1,0,1.43
Burundi,BDI,2025-09-29,4483,0,1,0,1.43
Burundi,BDI,2025-09-30,4483,0,1,0,1.43
Burundi,BDI,2025-10-01,4483,0,1,0,1.43
Burundi,BDI,2025-10-02,4483,0,1,0,1.43
Burundi,BDI,2025-10-03,4483,0,1,0,1.43
Burundi,BDI,2025-10-04,4483,0,1,0,1.43
Burundi,BDI,2025-10-05,4494,11,1,0,1.57
Burundi,BDI,2025-10-06,4494,0,1,0,1.57
Burundi,BDI,2025-10-07,4494,0,1,0,1.57
Burundi,BDI,2025-10-08,4494,0,1,0,1.57
Burundi,BDI,2025-10-09,4494,0,1,0,1.57
Burundi,BDI,2025-10-10,4494,0,1,0,1.57
Burundi,BDI,2025-10-11,4494,0,1,0,1.57
Burundi,BDI,2025-10-12,4495,1,1,0,0.14
Burundi,BDI,2025-10-13,4495,0,1,0,0.14
Burundi,BDI,2025-10-14,4495,0,1,0,0.14
Burundi,BDI,2025-10-15,4495,0,1,0,0.14
Burundi,BDI,2025-10-16,4495,0,1,0,0.14
Burundi,BDI,2025-10-17,4495,0,1,0,0.14
Burundi,BDI,2025-10-18,4495,0,1,0,0.14
Burundi,BDI,2025-10-19,4497,2,1,0,0.29
Burundi,BDI,2025-10-20,4497,0,1,0,0.29
Burundi,BDI,2025-10-21,4497,0,1,0,0.29
Burundi,BDI,2025-10-22,4497,0,1,0,0.29
Burundi,BDI,2025-10-23,4497,0,1,0,0.29
Burundi,BDI,2025-10-24,4497,0,1,0,0.29
Burundi,BDI,2025-10-25,4497,0,1,0,0.29
Burundi,BDI,2025-10-26,4531,34,1,0,4.86
Burundi,BDI,2025-10-27,4531,0,1,0,4.86
Burundi,BDI,2025-10-28,4531,0,1,0,4.86
Burundi,BDI,2025-10-29,4531,0,1,0,4.86
Burundi,BDI,2025-10-30,4531,0,1,0,4.86
Burundi,BDI,2025-10-31,4531,0,1,0,4.86
Burundi,BDI,2025-11-01,4531,0,1,0,4.86
Burundi,BDI,2025-11-02,4552,21,1,0,3
Burundi,BDI,2025-11-03,4552,0,1,0,3
Burundi,BDI,2025-11-04,4552,0,1,0,3
Burundi,BDI,2025-11-05,4552,0,1,0,3
Burundi,BDI,2025-11-06,4552,0,1,0,3
Burundi,BDI,2025-11-07,4552,0,1,0,3
Burundi,BDI,2025-11-08,4552,0,1,0,3
Burundi,BDI,2025-11-09,4569,17,1,0,2.43
Burundi,BDI,2025-11-10,4569,0,1,0,2.43
Burundi,BDI,2025-11-11,4569,0,1,0,2.43
Burundi,BDI,2025-11-12,4569,0,1,0,2.43
Burundi,BDI,2025-11-13,4569,0,1,0,2.43
Burundi,BDI,2025-11-14,4569,0,1,0,2.43
Burundi,BDI,2025-11-15,4569,0,1,0,2.43
Burundi,BDI,2025-11-16,4585,16,1,0,2.29
Burundi,BDI,2025-11-17,4585,0,1,0,2.29
Burundi,BDI,2025-11-18,4585,0,1,0,2.29
Burundi,BDI,2025-11-19,4585,0,1,0,2.29
Burundi,BDI,2025-11-20,4585,0,1,0,2.29
Burundi,BDI,2025-11-21,4585,0,1,0,2.29
Burundi,BDI,2025-11-22,4585,0,1,0,2.29
Burundi,BDI,2025-11-23,4591,6,1,0,0.86
Burundi,BDI,2025-11-24,4591,0,1,0,0.86
Burundi,BDI,2025-11-25,4591,0,1,0,0.86
Burundi,BDI,2025-11-26,4591,0,1,0,0.86
Burundi,BDI,2025-11-27,4591,0,1,0,0.86
Burundi,BDI,2025-11-28,4591,0,1,0,0.86
Burundi,BDI,2025-11-29,4591,0,1,0,0.86
Burundi,BDI,2025-11-30,4594,3,1,0,0.43
Burundi,BDI,2025-12-01,4594,0,1,0,0.43
Burundi,BDI,2025-12-02,4594,0,1,0,0.43
Burundi,BDI,2025-12-03,4594,0,1,0,0.43
Burundi,BDI,2025-12-04,4594,0,1,0,0.43
Burundi,BDI,2025-12-05,4594,0,1,0,0.43
Burundi,BDI,2025-12-06,4594,0,1,0,0.43
Burundi,BDI,2025-12-07,4596,2,1,0,0.29
Burundi,BDI,2025-12-08,4596,0,1,0,0.29
Burundi,BDI,2025-12-09,4596,0,1,0,0.29
Burundi,BDI,2025-12-10,4596,0,1,0,0.29
Burundi,BDI,2025-12-11,4596,0,1,0,0.29
Burundi,BDI,2025-12-12,4596,0,1,0,0.29
Burundi,BDI,2025-12-13,4596,0,1,0,0.29
Burundi,BDI,2025-12-14,4599,3,1,0,0.43
Burundi,BDI,2025-12-15,4599,0,1,0,0.43
Burundi,BDI,2025-12-16,4599,0,1,0,0.43
Burundi,BDI,2025-12-17,4599,0,1,0,0.43
Burundi,BDI,2025-12-18,4599,0,1,0,0.43
Burundi,BDI,2025-12-19,4599,0,1,0,0.43
Burundi,BDI,2025-12-20,4599,0,1,0,0.43
Burundi,BDI,2025-12-21,4605,6,1,0,0.86
Burundi,BDI,2025-12-22,4605,0,1,0,0.86
Burundi,BDI,2025-12-23,4605,0,1,0,0.86
Burundi,BDI,2025-12-24,4605,0,1,0,0.86
Burundi,BDI,2025-12-25,4605,0,1,0,0.86
Burundi,BDI,2025-12-26,4605,0,1,0,0.86
Burundi,BDI,2025-12-27,4605,0,1,0,0.86
Burundi,BDI,2025-12-28,4608,3,1,0,0.43
Burundi,BDI,2025-12-29,4608,0,1,0,0.43
Burundi,BDI,2025-12-30,4608,0,1,0,0.43
Burundi,BDI,2025-12-31,4608,0,1,0,0.43
Burundi,BDI,2026-01-01,4608,0,1,0,0.43
Burundi,BDI,2026-01-02,4608,0,1,0,0.43
Burundi,BDI,2026-01-03,4608,0,1,0,0.43
Burundi,BDI,2026-01-04,4616,8,1,0,1.14
Burundi,BDI,2026-01-05,4616,0,1,0,1.14
Burundi,BDI,2026-01-06,4616,0,1,0,1.14
Burundi,BDI,2026-01-07,4616,0,1,0,1.14
Burundi,BDI,2026-01-08,4616,0,1,0,1.14
Burundi,BDI,2026-01-09,4616,0,1,0,1.14
Burundi,BDI,2026-01-10,4616,0,1,0,1.14
Burundi,BDI,2026-01-11,4620,4,1,0,0.57
Burundi,BDI,2026-01-12,4620,0,1,0,0.57
Burundi,BDI,2026-01-13,4620,0,1,0,0.57
Burundi,BDI,2026-01-14,4620,0,1,0,0.57
Burundi,BDI,2026-01-15,4620,0,1,0,0.57
Burundi,BDI,2026-01-16,4620,0,1,0,0.57
Burundi,BDI,2026-01-17,4620,0,1,0,0.57
Burundi,BDI,2026-01-18,4623,3,1,0,0.43
Burundi,BDI,2026-01-19,4623,0,1,0,0.43
Burundi,BDI,2026-01-20,4623,0,1,0,0.43
Burundi,BDI,2026-01-21,4623,0,1,0,0.43
Burundi,BDI,2026-01-22,4623,0,1,0,0.43
Burundi,BDI,2026-01-23,4623,0,1,0,0.43
Burundi,BDI,2026-01-24,4623,0,1,0,0.43
Burundi,BDI,2026-01-25,4629,6,1,0,0.86
Burundi,BDI,2026-01-26,4629,0,1,0,0.86
Burundi,BDI,2026-01-27,4629,0,1,0,0.86
Burundi,BDI,2026-01-28,4629,0,1,0,0.86
Burundi,BDI,2026-01-29,4629,0,1,0,0.86
Burundi,BDI,2026-01-30,4629,0,1,0,0.86
Burundi,BDI,2026-01-31,4629,0,1,0,0.86
Burundi,BDI,2026-02-01,4631,2,1,0,0.29
Burundi,BDI,2026-02-02,4631,0,1,0,0.29
Burundi,BDI,2026-02-03,4631,0,1,0,0.29
Burundi,BDI,2026-02-04,4631,0,1,0,0.29
Burundi,BDI,2026-02-05,4631,0,1,0,0.29
Burundi,BDI,2026-02-06,4631,0,1,0,0.29
Burundi,BDI,2026-02-07,4631,0,1,0,0.29
Burundi,BDI,2026-02-08,4640,9,1,0,1.29
Burundi,BDI,2026-02-09,4640,0,1,0,1.29
Burundi,BDI,2026-02-10,4640,0,1,0,1.29
Burundi,BDI,2026-02-11,4640,0,1,0,1.29
Burundi,BDI,2026-02-12,4640,0,1,0,1.29
Burundi,BDI,2026-02-13,4640,0,1,0,1.29
Burundi,BDI,2026-02-14,4640,0,1,0,1.29
Burundi,BDI,2026-02-15,4645,5,1,0,0.71
Burundi,BDI,2026-02-16,4645,0,1,0,0.71
Burundi,BDI,2026-02-17,4645,0,1,0,0.71
Burundi,BDI,2026-02-18,4645,0,1,0,0.71
Burundi,BDI,2026-02-19,4645,0,1,0,0.71
Burundi,BDI,2026-02-20,4645,0,1,0,0.71
Burundi,BDI,2026-02-21,4645,0,1,0,0.71
Burundi,BDI,2026-02-22,4654,9,1,0,1.29
Burundi,BDI,2026-02-23,4654,0,1,0,1.29
Burundi,BDI,2026-02-24,4654,0,1,0,1.29
Burundi,BDI,2026-02-25,4654,0,1,0,1.29
Burundi,BDI,2026-02-26,4654,0,1,0,1.29
Burundi,BDI,2026-02-27,4654,0,1,0,1.29
Burundi,BDI,2026-02-28,4654,0,1,0,1.29
Burundi,BDI,2026-03-01,4664,10,1,0,1.43
Burundi,BDI,2026-03-02,4664,0,1,0,1.43
Burundi,BDI,2026-03-03,4664,0,1,0,1.43
Burundi,BDI,2026-03-04,4664,0,1,0,1.43
Burundi,BDI,2026-03-05,4664,0,1,0,1.43
Burundi,BDI,2026-03-06,4664,0,1,0,1.43
Burundi,BDI,2026-03-07,4664,0,1,0,1.43
Burundi,BDI,2026-03-08,4665,1,1,0,0.14
Burundi,BDI,2026-03-09,4665,0,1,0,0.14
Burundi,BDI,2026-03-10,4665,0,1,0,0.14
Burundi,BDI,2026-03-11,4665,0,1,0,0.14
Burundi,BDI,2026-03-12,4665,0,1,0,0.14
Burundi,BDI,2026-03-13,4665,0,1,0,0.14
Burundi,BDI,2026-03-14,4665,0,1,0,0.14
Burundi,BDI,2026-03-15,4672,7,1,0,1
Burundi,BDI,2026-03-16,4672,0,1,0,1
Burundi,BDI,2026-03-17,4672,0,1,0,1
Burundi,BDI,2026-03-18,4672,0,1,0,1
Burundi,BDI,2026-03-19,4672,0,1,0,1
Burundi,BDI,2026-03-20,4672,0,1,0,1
Burundi,BDI,2026-03-21,4672,0,1,0,1
Burundi,BDI,2026-03-22,4682,10,1,0,1.43
Burundi,BDI,2026-03-23,4682,0,1,0,1.43
Burundi,BDI,2026-03-24,4682,0,1,0,1.43
Burundi,BDI,2026-03-25,4682,0,1,0,1.43
Burundi,BDI,2026-03-26,4682,0,1,0,1.43
Burundi,BDI,2026-03-27,4682,0,1,0,1.43
Burundi,BDI,2026-03-28,4682,0,1,0,1.43
Burundi,BDI,2026-03-29,4686,4,1,0,0.57
Burundi,BDI,2026-03-30,4686,0,1,0,0.57
Burundi,BDI,2026-03-31,4686,0,1,0,0.57
Burundi,BDI,2026-04-01,4686,0,1,0,0.57
Burundi,BDI,2026-04-02,4686,0,1,0,0.57
Burundi,BDI,2026-04-03,4686,0,1,0,0.57
Burundi,BDI,2026-04-04,4686,0,1,0,0.57
Burundi,BDI,2026-04-05,4693,7,1,0,1
Cameroon,CMR,2022-05-01,4,1,1,0,0.14
Cameroon,CMR,2022-05-02,4,0,1,0,0.14
Cameroon,CMR,2022-05-03,4,0,1,0,0.14
Cameroon,CMR,2022-05-04,4,0,1,0,0.14
Cameroon,CMR,2022-05-05,4,0,1,0,0.14
Cameroon,CMR,2022-05-06,4,0,1,0,0.14
Cameroon,CMR,2022-05-07,4,0,1,0,0.14
Cameroon,CMR,2022-05-08,4,0,1,0,0
Cameroon,CMR,2022-05-09,4,0,1,0,0
Cameroon,CMR,2022-05-10,4,0,1,0,0
Cameroon,CMR,2022-05-11,4,0,1,0,0
Cameroon,CMR,2022-05-12,4,0,1,0,0
Cameroon,CMR,2022-05-13,4,0,1,0,0
Cameroon,CMR,2022-05-14,4,0,1,0,0
Cameroon,CMR,2022-05-15,4,0,1,0,0
Cameroon,CMR,2022-05-16,4,0,1,0,0
Cameroon,CMR,2022-05-17,4,0,1,0,0
Cameroon,CMR,2022-05-18,4,0,1,0,0
Cameroon,CMR,2022-05-19,4,0,1,0,0
Cameroon,CMR,2022-05-20,4,0,1,0,0
Cameroon,CMR,2022-05-21,4,0,1,0,0
Cameroon,CMR,2022-05-22,4,0,1,0,0
Cameroon,CMR,2022-05-23,4,0,1,0,0
Cameroon,CMR,2022-05-24,4,0,1,0,0
Cameroon,CMR,2022-05-25,4,0,1,0,0
Cameroon,CMR,2022-05-26,4,0,1,0,0
Cameroon,CMR,2022-05-27,4,0,1,0,0
Cameroon,CMR,2022-05-28,4,0,1,0,0
Cameroon,CMR,2022-05-29,4,0,1,0,0
Cameroon,CMR,2022-05-30,4,0,1,0,0
Cameroon,CMR,2022-05-31,4,0,1,0,0
Cameroon,CMR,2022-06-01,4,0,1,0,0
Cameroon,CMR,2022-06-02,4,0,1,0,0
Cameroon,CMR,2022-06-03,4,0,1,0,0
Cameroon,CMR,2022-06-04,4,0,1,0,0
Cameroon,CMR,2022-06-05,5,1,1,0,0.14
Cameroon,CMR,2022-06-06,5,0,1,0,0.14
Cameroon,CMR,2022-06-07,5,0,1,0,0.14
Cameroon,CMR,2022-06-08,5,0,1,0,0.14
Cameroon,CMR,2022-06-09,5,0,1,0,0.14
Cameroon,CMR,2022-06-10,5,0,1,0,0.14
Cameroon,CMR,2022-06-11,5,0,1,0,0.14
Cameroon,CMR,2022-06-12,5,0,1,0,0
Cameroon,CMR,2022-06-13,5,0,1,0,0
Cameroon,CMR,2022-06-14,5,0,1,0,0
Cameroon,CMR,2022-06-15,5,0,1,0,0
Cameroon,CMR,2022-06-16,5,0,1,0,0
Cameroon,CMR,2022-06-17,5,0,1,0,0
Cameroon,CMR,2022-06-18,5,0,1,0,0
Cameroon,CMR,2022-06-19,6,1,1,0,0.14
Cameroon,CMR,2022-06-20,6,0,1,0,0.14
Cameroon,CMR,2022-06-21,6,0,1,0,0.14
Cameroon,CMR,2022-06-22,6,0,1,0,0.14
Cameroon,CMR,2022-06-23,6,0,1,0,0.14
Cameroon,CMR,2022-06-24,6,0,1,0,0.14
Cameroon,CMR,2022-06-25,6,0,1,0,0.14
Cameroon,CMR,2022-06-26,6,0,1,0,0
Cameroon,CMR,2022-06-27,6,0,1,0,0
Cameroon,CMR,2022-06-28,6,0,1,0,0
Cameroon,CMR,2022-06-29,6,0,1,0,0
Cameroon,CMR,2022-06-30,6,0,1,0,0
Cameroon,CMR,2022-07-01,6,0,1,0,0
Cameroon,CMR,2022-07-02,6,0,1,0,0
Cameroon,CMR,2022-07-03,8,2,1,0,0.29
Cameroon,CMR,2022-07-04,8,0,1,0,0.29
Cameroon,CMR,2022-07-05,8,0,1,0,0.29
Cameroon,CMR,2022-07-06,8,0,1,0,0.29
Cameroon,CMR,2022-07-07,8,0,1,0,0.29
Cameroon,CMR,2022-07-08,8,0,1,0,0.29
Cameroon,CMR,2022-07-09,8,0,1,0,0.29
Cameroon,CMR,2022-07-10,8,0,1,0,0
Cameroon,CMR,2022-07-11,8,0,1,0,0
Cameroon,CMR,2022-07-12,8,0,1,0,0
Cameroon,CMR,2022-07-13,8,0,1,0,0
Cameroon,CMR,2022-07-14,8,0,1,0,0
Cameroon,CMR,2022-07-15,8,0,1,0,0
Cameroon,CMR,2022-07-16,8,0,1,0,0
Cameroon,CMR,2022-07-17,8,0,1,0,0
Cameroon,CMR,2022-07-18,8,0,1,0,0
Cameroon,CMR,2022-07-19,8,0,1,0,0
Cameroon,CMR,2022-07-20,8,0,1,0,0
Cameroon,CMR,2022-07-21,8,0,1,0,0
Cameroon,CMR,2022-07-22,8,0,1,0,0
Cameroon,CMR,2022-07-23,8,0,1,0,0
Cameroon,CMR,2022-07-24,8,0,1,0,0
Cameroon,CMR,2022-07-25,8,0,1,0,0
Cameroon,CMR,2022-07-26,8,0,1,0,0
Cameroon,CMR,2022-07-27,8,0,1,0,0
Cameroon,CMR,2022-07-28,8,0,1,0,0
Cameroon,CMR,2022-07-29,8,0,1,0,0
Cameroon,CMR,2022-07-30,8,0,1,0,0
Cameroon,CMR,2022-07-31,8,0,1,0,0
Cameroon,CMR,2022-08-01,8,0,1,0,0
Cameroon,CMR,2022-08-02,8,0,1,0,0
Cameroon,CMR,2022-08-03,8,0,1,0,0
Cameroon,CMR,2022-08-04,8,0,1,0,0
Cameroon,CMR,2022-08-05,8,0,1,0,0
Cameroon,CMR,2022-08-06,8,0,1,0,0
Cameroon,CMR,2022-08-07,8,0,3,2,0
Cameroon,CMR,2022-08-08,8,0,3,0,0
Cameroon,CMR,2022-08-09,8,0,3,0,0
Cameroon,CMR,2022-08-10,8,0,3,0,0
Cameroon,CMR,2022-08-11,8,0,3,0,0
Cameroon,CMR,2022-08-12,8,0,3,0,0
Cameroon,CMR,2022-08-13,8,0,3,0,0
Cameroon,CMR,2022-08-14,8,0,3,0,0
Cameroon,CMR,2022-08-15,8,0,3,0,0
Cameroon,CMR,2022-08-16,8,0,3,0,0
Cameroon,CMR,2022-08-17,8,0,3,0,0
Cameroon,CMR,2022-08-18,8,0,3,0,0
Cameroon,CMR,2022-08-19,8,0,3,0,0
Cameroon,CMR,2022-08-20,8,0,3,0,0
Cameroon,CMR,2022-08-21,8,0,3,0,0
Cameroon,CMR,2022-08-22,8,0,3,0,0
Cameroon,CMR,2022-08-23,8,0,3,0,0
Cameroon,CMR,2022-08-24,8,0,3,0,0
Cameroon,CMR,2022-08-25,8,0,3,0,0
Cameroon,CMR,2022-08-26,8,0,3,0,0
Cameroon,CMR,2022-08-27,8,0,3,0,0
Cameroon,CMR,2022-08-28,8,0,3,0,0
Cameroon,CMR,2022-08-29,8,0,3,0,0
Cameroon,CMR,2022-08-30,8,0,3,0,0
Cameroon,CMR,2022-08-31,8,0,3,0,0
Cameroon,CMR,2022-09-01,8,0,3,0,0
Cameroon,CMR,2022-09-02,8,0,3,0,0
Cameroon,CMR,2022-09-03,8,0,3,0,0
Cameroon,CMR,2022-09-04,8,0,3,0,0
Cameroon,CMR,2022-09-05,8,0,3,0,0
Cameroon,CMR,2022-09-06,8,0,3,0,0
Cameroon,CMR,2022-09-07,8,0,3,0,0
Cameroon,CMR,2022-09-08,8,0,3,0,0
Cameroon,CMR,2022-09-09,8,0,3,0,0
Cameroon,CMR,2022-09-10,8,0,3,0,0
Cameroon,CMR,2022-09-11,9,1,3,0,0.14
Cameroon,CMR,2022-09-12,9,0,3,0,0.14
Cameroon,CMR,2022-09-13,9,0,3,0,0.14
Cameroon,CMR,2022-09-14,9,0,3,0,0.14
Cameroon,CMR,2022-09-15,9,0,3,0,0.14
Cameroon,CMR,2022-09-16,9,0,3,0,0.14
Cameroon,CMR,2022-09-17,9,0,3,0,0.14
Cameroon,CMR,2022-09-18,9,0,3,0,0
Cameroon,CMR,2022-09-19,9,0,3,0,0
Cameroon,CMR,2022-09-20,9,0,3,0,0
Cameroon,CMR,2022-09-21,9,0,3,0,0
Cameroon,CMR,2022-09-22,9,0,3,0,0
Cameroon,CMR,2022-09-23,9,0,3,0,0
Cameroon,CMR,2022-09-24,9,0,3,0,0
Cameroon,CMR,2022-09-25,10,1,3,0,0.14
Cameroon,CMR,2022-09-26,10,0,3,0,0.14
Cameroon,CMR,2022-09-27,10,0,3,0,0.14
Cameroon,CMR,2022-09-28,10,0,3,0,0.14
Cameroon,CMR,2022-09-29,10,0,3,0,0.14
Cameroon,CMR,2022-09-30,10,0,3,0,0.14
Cameroon,CMR,2022-10-01,10,0,3,0,0.14
Cameroon,CMR,2022-10-02,10,0,3,0,0
Cameroon,CMR,2022-10-03,10,0,3,0,0
Cameroon,CMR,2022-10-04,10,0,3,0,0
Cameroon,CMR,2022-10-05,10,0,3,0,0
Cameroon,CMR,2022-10-06,10,0,3,0,0
Cameroon,CMR,2022-10-07,10,0,3,0,0
Cameroon,CMR,2022-10-08,10,0,3,0,0
Cameroon,CMR,2022-10-09,10,0,3,0,0
Cameroon,CMR,2022-10-10,10,0,3,0,0
Cameroon,CMR,2022-10-11,10,0,3,0,0
Cameroon,CMR,2022-10-12,10,0,3,0,0
Cameroon,CMR,2022-10-13,10,0,3,0,0
Cameroon,CMR,2022-10-14,10,0,3,0,0
Cameroon,CMR,2022-10-15,10,0,3,0,0
Cameroon,CMR,2022-10-16,12,2,3,0,0.29
Cameroon,CMR,2022-10-17,12,0,3,0,0.29
Cameroon,CMR,2022-10-18,12,0,3,0,0.29
Cameroon,CMR,2022-10-19,12,0,3,0,0.29
Cameroon,CMR,2022-10-20,12,0,3,0,0.29
Cameroon,CMR,2022-10-21,12,0,3,0,0.29
Cameroon,CMR,2022-10-22,12,0,3,0,0.29
Cameroon,CMR,2022-10-23,12,0,3,0,0
Cameroon,CMR,2022-10-24,12,0,3,0,0
Cameroon,CMR,2022-10-25,12,0,3,0,0
Cameroon,CMR,2022-10-26,12,0,3,0,0
Cameroon,CMR,2022-10-27,12,0,3,0,0
Cameroon,CMR,2022-10-28,12,0,3,0,0
Cameroon,CMR,2022-10-29,12,0,3,0,0
Cameroon,CMR,2022-10-30,16,4,3,0,0.57
Cameroon,CMR,2022-10-31,16,0,3,0,0.57
Cameroon,CMR,2022-11-01,16,0,3,0,0.57
Cameroon,CMR,2022-11-02,16,0,3,0,0.57
Cameroon,CMR,2022-11-03,16,0,3,0,0.57
Cameroon,CMR,2022-11-04,16,0,3,0,0.57
Cameroon,CMR,2022-11-05,16,0,3,0,0.57
Cameroon,CMR,2022-11-06,16,0,3,0,0
Cameroon,CMR,2022-11-07,16,0,3,0,0
Cameroon,CMR,2022-11-08,16,0,3,0,0
Cameroon,CMR,2022-11-09,16,0,3,0,0
Cameroon,CMR,2022-11-10,16,0,3,0,0
Cameroon,CMR,2022-11-11,16,0,3,0,0
Cameroon,CMR,2022-11-12,16,0,3,0,0
Cameroon,CMR,2022-11-13,18,2,3,0,0.29
Cameroon,CMR,2022-11-14,18,0,3,0,0.29
Cameroon,CMR,2022-11-15,18,0,3,0,0.29
Cameroon,CMR,2022-11-16,18,0,3,0,0.29
Cameroon,CMR,2022-11-17,18,0,3,0,0.29
Cameroon,CMR,2022-11-18,18,0,3,0,0.29
Cameroon,CMR,2022-11-19,18,0,3,0,0.29
Cameroon,CMR,2022-11-20,18,0,3,0,0
Cameroon,CMR,2022-11-21,18,0,3,0,0
Cameroon,CMR,2022-11-22,18,0,3,0,0
Cameroon,CMR,2022-11-23,18,0,3,0,0
Cameroon,CMR,2022-11-24,18,0,3,0,0
Cameroon,CMR,2022-11-25,18,0,3,0,0
Cameroon,CMR,2022-11-26,18,0,3,0,0
Cameroon,CMR,2022-11-27,18,0,3,0,0
Cameroon,CMR,2022-11-28,18,0,3,0,0
Cameroon,CMR,2022-11-29,18,0,3,0,0
Cameroon,CMR,2022-11-30,18,0,3,0,0
Cameroon,CMR,2022-12-01,18,0,3,0,0
Cameroon,CMR,2022-12-02,18,0,3,0,0
Cameroon,CMR,2022-12-03,18,0,3,0,0
Cameroon,CMR,2022-12-04,18,0,3,0,0
Cameroon,CMR,2022-12-05,18,0,3,0,0
Cameroon,CMR,2022-12-06,18,0,3,0,0
Cameroon,CMR,2022-12-07,18,0,3,0,0
Cameroon,CMR,2022-12-08,18,0,3,0,0
Cameroon,CMR,2022-12-09,18,0,3,0,0
Cameroon,CMR,2022-12-10,18,0,3,0,0
Cameroon,CMR,2022-12-11,18,0,3,0,0
Cameroon,CMR,2022-12-12,18,0,3,0,0
Cameroon,CMR,2022-12-13,18,0,3,0,0
Cameroon,CMR,2022-12-14,18,0,3,0,0
Cameroon,CMR,2022-12-15,18,0,3,0,0
Cameroon,CMR,2022-12-16,18,0,3,0,0
Cameroon,CMR,2022-12-17,18,0,3,0,0
Cameroon,CMR,2022-12-18,18,0,3,0,0
Cameroon,CMR,2022-12-19,18,0,3,0,0
Cameroon,CMR,2022-12-20,18,0,3,0,0
Cameroon,CMR,2022-12-21,18,0,3,0,0
Cameroon,CMR,2022-12-22,18,0,3,0,0
Cameroon,CMR,2022-12-23,18,0,3,0,0
Cameroon,CMR,2022-12-24,18,0,3,0,0
Cameroon,CMR,2022-12-25,18,0,3,0,0
Cameroon,CMR,2022-12-26,18,0,3,0,0
Cameroon,CMR,2022-12-27,18,0,3,0,0
Cameroon,CMR,2022-12-28,18,0,3,0,0
Cameroon,CMR,2022-12-29,18,0,3,0,0
Cameroon,CMR,2022-12-30,18,0,3,0,0
Cameroon,CMR,2022-12-31,18,0,3,0,0
Cameroon,CMR,2023-01-01,18,0,3,0,0
Cameroon,CMR,2023-01-02,18,0,3,0,0
Cameroon,CMR,2023-01-03,18,0,3,0,0
Cameroon,CMR,2023-01-04,18,0,3,0,0
Cameroon,CMR,2023-01-05,18,0,3,0,0
Cameroon,CMR,2023-01-06,18,0,3,0,0
Cameroon,CMR,2023-01-07,18,0,3,0,0
Cameroon,CMR,2023-01-08,18,0,3,0,0
Cameroon,CMR,2023-01-09,18,0,3,0,0
Cameroon,CMR,2023-01-10,18,0,3,0,0
Cameroon,CMR,2023-01-11,18,0,3,0,0
Cameroon,CMR,2023-01-12,18,0,3,0,0
Cameroon,CMR,2023-01-13,18,0,3,0,0
Cameroon,CMR,2023-01-14,18,0,3,0,0
Cameroon,CMR,2023-01-15,18,0,3,0,0
Cameroon,CMR,2023-01-16,18,0,3,0,0
Cameroon,CMR,2023-01-17,18,0,3,0,0
Cameroon,CMR,2023-01-18,18,0,3,0,0
Cameroon,CMR,2023-01-19,18,0,3,0,0
Cameroon,CMR,2023-01-20,18,0,3,0,0
Cameroon,CMR,2023-01-21,18,0,3,0,0
Cameroon,CMR,2023-01-22,18,0,3,0,0
Cameroon,CMR,2023-01-23,18,0,3,0,0
Cameroon,CMR,2023-01-24,18,0,3,0,0
Cameroon,CMR,2023-01-25,18,0,3,0,0
Cameroon,CMR,2023-01-26,18,0,3,0,0
Cameroon,CMR,2023-01-27,18,0,3,0,0
Cameroon,CMR,2023-01-28,18,0,3,0,0
Cameroon,CMR,2023-01-29,18,0,3,0,0
Cameroon,CMR,2023-01-30,18,0,3,0,0
Cameroon,CMR,2023-01-31,18,0,3,0,0
Cameroon,CMR,2023-02-01,18,0,3,0,0
Cameroon,CMR,2023-02-02,18,0,3,0,0
Cameroon,CMR,2023-02-03,18,0,3,0,0
Cameroon,CMR,2023-02-04,18,0,3,0,0
Cameroon,CMR,2023-02-05,18,0,3,0,0
Cameroon,CMR,2023-02-06,18,0,3,0,0
Cameroon,CMR,2023-02-07,18,0,3,0,0
Cameroon,CMR,2023-02-08,18,0,3,0,0
Cameroon,CMR,2023-02-09,18,0,3,0,0
Cameroon,CMR,2023-02-10,18,0,3,0,0
Cameroon,CMR,2023-02-11,18,0,3,0,0
Cameroon,CMR,2023-02-12,18,0,3,0,0
Cameroon,CMR,2023-02-13,18,0,3,0,0
Cameroon,CMR,2023-02-14,18,0,3,0,0
Cameroon,CMR,2023-02-15,18,0,3,0,0
Cameroon,CMR,2023-02-16,18,0,3,0,0
Cameroon,CMR,2023-02-17,18,0,3,0,0
Cameroon,CMR,2023-02-18,18,0,3,0,0
Cameroon,CMR,2023-02-19,18,0,3,0,0
Cameroon,CMR,2023-02-20,18,0,3,0,0
Cameroon,CMR,2023-02-21,18,0,3,0,0
Cameroon,CMR,2023-02-22,18,0,3,0,0
Cameroon,CMR,2023-02-23,18,0,3,0,0
Cameroon,CMR,2023-02-24,18,0,3,0,0
Cameroon,CMR,2023-02-25,18,0,3,0,0
Cameroon,CMR,2023-02-26,18,0,3,0,0
Cameroon,CMR,2023-02-27,18,0,3,0,0
Cameroon,CMR,2023-02-28,18,0,3,0,0
Cameroon,CMR,2023-03-01,18,0,3,0,0
Cameroon,CMR,2023-03-02,18,0,3,0,0
Cameroon,CMR,2023-03-03,18,0,3,0,0
Cameroon,CMR,2023-03-04,18,0,3,0,0
Cameroon,CMR,2023-03-05,18,0,3,0,0
Cameroon,CMR,2023-03-06,18,0,3,0,0
Cameroon,CMR,2023-03-07,18,0,3,0,0
Cameroon,CMR,2023-03-08,18,0,3,0,0
Cameroon,CMR,2023-03-09,18,0,3,0,0
Cameroon,CMR,2023-03-10,18,0,3,0,0
Cameroon,CMR,2023-03-11,18,0,3,0,0
Cameroon,CMR,2023-03-12,18,0,3,0,0
Cameroon,CMR,2023-03-13,18,0,3,0,0
Cameroon,CMR,2023-03-14,18,0,3,0,0
Cameroon,CMR,2023-03-15,18,0,3,0,0
Cameroon,CMR,2023-03-16,18,0,3,0,0
Cameroon,CMR,2023-03-17,18,0,3,0,0
Cameroon,CMR,2023-03-18,18,0,3,0,0
Cameroon,CMR,2023-03-19,18,0,3,0,0
Cameroon,CMR,2023-03-20,18,0,3,0,0
Cameroon,CMR,2023-03-21,18,0,3,0,0
Cameroon,CMR,2023-03-22,18,0,3,0,0
Cameroon,CMR,2023-03-23,18,0,3,0,0
Cameroon,CMR,2023-03-24,18,0,3,0,0
Cameroon,CMR,2023-03-25,18,0,3,0,0
Cameroon,CMR,2023-03-26,18,0,3,0,0
Cameroon,CMR,2023-03-27,18,0,3,0,0
Cameroon,CMR,2023-03-28,18,0,3,0,0
Cameroon,CMR,2023-03-29,18,0,3,0,0
Cameroon,CMR,2023-03-30,18,0,3,0,0
Cameroon,CMR,2023-03-31,18,0,3,0,0
Cameroon,CMR,2023-04-01,18,0,3,0,0
Cameroon,CMR,2023-04-02,18,0,3,0,0
Cameroon,CMR,2023-04-03,18,0,3,0,0
Cameroon,CMR,2023-04-04,18,0,3,0,0
Cameroon,CMR,2023-04-05,18,0,3,0,0
Cameroon,CMR,2023-04-06,18,0,3,0,0
Cameroon,CMR,2023-04-07,18,0,3,0,0
Cameroon,CMR,2023-04-08,18,0,3,0,0
Cameroon,CMR,2023-04-09,18,0,3,0,0
Cameroon,CMR,2023-04-10,18,0,3,0,0
Cameroon,CMR,2023-04-11,18,0,3,0,0
Cameroon,CMR,2023-04-12,18,0,3,0,0
Cameroon,CMR,2023-04-13,18,0,3,0,0
Cameroon,CMR,2023-04-14,18,0,3,0,0
Cameroon,CMR,2023-04-15,18,0,3,0,0
Cameroon,CMR,2023-04-16,18,0,3,0,0
Cameroon,CMR,2023-04-17,18,0,3,0,0
Cameroon,CMR,2023-04-18,18,0,3,0,0
Cameroon,CMR,2023-04-19,18,0,3,0,0
Cameroon,CMR,2023-04-20,18,0,3,0,0
Cameroon,CMR,2023-04-21,18,0,3,0,0
Cameroon,CMR,2023-04-22,18,0,3,0,0
Cameroon,CMR,2023-04-23,18,0,3,0,0
Cameroon,CMR,2023-04-24,18,0,3,0,0
Cameroon,CMR,2023-04-25,18,0,3,0,0
Cameroon,CMR,2023-04-26,18,0,3,0,0
Cameroon,CMR,2023-04-27,18,0,3,0,0
Cameroon,CMR,2023-04-28,18,0,3,0,0
Cameroon,CMR,2023-04-29,18,0,3,0,0
Cameroon,CMR,2023-04-30,18,0,3,0,0
Cameroon,CMR,2023-05-01,18,0,3,0,0
Cameroon,CMR,2023-05-02,18,0,3,0,0
Cameroon,CMR,2023-05-03,18,0,3,0,0
Cameroon,CMR,2023-05-04,18,0,3,0,0
Cameroon,CMR,2023-05-05,18,0,3,0,0
Cameroon,CMR,2023-05-06,18,0,3,0,0
Cameroon,CMR,2023-05-07,18,0,3,0,0
Cameroon,CMR,2023-05-08,18,0,3,0,0
Cameroon,CMR,2023-05-09,18,0,3,0,0
Cameroon,CMR,2023-05-10,18,0,3,0,0
Cameroon,CMR,2023-05-11,18,0,3,0,0
Cameroon,CMR,2023-05-12,18,0,3,0,0
Cameroon,CMR,2023-05-13,18,0,3,0,0
Cameroon,CMR,2023-05-14,18,0,3,0,0
Cameroon,CMR,2023-05-15,18,0,3,0,0
Cameroon,CMR,2023-05-16,18,0,3,0,0
Cameroon,CMR,2023-05-17,18,0,3,0,0
Cameroon,CMR,2023-05-18,18,0,3,0,0
Cameroon,CMR,2023-05-19,18,0,3,0,0
Cameroon,CMR,2023-05-20,18,0,3,0,0
Cameroon,CMR,2023-05-21,30,12,3,0,1.71
Cameroon,CMR,2023-05-22,30,0,3,0,1.71
Cameroon,CMR,2023-05-23,30,0,3,0,1.71
Cameroon,CMR,2023-05-24,30,0,3,0,1.71
Cameroon,CMR,2023-05-25,30,0,3,0,1.71
Cameroon,CMR,2023-05-26,30,0,3,0,1.71
Cameroon,CMR,2023-05-27,30,0,3,0,1.71
Cameroon,CMR,2023-05-28,31,1,3,0,0.14
Cameroon,CMR,2023-05-29,31,0,3,0,0.14
Cameroon,CMR,2023-05-30,31,0,3,0,0.14
Cameroon,CMR,2023-05-31,31,0,3,0,0.14
Cameroon,CMR,2023-06-01,31,0,3,0,0.14
Cameroon,CMR,2023-06-02,31,0,3,0,0.14
Cameroon,CMR,2023-06-03,31,0,3,0,0.14
Cameroon,CMR,2023-06-04,32,1,3,0,0.14
Cameroon,CMR,2023-06-05,32,0,3,0,0.14
Cameroon,CMR,2023-06-06,32,0,3,0,0.14
Cameroon,CMR,2023-06-07,32,0,3,0,0.14
Cameroon,CMR,2023-06-08,32,0,3,0,0.14
Cameroon,CMR,2023-06-09,32,0,3,0,0.14
Cameroon,CMR,2023-06-10,32,0,3,0,0.14
Cameroon,CMR,2023-06-11,40,8,3,0,1.14
Cameroon,CMR,2023-06-12,40,0,3,0,1.14
Cameroon,CMR,2023-06-13,40,0,3,0,1.14
Cameroon,CMR,2023-06-14,40,0,3,0,1.14
Cameroon,CMR,2023-06-15,40,0,3,0,1.14
Cameroon,CMR,2023-06-16,40,0,3,0,1.14
Cameroon,CMR,2023-06-17,40,0,3,0,1.14
Cameroon,CMR,2023-06-18,40,0,3,0,0
Cameroon,CMR,2023-06-19,40,0,3,0,0
Cameroon,CMR,2023-06-20,40,0,3,0,0
Cameroon,CMR,2023-06-21,40,0,3,0,0
Cameroon,CMR,2023-06-22,40,0,3,0,0
Cameroon,CMR,2023-06-23,40,0,3,0,0
Cameroon,CMR,2023-06-24,40,0,3,0,0
Cameroon,CMR,2023-06-25,41,1,3,0,0.14
Cameroon,CMR,2023-06-26,41,0,3,0,0.14
Cameroon,CMR,2023-06-27,41,0,3,0,0.14
Cameroon,CMR,2023-06-28,41,0,3,0,0.14
Cameroon,CMR,2023-06-29,41,0,3,0,0.14
Cameroon,CMR,2023-06-30,41,0,3,0,0.14
Cameroon,CMR,2023-07-01,41,0,3,0,0.14
Cameroon,CMR,2023-07-02,41,0,3,0,0
Cameroon,CMR,2023-07-03,41,0,3,0,0
Cameroon,CMR,2023-07-04,41,0,3,0,0
Cameroon,CMR,2023-07-05,41,0,3,0,0
Cameroon,CMR,2023-07-06,41,0,3,0,0
Cameroon,CMR,2023-07-07,41,0,3,0,0
Cameroon,CMR,2023-07-08,41,0,3,0,0
Cameroon,CMR,2023-07-09,41,0,3,0,0
Cameroon,CMR,2023-07-10,41,0,3,0,0
Cameroon,CMR,2023-07-11,41,0,3,0,0
Cameroon,CMR,2023-07-12,41,0,3,0,0
Cameroon,CMR,2023-07-13,41,0,3,0,0
Cameroon,CMR,2023-07-14,41,0,3,0,0
Cameroon,CMR,2023-07-15,41,0,3,0,0
Cameroon,CMR,2023-07-16,42,1,3,0,0.14
Cameroon,CMR,2023-07-17,42,0,3,0,0.14
Cameroon,CMR,2023-07-18,42,0,3,0,0.14
Cameroon,CMR,2023-07-19,42,0,3,0,0.14
Cameroon,CMR,2023-07-20,42,0,3,0,0.14
Cameroon,CMR,2023-07-21,42,0,3,0,0.14
Cameroon,CMR,2023-07-22,42,0,3,0,0.14
Cameroon,CMR,2023-07-23,42,0,3,0,0
Cameroon,CMR,2023-07-24,42,0,3,0,0
Cameroon,CMR,2023-07-25,42,0,3,0,0
Cameroon,CMR,2023-07-26,42,0,3,0,0
Cameroon,CMR,2023-07-27,42,0,3,0,0
Cameroon,CMR,2023-07-28,42,0,3,0,0
Cameroon,CMR,2023-07-29,42,0,3,0,0
Cameroon,CMR,2023-07-30,43,1,3,0,0.14
Cameroon,CMR,2023-07-31,43,0,3,0,0.14
Cameroon,CMR,2023-08-01,43,0,3,0,0.14
Cameroon,CMR,2023-08-02,43,0,3,0,0.14
Cameroon,CMR,2023-08-03,43,0,3,0,0.14
Cameroon,CMR,2023-08-04,43,0,3,0,0.14
Cameroon,CMR,2023-08-05,43,0,3,0,0.14
Cameroon,CMR,2023-08-06,43,0,3,0,0
Cameroon,CMR,2023-08-07,43,0,3,0,0
Cameroon,CMR,2023-08-08,43,0,3,0,0
Cameroon,CMR,2023-08-09,43,0,3,0,0
Cameroon,CMR,2023-08-10,43,0,3,0,0
Cameroon,CMR,2023-08-11,43,0,3,0,0
Cameroon,CMR,2023-08-12,43,0,3,0,0
Cameroon,CMR,2023-08-13,43,0,3,0,0
Cameroon,CMR,2023-08-14,43,0,3,0,0
Cameroon,CMR,2023-08-15,43,0,3,0,0
Cameroon,CMR,2023-08-16,43,0,3,0,0
Cameroon,CMR,2023-08-17,43,0,3,0,0
Cameroon,CMR,2023-08-18,43,0,3,0,0
Cameroon,CMR,2023-08-19,43,0,3,0,0
Cameroon,CMR,2023-08-20,43,0,3,0,0
Cameroon,CMR,2023-08-21,43,0,3,0,0
Cameroon,CMR,2023-08-22,43,0,3,0,0
Cameroon,CMR,2023-08-23,43,0,3,0,0
Cameroon,CMR,2023-08-24,43,0,3,0,0
Cameroon,CMR,2023-08-25,43,0,3,0,0
Cameroon,CMR,2023-08-26,43,0,3,0,0
Cameroon,CMR,2023-08-27,43,0,3,0,0
Cameroon,CMR,2023-08-28,43,0,3,0,0
Cameroon,CMR,2023-08-29,43,0,3,0,0
Cameroon,CMR,2023-08-30,43,0,3,0,0
Cameroon,CMR,2023-08-31,43,0,3,0,0
Cameroon,CMR,2023-09-01,43,0,3,0,0
Cameroon,CMR,2023-09-02,43,0,3,0,0
Cameroon,CMR,2023-09-03,43,0,3,0,0
Cameroon,CMR,2023-09-04,43,0,3,0,0
Cameroon,CMR,2023-09-05,43,0,3,0,0
Cameroon,CMR,2023-09-06,43,0,3,0,0
Cameroon,CMR,2023-09-07,43,0,3,0,0
Cameroon,CMR,2023-09-08,43,0,3,0,0
Cameroon,CMR,2023-09-09,43,0,3,0,0
Cameroon,CMR,2023-09-10,44,1,3,0,0.14
Cameroon,CMR,2023-09-11,44,0,3,0,0.14
Cameroon,CMR,2023-09-12,44,0,3,0,0.14
Cameroon,CMR,2023-09-13,44,0,3,0,0.14
Cameroon,CMR,2023-09-14,44,0,3,0,0.14
Cameroon,CMR,2023-09-15,44,0,3,0,0.14
Cameroon,CMR,2023-09-16,44,0,3,0,0.14
Cameroon,CMR,2023-09-17,44,0,3,0,0
Cameroon,CMR,2023-09-18,44,0,3,0,0
Cameroon,CMR,2023-09-19,44,0,3,0,0
Cameroon,CMR,2023-09-20,44,0,3,0,0
Cameroon,CMR,2023-09-21,44,0,3,0,0
Cameroon,CMR,2023-09-22,44,0,3,0,0
Cameroon,CMR,2023-09-23,44,0,3,0,0
Cameroon,CMR,2023-09-24,44,0,3,0,0
Cameroon,CMR,2023-09-25,44,0,3,0,0
Cameroon,CMR,2023-09-26,44,0,3,0,0
Cameroon,CMR,2023-09-27,44,0,3,0,0
Cameroon,CMR,2023-09-28,44,0,3,0,0
Cameroon,CMR,2023-09-29,44,0,3,0,0
Cameroon,CMR,2023-09-30,44,0,3,0,0
Cameroon,CMR,2023-10-01,44,0,3,0,0
Cameroon,CMR,2023-10-02,44,0,3,0,0
Cameroon,CMR,2023-10-03,44,0,3,0,0
Cameroon,CMR,2023-10-04,44,0,3,0,0
Cameroon,CMR,2023-10-05,44,0,3,0,0
Cameroon,CMR,2023-10-06,44,0,3,0,0
Cameroon,CMR,2023-10-07,44,0,3,0,0
Cameroon,CMR,2023-10-08,45,1,3,0,0.14
Cameroon,CMR,2023-10-09,45,0,3,0,0.14
Cameroon,CMR,2023-10-10,45,0,3,0,0.14
Cameroon,CMR,2023-10-11,45,0,3,0,0.14
Cameroon,CMR,2023-10-12,45,0,3,0,0.14
Cameroon,CMR,2023-10-13,45,0,3,0,0.14
Cameroon,CMR,2023-10-14,45,0,3,0,0.14
Cameroon,CMR,2023-10-15,45,0,3,0,0
Cameroon,CMR,2023-10-16,45,0,3,0,0
Cameroon,CMR,2023-10-17,45,0,3,0,0
Cameroon,CMR,2023-10-18,45,0,3,0,0
Cameroon,CMR,2023-10-19,45,0,3,0,0
Cameroon,CMR,2023-10-20,45,0,3,0,0
Cameroon,CMR,2023-10-21,45,0,3,0,0
Cameroon,CMR,2023-10-22,45,0,3,0,0
Cameroon,CMR,2023-10-23,45,0,3,0,0
Cameroon,CMR,2023-10-24,45,0,3,0,0
Cameroon,CMR,2023-10-25,45,0,3,0,0
Cameroon,CMR,2023-10-26,45,0,3,0,0
Cameroon,CMR,2023-10-27,45,0,3,0,0
Cameroon,CMR,2023-10-28,45,0,3,0,0
Cameroon,CMR,2023-10-29,45,0,3,0,0
Cameroon,CMR,2023-10-30,45,0,3,0,0
Cameroon,CMR,2023-10-31,45,0,3,0,0
Cameroon,CMR,2023-11-01,45,0,3,0,0
Cameroon,CMR,2023-11-02,45,0,3,0,0
Cameroon,CMR,2023-11-03,45,0,3,0,0
Cameroon,CMR,2023-11-04,45,0,3,0,0
Cameroon,CMR,2023-11-05,45,0,3,0,0
Cameroon,CMR,2023-11-06,45,0,3,0,0
Cameroon,CMR,2023-11-07,45,0,3,0,0
Cameroon,CMR,2023-11-08,45,0,3,0,0
Cameroon,CMR,2023-11-09,45,0,3,0,0
Cameroon,CMR,2023-11-10,45,0,3,0,0
Cameroon,CMR,2023-11-11,45,0,3,0,0
Cameroon,CMR,2023-11-12,45,0,3,0,0
Cameroon,CMR,2023-11-13,45,0,3,0,0
Cameroon,CMR,2023-11-14,45,0,3,0,0
Cameroon,CMR,2023-11-15,45,0,3,0,0
Cameroon,CMR,2023-11-16,45,0,3,0,0
Cameroon,CMR,2023-11-17,45,0,3,0,0
Cameroon,CMR,2023-11-18,45,0,3,0,0
Cameroon,CMR,2023-11-19,45,0,3,0,0
Cameroon,CMR,2023-11-20,45,0,3,0,0
Cameroon,CMR,2023-11-21,45,0,3,0,0
Cameroon,CMR,2023-11-22,45,0,3,0,0
Cameroon,CMR,2023-11-23,45,0,3,0,0
Cameroon,CMR,2023-11-24,45,0,3,0,0
Cameroon,CMR,2023-11-25,45,0,3,0,0
Cameroon,CMR,2023-11-26,45,0,3,0,0
Cameroon,CMR,2023-11-27,45,0,3,0,0
Cameroon,CMR,2023-11-28,45,0,3,0,0
Cameroon,CMR,2023-11-29,45,0,3,0,0
Cameroon,CMR,2023-11-30,45,0,3,0,0
Cameroon,CMR,2023-12-01,45,0,3,0,0
Cameroon,CMR,2023-12-02,45,0,3,0,0
Cameroon,CMR,2023-12-03,45,0,3,0,0
Cameroon,CMR,2023-12-04,45,0,3,0,0
Cameroon,CMR,2023-12-05,45,0,3,0,0
Cameroon,CMR,2023-12-06,45,0,3,0,0
Cameroon,CMR,2023-12-07,45,0,3,0,0
Cameroon,CMR,2023-12-08,45,0,3,0,0
Cameroon,CMR,2023-12-09,45,0,3,0,0
Cameroon,CMR,2023-12-10,45,0,3,0,0
Cameroon,CMR,2023-12-11,45,0,3,0,0
Cameroon,CMR,2023-12-12,45,0,3,0,0
Cameroon,CMR,2023-12-13,45,0,3,0,0
Cameroon,CMR,2023-12-14,45,0,3,0,0
Cameroon,CMR,2023-12-15,45,0,3,0,0
Cameroon,CMR,2023-12-16,45,0,3,0,0
Cameroon,CMR,2023-12-17,45,0,3,0,0
Cameroon,CMR,2023-12-18,45,0,3,0,0
Cameroon,CMR,2023-12-19,45,0,3,0,0
Cameroon,CMR,2023-12-20,45,0,3,0,0
Cameroon,CMR,2023-12-21,45,0,3,0,0
Cameroon,CMR,2023-12-22,45,0,3,0,0
Cameroon,CMR,2023-12-23,45,0,3,0,0
Cameroon,CMR,2023-12-24,45,0,3,0,0
Cameroon,CMR,2023-12-25,45,0,3,0,0
Cameroon,CMR,2023-12-26,45,0,3,0,0
Cameroon,CMR,2023-12-27,45,0,3,0,0
Cameroon,CMR,2023-12-28,45,0,3,0,0
Cameroon,CMR,2023-12-29,45,0,3,0,0
Cameroon,CMR,2023-12-30,45,0,3,0,0
Cameroon,CMR,2023-12-31,45,0,3,0,0
Cameroon,CMR,2024-01-01,45,0,3,0,0
Cameroon,CMR,2024-01-02,45,0,3,0,0
Cameroon,CMR,2024-01-03,45,0,3,0,0
Cameroon,CMR,2024-01-04,45,0,3,0,0
Cameroon,CMR,2024-01-05,45,0,3,0,0
Cameroon,CMR,2024-01-06,45,0,3,0,0
Cameroon,CMR,2024-01-07,45,0,3,0,0
Cameroon,CMR,2024-01-08,45,0,3,0,0
Cameroon,CMR,2024-01-09,45,0,3,0,0
Cameroon,CMR,2024-01-10,45,0,3,0,0
Cameroon,CMR,2024-01-11,45,0,3,0,0
Cameroon,CMR,2024-01-12,45,0,3,0,0
Cameroon,CMR,2024-01-13,45,0,3,0,0
Cameroon,CMR,2024-01-14,46,1,4,1,0.14
Cameroon,CMR,2024-01-15,46,0,4,0,0.14
Cameroon,CMR,2024-01-16,46,0,4,0,0.14
Cameroon,CMR,2024-01-17,46,0,4,0,0.14
Cameroon,CMR,2024-01-18,46,0,4,0,0.14
Cameroon,CMR,2024-01-19,46,0,4,0,0.14
Cameroon,CMR,2024-01-20,46,0,4,0,0.14
Cameroon,CMR,2024-01-21,46,0,4,0,0
Cameroon,CMR,2024-01-22,46,0,4,0,0
Cameroon,CMR,2024-01-23,46,0,4,0,0
Cameroon,CMR,2024-01-24,46,0,4,0,0
Cameroon,CMR,2024-01-25,46,0,4,0,0
Cameroon,CMR,2024-01-26,46,0,4,0,0
Cameroon,CMR,2024-01-27,46,0,4,0,0
Cameroon,CMR,2024-01-28,46,0,4,0,0
Cameroon,CMR,2024-01-29,46,0,4,0,0
Cameroon,CMR,2024-01-30,46,0,4,0,0
Cameroon,CMR,2024-01-31,46,0,4,0,0
Cameroon,CMR,2024-02-01,46,0,4,0,0
Cameroon,CMR,2024-02-02,46,0,4,0,0
Cameroon,CMR,2024-02-03,46,0,4,0,0
Cameroon,CMR,2024-02-04,46,0,4,0,0
Cameroon,CMR,2024-02-05,46,0,4,0,0
Cameroon,CMR,2024-02-06,46,0,4,0,0
Cameroon,CMR,2024-02-07,46,0,4,0,0
Cameroon,CMR,2024-02-08,46,0,4,0,0
Cameroon,CMR,2024-02-09,46,0,4,0,0
Cameroon,CMR,2024-02-10,46,0,4,0,0
Cameroon,CMR,2024-02-11,46,0,4,0,0
Cameroon,CMR,2024-02-12,46,0,4,0,0
Cameroon,CMR,2024-02-13,46,0,4,0,0
Cameroon,CMR,2024-02-14,46,0,4,0,0
Cameroon,CMR,2024-02-15,46,0,4,0,0
Cameroon,CMR,2024-02-16,46,0,4,0,0
Cameroon,CMR,2024-02-17,46,0,4,0,0
Cameroon,CMR,2024-02-18,46,0,4,0,0
Cameroon,CMR,2024-02-19,46,0,4,0,0
Cameroon,CMR,2024-02-20,46,0,4,0,0
Cameroon,CMR,2024-02-21,46,0,4,0,0
Cameroon,CMR,2024-02-22,46,0,4,0,0
Cameroon,CMR,2024-02-23,46,0,4,0,0
Cameroon,CMR,2024-02-24,46,0,4,0,0
Cameroon,CMR,2024-02-25,46,0,4,0,0
Cameroon,CMR,2024-02-26,46,0,4,0,0
Cameroon,CMR,2024-02-27,46,0,4,0,0
Cameroon,CMR,2024-02-28,46,0,4,0,0
Cameroon,CMR,2024-02-29,46,0,4,0,0
Cameroon,CMR,2024-03-01,46,0,4,0,0
Cameroon,CMR,2024-03-02,46,0,4,0,0
Cameroon,CMR,2024-03-03,46,0,4,0,0
Cameroon,CMR,2024-03-04,46,0,4,0,0
Cameroon,CMR,2024-03-05,46,0,4,0,0
Cameroon,CMR,2024-03-06,46,0,4,0,0
Cameroon,CMR,2024-03-07,46,0,4,0,0
Cameroon,CMR,2024-03-08,46,0,4,0,0
Cameroon,CMR,2024-03-09,46,0,4,0,0
Cameroon,CMR,2024-03-10,46,0,4,0,0
Cameroon,CMR,2024-03-11,46,0,4,0,0
Cameroon,CMR,2024-03-12,46,0,4,0,0
Cameroon,CMR,2024-03-13,46,0,4,0,0
Cameroon,CMR,2024-03-14,46,0,4,0,0
Cameroon,CMR,2024-03-15,46,0,4,0,0
Cameroon,CMR,2024-03-16,46,0,4,0,0
Cameroon,CMR,2024-03-17,46,0,4,0,0
Cameroon,CMR,2024-03-18,46,0,4,0,0
Cameroon,CMR,2024-03-19,46,0,4,0,0
Cameroon,CMR,2024-03-20,46,0,4,0,0
Cameroon,CMR,2024-03-21,46,0,4,0,0
Cameroon,CMR,2024-03-22,46,0,4,0,0
Cameroon,CMR,2024-03-23,46,0,4,0,0
Cameroon,CMR,2024-03-24,46,0,4,0,0
Cameroon,CMR,2024-03-25,46,0,4,0,0
Cameroon,CMR,2024-03-26,46,0,4,0,0
Cameroon,CMR,2024-03-27,46,0,4,0,0
Cameroon,CMR,2024-03-28,46,0,4,0,0
Cameroon,CMR,2024-03-29,46,0,4,0,0
Cameroon,CMR,2024-03-30,46,0,4,0,0
Cameroon,CMR,2024-03-31,46,0,4,0,0
Cameroon,CMR,2024-04-01,46,0,4,0,0
Cameroon,CMR,2024-04-02,46,0,4,0,0
Cameroon,CMR,2024-04-03,46,0,4,0,0
Cameroon,CMR,2024-04-04,46,0,4,0,0
Cameroon,CMR,2024-04-05,46,0,4,0,0
Cameroon,CMR,2024-04-06,46,0,4,0,0
Cameroon,CMR,2024-04-07,47,1,5,1,0.14
Cameroon,CMR,2024-04-08,47,0,5,0,0.14
Cameroon,CMR,2024-04-09,47,0,5,0,0.14
Cameroon,CMR,2024-04-10,47,0,5,0,0.14
Cameroon,CMR,2024-04-11,47,0,5,0,0.14
Cameroon,CMR,2024-04-12,47,0,5,0,0.14
Cameroon,CMR,2024-04-13,47,0,5,0,0.14
Cameroon,CMR,2024-04-14,47,0,5,0,0
Cameroon,CMR,2024-04-15,47,0,5,0,0
Cameroon,CMR,2024-04-16,47,0,5,0,0
Cameroon,CMR,2024-04-17,47,0,5,0,0
Cameroon,CMR,2024-04-18,47,0,5,0,0
Cameroon,CMR,2024-04-19,47,0,5,0,0
Cameroon,CMR,2024-04-20,47,0,5,0,0
Cameroon,CMR,2024-04-21,47,0,5,0,0
Cameroon,CMR,2024-04-22,47,0,5,0,0
Cameroon,CMR,2024-04-23,47,0,5,0,0
Cameroon,CMR,2024-04-24,47,0,5,0,0
Cameroon,CMR,2024-04-25,47,0,5,0,0
Cameroon,CMR,2024-04-26,47,0,5,0,0
Cameroon,CMR,2024-04-27,47,0,5,0,0
Cameroon,CMR,2024-04-28,47,0,5,0,0
Cameroon,CMR,2024-04-29,47,0,5,0,0
Cameroon,CMR,2024-04-30,47,0,5,0,0
Cameroon,CMR,2024-05-01,47,0,5,0,0
Cameroon,CMR,2024-05-02,47,0,5,0,0
Cameroon,CMR,2024-05-03,47,0,5,0,0
Cameroon,CMR,2024-05-04,47,0,5,0,0
Cameroon,CMR,2024-05-05,47,0,5,0,0
Cameroon,CMR,2024-05-06,47,0,5,0,0
Cameroon,CMR,2024-05-07,47,0,5,0,0
Cameroon,CMR,2024-05-08,47,0,5,0,0
Cameroon,CMR,2024-05-09,47,0,5,0,0
Cameroon,CMR,2024-05-10,47,0,5,0,0
Cameroon,CMR,2024-05-11,47,0,5,0,0
Cameroon,CMR,2024-05-12,47,0,5,0,0
Cameroon,CMR,2024-05-13,47,0,5,0,0
Cameroon,CMR,2024-05-14,47,0,5,0,0
Cameroon,CMR,2024-05-15,47,0,5,0,0
Cameroon,CMR,2024-05-16,47,0,5,0,0
Cameroon,CMR,2024-05-17,47,0,5,0,0
Cameroon,CMR,2024-05-18,47,0,5,0,0
Cameroon,CMR,2024-05-19,47,0,5,0,0
Cameroon,CMR,2024-05-20,47,0,5,0,0
Cameroon,CMR,2024-05-21,47,0,5,0,0
Cameroon,CMR,2024-05-22,47,0,5,0,0
Cameroon,CMR,2024-05-23,47,0,5,0,0
Cameroon,CMR,2024-05-24,47,0,5,0,0
Cameroon,CMR,2024-05-25,47,0,5,0,0
Cameroon,CMR,2024-05-26,47,0,5,0,0
Cameroon,CMR,2024-05-27,47,0,5,0,0
Cameroon,CMR,2024-05-28,47,0,5,0,0
Cameroon,CMR,2024-05-29,47,0,5,0,0
Cameroon,CMR,2024-05-30,47,0,5,0,0
Cameroon,CMR,2024-05-31,47,0,5,0,0
Cameroon,CMR,2024-06-01,47,0,5,0,0
Cameroon,CMR,2024-06-02,47,0,5,0,0
Cameroon,CMR,2024-06-03,47,0,5,0,0
Cameroon,CMR,2024-06-04,47,0,5,0,0
Cameroon,CMR,2024-06-05,47,0,5,0,0
Cameroon,CMR,2024-06-06,47,0,5,0,0
Cameroon,CMR,2024-06-07,47,0,5,0,0
Cameroon,CMR,2024-06-08,47,0,5,0,0
Cameroon,CMR,2024-06-09,47,0,5,0,0
Cameroon,CMR,2024-06-10,47,0,5,0,0
Cameroon,CMR,2024-06-11,47,0,5,0,0
Cameroon,CMR,2024-06-12,47,0,5,0,0
Cameroon,CMR,2024-06-13,47,0,5,0,0
Cameroon,CMR,2024-06-14,47,0,5,0,0
Cameroon,CMR,2024-06-15,47,0,5,0,0
Cameroon,CMR,2024-06-16,47,0,5,0,0
Cameroon,CMR,2024-06-17,47,0,5,0,0
Cameroon,CMR,2024-06-18,47,0,5,0,0
Cameroon,CMR,2024-06-19,47,0,5,0,0
Cameroon,CMR,2024-06-20,47,0,5,0,0
Cameroon,CMR,2024-06-21,47,0,5,0,0
Cameroon,CMR,2024-06-22,47,0,5,0,0
Cameroon,CMR,2024-06-23,48,1,5,0,0.14
Cameroon,CMR,2024-06-24,48,0,5,0,0.14
Cameroon,CMR,2024-06-25,48,0,5,0,0.14
Cameroon,CMR,2024-06-26,48,0,5,0,0.14
Cameroon,CMR,2024-06-27,48,0,5,0,0.14
Cameroon,CMR,2024-06-28,48,0,5,0,0.14
Cameroon,CMR,2024-06-29,48,0,5,0,0.14
Cameroon,CMR,2024-06-30,48,0,5,0,0
Cameroon,CMR,2024-07-01,48,0,5,0,0
Cameroon,CMR,2024-07-02,48,0,5,0,0
Cameroon,CMR,2024-07-03,48,0,5,0,0
Cameroon,CMR,2024-07-04,48,0,5,0,0
Cameroon,CMR,2024-07-05,48,0,5,0,0
Cameroon,CMR,2024-07-06,48,0,5,0,0
Cameroon,CMR,2024-07-07,50,2,5,0,0.29
Cameroon,CMR,2024-07-08,50,0,5,0,0.29
Cameroon,CMR,2024-07-09,50,0,5,0,0.29
Cameroon,CMR,2024-07-10,50,0,5,0,0.29
Cameroon,CMR,2024-07-11,50,0,5,0,0.29
Cameroon,CMR,2024-07-12,50,0,5,0,0.29
Cameroon,CMR,2024-07-13,50,0,5,0,0.29
Cameroon,CMR,2024-07-14,50,0,5,0,0
Cameroon,CMR,2024-07-15,50,0,5,0,0
Cameroon,CMR,2024-07-16,50,0,5,0,0
Cameroon,CMR,2024-07-17,50,0,5,0,0
Cameroon,CMR,2024-07-18,50,0,5,0,0
Cameroon,CMR,2024-07-19,50,0,5,0,0
Cameroon,CMR,2024-07-20,50,0,5,0,0
Cameroon,CMR,2024-07-21,50,0,5,0,0
Cameroon,CMR,2024-07-22,50,0,5,0,0
Cameroon,CMR,2024-07-23,50,0,5,0,0
Cameroon,CMR,2024-07-24,50,0,5,0,0
Cameroon,CMR,2024-07-25,50,0,5,0,0
Cameroon,CMR,2024-07-26,50,0,5,0,0
Cameroon,CMR,2024-07-27,50,0,5,0,0
Cameroon,CMR,2024-07-28,50,0,5,0,0
Cameroon,CMR,2024-07-29,50,0,5,0,0
Cameroon,CMR,2024-07-30,50,0,5,0,0
Cameroon,CMR,2024-07-31,50,0,5,0,0
Cameroon,CMR,2024-08-01,50,0,5,0,0
Cameroon,CMR,2024-08-02,50,0,5,0,0
Cameroon,CMR,2024-08-03,50,0,5,0,0
Cameroon,CMR,2024-08-04,50,0,5,0,0
Cameroon,CMR,2024-08-05,50,0,5,0,0
Cameroon,CMR,2024-08-06,50,0,5,0,0
Cameroon,CMR,2024-08-07,50,0,5,0,0
Cameroon,CMR,2024-08-08,50,0,5,0,0
Cameroon,CMR,2024-08-09,50,0,5,0,0
Cameroon,CMR,2024-08-10,50,0,5,0,0
Cameroon,CMR,2024-08-11,50,0,5,0,0
Cameroon,CMR,2024-08-12,50,0,5,0,0
Cameroon,CMR,2024-08-13,50,0,5,0,0
Cameroon,CMR,2024-08-14,50,0,5,0,0
Cameroon,CMR,2024-08-15,50,0,5,0,0
Cameroon,CMR,2024-08-16,50,0,5,0,0
Cameroon,CMR,2024-08-17,50,0,5,0,0
Cameroon,CMR,2024-08-18,50,0,5,0,0
Cameroon,CMR,2024-08-19,50,0,5,0,0
Cameroon,CMR,2024-08-20,50,0,5,0,0
Cameroon,CMR,2024-08-21,50,0,5,0,0
Cameroon,CMR,2024-08-22,50,0,5,0,0
Cameroon,CMR,2024-08-23,50,0,5,0,0
Cameroon,CMR,2024-08-24,50,0,5,0,0
Cameroon,CMR,2024-08-25,50,0,5,0,0
Cameroon,CMR,2024-08-26,50,0,5,0,0
Cameroon,CMR,2024-08-27,50,0,5,0,0
Cameroon,CMR,2024-08-28,50,0,5,0,0
Cameroon,CMR,2024-08-29,50,0,5,0,0
Cameroon,CMR,2024-08-30,50,0,5,0,0
Cameroon,CMR,2024-08-31,50,0,5,0,0
Cameroon,CMR,2024-09-01,50,0,5,0,0
Cameroon,CMR,2024-09-02,50,0,5,0,0
Cameroon,CMR,2024-09-03,50,0,5,0,0
Cameroon,CMR,2024-09-04,50,0,5,0,0
Cameroon,CMR,2024-09-05,50,0,5,0,0
Cameroon,CMR,2024-09-06,50,0,5,0,0
Cameroon,CMR,2024-09-07,50,0,5,0,0
Cameroon,CMR,2024-09-08,51,1,5,0,0.14
Cameroon,CMR,2024-09-09,51,0,5,0,0.14
Cameroon,CMR,2024-09-10,51,0,5,0,0.14
Cameroon,CMR,2024-09-11,51,0,5,0,0.14
Cameroon,CMR,2024-09-12,51,0,5,0,0.14
Cameroon,CMR,2024-09-13,51,0,5,0,0.14
Cameroon,CMR,2024-09-14,51,0,5,0,0.14
Cameroon,CMR,2024-09-15,51,0,5,0,0
Cameroon,CMR,2024-09-16,51,0,5,0,0
Cameroon,CMR,2024-09-17,51,0,5,0,0
Cameroon,CMR,2024-09-18,51,0,5,0,0
Cameroon,CMR,2024-09-19,51,0,5,0,0
Cameroon,CMR,2024-09-20,51,0,5,0,0
Cameroon,CMR,2024-09-21,51,0,5,0,0
Cameroon,CMR,2024-09-22,51,0,5,0,0
Cameroon,CMR,2024-09-23,51,0,5,0,0
Cameroon,CMR,2024-09-24,51,0,5,0,0
Cameroon,CMR,2024-09-25,51,0,5,0,0
Cameroon,CMR,2024-09-26,51,0,5,0,0
Cameroon,CMR,2024-09-27,51,0,5,0,0
Cameroon,CMR,2024-09-28,51,0,5,0,0
Cameroon,CMR,2024-09-29,51,0,5,0,0
Cameroon,CMR,2024-09-30,51,0,5,0,0
Cameroon,CMR,2024-10-01,51,0,5,0,0
Cameroon,CMR,2024-10-02,51,0,5,0,0
Cameroon,CMR,2024-10-03,51,0,5,0,0
Cameroon,CMR,2024-10-04,51,0,5,0,0
Cameroon,CMR,2024-10-05,51,0,5,0,0
Cameroon,CMR,2024-10-06,51,0,5,0,0
Cameroon,CMR,2024-10-07,51,0,5,0,0
Cameroon,CMR,2024-10-08,51,0,5,0,0
Cameroon,CMR,2024-10-09,51,0,5,0,0
Cameroon,CMR,2024-10-10,51,0,5,0,0
Cameroon,CMR,2024-10-11,51,0,5,0,0
Cameroon,CMR,2024-10-12,51,0,5,0,0
Cameroon,CMR,2024-10-13,51,0,5,0,0
Cameroon,CMR,2024-10-14,51,0,5,0,0
Cameroon,CMR,2024-10-15,51,0,5,0,0
Cameroon,CMR,2024-10-16,51,0,5,0,0
Cameroon,CMR,2024-10-17,51,0,5,0,0
Cameroon,CMR,2024-10-18,51,0,5,0,0
Cameroon,CMR,2024-10-19,51,0,5,0,0
Cameroon,CMR,2024-10-20,51,0,5,0,0
Cameroon,CMR,2024-10-21,51,0,5,0,0
Cameroon,CMR,2024-10-22,51,0,5,0,0
Cameroon,CMR,2024-10-23,51,0,5,0,0
Cameroon,CMR,2024-10-24,51,0,5,0,0
Cameroon,CMR,2024-10-25,51,0,5,0,0
Cameroon,CMR,2024-10-26,51,0,5,0,0
Cameroon,CMR,2024-10-27,51,0,5,0,0
Cameroon,CMR,2024-10-28,51,0,5,0,0
Cameroon,CMR,2024-10-29,51,0,5,0,0
Cameroon,CMR,2024-10-30,51,0,5,0,0
Cameroon,CMR,2024-10-31,51,0,5,0,0
Cameroon,CMR,2024-11-01,51,0,5,0,0
Cameroon,CMR,2024-11-02,51,0,5,0,0
Cameroon,CMR,2024-11-03,51,0,5,0,0
Cameroon,CMR,2024-11-04,51,0,5,0,0
Cameroon,CMR,2024-11-05,51,0,5,0,0
Cameroon,CMR,2024-11-06,51,0,5,0,0
Cameroon,CMR,2024-11-07,51,0,5,0,0
Cameroon,CMR,2024-11-08,51,0,5,0,0
Cameroon,CMR,2024-11-09,51,0,5,0,0
Cameroon,CMR,2024-11-10,51,0,5,0,0
Cameroon,CMR,2024-11-11,51,0,5,0,0
Cameroon,CMR,2024-11-12,51,0,5,0,0
Cameroon,CMR,2024-11-13,51,0,5,0,0
Cameroon,CMR,2024-11-14,51,0,5,0,0
Cameroon,CMR,2024-11-15,51,0,5,0,0
Cameroon,CMR,2024-11-16,51,0,5,0,0
Cameroon,CMR,2024-11-17,54,3,5,0,0.43
Cameroon,CMR,2024-11-18,54,0,5,0,0.43
Cameroon,CMR,2024-11-19,54,0,5,0,0.43
Cameroon,CMR,2024-11-20,54,0,5,0,0.43
Cameroon,CMR,2024-11-21,54,0,5,0,0.43
Cameroon,CMR,2024-11-22,54,0,5,0,0.43
Cameroon,CMR,2024-11-23,54,0,5,0,0.43
Cameroon,CMR,2024-11-24,54,0,5,0,0
Cameroon,CMR,2024-11-25,54,0,5,0,0
Cameroon,CMR,2024-11-26,54,0,5,0,0
Cameroon,CMR,2024-11-27,54,0,5,0,0
Cameroon,CMR,2024-11-28,54,0,5,0,0
Cameroon,CMR,2024-11-29,54,0,5,0,0
Cameroon,CMR,2024-11-30,54,0,5,0,0
Cameroon,CMR,2024-12-01,54,0,5,0,0
Cameroon,CMR,2024-12-02,54,0,5,0,0
Cameroon,CMR,2024-12-03,54,0,5,0,0
Cameroon,CMR,2024-12-04,54,0,5,0,0
Cameroon,CMR,2024-12-05,54,0,5,0,0
Cameroon,CMR,2024-12-06,54,0,5,0,0
Cameroon,CMR,2024-12-07,54,0,5,0,0
Cameroon,CMR,2024-12-08,54,0,5,0,0
Cameroon,CMR,2024-12-09,54,0,5,0,0
Cameroon,CMR,2024-12-10,54,0,5,0,0
Cameroon,CMR,2024-12-11,54,0,5,0,0
Cameroon,CMR,2024-12-12,54,0,5,0,0
Cameroon,CMR,2024-12-13,54,0,5,0,0
Cameroon,CMR,2024-12-14,54,0,5,0,0
Cameroon,CMR,2024-12-15,54,0,5,0,0
Cameroon,CMR,2024-12-16,54,0,5,0,0
Cameroon,CMR,2024-12-17,54,0,5,0,0
Cameroon,CMR,2024-12-18,54,0,5,0,0
Cameroon,CMR,2024-12-19,54,0,5,0,0
Cameroon,CMR,2024-12-20,54,0,5,0,0
Cameroon,CMR,2024-12-21,54,0,5,0,0
Cameroon,CMR,2024-12-22,54,0,5,0,0
Cameroon,CMR,2024-12-23,54,0,5,0,0
Cameroon,CMR,2024-12-24,54,0,5,0,0
Cameroon,CMR,2024-12-25,54,0,5,0,0
Cameroon,CMR,2024-12-26,54,0,5,0,0
Cameroon,CMR,2024-12-27,54,0,5,0,0
Cameroon,CMR,2024-12-28,54,0,5,0,0
Cameroon,CMR,2024-12-29,54,0,5,0,0
Cameroon,CMR,2024-12-30,54,0,5,0,0
Cameroon,CMR,2024-12-31,54,0,5,0,0
Cameroon,CMR,2025-01-01,54,0,5,0,0
Cameroon,CMR,2025-01-02,54,0,5,0,0
Cameroon,CMR,2025-01-03,54,0,5,0,0
Cameroon,CMR,2025-01-04,54,0,5,0,0
Cameroon,CMR,2025-01-05,54,0,5,0,0
Cameroon,CMR,2025-01-06,54,0,5,0,0
Cameroon,CMR,2025-01-07,54,0,5,0,0
Cameroon,CMR,2025-01-08,54,0,5,0,0
Cameroon,CMR,2025-01-09,54,0,5,0,0
Cameroon,CMR,2025-01-10,54,0,5,0,0
Cameroon,CMR,2025-01-11,54,0,5,0,0
Cameroon,CMR,2025-01-12,54,0,5,0,0
Cameroon,CMR,2025-01-13,54,0,5,0,0
Cameroon,CMR,2025-01-14,54,0,5,0,0
Cameroon,CMR,2025-01-15,54,0,5,0,0
Cameroon,CMR,2025-01-16,54,0,5,0,0
Cameroon,CMR,2025-01-17,54,0,5,0,0
Cameroon,CMR,2025-01-18,54,0,5,0,0
Cameroon,CMR,2025-01-19,54,0,5,0,0
Cameroon,CMR,2025-01-20,54,0,5,0,0
Cameroon,CMR,2025-01-21,54,0,5,0,0
Cameroon,CMR,2025-01-22,54,0,5,0,0
Cameroon,CMR,2025-01-23,54,0,5,0,0
Cameroon,CMR,2025-01-24,54,0,5,0,0
Cameroon,CMR,2025-01-25,54,0,5,0,0
Cameroon,CMR,2025-01-26,54,0,5,0,0
Cameroon,CMR,2025-01-27,54,0,5,0,0
Cameroon,CMR,2025-01-28,54,0,5,0,0
Cameroon,CMR,2025-01-29,54,0,5,0,0
Cameroon,CMR,2025-01-30,54,0,5,0,0
Cameroon,CMR,2025-01-31,54,0,5,0,0
Cameroon,CMR,2025-02-01,54,0,5,0,0
Cameroon,CMR,2025-02-02,54,0,5,0,0
Cameroon,CMR,2025-02-03,54,0,5,0,0
Cameroon,CMR,2025-02-04,54,0,5,0,0
Cameroon,CMR,2025-02-05,54,0,5,0,0
Cameroon,CMR,2025-02-06,54,0,5,0,0
Cameroon,CMR,2025-02-07,54,0,5,0,0
Cameroon,CMR,2025-02-08,54,0,5,0,0
Cameroon,CMR,2025-02-09,54,0,5,0,0
Cameroon,CMR,2025-02-10,54,0,5,0,0
Cameroon,CMR,2025-02-11,54,0,5,0,0
Cameroon,CMR,2025-02-12,54,0,5,0,0
Cameroon,CMR,2025-02-13,54,0,5,0,0
Cameroon,CMR,2025-02-14,54,0,5,0,0
Cameroon,CMR,2025-02-15,54,0,5,0,0
Cameroon,CMR,2025-02-16,54,0,5,0,0
Cameroon,CMR,2025-02-17,54,0,5,0,0
Cameroon,CMR,2025-02-18,54,0,5,0,0
Cameroon,CMR,2025-02-19,54,0,5,0,0
Cameroon,CMR,2025-02-20,54,0,5,0,0
Cameroon,CMR,2025-02-21,54,0,5,0,0
Cameroon,CMR,2025-02-22,54,0,5,0,0
Cameroon,CMR,2025-02-23,54,0,5,0,0
Cameroon,CMR,2025-02-24,54,0,5,0,0
Cameroon,CMR,2025-02-25,54,0,5,0,0
Cameroon,CMR,2025-02-26,54,0,5,0,0
Cameroon,CMR,2025-02-27,54,0,5,0,0
Cameroon,CMR,2025-02-28,54,0,5,0,0
Cameroon,CMR,2025-03-01,54,0,5,0,0
Cameroon,CMR,2025-03-02,54,0,5,0,0
Cameroon,CMR,2025-03-03,54,0,5,0,0
Cameroon,CMR,2025-03-04,54,0,5,0,0
Cameroon,CMR,2025-03-05,54,0,5,0,0
Cameroon,CMR,2025-03-06,54,0,5,0,0
Cameroon,CMR,2025-03-07,54,0,5,0,0
Cameroon,CMR,2025-03-08,54,0,5,0,0
Cameroon,CMR,2025-03-09,54,0,5,0,0
Cameroon,CMR,2025-03-10,54,0,5,0,0
Cameroon,CMR,2025-03-11,54,0,5,0,0
Cameroon,CMR,2025-03-12,54,0,5,0,0
Cameroon,CMR,2025-03-13,54,0,5,0,0
Cameroon,CMR,2025-03-14,54,0,5,0,0
Cameroon,CMR,2025-03-15,54,0,5,0,0
Cameroon,CMR,2025-03-16,54,0,5,0,0
Cameroon,CMR,2025-03-17,54,0,5,0,0
Cameroon,CMR,2025-03-18,54,0,5,0,0
Cameroon,CMR,2025-03-19,54,0,5,0,0
Cameroon,CMR,2025-03-20,54,0,5,0,0
Cameroon,CMR,2025-03-21,54,0,5,0,0
Cameroon,CMR,2025-03-22,54,0,5,0,0
Cameroon,CMR,2025-03-23,54,0,5,0,0
Cameroon,CMR,2025-03-24,54,0,5,0,0
Cameroon,CMR,2025-03-25,54,0,5,0,0
Cameroon,CMR,2025-03-26,54,0,5,0,0
Cameroon,CMR,2025-03-27,54,0,5,0,0
Cameroon,CMR,2025-03-28,54,0,5,0,0
Cameroon,CMR,2025-03-29,54,0,5,0,0
Cameroon,CMR,2025-03-30,54,0,5,0,0
Cameroon,CMR,2025-03-31,54,0,5,0,0
Cameroon,CMR,2025-04-01,54,0,5,0,0
Cameroon,CMR,2025-04-02,54,0,5,0,0
Cameroon,CMR,2025-04-03,54,0,5,0,0
Cameroon,CMR,2025-04-04,54,0,5,0,0
Cameroon,CMR,2025-04-05,54,0,5,0,0
Cameroon,CMR,2025-04-06,54,0,5,0,0
Cameroon,CMR,2025-04-07,54,0,5,0,0
Cameroon,CMR,2025-04-08,54,0,5,0,0
Cameroon,CMR,2025-04-09,54,0,5,0,0
Cameroon,CMR,2025-04-10,54,0,5,0,0
Cameroon,CMR,2025-04-11,54,0,5,0,0
Cameroon,CMR,2025-04-12,54,0,5,0,0
Cameroon,CMR,2025-04-13,54,0,5,0,0
Cameroon,CMR,2025-04-14,54,0,5,0,0
Cameroon,CMR,2025-04-15,54,0,5,0,0
Cameroon,CMR,2025-04-16,54,0,5,0,0
Cameroon,CMR,2025-04-17,54,0,5,0,0
Cameroon,CMR,2025-04-18,54,0,5,0,0
Cameroon,CMR,2025-04-19,54,0,5,0,0
Cameroon,CMR,2025-04-20,54,0,5,0,0
Cameroon,CMR,2025-04-21,54,0,5,0,0
Cameroon,CMR,2025-04-22,54,0,5,0,0
Cameroon,CMR,2025-04-23,54,0,5,0,0
Cameroon,CMR,2025-04-24,54,0,5,0,0
Cameroon,CMR,2025-04-25,54,0,5,0,0
Cameroon,CMR,2025-04-26,54,0,5,0,0
Cameroon,CMR,2025-04-27,54,0,5,0,0
Cameroon,CMR,2025-04-28,54,0,5,0,0
Cameroon,CMR,2025-04-29,54,0,5,0,0
Cameroon,CMR,2025-04-30,54,0,5,0,0
Cameroon,CMR,2025-05-01,54,0,5,0,0
Cameroon,CMR,2025-05-02,54,0,5,0,0
Cameroon,CMR,2025-05-03,54,0,5,0,0
Cameroon,CMR,2025-05-04,54,0,5,0,0
Cameroon,CMR,2025-05-05,54,0,5,0,0
Cameroon,CMR,2025-05-06,54,0,5,0,0
Cameroon,CMR,2025-05-07,54,0,5,0,0
Cameroon,CMR,2025-05-08,54,0,5,0,0
Cameroon,CMR,2025-05-09,54,0,5,0,0
Cameroon,CMR,2025-05-10,54,0,5,0,0
Cameroon,CMR,2025-05-11,54,0,5,0,0
Cameroon,CMR,2025-05-12,54,0,5,0,0
Cameroon,CMR,2025-05-13,54,0,5,0,0
Cameroon,CMR,2025-05-14,54,0,5,0,0
Cameroon,CMR,2025-05-15,54,0,5,0,0
Cameroon,CMR,2025-05-16,54,0,5,0,0
Cameroon,CMR,2025-05-17,54,0,5,0,0
Cameroon,CMR,2025-05-18,54,0,5,0,0
Cameroon,CMR,2025-05-19,54,0,5,0,0
Cameroon,CMR,2025-05-20,54,0,5,0,0
Cameroon,CMR,2025-05-21,54,0,5,0,0
Cameroon,CMR,2025-05-22,54,0,5,0,0
Cameroon,CMR,2025-05-23,54,0,5,0,0
Cameroon,CMR,2025-05-24,54,0,5,0,0
Cameroon,CMR,2025-05-25,54,0,5,0,0
Cameroon,CMR,2025-05-26,54,0,5,0,0
Cameroon,CMR,2025-05-27,54,0,5,0,0
Cameroon,CMR,2025-05-28,54,0,5,0,0
Cameroon,CMR,2025-05-29,54,0,5,0,0
Cameroon,CMR,2025-05-30,54,0,5,0,0
Cameroon,CMR,2025-05-31,54,0,5,0,0
Cameroon,CMR,2025-06-01,54,0,5,0,0
Cameroon,CMR,2025-06-02,54,0,5,0,0
Cameroon,CMR,2025-06-03,54,0,5,0,0
Cameroon,CMR,2025-06-04,54,0,5,0,0
Cameroon,CMR,2025-06-05,54,0,5,0,0
Cameroon,CMR,2025-06-06,54,0,5,0,0
Cameroon,CMR,2025-06-07,54,0,5,0,0
Cameroon,CMR,2025-06-08,54,0,5,0,0
Cameroon,CMR,2025-06-09,54,0,5,0,0
Cameroon,CMR,2025-06-10,54,0,5,0,0
Cameroon,CMR,2025-06-11,54,0,5,0,0
Cameroon,CMR,2025-06-12,54,0,5,0,0
Cameroon,CMR,2025-06-13,54,0,5,0,0
Cameroon,CMR,2025-06-14,54,0,5,0,0
Cameroon,CMR,2025-06-15,54,0,5,0,0
Cameroon,CMR,2025-06-16,54,0,5,0,0
Cameroon,CMR,2025-06-17,54,0,5,0,0
Cameroon,CMR,2025-06-18,54,0,5,0,0
Cameroon,CMR,2025-06-19,54,0,5,0,0
Cameroon,CMR,2025-06-20,54,0,5,0,0
Cameroon,CMR,2025-06-21,54,0,5,0,0
Cameroon,CMR,2025-06-22,54,0,5,0,0
Cameroon,CMR,2025-06-23,54,0,5,0,0
Cameroon,CMR,2025-06-24,54,0,5,0,0
Cameroon,CMR,2025-06-25,54,0,5,0,0
Cameroon,CMR,2025-06-26,54,0,5,0,0
Cameroon,CMR,2025-06-27,54,0,5,0,0
Cameroon,CMR,2025-06-28,54,0,5,0,0
Cameroon,CMR,2025-06-29,54,0,5,0,0
Cameroon,CMR,2025-06-30,54,0,5,0,0
Cameroon,CMR,2025-07-01,54,0,5,0,0
Cameroon,CMR,2025-07-02,54,0,5,0,0
Cameroon,CMR,2025-07-03,54,0,5,0,0
Cameroon,CMR,2025-07-04,54,0,5,0,0
Cameroon,CMR,2025-07-05,54,0,5,0,0
Cameroon,CMR,2025-07-06,54,0,5,0,0
Cameroon,CMR,2025-07-07,54,0,5,0,0
Cameroon,CMR,2025-07-08,54,0,5,0,0
Cameroon,CMR,2025-07-09,54,0,5,0,0
Cameroon,CMR,2025-07-10,54,0,5,0,0
Cameroon,CMR,2025-07-11,54,0,5,0,0
Cameroon,CMR,2025-07-12,54,0,5,0,0
Cameroon,CMR,2025-07-13,55,1,5,0,0.14
Cameroon,CMR,2025-07-14,55,0,5,0,0.14
Cameroon,CMR,2025-07-15,55,0,5,0,0.14
Cameroon,CMR,2025-07-16,55,0,5,0,0.14
Cameroon,CMR,2025-07-17,55,0,5,0,0.14
Cameroon,CMR,2025-07-18,55,0,5,0,0.14
Cameroon,CMR,2025-07-19,55,0,5,0,0.14
Cameroon,CMR,2025-07-20,57,2,5,0,0.29
Cameroon,CMR,2025-07-21,57,0,5,0,0.29
Cameroon,CMR,2025-07-22,57,0,5,0,0.29
Cameroon,CMR,2025-07-23,57,0,5,0,0.29
Cameroon,CMR,2025-07-24,57,0,5,0,0.29
Cameroon,CMR,2025-07-25,57,0,5,0,0.29
Cameroon,CMR,2025-07-26,57,0,5,0,0.29
Cameroon,CMR,2025-07-27,57,0,5,0,0
Cameroon,CMR,2025-07-28,57,0,5,0,0
Cameroon,CMR,2025-07-29,57,0,5,0,0
Cameroon,CMR,2025-07-30,57,0,5,0,0
Cameroon,CMR,2025-07-31,57,0,5,0,0
Cameroon,CMR,2025-08-01,57,0,5,0,0
Cameroon,CMR,2025-08-02,57,0,5,0,0
Cameroon,CMR,2025-08-03,59,2,5,0,0.29
Cameroon,CMR,2025-08-04,59,0,5,0,0.29
Cameroon,CMR,2025-08-05,59,0,5,0,0.29
Cameroon,CMR,2025-08-06,59,0,5,0,0.29
Cameroon,CMR,2025-08-07,59,0,5,0,0.29
Cameroon,CMR,2025-08-08,59,0,5,0,0.29
Cameroon,CMR,2025-08-09,59,0,5,0,0.29
Cameroon,CMR,2025-08-10,59,0,5,0,0
Cameroon,CMR,2025-08-11,59,0,5,0,0
Cameroon,CMR,2025-08-12,59,0,5,0,0
Cameroon,CMR,2025-08-13,59,0,5,0,0
Cameroon,CMR,2025-08-14,59,0,5,0,0
Cameroon,CMR,2025-08-15,59,0,5,0,0
Cameroon,CMR,2025-08-16,59,0,5,0,0
Cameroon,CMR,2025-08-17,59,0,5,0,0
Cameroon,CMR,2025-08-18,59,0,5,0,0
Cameroon,CMR,2025-08-19,59,0,5,0,0
Cameroon,CMR,2025-08-20,59,0,5,0,0
Cameroon,CMR,2025-08-21,59,0,5,0,0
Cameroon,CMR,2025-08-22,59,0,5,0,0
Cameroon,CMR,2025-08-23,59,0,5,0,0
Cameroon,CMR,2025-08-24,59,0,5,0,0
Cameroon,CMR,2025-08-25,59,0,5,0,0
Cameroon,CMR,2025-08-26,59,0,5,0,0
Cameroon,CMR,2025-08-27,59,0,5,0,0
Cameroon,CMR,2025-08-28,59,0,5,0,0
Cameroon,CMR,2025-08-29,59,0,5,0,0
Cameroon,CMR,2025-08-30,59,0,5,0,0
Cameroon,CMR,2025-08-31,59,0,5,0,0
Cameroon,CMR,2025-09-01,59,0,5,0,0
Cameroon,CMR,2025-09-02,59,0,5,0,0
Cameroon,CMR,2025-09-03,59,0,5,0,0
Cameroon,CMR,2025-09-04,59,0,5,0,0
Cameroon,CMR,2025-09-05,59,0,5,0,0
Cameroon,CMR,2025-09-06,59,0,5,0,0
Cameroon,CMR,2025-09-07,59,0,5,0,0
Cameroon,CMR,2025-09-08,59,0,5,0,0
Cameroon,CMR,2025-09-09,59,0,5,0,0
Cameroon,CMR,2025-09-10,59,0,5,0,0
Cameroon,CMR,2025-09-11,59,0,5,0,0
Cameroon,CMR,2025-09-12,59,0,5,0,0
Cameroon,CMR,2025-09-13,59,0,5,0,0
Cameroon,CMR,2025-09-14,59,0,5,0,0
Cameroon,CMR,2025-09-15,59,0,5,0,0
Cameroon,CMR,2025-09-16,59,0,5,0,0
Cameroon,CMR,2025-09-17,59,0,5,0,0
Cameroon,CMR,2025-09-18,59,0,5,0,0
Cameroon,CMR,2025-09-19,59,0,5,0,0
Cameroon,CMR,2025-09-20,59,0,5,0,0
Cameroon,CMR,2025-09-21,59,0,5,0,0
Cameroon,CMR,2025-09-22,59,0,5,0,0
Cameroon,CMR,2025-09-23,59,0,5,0,0
Cameroon,CMR,2025-09-24,59,0,5,0,0
Cameroon,CMR,2025-09-25,59,0,5,0,0
Cameroon,CMR,2025-09-26,59,0,5,0,0
Cameroon,CMR,2025-09-27,59,0,5,0,0
Cameroon,CMR,2025-09-28,59,0,5,0,0
Cameroon,CMR,2025-09-29,59,0,5,0,0
Cameroon,CMR,2025-09-30,59,0,5,0,0
Cameroon,CMR,2025-10-01,59,0,5,0,0
Cameroon,CMR,2025-10-02,59,0,5,0,0
Cameroon,CMR,2025-10-03,59,0,5,0,0
Cameroon,CMR,2025-10-04,59,0,5,0,0
Cameroon,CMR,2025-10-05,59,0,5,0,0
Cameroon,CMR,2025-10-06,59,0,5,0,0
Cameroon,CMR,2025-10-07,59,0,5,0,0
Cameroon,CMR,2025-10-08,59,0,5,0,0
Cameroon,CMR,2025-10-09,59,0,5,0,0
Cameroon,CMR,2025-10-10,59,0,5,0,0
Cameroon,CMR,2025-10-11,59,0,5,0,0
Cameroon,CMR,2025-10-12,59,0,5,0,0
Cameroon,CMR,2025-10-13,59,0,5,0,0
Cameroon,CMR,2025-10-14,59,0,5,0,0
Cameroon,CMR,2025-10-15,59,0,5,0,0
Cameroon,CMR,2025-10-16,59,0,5,0,0
Cameroon,CMR,2025-10-17,59,0,5,0,0
Cameroon,CMR,2025-10-18,59,0,5,0,0
Cameroon,CMR,2025-10-19,59,0,5,0,0
Cameroon,CMR,2025-10-20,59,0,5,0,0
Cameroon,CMR,2025-10-21,59,0,5,0,0
Cameroon,CMR,2025-10-22,59,0,5,0,0
Cameroon,CMR,2025-10-23,59,0,5,0,0
Cameroon,CMR,2025-10-24,59,0,5,0,0
Cameroon,CMR,2025-10-25,59,0,5,0,0
Cameroon,CMR,2025-10-26,59,0,5,0,0
Cameroon,CMR,2025-10-27,59,0,5,0,0
Cameroon,CMR,2025-10-28,59,0,5,0,0
Cameroon,CMR,2025-10-29,59,0,5,0,0
Cameroon,CMR,2025-10-30,59,0,5,0,0
Cameroon,CMR,2025-10-31,59,0,5,0,0
Cameroon,CMR,2025-11-01,59,0,5,0,0
Cameroon,CMR,2025-11-02,59,0,5,0,0
Cameroon,CMR,2025-11-03,59,0,5,0,0
Cameroon,CMR,2025-11-04,59,0,5,0,0
Cameroon,CMR,2025-11-05,59,0,5,0,0
Cameroon,CMR,2025-11-06,59,0,5,0,0
Cameroon,CMR,2025-11-07,59,0,5,0,0
Cameroon,CMR,2025-11-08,59,0,5,0,0
Cameroon,CMR,2025-11-09,59,0,5,0,0
Cameroon,CMR,2025-11-10,59,0,5,0,0
Cameroon,CMR,2025-11-11,59,0,5,0,0
Cameroon,CMR,2025-11-12,59,0,5,0,0
Cameroon,CMR,2025-11-13,59,0,5,0,0
Cameroon,CMR,2025-11-14,59,0,5,0,0
Cameroon,CMR,2025-11-15,59,0,5,0,0
Cameroon,CMR,2025-11-16,60,1,5,0,0.14
Cameroon,CMR,2025-11-17,60,0,5,0,0.14
Cameroon,CMR,2025-11-18,60,0,5,0,0.14
Cameroon,CMR,2025-11-19,60,0,5,0,0.14
Cameroon,CMR,2025-11-20,60,0,5,0,0.14
Cameroon,CMR,2025-11-21,60,0,5,0,0.14
Cameroon,CMR,2025-11-22,60,0,5,0,0.14
Cameroon,CMR,2025-11-23,61,1,5,0,0.14
Cameroon,CMR,2025-11-24,61,0,5,0,0.14
Cameroon,CMR,2025-11-25,61,0,5,0,0.14
Cameroon,CMR,2025-11-26,61,0,5,0,0.14
Cameroon,CMR,2025-11-27,61,0,5,0,0.14
Cameroon,CMR,2025-11-28,61,0,5,0,0.14
Cameroon,CMR,2025-11-29,61,0,5,0,0.14
Cameroon,CMR,2025-11-30,61,0,5,0,0
Cameroon,CMR,2025-12-01,61,0,5,0,0
Cameroon,CMR,2025-12-02,61,0,5,0,0
Cameroon,CMR,2025-12-03,61,0,5,0,0
Cameroon,CMR,2025-12-04,61,0,5,0,0
Cameroon,CMR,2025-12-05,61,0,5,0,0
Cameroon,CMR,2025-12-06,61,0,5,0,0
Cameroon,CMR,2025-12-07,61,0,5,0,0
Cameroon,CMR,2025-12-08,61,0,5,0,0
Cameroon,CMR,2025-12-09,61,0,5,0,0
Cameroon,CMR,2025-12-10,61,0,5,0,0
Cameroon,CMR,2025-12-11,61,0,5,0,0
Cameroon,CMR,2025-12-12,61,0,5,0,0
Cameroon,CMR,2025-12-13,61,0,5,0,0
Cameroon,CMR,2025-12-14,63,2,5,0,0.29
Cameroon,CMR,2025-12-15,63,0,5,0,0.29
Cameroon,CMR,2025-12-16,63,0,5,0,0.29
Cameroon,CMR,2025-12-17,63,0,5,0,0.29
Cameroon,CMR,2025-12-18,63,0,5,0,0.29
Cameroon,CMR,2025-12-19,63,0,5,0,0.29
Cameroon,CMR,2025-12-20,63,0,5,0,0.29
Cameroon,CMR,2025-12-21,63,0,5,0,0
Cameroon,CMR,2025-12-22,63,0,5,0,0
Cameroon,CMR,2025-12-23,63,0,5,0,0
Cameroon,CMR,2025-12-24,63,0,5,0,0
Cameroon,CMR,2025-12-25,63,0,5,0,0
Cameroon,CMR,2025-12-26,63,0,5,0,0
Cameroon,CMR,2025-12-27,63,0,5,0,0
Cameroon,CMR,2025-12-28,63,0,5,0,0
Cameroon,CMR,2025-12-29,63,0,5,0,0
Cameroon,CMR,2025-12-30,63,0,5,0,0
Cameroon,CMR,2025-12-31,63,0,5,0,0
Cameroon,CMR,2026-01-01,63,0,5,0,0
Cameroon,CMR,2026-01-02,63,0,5,0,0
Cameroon,CMR,2026-01-03,63,0,5,0,0
Cameroon,CMR,2026-01-04,65,2,5,0,0.29
Cameroon,CMR,2026-01-05,65,0,5,0,0.29
Cameroon,CMR,2026-01-06,65,0,5,0,0.29
Cameroon,CMR,2026-01-07,65,0,5,0,0.29
Cameroon,CMR,2026-01-08,65,0,5,0,0.29
Cameroon,CMR,2026-01-09,65,0,5,0,0.29
Cameroon,CMR,2026-01-10,65,0,5,0,0.29
Cameroon,CMR,2026-01-11,66,1,5,0,0.14
Cameroon,CMR,2026-01-12,66,0,5,0,0.14
Cameroon,CMR,2026-01-13,66,0,5,0,0.14
Cameroon,CMR,2026-01-14,66,0,5,0,0.14
Cameroon,CMR,2026-01-15,66,0,5,0,0.14
Cameroon,CMR,2026-01-16,66,0,5,0,0.14
Cameroon,CMR,2026-01-17,66,0,5,0,0.14
Cameroon,CMR,2026-01-18,71,5,5,0,0.71
Cameroon,CMR,2026-01-19,71,0,5,0,0.71
Cameroon,CMR,2026-01-20,71,0,5,0,0.71
Cameroon,CMR,2026-01-21,71,0,5,0,0.71
Cameroon,CMR,2026-01-22,71,0,5,0,0.71
Cameroon,CMR,2026-01-23,71,0,5,0,0.71
Cameroon,CMR,2026-01-24,71,0,5,0,0.71
Cameroon,CMR,2026-01-25,75,4,5,0,0.57
Cameroon,CMR,2026-01-26,75,0,5,0,0.57
Cameroon,CMR,2026-01-27,75,0,5,0,0.57
Cameroon,CMR,2026-01-28,75,0,5,0,0.57
Cameroon,CMR,2026-01-29,75,0,5,0,0.57
Cameroon,CMR,2026-01-30,75,0,5,0,0.57
Cameroon,CMR,2026-01-31,75,0,5,0,0.57
Cameroon,CMR,2026-02-01,79,4,5,0,0.57
Cameroon,CMR,2026-02-02,79,0,5,0,0.57
Cameroon,CMR,2026-02-03,79,0,5,0,0.57
Cameroon,CMR,2026-02-04,79,0,5,0,0.57
Cameroon,CMR,2026-02-05,79,0,5,0,0.57
Cameroon,CMR,2026-02-06,79,0,5,0,0.57
Cameroon,CMR,2026-02-07,79,0,5,0,0.57
Cameroon,CMR,2026-02-08,81,2,5,0,0.29
Cameroon,CMR,2026-02-09,81,0,5,0,0.29
Cameroon,CMR,2026-02-10,81,0,5,0,0.29
Cameroon,CMR,2026-02-11,81,0,5,0,0.29
Cameroon,CMR,2026-02-12,81,0,5,0,0.29
Cameroon,CMR,2026-02-13,81,0,5,0,0.29
Cameroon,CMR,2026-02-14,81,0,5,0,0.29
Cameroon,CMR,2026-02-15,82,1,5,0,0.14
Cameroon,CMR,2026-02-16,82,0,5,0,0.14
Cameroon,CMR,2026-02-17,82,0,5,0,0.14
Cameroon,CMR,2026-02-18,82,0,5,0,0.14
Cameroon,CMR,2026-02-19,82,0,5,0,0.14
Cameroon,CMR,2026-02-20,82,0,5,0,0.14
Cameroon,CMR,2026-02-21,82,0,5,0,0.14
Cameroon,CMR,2026-02-22,84,2,5,0,0.29
Cameroon,CMR,2026-02-23,84,0,5,0,0.29
Cameroon,CMR,2026-02-24,84,0,5,0,0.29
Cameroon,CMR,2026-02-25,84,0,5,0,0.29
Cameroon,CMR,2026-02-26,84,0,5,0,0.29
Cameroon,CMR,2026-02-27,84,0,5,0,0.29
Cameroon,CMR,2026-02-28,84,0,5,0,0.29
Cameroon,CMR,2026-03-01,85,1,5,0,0.14
Cameroon,CMR,2026-03-02,85,0,5,0,0.14
Cameroon,CMR,2026-03-03,85,0,5,0,0.14
Cameroon,CMR,2026-03-04,85,0,5,0,0.14
Cameroon,CMR,2026-03-05,85,0,5,0,0.14
Cameroon,CMR,2026-03-06,85,0,5,0,0.14
Cameroon,CMR,2026-03-07,85,0,5,0,0.14
Cameroon,CMR,2026-03-08,87,2,5,0,0.29
Cameroon,CMR,2026-03-09,87,0,5,0,0.29
Cameroon,CMR,2026-03-10,87,0,5,0,0.29
Cameroon,CMR,2026-03-11,87,0,5,0,0.29
Cameroon,CMR,2026-03-12,87,0,5,0,0.29
Cameroon,CMR,2026-03-13,87,0,5,0,0.29
Cameroon,CMR,2026-03-14,87,0,5,0,0.29
Cameroon,CMR,2026-03-15,87,0,5,0,0
Cameroon,CMR,2026-03-16,87,0,5,0,0
Cameroon,CMR,2026-03-17,87,0,5,0,0
Cameroon,CMR,2026-03-18,87,0,5,0,0
Cameroon,CMR,2026-03-19,87,0,5,0,0
Cameroon,CMR,2026-03-20,87,0,5,0,0
Cameroon,CMR,2026-03-21,87,0,5,0,0
Cameroon,CMR,2026-03-22,95,8,5,0,1.14
Cameroon,CMR,2026-03-23,95,0,5,0,1.14
Cameroon,CMR,2026-03-24,95,0,5,0,1.14
Cameroon,CMR,2026-03-25,95,0,5,0,1.14
Cameroon,CMR,2026-03-26,95,0,5,0,1.14
Cameroon,CMR,2026-03-27,95,0,5,0,1.14
Cameroon,CMR,2026-03-28,95,0,5,0,1.14
Cameroon,CMR,2026-03-29,100,5,5,0,0.71
Cameroon,CMR,2026-03-30,100,0,5,0,0.71
Cameroon,CMR,2026-03-31,100,0,5,0,0.71
Cameroon,CMR,2026-04-01,100,0,5,0,0.71
Cameroon,CMR,2026-04-02,100,0,5,0,0.71
Cameroon,CMR,2026-04-03,100,0,5,0,0.71
Cameroon,CMR,2026-04-04,100,0,5,0,0.71
Cameroon,CMR,2026-04-05,104,4,5,0,0.57
Cameroon,CMR,2026-04-06,104,0,5,0,0.57
Cameroon,CMR,2026-04-07,104,0,5,0,0.57
Cameroon,CMR,2026-04-08,104,0,5,0,0.57
Cameroon,CMR,2026-04-09,104,0,5,0,0.57
Cameroon,CMR,2026-04-10,104,0,5,0,0.57
Cameroon,CMR,2026-04-11,104,0,5,0,0.57
Cameroon,CMR,2026-04-12,106,2,5,0,0.29
Cameroon,CMR,2026-04-13,106,0,5,0,0.29
Cameroon,CMR,2026-04-14,106,0,5,0,0.29
Cameroon,CMR,2026-04-15,106,0,5,0,0.29
Cameroon,CMR,2026-04-16,106,0,5,0,0.29
Cameroon,CMR,2026-04-17,106,0,5,0,0.29
Cameroon,CMR,2026-04-18,106,0,5,0,0.29
Cameroon,CMR,2026-04-19,107,1,5,0,0.14
Cameroon,CMR,2026-04-20,107,0,5,0,0.14
Cameroon,CMR,2026-04-21,107,0,5,0,0.14
Cameroon,CMR,2026-04-22,107,0,5,0,0.14
Cameroon,CMR,2026-04-23,107,0,5,0,0.14
Cameroon,CMR,2026-04-24,108,1,5,0,0.29
Central African Republic,CAF,2022-05-01,18,0,0,0,0
Central African Republic,CAF,2022-05-02,18,0,0,0,0
Central African Republic,CAF,2022-05-03,18,0,0,0,0
Central African Republic,CAF,2022-05-04,18,0,0,0,0
Central African Republic,CAF,2022-05-05,18,0,0,0,0
Central African Republic,CAF,2022-05-06,18,0,0,0,0
Central African Republic,CAF,2022-05-07,18,0,0,0,0
Central African Republic,CAF,2022-05-08,18,0,0,0,0
Central African Republic,CAF,2022-05-09,18,0,0,0,0
Central African Republic,CAF,2022-05-10,18,0,0,0,0
Central African Republic,CAF,2022-05-11,18,0,0,0,0
Central African Republic,CAF,2022-05-12,18,0,0,0,0
Central African Republic,CAF,2022-05-13,18,0,0,0,0
Central African Republic,CAF,2022-05-14,18,0,0,0,0
Central African Republic,CAF,2022-05-15,18,0,0,0,0
Central African Republic,CAF,2022-05-16,18,0,0,0,0
Central African Republic,CAF,2022-05-17,18,0,0,0,0
Central African Republic,CAF,2022-05-18,18,0,0,0,0
Central African Republic,CAF,2022-05-19,18,0,0,0,0
Central African Republic,CAF,2022-05-20,18,0,0,0,0
Central African Republic,CAF,2022-05-21,18,0,0,0,0
Central African Republic,CAF,2022-05-22,18,0,0,0,0
Central African Republic,CAF,2022-05-23,18,0,0,0,0
Central African Republic,CAF,2022-05-24,18,0,0,0,0
Central African Republic,CAF,2022-05-25,18,0,0,0,0
Central African Republic,CAF,2022-05-26,18,0,0,0,0
Central African Republic,CAF,2022-05-27,18,0,0,0,0
Central African Republic,CAF,2022-05-28,18,0,0,0,0
Central African Republic,CAF,2022-05-29,18,0,0,0,0
Central African Republic,CAF,2022-05-30,18,0,0,0,0
Central African Republic,CAF,2022-05-31,18,0,0,0,0
Central African Republic,CAF,2022-06-01,18,0,0,0,0
Central African Republic,CAF,2022-06-02,18,0,0,0,0
Central African Republic,CAF,2022-06-03,18,0,0,0,0
Central African Republic,CAF,2022-06-04,18,0,0,0,0
Central African Republic,CAF,2022-06-05,18,0,0,0,0
Central African Republic,CAF,2022-06-06,18,0,0,0,0
Central African Republic,CAF,2022-06-07,18,0,0,0,0
Central African Republic,CAF,2022-06-08,18,0,0,0,0
Central African Republic,CAF,2022-06-09,18,0,0,0,0
Central African Republic,CAF,2022-06-10,18,0,0,0,0
Central African Republic,CAF,2022-06-11,18,0,0,0,0
Central African Republic,CAF,2022-06-12,18,0,0,0,0
Central African Republic,CAF,2022-06-13,18,0,0,0,0
Central African Republic,CAF,2022-06-14,18,0,0,0,0
Central African Republic,CAF,2022-06-15,18,0,0,0,0
Central African Republic,CAF,2022-06-16,18,0,0,0,0
Central African Republic,CAF,2022-06-17,18,0,0,0,0
Central African Republic,CAF,2022-06-18,18,0,0,0,0
Central African Republic,CAF,2022-06-19,18,0,0,0,0
Central African Republic,CAF,2022-06-20,18,0,0,0,0
Central African Republic,CAF,2022-06-21,18,0,0,0,0
Central African Republic,CAF,2022-06-22,18,0,0,0,0
Central African Republic,CAF,2022-06-23,18,0,0,0,0
Central African Republic,CAF,2022-06-24,18,0,0,0,0
Central African Republic,CAF,2022-06-25,18,0,0,0,0
Central African Republic,CAF,2022-06-26,18,0,0,0,0
Central African Republic,CAF,2022-06-27,18,0,0,0,0
Central African Republic,CAF,2022-06-28,18,0,0,0,0
Central African Republic,CAF,2022-06-29,18,0,0,0,0
Central African Republic,CAF,2022-06-30,18,0,0,0,0
Central African Republic,CAF,2022-07-01,18,0,0,0,0
Central African Republic,CAF,2022-07-02,18,0,0,0,0
Central African Republic,CAF,2022-07-03,18,0,0,0,0
Central African Republic,CAF,2022-07-04,18,0,0,0,0
Central African Republic,CAF,2022-07-05,18,0,0,0,0
Central African Republic,CAF,2022-07-06,18,0,0,0,0
Central African Republic,CAF,2022-07-07,18,0,0,0,0
Central African Republic,CAF,2022-07-08,18,0,0,0,0
Central African Republic,CAF,2022-07-09,18,0,0,0,0
Central African Republic,CAF,2022-07-10,18,0,0,0,0
Central African Republic,CAF,2022-07-11,18,0,0,0,0
Central African Republic,CAF,2022-07-12,18,0,0,0,0
Central African Republic,CAF,2022-07-13,18,0,0,0,0
Central African Republic,CAF,2022-07-14,18,0,0,0,0
Central African Republic,CAF,2022-07-15,18,0,0,0,0
Central African Republic,CAF,2022-07-16,18,0,0,0,0
Central African Republic,CAF,2022-07-17,20,2,0,0,0.29
Central African Republic,CAF,2022-07-18,20,0,0,0,0.29
Central African Republic,CAF,2022-07-19,20,0,0,0,0.29
Central African Republic,CAF,2022-07-20,20,0,0,0,0.29
Central African Republic,CAF,2022-07-21,20,0,0,0,0.29
Central African Republic,CAF,2022-07-22,20,0,0,0,0.29
Central African Republic,CAF,2022-07-23,20,0,0,0,0.29
Central African Republic,CAF,2022-07-24,20,0,0,0,0
Central African Republic,CAF,2022-07-25,20,0,0,0,0
Central African Republic,CAF,2022-07-26,20,0,0,0,0
Central African Republic,CAF,2022-07-27,20,0,0,0,0
Central African Republic,CAF,2022-07-28,20,0,0,0,0
Central African Republic,CAF,2022-07-29,20,0,0,0,0
Central African Republic,CAF,2022-07-30,20,0,0,0,0
Central African Republic,CAF,2022-07-31,21,1,0,0,0.14
Central African Republic,CAF,2022-08-01,21,0,0,0,0.14
Central African Republic,CAF,2022-08-02,21,0,0,0,0.14
Central African Republic,CAF,2022-08-03,21,0,0,0,0.14
Central African Republic,CAF,2022-08-04,21,0,0,0,0.14
Central African Republic,CAF,2022-08-05,21,0,0,0,0.14
Central African Republic,CAF,2022-08-06,21,0,0,0,0.14
Central African Republic,CAF,2022-08-07,21,0,0,0,0
Central African Republic,CAF,2022-08-08,21,0,0,0,0
Central African Republic,CAF,2022-08-09,21,0,0,0,0
Central African Republic,CAF,2022-08-10,21,0,0,0,0
Central African Republic,CAF,2022-08-11,21,0,0,0,0
Central African Republic,CAF,2022-08-12,21,0,0,0,0
Central African Republic,CAF,2022-08-13,21,0,0,0,0
Central African Republic,CAF,2022-08-14,22,1,0,0,0.14
Central African Republic,CAF,2022-08-15,22,0,0,0,0.14
Central African Republic,CAF,2022-08-16,22,0,0,0,0.14
Central African Republic,CAF,2022-08-17,22,0,0,0,0.14
Central African Republic,CAF,2022-08-18,22,0,0,0,0.14
Central African Republic,CAF,2022-08-19,22,0,0,0,0.14
Central African Republic,CAF,2022-08-20,22,0,0,0,0.14
Central African Republic,CAF,2022-08-21,22,0,0,0,0
Central African Republic,CAF,2022-08-22,22,0,0,0,0
Central African Republic,CAF,2022-08-23,22,0,0,0,0
Central African Republic,CAF,2022-08-24,22,0,0,0,0
Central African Republic,CAF,2022-08-25,22,0,0,0,0
Central African Republic,CAF,2022-08-26,22,0,0,0,0
Central African Republic,CAF,2022-08-27,22,0,0,0,0
Central African Republic,CAF,2022-08-28,22,0,0,0,0
Central African Republic,CAF,2022-08-29,22,0,0,0,0
Central African Republic,CAF,2022-08-30,22,0,0,0,0
Central African Republic,CAF,2022-08-31,22,0,0,0,0
Central African Republic,CAF,2022-09-01,22,0,0,0,0
Central African Republic,CAF,2022-09-02,22,0,0,0,0
Central African Republic,CAF,2022-09-03,22,0,0,0,0
Central African Republic,CAF,2022-09-04,22,0,0,0,0
Central African Republic,CAF,2022-09-05,22,0,0,0,0
Central African Republic,CAF,2022-09-06,22,0,0,0,0
Central African Republic,CAF,2022-09-07,22,0,0,0,0
Central African Republic,CAF,2022-09-08,22,0,0,0,0
Central African Republic,CAF,2022-09-09,22,0,0,0,0
Central African Republic,CAF,2022-09-10,22,0,0,0,0
Central African Republic,CAF,2022-09-11,23,1,0,0,0.14
Central African Republic,CAF,2022-09-12,23,0,0,0,0.14
Central African Republic,CAF,2022-09-13,23,0,0,0,0.14
Central African Republic,CAF,2022-09-14,23,0,0,0,0.14
Central African Republic,CAF,2022-09-15,23,0,0,0,0.14
Central African Republic,CAF,2022-09-16,23,0,0,0,0.14
Central African Republic,CAF,2022-09-17,23,0,0,0,0.14
Central African Republic,CAF,2022-09-18,23,0,0,0,0
Central African Republic,CAF,2022-09-19,23,0,0,0,0
Central African Republic,CAF,2022-09-20,23,0,0,0,0
Central African Republic,CAF,2022-09-21,23,0,0,0,0
Central African Republic,CAF,2022-09-22,23,0,0,0,0
Central African Republic,CAF,2022-09-23,23,0,0,0,0
Central African Republic,CAF,2022-09-24,23,0,0,0,0
Central African Republic,CAF,2022-09-25,24,1,0,0,0.14
Central African Republic,CAF,2022-09-26,24,0,0,0,0.14
Central African Republic,CAF,2022-09-27,24,0,0,0,0.14
Central African Republic,CAF,2022-09-28,24,0,0,0,0.14
Central African Republic,CAF,2022-09-29,24,0,0,0,0.14
Central African Republic,CAF,2022-09-30,24,0,0,0,0.14
Central African Republic,CAF,2022-10-01,24,0,0,0,0.14
Central African Republic,CAF,2022-10-02,24,0,0,0,0
Central African Republic,CAF,2022-10-03,24,0,0,0,0
Central African Republic,CAF,2022-10-04,24,0,0,0,0
Central African Republic,CAF,2022-10-05,24,0,0,0,0
Central African Republic,CAF,2022-10-06,24,0,0,0,0
Central African Republic,CAF,2022-10-07,24,0,0,0,0
Central African Republic,CAF,2022-10-08,24,0,0,0,0
Central African Republic,CAF,2022-10-09,24,0,0,0,0
Central African Republic,CAF,2022-10-10,24,0,0,0,0
Central African Republic,CAF,2022-10-11,24,0,0,0,0
Central African Republic,CAF,2022-10-12,24,0,0,0,0
Central African Republic,CAF,2022-10-13,24,0,0,0,0
Central African Republic,CAF,2022-10-14,24,0,0,0,0
Central African Republic,CAF,2022-10-15,24,0,0,0,0
Central African Republic,CAF,2022-10-16,27,3,0,0,0.43
Central African Republic,CAF,2022-10-17,27,0,0,0,0.43
Central African Republic,CAF,2022-10-18,27,0,0,0,0.43
Central African Republic,CAF,2022-10-19,27,0,0,0,0.43
Central African Republic,CAF,2022-10-20,27,0,0,0,0.43
Central African Republic,CAF,2022-10-21,27,0,0,0,0.43
Central African Republic,CAF,2022-10-22,27,0,0,0,0.43
Central African Republic,CAF,2022-10-23,27,0,0,0,0
Central African Republic,CAF,2022-10-24,27,0,0,0,0
Central African Republic,CAF,2022-10-25,27,0,0,0,0
Central African Republic,CAF,2022-10-26,27,0,0,0,0
Central African Republic,CAF,2022-10-27,27,0,0,0,0
Central African Republic,CAF,2022-10-28,27,0,0,0,0
Central African Republic,CAF,2022-10-29,27,0,0,0,0
Central African Republic,CAF,2022-10-30,27,0,0,0,0
Central African Republic,CAF,2022-10-31,27,0,0,0,0
Central African Republic,CAF,2022-11-01,27,0,0,0,0
Central African Republic,CAF,2022-11-02,27,0,0,0,0
Central African Republic,CAF,2022-11-03,27,0,0,0,0
Central African Republic,CAF,2022-11-04,27,0,0,0,0
Central African Republic,CAF,2022-11-05,27,0,0,0,0
Central African Republic,CAF,2022-11-06,27,0,0,0,0
Central African Republic,CAF,2022-11-07,27,0,0,0,0
Central African Republic,CAF,2022-11-08,27,0,0,0,0
Central African Republic,CAF,2022-11-09,27,0,0,0,0
Central African Republic,CAF,2022-11-10,27,0,0,0,0
Central African Republic,CAF,2022-11-11,27,0,0,0,0
Central African Republic,CAF,2022-11-12,27,0,0,0,0
Central African Republic,CAF,2022-11-13,27,0,0,0,0
Central African Republic,CAF,2022-11-14,27,0,0,0,0
Central African Republic,CAF,2022-11-15,27,0,0,0,0
Central African Republic,CAF,2022-11-16,27,0,0,0,0
Central African Republic,CAF,2022-11-17,27,0,0,0,0
Central African Republic,CAF,2022-11-18,27,0,0,0,0
Central African Republic,CAF,2022-11-19,27,0,0,0,0
Central African Republic,CAF,2022-11-20,27,0,0,0,0
Central African Republic,CAF,2022-11-21,27,0,0,0,0
Central African Republic,CAF,2022-11-22,27,0,0,0,0
Central African Republic,CAF,2022-11-23,27,0,0,0,0
Central African Republic,CAF,2022-11-24,27,0,0,0,0
Central African Republic,CAF,2022-11-25,27,0,0,0,0
Central African Republic,CAF,2022-11-26,27,0,0,0,0
Central African Republic,CAF,2022-11-27,27,0,0,0,0
Central African Republic,CAF,2022-11-28,27,0,0,0,0
Central African Republic,CAF,2022-11-29,27,0,0,0,0
Central African Republic,CAF,2022-11-30,27,0,0,0,0
Central African Republic,CAF,2022-12-01,27,0,0,0,0
Central African Republic,CAF,2022-12-02,27,0,0,0,0
Central African Republic,CAF,2022-12-03,27,0,0,0,0
Central African Republic,CAF,2022-12-04,27,0,0,0,0
Central African Republic,CAF,2022-12-05,27,0,0,0,0
Central African Republic,CAF,2022-12-06,27,0,0,0,0
Central African Republic,CAF,2022-12-07,27,0,0,0,0
Central African Republic,CAF,2022-12-08,27,0,0,0,0
Central African Republic,CAF,2022-12-09,27,0,0,0,0
Central African Republic,CAF,2022-12-10,27,0,0,0,0
Central African Republic,CAF,2022-12-11,28,1,0,0,0.14
Central African Republic,CAF,2022-12-12,28,0,0,0,0.14
Central African Republic,CAF,2022-12-13,28,0,0,0,0.14
Central African Republic,CAF,2022-12-14,28,0,0,0,0.14
Central African Republic,CAF,2022-12-15,28,0,0,0,0.14
Central African Republic,CAF,2022-12-16,28,0,0,0,0.14
Central African Republic,CAF,2022-12-17,28,0,0,0,0.14
Central African Republic,CAF,2022-12-18,29,1,0,0,0.14
Central African Republic,CAF,2022-12-19,29,0,0,0,0.14
Central African Republic,CAF,2022-12-20,29,0,0,0,0.14
Central African Republic,CAF,2022-12-21,29,0,0,0,0.14
Central African Republic,CAF,2022-12-22,29,0,0,0,0.14
Central African Republic,CAF,2022-12-23,29,0,0,0,0.14
Central African Republic,CAF,2022-12-24,29,0,0,0,0.14
Central African Republic,CAF,2022-12-25,29,0,0,0,0
Central African Republic,CAF,2022-12-26,29,0,0,0,0
Central African Republic,CAF,2022-12-27,29,0,0,0,0
Central African Republic,CAF,2022-12-28,29,0,0,0,0
Central African Republic,CAF,2022-12-29,29,0,0,0,0
Central African Republic,CAF,2022-12-30,29,0,0,0,0
Central African Republic,CAF,2022-12-31,29,0,0,0,0
Central African Republic,CAF,2023-01-01,30,1,0,0,0.14
Central African Republic,CAF,2023-01-02,30,0,0,0,0.14
Central African Republic,CAF,2023-01-03,30,0,0,0,0.14
Central African Republic,CAF,2023-01-04,30,0,0,0,0.14
Central African Republic,CAF,2023-01-05,30,0,0,0,0.14
Central African Republic,CAF,2023-01-06,30,0,0,0,0.14
Central African Republic,CAF,2023-01-07,30,0,0,0,0.14
Central African Republic,CAF,2023-01-08,32,2,0,0,0.29
Central African Republic,CAF,2023-01-09,32,0,0,0,0.29
Central African Republic,CAF,2023-01-10,32,0,0,0,0.29
Central African Republic,CAF,2023-01-11,32,0,0,0,0.29
Central African Republic,CAF,2023-01-12,32,0,0,0,0.29
Central African Republic,CAF,2023-01-13,32,0,0,0,0.29
Central African Republic,CAF,2023-01-14,32,0,0,0,0.29
Central African Republic,CAF,2023-01-15,34,2,0,0,0.29
Central African Republic,CAF,2023-01-16,34,0,0,0,0.29
Central African Republic,CAF,2023-01-17,34,0,0,0,0.29
Central African Republic,CAF,2023-01-18,34,0,0,0,0.29
Central African Republic,CAF,2023-01-19,34,0,0,0,0.29
Central African Republic,CAF,2023-01-20,34,0,0,0,0.29
Central African Republic,CAF,2023-01-21,34,0,0,0,0.29
Central African Republic,CAF,2023-01-22,34,0,0,0,0
Central African Republic,CAF,2023-01-23,34,0,0,0,0
Central African Republic,CAF,2023-01-24,34,0,0,0,0
Central African Republic,CAF,2023-01-25,34,0,0,0,0
Central African Republic,CAF,2023-01-26,34,0,0,0,0
Central African Republic,CAF,2023-01-27,34,0,0,0,0
Central African Republic,CAF,2023-01-28,34,0,0,0,0
Central African Republic,CAF,2023-01-29,36,2,0,0,0.29
Central African Republic,CAF,2023-01-30,36,0,0,0,0.29
Central African Republic,CAF,2023-01-31,36,0,0,0,0.29
Central African Republic,CAF,2023-02-01,36,0,0,0,0.29
Central African Republic,CAF,2023-02-02,36,0,0,0,0.29
Central African Republic,CAF,2023-02-03,36,0,0,0,0.29
Central African Republic,CAF,2023-02-04,36,0,0,0,0.29
Central African Republic,CAF,2023-02-05,36,0,0,0,0
Central African Republic,CAF,2023-02-06,36,0,0,0,0
Central African Republic,CAF,2023-02-07,36,0,0,0,0
Central African Republic,CAF,2023-02-08,36,0,0,0,0
Central African Republic,CAF,2023-02-09,36,0,0,0,0
Central African Republic,CAF,2023-02-10,36,0,0,0,0
Central African Republic,CAF,2023-02-11,36,0,0,0,0
Central African Republic,CAF,2023-02-12,38,2,1,1,0.29
Central African Republic,CAF,2023-02-13,38,0,1,0,0.29
Central African Republic,CAF,2023-02-14,38,0,1,0,0.29
Central African Republic,CAF,2023-02-15,38,0,1,0,0.29
Central African Republic,CAF,2023-02-16,38,0,1,0,0.29
Central African Republic,CAF,2023-02-17,38,0,1,0,0.29
Central African Republic,CAF,2023-02-18,38,0,1,0,0.29
Central African Republic,CAF,2023-02-19,40,2,1,0,0.29
Central African Republic,CAF,2023-02-20,40,0,1,0,0.29
Central African Republic,CAF,2023-02-21,40,0,1,0,0.29
Central African Republic,CAF,2023-02-22,40,0,1,0,0.29
Central African Republic,CAF,2023-02-23,40,0,1,0,0.29
Central African Republic,CAF,2023-02-24,40,0,1,0,0.29
Central African Republic,CAF,2023-02-25,40,0,1,0,0.29
Central African Republic,CAF,2023-02-26,40,0,1,0,0
Central African Republic,CAF,2023-02-27,40,0,1,0,0
Central African Republic,CAF,2023-02-28,40,0,1,0,0
Central African Republic,CAF,2023-03-01,40,0,1,0,0
Central African Republic,CAF,2023-03-02,40,0,1,0,0
Central African Republic,CAF,2023-03-03,40,0,1,0,0
Central African Republic,CAF,2023-03-04,40,0,1,0,0
Central African Republic,CAF,2023-03-05,40,0,1,0,0
Central African Republic,CAF,2023-03-06,40,0,1,0,0
Central African Republic,CAF,2023-03-07,40,0,1,0,0
Central African Republic,CAF,2023-03-08,40,0,1,0,0
Central African Republic,CAF,2023-03-09,40,0,1,0,0
Central African Republic,CAF,2023-03-10,40,0,1,0,0
Central African Republic,CAF,2023-03-11,40,0,1,0,0
Central African Republic,CAF,2023-03-12,42,2,1,0,0.29
Central African Republic,CAF,2023-03-13,42,0,1,0,0.29
Central African Republic,CAF,2023-03-14,42,0,1,0,0.29
Central African Republic,CAF,2023-03-15,42,0,1,0,0.29
Central African Republic,CAF,2023-03-16,42,0,1,0,0.29
Central African Republic,CAF,2023-03-17,42,0,1,0,0.29
Central African Republic,CAF,2023-03-18,42,0,1,0,0.29
Central African Republic,CAF,2023-03-19,42,0,1,0,0
Central African Republic,CAF,2023-03-20,42,0,1,0,0
Central African Republic,CAF,2023-03-21,42,0,1,0,0
Central African Republic,CAF,2023-03-22,42,0,1,0,0
Central African Republic,CAF,2023-03-23,42,0,1,0,0
Central African Republic,CAF,2023-03-24,42,0,1,0,0
Central African Republic,CAF,2023-03-25,42,0,1,0,0
Central African Republic,CAF,2023-03-26,44,2,1,0,0.29
Central African Republic,CAF,2023-03-27,44,0,1,0,0.29
Central African Republic,CAF,2023-03-28,44,0,1,0,0.29
Central African Republic,CAF,2023-03-29,44,0,1,0,0.29
Central African Republic,CAF,2023-03-30,44,0,1,0,0.29
Central African Republic,CAF,2023-03-31,44,0,1,0,0.29
Central African Republic,CAF,2023-04-01,44,0,1,0,0.29
Central African Republic,CAF,2023-04-02,44,0,1,0,0
Central African Republic,CAF,2023-04-03,44,0,1,0,0
Central African Republic,CAF,2023-04-04,44,0,1,0,0
Central African Republic,CAF,2023-04-05,44,0,1,0,0
Central African Republic,CAF,2023-04-06,44,0,1,0,0
Central African Republic,CAF,2023-04-07,44,0,1,0,0
Central African Republic,CAF,2023-04-08,44,0,1,0,0
Central African Republic,CAF,2023-04-09,44,0,1,0,0
Central African Republic,CAF,2023-04-10,44,0,1,0,0
Central African Republic,CAF,2023-04-11,44,0,1,0,0
Central African Republic,CAF,2023-04-12,44,0,1,0,0
Central African Republic,CAF,2023-04-13,44,0,1,0,0
Central African Republic,CAF,2023-04-14,44,0,1,0,0
Central African Republic,CAF,2023-04-15,44,0,1,0,0
Central African Republic,CAF,2023-04-16,44,0,1,0,0
Central African Republic,CAF,2023-04-17,44,0,1,0,0
Central African Republic,CAF,2023-04-18,44,0,1,0,0
Central African Republic,CAF,2023-04-19,44,0,1,0,0
Central African Republic,CAF,2023-04-20,44,0,1,0,0
Central African Republic,CAF,2023-04-21,44,0,1,0,0
Central African Republic,CAF,2023-04-22,44,0,1,0,0
Central African Republic,CAF,2023-04-23,44,0,1,0,0
Central African Republic,CAF,2023-04-24,44,0,1,0,0
Central African Republic,CAF,2023-04-25,44,0,1,0,0
Central African Republic,CAF,2023-04-26,44,0,1,0,0
Central African Republic,CAF,2023-04-27,44,0,1,0,0
Central African Republic,CAF,2023-04-28,44,0,1,0,0
Central African Republic,CAF,2023-04-29,44,0,1,0,0
Central African Republic,CAF,2023-04-30,44,0,1,0,0
Central African Republic,CAF,2023-05-01,44,0,1,0,0
Central African Republic,CAF,2023-05-02,44,0,1,0,0
Central African Republic,CAF,2023-05-03,44,0,1,0,0
Central African Republic,CAF,2023-05-04,44,0,1,0,0
Central African Republic,CAF,2023-05-05,44,0,1,0,0
Central African Republic,CAF,2023-05-06,44,0,1,0,0
Central African Republic,CAF,2023-05-07,44,0,1,0,0
Central African Republic,CAF,2023-05-08,44,0,1,0,0
Central African Republic,CAF,2023-05-09,44,0,1,0,0
Central African Republic,CAF,2023-05-10,44,0,1,0,0
Central African Republic,CAF,2023-05-11,44,0,1,0,0
Central African Republic,CAF,2023-05-12,44,0,1,0,0
Central African Republic,CAF,2023-05-13,44,0,1,0,0
Central African Republic,CAF,2023-05-14,44,0,1,0,0
Central African Republic,CAF,2023-05-15,44,0,1,0,0
Central African Republic,CAF,2023-05-16,44,0,1,0,0
Central African Republic,CAF,2023-05-17,44,0,1,0,0
Central African Republic,CAF,2023-05-18,44,0,1,0,0
Central African Republic,CAF,2023-05-19,44,0,1,0,0
Central African Republic,CAF,2023-05-20,44,0,1,0,0
Central African Republic,CAF,2023-05-21,44,0,1,0,0
Central African Republic,CAF,2023-05-22,44,0,1,0,0
Central African Republic,CAF,2023-05-23,44,0,1,0,0
Central African Republic,CAF,2023-05-24,44,0,1,0,0
Central African Republic,CAF,2023-05-25,44,0,1,0,0
Central African Republic,CAF,2023-05-26,44,0,1,0,0
Central African Republic,CAF,2023-05-27,44,0,1,0,0
Central African Republic,CAF,2023-05-28,44,0,1,0,0
Central African Republic,CAF,2023-05-29,44,0,1,0,0
Central African Republic,CAF,2023-05-30,44,0,1,0,0
Central African Republic,CAF,2023-05-31,44,0,1,0,0
Central African Republic,CAF,2023-06-01,44,0,1,0,0
Central African Republic,CAF,2023-06-02,44,0,1,0,0
Central African Republic,CAF,2023-06-03,44,0,1,0,0
Central African Republic,CAF,2023-06-04,44,0,1,0,0
Central African Republic,CAF,2023-06-05,44,0,1,0,0
Central African Republic,CAF,2023-06-06,44,0,1,0,0
Central African Republic,CAF,2023-06-07,44,0,1,0,0
Central African Republic,CAF,2023-06-08,44,0,1,0,0
Central African Republic,CAF,2023-06-09,44,0,1,0,0
Central African Republic,CAF,2023-06-10,44,0,1,0,0
Central African Republic,CAF,2023-06-11,44,0,1,0,0
Central African Republic,CAF,2023-06-12,44,0,1,0,0
Central African Republic,CAF,2023-06-13,44,0,1,0,0
Central African Republic,CAF,2023-06-14,44,0,1,0,0
Central African Republic,CAF,2023-06-15,44,0,1,0,0
Central African Republic,CAF,2023-06-16,44,0,1,0,0
Central African Republic,CAF,2023-06-17,44,0,1,0,0
Central African Republic,CAF,2023-06-18,44,0,1,0,0
Central African Republic,CAF,2023-06-19,44,0,1,0,0
Central African Republic,CAF,2023-06-20,44,0,1,0,0
Central African Republic,CAF,2023-06-21,44,0,1,0,0
Central African Republic,CAF,2023-06-22,44,0,1,0,0
Central African Republic,CAF,2023-06-23,44,0,1,0,0
Central African Republic,CAF,2023-06-24,44,0,1,0,0
Central African Republic,CAF,2023-06-25,44,0,1,0,0
Central African Republic,CAF,2023-06-26,44,0,1,0,0
Central African Republic,CAF,2023-06-27,44,0,1,0,0
Central African Republic,CAF,2023-06-28,44,0,1,0,0
Central African Republic,CAF,2023-06-29,44,0,1,0,0
Central African Republic,CAF,2023-06-30,44,0,1,0,0
Central African Republic,CAF,2023-07-01,44,0,1,0,0
Central African Republic,CAF,2023-07-02,44,0,1,0,0
Central African Republic,CAF,2023-07-03,44,0,1,0,0
Central African Republic,CAF,2023-07-04,44,0,1,0,0
Central African Republic,CAF,2023-07-05,44,0,1,0,0
Central African Republic,CAF,2023-07-06,44,0,1,0,0
Central African Republic,CAF,2023-07-07,44,0,1,0,0
Central African Republic,CAF,2023-07-08,44,0,1,0,0
Central African Republic,CAF,2023-07-09,44,0,1,0,0
Central African Republic,CAF,2023-07-10,44,0,1,0,0
Central African Republic,CAF,2023-07-11,44,0,1,0,0
Central African Republic,CAF,2023-07-12,44,0,1,0,0
Central African Republic,CAF,2023-07-13,44,0,1,0,0
Central African Republic,CAF,2023-07-14,44,0,1,0,0
Central African Republic,CAF,2023-07-15,44,0,1,0,0
Central African Republic,CAF,2023-07-16,44,0,1,0,0
Central African Republic,CAF,2023-07-17,44,0,1,0,0
Central African Republic,CAF,2023-07-18,44,0,1,0,0
Central African Republic,CAF,2023-07-19,44,0,1,0,0
Central African Republic,CAF,2023-07-20,44,0,1,0,0
Central African Republic,CAF,2023-07-21,44,0,1,0,0
Central African Republic,CAF,2023-07-22,44,0,1,0,0
Central African Republic,CAF,2023-07-23,44,0,1,0,0
Central African Republic,CAF,2023-07-24,44,0,1,0,0
Central African Republic,CAF,2023-07-25,44,0,1,0,0
Central African Republic,CAF,2023-07-26,44,0,1,0,0
Central African Republic,CAF,2023-07-27,44,0,1,0,0
Central African Republic,CAF,2023-07-28,44,0,1,0,0
Central African Republic,CAF,2023-07-29,44,0,1,0,0
Central African Republic,CAF,2023-07-30,44,0,1,0,0
Central African Republic,CAF,2023-07-31,44,0,1,0,0
Central African Republic,CAF,2023-08-01,44,0,1,0,0
Central African Republic,CAF,2023-08-02,44,0,1,0,0
Central African Republic,CAF,2023-08-03,44,0,1,0,0
Central African Republic,CAF,2023-08-04,44,0,1,0,0
Central African Republic,CAF,2023-08-05,44,0,1,0,0
Central African Republic,CAF,2023-08-06,44,0,1,0,0
Central African Republic,CAF,2023-08-07,44,0,1,0,0
Central African Republic,CAF,2023-08-08,44,0,1,0,0
Central African Republic,CAF,2023-08-09,44,0,1,0,0
Central African Republic,CAF,2023-08-10,44,0,1,0,0
Central African Republic,CAF,2023-08-11,44,0,1,0,0
Central African Republic,CAF,2023-08-12,44,0,1,0,0
Central African Republic,CAF,2023-08-13,44,0,1,0,0
Central African Republic,CAF,2023-08-14,44,0,1,0,0
Central African Republic,CAF,2023-08-15,44,0,1,0,0
Central African Republic,CAF,2023-08-16,44,0,1,0,0
Central African Republic,CAF,2023-08-17,44,0,1,0,0
Central African Republic,CAF,2023-08-18,44,0,1,0,0
Central African Republic,CAF,2023-08-19,44,0,1,0,0
Central African Republic,CAF,2023-08-20,44,0,1,0,0
Central African Republic,CAF,2023-08-21,44,0,1,0,0
Central African Republic,CAF,2023-08-22,44,0,1,0,0
Central African Republic,CAF,2023-08-23,44,0,1,0,0
Central African Republic,CAF,2023-08-24,44,0,1,0,0
Central African Republic,CAF,2023-08-25,44,0,1,0,0
Central African Republic,CAF,2023-08-26,44,0,1,0,0
Central African Republic,CAF,2023-08-27,44,0,1,0,0
Central African Republic,CAF,2023-08-28,44,0,1,0,0
Central African Republic,CAF,2023-08-29,44,0,1,0,0
Central African Republic,CAF,2023-08-30,44,0,1,0,0
Central African Republic,CAF,2023-08-31,44,0,1,0,0
Central African Republic,CAF,2023-09-01,44,0,1,0,0
Central African Republic,CAF,2023-09-02,44,0,1,0,0
Central African Republic,CAF,2023-09-03,44,0,1,0,0
Central African Republic,CAF,2023-09-04,44,0,1,0,0
Central African Republic,CAF,2023-09-05,44,0,1,0,0
Central African Republic,CAF,2023-09-06,44,0,1,0,0
Central African Republic,CAF,2023-09-07,44,0,1,0,0
Central African Republic,CAF,2023-09-08,44,0,1,0,0
Central African Republic,CAF,2023-09-09,44,0,1,0,0
Central African Republic,CAF,2023-09-10,44,0,1,0,0
Central African Republic,CAF,2023-09-11,44,0,1,0,0
Central African Republic,CAF,2023-09-12,44,0,1,0,0
Central African Republic,CAF,2023-09-13,44,0,1,0,0
Central African Republic,CAF,2023-09-14,44,0,1,0,0
Central African Republic,CAF,2023-09-15,44,0,1,0,0
Central African Republic,CAF,2023-09-16,44,0,1,0,0
Central African Republic,CAF,2023-09-17,44,0,1,0,0
Central African Republic,CAF,2023-09-18,44,0,1,0,0
Central African Republic,CAF,2023-09-19,44,0,1,0,0
Central African Republic,CAF,2023-09-20,44,0,1,0,0
Central African Republic,CAF,2023-09-21,44,0,1,0,0
Central African Republic,CAF,2023-09-22,44,0,1,0,0
Central African Republic,CAF,2023-09-23,44,0,1,0,0
Central African Republic,CAF,2023-09-24,44,0,1,0,0
Central African Republic,CAF,2023-09-25,44,0,1,0,0
Central African Republic,CAF,2023-09-26,44,0,1,0,0
Central African Republic,CAF,2023-09-27,44,0,1,0,0
Central African Republic,CAF,2023-09-28,44,0,1,0,0
Central African Republic,CAF,2023-09-29,44,0,1,0,0
Central African Republic,CAF,2023-09-30,44,0,1,0,0
Central African Republic,CAF,2023-10-01,44,0,1,0,0
Central African Republic,CAF,2023-10-02,44,0,1,0,0
Central African Republic,CAF,2023-10-03,44,0,1,0,0
Central African Republic,CAF,2023-10-04,44,0,1,0,0
Central African Republic,CAF,2023-10-05,44,0,1,0,0
Central African Republic,CAF,2023-10-06,44,0,1,0,0
Central African Republic,CAF,2023-10-07,44,0,1,0,0
Central African Republic,CAF,2023-10-08,44,0,1,0,0
Central African Republic,CAF,2023-10-09,44,0,1,0,0
Central African Republic,CAF,2023-10-10,44,0,1,0,0
Central African Republic,CAF,2023-10-11,44,0,1,0,0
Central African Republic,CAF,2023-10-12,44,0,1,0,0
Central African Republic,CAF,2023-10-13,44,0,1,0,0
Central African Republic,CAF,2023-10-14,44,0,1,0,0
Central African Republic,CAF,2023-10-15,44,0,1,0,0
Central African Republic,CAF,2023-10-16,44,0,1,0,0
Central African Republic,CAF,2023-10-17,44,0,1,0,0
Central African Republic,CAF,2023-10-18,44,0,1,0,0
Central African Republic,CAF,2023-10-19,44,0,1,0,0
Central African Republic,CAF,2023-10-20,44,0,1,0,0
Central African Republic,CAF,2023-10-21,44,0,1,0,0
Central African Republic,CAF,2023-10-22,44,0,1,0,0
Central African Republic,CAF,2023-10-23,44,0,1,0,0
Central African Republic,CAF,2023-10-24,44,0,1,0,0
Central African Republic,CAF,2023-10-25,44,0,1,0,0
Central African Republic,CAF,2023-10-26,44,0,1,0,0
Central African Republic,CAF,2023-10-27,44,0,1,0,0
Central African Republic,CAF,2023-10-28,44,0,1,0,0
Central African Republic,CAF,2023-10-29,44,0,1,0,0
Central African Republic,CAF,2023-10-30,44,0,1,0,0
Central African Republic,CAF,2023-10-31,44,0,1,0,0
Central African Republic,CAF,2023-11-01,44,0,1,0,0
Central African Republic,CAF,2023-11-02,44,0,1,0,0
Central African Republic,CAF,2023-11-03,44,0,1,0,0
Central African Republic,CAF,2023-11-04,44,0,1,0,0
Central African Republic,CAF,2023-11-05,44,0,1,0,0
Central African Republic,CAF,2023-11-06,44,0,1,0,0
Central African Republic,CAF,2023-11-07,44,0,1,0,0
Central African Republic,CAF,2023-11-08,44,0,1,0,0
Central African Republic,CAF,2023-11-09,44,0,1,0,0
Central African Republic,CAF,2023-11-10,44,0,1,0,0
Central African Republic,CAF,2023-11-11,44,0,1,0,0
Central African Republic,CAF,2023-11-12,44,0,1,0,0
Central African Republic,CAF,2023-11-13,44,0,1,0,0
Central African Republic,CAF,2023-11-14,44,0,1,0,0
Central African Republic,CAF,2023-11-15,44,0,1,0,0
Central African Republic,CAF,2023-11-16,44,0,1,0,0
Central African Republic,CAF,2023-11-17,44,0,1,0,0
Central African Republic,CAF,2023-11-18,44,0,1,0,0
Central African Republic,CAF,2023-11-19,44,0,1,0,0
Central African Republic,CAF,2023-11-20,44,0,1,0,0
Central African Republic,CAF,2023-11-21,44,0,1,0,0
Central African Republic,CAF,2023-11-22,44,0,1,0,0
Central African Republic,CAF,2023-11-23,44,0,1,0,0
Central African Republic,CAF,2023-11-24,44,0,1,0,0
Central African Republic,CAF,2023-11-25,44,0,1,0,0
Central African Republic,CAF,2023-11-26,44,0,1,0,0
Central African Republic,CAF,2023-11-27,44,0,1,0,0
Central African Republic,CAF,2023-11-28,44,0,1,0,0
Central African Republic,CAF,2023-11-29,44,0,1,0,0
Central African Republic,CAF,2023-11-30,44,0,1,0,0
Central African Republic,CAF,2023-12-01,44,0,1,0,0
Central African Republic,CAF,2023-12-02,44,0,1,0,0
Central African Republic,CAF,2023-12-03,44,0,1,0,0
Central African Republic,CAF,2023-12-04,44,0,1,0,0
Central African Republic,CAF,2023-12-05,44,0,1,0,0
Central African Republic,CAF,2023-12-06,44,0,1,0,0
Central African Republic,CAF,2023-12-07,44,0,1,0,0
Central African Republic,CAF,2023-12-08,44,0,1,0,0
Central African Republic,CAF,2023-12-09,44,0,1,0,0
Central African Republic,CAF,2023-12-10,44,0,1,0,0
Central African Republic,CAF,2023-12-11,44,0,1,0,0
Central African Republic,CAF,2023-12-12,44,0,1,0,0
Central African Republic,CAF,2023-12-13,44,0,1,0,0
Central African Republic,CAF,2023-12-14,44,0,1,0,0
Central African Republic,CAF,2023-12-15,44,0,1,0,0
Central African Republic,CAF,2023-12-16,44,0,1,0,0
Central African Republic,CAF,2023-12-17,44,0,1,0,0
Central African Republic,CAF,2023-12-18,44,0,1,0,0
Central African Republic,CAF,2023-12-19,44,0,1,0,0
Central African Republic,CAF,2023-12-20,44,0,1,0,0
Central African Republic,CAF,2023-12-21,44,0,1,0,0
Central African Republic,CAF,2023-12-22,44,0,1,0,0
Central African Republic,CAF,2023-12-23,44,0,1,0,0
Central African Republic,CAF,2023-12-24,45,1,1,0,0.14
Central African Republic,CAF,2023-12-25,45,0,1,0,0.14
Central African Republic,CAF,2023-12-26,45,0,1,0,0.14
Central African Republic,CAF,2023-12-27,45,0,1,0,0.14
Central African Republic,CAF,2023-12-28,45,0,1,0,0.14
Central African Republic,CAF,2023-12-29,45,0,1,0,0.14
Central African Republic,CAF,2023-12-30,45,0,1,0,0.14
Central African Republic,CAF,2023-12-31,46,1,1,0,0.14
Central African Republic,CAF,2024-01-01,46,0,1,0,0.14
Central African Republic,CAF,2024-01-02,46,0,1,0,0.14
Central African Republic,CAF,2024-01-03,46,0,1,0,0.14
Central African Republic,CAF,2024-01-04,46,0,1,0,0.14
Central African Republic,CAF,2024-01-05,46,0,1,0,0.14
Central African Republic,CAF,2024-01-06,46,0,1,0,0.14
Central African Republic,CAF,2024-01-07,46,0,1,0,0
Central African Republic,CAF,2024-01-08,46,0,1,0,0
Central African Republic,CAF,2024-01-09,46,0,1,0,0
Central African Republic,CAF,2024-01-10,46,0,1,0,0
Central African Republic,CAF,2024-01-11,46,0,1,0,0
Central African Republic,CAF,2024-01-12,46,0,1,0,0
Central African Republic,CAF,2024-01-13,46,0,1,0,0
Central African Republic,CAF,2024-01-14,50,4,1,0,0.57
Central African Republic,CAF,2024-01-15,50,0,1,0,0.57
Central African Republic,CAF,2024-01-16,50,0,1,0,0.57
Central African Republic,CAF,2024-01-17,50,0,1,0,0.57
Central African Republic,CAF,2024-01-18,50,0,1,0,0.57
Central African Republic,CAF,2024-01-19,50,0,1,0,0.57
Central African Republic,CAF,2024-01-20,50,0,1,0,0.57
Central African Republic,CAF,2024-01-21,50,0,1,0,0
Central African Republic,CAF,2024-01-22,50,0,1,0,0
Central African Republic,CAF,2024-01-23,50,0,1,0,0
Central African Republic,CAF,2024-01-24,50,0,1,0,0
Central African Republic,CAF,2024-01-25,50,0,1,0,0
Central African Republic,CAF,2024-01-26,50,0,1,0,0
Central African Republic,CAF,2024-01-27,50,0,1,0,0
Central African Republic,CAF,2024-01-28,51,1,1,0,0.14
Central African Republic,CAF,2024-01-29,51,0,1,0,0.14
Central African Republic,CAF,2024-01-30,51,0,1,0,0.14
Central African Republic,CAF,2024-01-31,51,0,1,0,0.14
Central African Republic,CAF,2024-02-01,51,0,1,0,0.14
Central African Republic,CAF,2024-02-02,51,0,1,0,0.14
Central African Republic,CAF,2024-02-03,51,0,1,0,0.14
Central African Republic,CAF,2024-02-04,51,0,1,0,0
Central African Republic,CAF,2024-02-05,51,0,1,0,0
Central African Republic,CAF,2024-02-06,51,0,1,0,0
Central African Republic,CAF,2024-02-07,51,0,1,0,0
Central African Republic,CAF,2024-02-08,51,0,1,0,0
Central African Republic,CAF,2024-02-09,51,0,1,0,0
Central African Republic,CAF,2024-02-10,51,0,1,0,0
Central African Republic,CAF,2024-02-11,54,3,1,0,0.43
Central African Republic,CAF,2024-02-12,54,0,1,0,0.43
Central African Republic,CAF,2024-02-13,54,0,1,0,0.43
Central African Republic,CAF,2024-02-14,54,0,1,0,0.43
Central African Republic,CAF,2024-02-15,54,0,1,0,0.43
Central African Republic,CAF,2024-02-16,54,0,1,0,0.43
Central African Republic,CAF,2024-02-17,54,0,1,0,0.43
Central African Republic,CAF,2024-02-18,58,4,1,0,0.57
Central African Republic,CAF,2024-02-19,58,0,1,0,0.57
Central African Republic,CAF,2024-02-20,58,0,1,0,0.57
Central African Republic,CAF,2024-02-21,58,0,1,0,0.57
Central African Republic,CAF,2024-02-22,58,0,1,0,0.57
Central African Republic,CAF,2024-02-23,58,0,1,0,0.57
Central African Republic,CAF,2024-02-24,58,0,1,0,0.57
Central African Republic,CAF,2024-02-25,58,0,1,0,0
Central African Republic,CAF,2024-02-26,58,0,1,0,0
Central African Republic,CAF,2024-02-27,58,0,1,0,0
Central African Republic,CAF,2024-02-28,58,0,1,0,0
Central African Republic,CAF,2024-02-29,58,0,1,0,0
Central African Republic,CAF,2024-03-01,58,0,1,0,0
Central African Republic,CAF,2024-03-02,58,0,1,0,0
Central African Republic,CAF,2024-03-03,58,0,1,0,0
Central African Republic,CAF,2024-03-04,58,0,1,0,0
Central African Republic,CAF,2024-03-05,58,0,1,0,0
Central African Republic,CAF,2024-03-06,58,0,1,0,0
Central African Republic,CAF,2024-03-07,58,0,1,0,0
Central African Republic,CAF,2024-03-08,58,0,1,0,0
Central African Republic,CAF,2024-03-09,58,0,1,0,0
Central African Republic,CAF,2024-03-10,58,0,1,0,0
Central African Republic,CAF,2024-03-11,58,0,1,0,0
Central African Republic,CAF,2024-03-12,58,0,1,0,0
Central African Republic,CAF,2024-03-13,58,0,1,0,0
Central African Republic,CAF,2024-03-14,58,0,1,0,0
Central African Republic,CAF,2024-03-15,58,0,1,0,0
Central African Republic,CAF,2024-03-16,58,0,1,0,0
Central African Republic,CAF,2024-03-17,62,4,1,0,0.57
Central African Republic,CAF,2024-03-18,62,0,1,0,0.57
Central African Republic,CAF,2024-03-19,62,0,1,0,0.57
Central African Republic,CAF,2024-03-20,62,0,1,0,0.57
Central African Republic,CAF,2024-03-21,62,0,1,0,0.57
Central African Republic,CAF,2024-03-22,62,0,1,0,0.57
Central African Republic,CAF,2024-03-23,62,0,1,0,0.57
Central African Republic,CAF,2024-03-24,64,2,1,0,0.29
Central African Republic,CAF,2024-03-25,64,0,1,0,0.29
Central African Republic,CAF,2024-03-26,64,0,1,0,0.29
Central African Republic,CAF,2024-03-27,64,0,1,0,0.29
Central African Republic,CAF,2024-03-28,64,0,1,0,0.29
Central African Republic,CAF,2024-03-29,64,0,1,0,0.29
Central African Republic,CAF,2024-03-30,64,0,1,0,0.29
Central African Republic,CAF,2024-03-31,65,1,1,0,0.14
Central African Republic,CAF,2024-04-01,65,0,1,0,0.14
Central African Republic,CAF,2024-04-02,65,0,1,0,0.14
Central African Republic,CAF,2024-04-03,65,0,1,0,0.14
Central African Republic,CAF,2024-04-04,65,0,1,0,0.14
Central African Republic,CAF,2024-04-05,65,0,1,0,0.14
Central African Republic,CAF,2024-04-06,65,0,1,0,0.14
Central African Republic,CAF,2024-04-07,65,0,1,0,0
Central African Republic,CAF,2024-04-08,65,0,1,0,0
Central African Republic,CAF,2024-04-09,65,0,1,0,0
Central African Republic,CAF,2024-04-10,65,0,1,0,0
Central African Republic,CAF,2024-04-11,65,0,1,0,0
Central African Republic,CAF,2024-04-12,65,0,1,0,0
Central African Republic,CAF,2024-04-13,65,0,1,0,0
Central African Republic,CAF,2024-04-14,65,0,1,0,0
Central African Republic,CAF,2024-04-15,65,0,1,0,0
Central African Republic,CAF,2024-04-16,65,0,1,0,0
Central African Republic,CAF,2024-04-17,65,0,1,0,0
Central African Republic,CAF,2024-04-18,65,0,1,0,0
Central African Republic,CAF,2024-04-19,65,0,1,0,0
Central African Republic,CAF,2024-04-20,65,0,1,0,0
Central African Republic,CAF,2024-04-21,65,0,1,0,0
Central African Republic,CAF,2024-04-22,65,0,1,0,0
Central African Republic,CAF,2024-04-23,65,0,1,0,0
Central African Republic,CAF,2024-04-24,65,0,1,0,0
Central African Republic,CAF,2024-04-25,65,0,1,0,0
Central African Republic,CAF,2024-04-26,65,0,1,0,0
Central African Republic,CAF,2024-04-27,65,0,1,0,0
Central African Republic,CAF,2024-04-28,65,0,1,0,0
Central African Republic,CAF,2024-04-29,65,0,1,0,0
Central African Republic,CAF,2024-04-30,65,0,1,0,0
Central African Republic,CAF,2024-05-01,65,0,1,0,0
Central African Republic,CAF,2024-05-02,65,0,1,0,0
Central African Republic,CAF,2024-05-03,65,0,1,0,0
Central African Republic,CAF,2024-05-04,65,0,1,0,0
Central African Republic,CAF,2024-05-05,65,0,1,0,0
Central African Republic,CAF,2024-05-06,65,0,1,0,0
Central African Republic,CAF,2024-05-07,65,0,1,0,0
Central African Republic,CAF,2024-05-08,65,0,1,0,0
Central African Republic,CAF,2024-05-09,65,0,1,0,0
Central African Republic,CAF,2024-05-10,65,0,1,0,0
Central African Republic,CAF,2024-05-11,65,0,1,0,0
Central African Republic,CAF,2024-05-12,65,0,1,0,0
Central African Republic,CAF,2024-05-13,65,0,1,0,0
Central African Republic,CAF,2024-05-14,65,0,1,0,0
Central African Republic,CAF,2024-05-15,65,0,1,0,0
Central African Republic,CAF,2024-05-16,65,0,1,0,0
Central African Republic,CAF,2024-05-17,65,0,1,0,0
Central African Republic,CAF,2024-05-18,65,0,1,0,0
Central African Republic,CAF,2024-05-19,65,0,1,0,0
Central African Republic,CAF,2024-05-20,65,0,1,0,0
Central African Republic,CAF,2024-05-21,65,0,1,0,0
Central African Republic,CAF,2024-05-22,65,0,1,0,0
Central African Republic,CAF,2024-05-23,65,0,1,0,0
Central African Republic,CAF,2024-05-24,65,0,1,0,0
Central African Republic,CAF,2024-05-25,65,0,1,0,0
Central African Republic,CAF,2024-05-26,65,0,1,0,0
Central African Republic,CAF,2024-05-27,65,0,1,0,0
Central African Republic,CAF,2024-05-28,65,0,1,0,0
Central African Republic,CAF,2024-05-29,65,0,1,0,0
Central African Republic,CAF,2024-05-30,65,0,1,0,0
Central African Republic,CAF,2024-05-31,65,0,1,0,0
Central African Republic,CAF,2024-06-01,65,0,1,0,0
Central African Republic,CAF,2024-06-02,65,0,1,0,0
Central African Republic,CAF,2024-06-03,65,0,1,0,0
Central African Republic,CAF,2024-06-04,65,0,1,0,0
Central African Republic,CAF,2024-06-05,65,0,1,0,0
Central African Republic,CAF,2024-06-06,65,0,1,0,0
Central African Republic,CAF,2024-06-07,65,0,1,0,0
Central African Republic,CAF,2024-06-08,65,0,1,0,0
Central African Republic,CAF,2024-06-09,66,1,1,0,0.14
Central African Republic,CAF,2024-06-10,66,0,1,0,0.14
Central African Republic,CAF,2024-06-11,66,0,1,0,0.14
Central African Republic,CAF,2024-06-12,66,0,1,0,0.14
Central African Republic,CAF,2024-06-13,66,0,1,0,0.14
Central African Republic,CAF,2024-06-14,66,0,1,0,0.14
Central African Republic,CAF,2024-06-15,66,0,1,0,0.14
Central African Republic,CAF,2024-06-16,67,1,1,0,0.14
Central African Republic,CAF,2024-06-17,67,0,1,0,0.14
Central African Republic,CAF,2024-06-18,67,0,1,0,0.14
Central African Republic,CAF,2024-06-19,67,0,1,0,0.14
Central African Republic,CAF,2024-06-20,67,0,1,0,0.14
Central African Republic,CAF,2024-06-21,67,0,1,0,0.14
Central African Republic,CAF,2024-06-22,67,0,1,0,0.14
Central African Republic,CAF,2024-06-23,69,2,1,0,0.29
Central African Republic,CAF,2024-06-24,69,0,1,0,0.29
Central African Republic,CAF,2024-06-25,69,0,1,0,0.29
Central African Republic,CAF,2024-06-26,69,0,1,0,0.29
Central African Republic,CAF,2024-06-27,69,0,1,0,0.29
Central African Republic,CAF,2024-06-28,69,0,1,0,0.29
Central African Republic,CAF,2024-06-29,69,0,1,0,0.29
Central African Republic,CAF,2024-06-30,70,1,1,0,0.14
Central African Republic,CAF,2024-07-01,70,0,1,0,0.14
Central African Republic,CAF,2024-07-02,70,0,1,0,0.14
Central African Republic,CAF,2024-07-03,70,0,1,0,0.14
Central African Republic,CAF,2024-07-04,70,0,1,0,0.14
Central African Republic,CAF,2024-07-05,70,0,1,0,0.14
Central African Republic,CAF,2024-07-06,70,0,1,0,0.14
Central African Republic,CAF,2024-07-07,71,1,1,0,0.14
Central African Republic,CAF,2024-07-08,71,0,1,0,0.14
Central African Republic,CAF,2024-07-09,71,0,1,0,0.14
Central African Republic,CAF,2024-07-10,71,0,1,0,0.14
Central African Republic,CAF,2024-07-11,71,0,1,0,0.14
Central African Republic,CAF,2024-07-12,71,0,1,0,0.14
Central African Republic,CAF,2024-07-13,71,0,1,0,0.14
Central African Republic,CAF,2024-07-14,72,1,1,0,0.14
Central African Republic,CAF,2024-07-15,72,0,1,0,0.14
Central African Republic,CAF,2024-07-16,72,0,1,0,0.14
Central African Republic,CAF,2024-07-17,72,0,1,0,0.14
Central African Republic,CAF,2024-07-18,72,0,1,0,0.14
Central African Republic,CAF,2024-07-19,72,0,1,0,0.14
Central African Republic,CAF,2024-07-20,72,0,1,0,0.14
Central African Republic,CAF,2024-07-21,76,4,1,0,0.57
Central African Republic,CAF,2024-07-22,76,0,1,0,0.57
Central African Republic,CAF,2024-07-23,76,0,1,0,0.57
Central African Republic,CAF,2024-07-24,76,0,1,0,0.57
Central African Republic,CAF,2024-07-25,76,0,1,0,0.57
Central African Republic,CAF,2024-07-26,76,0,1,0,0.57
Central African Republic,CAF,2024-07-27,76,0,1,0,0.57
Central African Republic,CAF,2024-07-28,85,9,2,1,1.29
Central African Republic,CAF,2024-07-29,85,0,2,0,1.29
Central African Republic,CAF,2024-07-30,85,0,2,0,1.29
Central African Republic,CAF,2024-07-31,85,0,2,0,1.29
Central African Republic,CAF,2024-08-01,85,0,2,0,1.29
Central African Republic,CAF,2024-08-02,85,0,2,0,1.29
Central African Republic,CAF,2024-08-03,85,0,2,0,1.29
Central African Republic,CAF,2024-08-04,88,3,2,0,0.43
Central African Republic,CAF,2024-08-05,88,0,2,0,0.43
Central African Republic,CAF,2024-08-06,88,0,2,0,0.43
Central African Republic,CAF,2024-08-07,88,0,2,0,0.43
Central African Republic,CAF,2024-08-08,88,0,2,0,0.43
Central African Republic,CAF,2024-08-09,88,0,2,0,0.43
Central African Republic,CAF,2024-08-10,88,0,2,0,0.43
Central African Republic,CAF,2024-08-11,90,2,2,0,0.29
Central African Republic,CAF,2024-08-12,90,0,2,0,0.29
Central African Republic,CAF,2024-08-13,90,0,2,0,0.29
Central African Republic,CAF,2024-08-14,90,0,2,0,0.29
Central African Republic,CAF,2024-08-15,90,0,2,0,0.29
Central African Republic,CAF,2024-08-16,90,0,2,0,0.29
Central African Republic,CAF,2024-08-17,90,0,2,0,0.29
Central African Republic,CAF,2024-08-18,92,2,2,0,0.29
Central African Republic,CAF,2024-08-19,92,0,2,0,0.29
Central African Republic,CAF,2024-08-20,92,0,2,0,0.29
Central African Republic,CAF,2024-08-21,92,0,2,0,0.29
Central African Republic,CAF,2024-08-22,92,0,2,0,0.29
Central African Republic,CAF,2024-08-23,92,0,2,0,0.29
Central African Republic,CAF,2024-08-24,92,0,2,0,0.29
Central African Republic,CAF,2024-08-25,95,3,2,0,0.43
Central African Republic,CAF,2024-08-26,95,0,2,0,0.43
Central African Republic,CAF,2024-08-27,95,0,2,0,0.43
Central African Republic,CAF,2024-08-28,95,0,2,0,0.43
Central African Republic,CAF,2024-08-29,95,0,2,0,0.43
Central African Republic,CAF,2024-08-30,95,0,2,0,0.43
Central African Republic,CAF,2024-08-31,95,0,2,0,0.43
Central African Republic,CAF,2024-09-01,96,1,2,0,0.14
Central African Republic,CAF,2024-09-02,96,0,2,0,0.14
Central African Republic,CAF,2024-09-03,96,0,2,0,0.14
Central African Republic,CAF,2024-09-04,96,0,2,0,0.14
Central African Republic,CAF,2024-09-05,96,0,2,0,0.14
Central African Republic,CAF,2024-09-06,96,0,2,0,0.14
Central African Republic,CAF,2024-09-07,96,0,2,0,0.14
Central African Republic,CAF,2024-09-08,98,2,2,0,0.29
Central African Republic,CAF,2024-09-09,98,0,2,0,0.29
Central African Republic,CAF,2024-09-10,98,0,2,0,0.29
Central African Republic,CAF,2024-09-11,98,0,2,0,0.29
Central African Republic,CAF,2024-09-12,98,0,2,0,0.29
Central African Republic,CAF,2024-09-13,98,0,2,0,0.29
Central African Republic,CAF,2024-09-14,98,0,2,0,0.29
Central African Republic,CAF,2024-09-15,100,2,2,0,0.29
Central African Republic,CAF,2024-09-16,100,0,2,0,0.29
Central African Republic,CAF,2024-09-17,100,0,2,0,0.29
Central African Republic,CAF,2024-09-18,100,0,2,0,0.29
Central African Republic,CAF,2024-09-19,100,0,2,0,0.29
Central African Republic,CAF,2024-09-20,100,0,2,0,0.29
Central African Republic,CAF,2024-09-21,100,0,2,0,0.29
Central African Republic,CAF,2024-09-22,102,2,2,0,0.29
Central African Republic,CAF,2024-09-23,102,0,2,0,0.29
Central African Republic,CAF,2024-09-24,102,0,2,0,0.29
Central African Republic,CAF,2024-09-25,102,0,2,0,0.29
Central African Republic,CAF,2024-09-26,102,0,2,0,0.29
Central African Republic,CAF,2024-09-27,102,0,2,0,0.29
Central African Republic,CAF,2024-09-28,102,0,2,0,0.29
Central African Republic,CAF,2024-09-29,102,0,2,0,0
Central African Republic,CAF,2024-09-30,102,0,2,0,0
Central African Republic,CAF,2024-10-01,102,0,2,0,0
Central African Republic,CAF,2024-10-02,102,0,2,0,0
Central African Republic,CAF,2024-10-03,102,0,2,0,0
Central African Republic,CAF,2024-10-04,102,0,2,0,0
Central African Republic,CAF,2024-10-05,102,0,2,0,0
Central African Republic,CAF,2024-10-06,104,2,2,0,0.29
Central African Republic,CAF,2024-10-07,104,0,2,0,0.29
Central African Republic,CAF,2024-10-08,104,0,2,0,0.29
Central African Republic,CAF,2024-10-09,104,0,2,0,0.29
Central African Republic,CAF,2024-10-10,104,0,2,0,0.29
Central African Republic,CAF,2024-10-11,104,0,2,0,0.29
Central African Republic,CAF,2024-10-12,104,0,2,0,0.29
Central African Republic,CAF,2024-10-13,108,4,3,1,0.57
Central African Republic,CAF,2024-10-14,108,0,3,0,0.57
Central African Republic,CAF,2024-10-15,108,0,3,0,0.57
Central African Republic,CAF,2024-10-16,108,0,3,0,0.57
Central African Republic,CAF,2024-10-17,108,0,3,0,0.57
Central African Republic,CAF,2024-10-18,108,0,3,0,0.57
Central African Republic,CAF,2024-10-19,108,0,3,0,0.57
Central African Republic,CAF,2024-10-20,110,2,3,0,0.29
Central African Republic,CAF,2024-10-21,110,0,3,0,0.29
Central African Republic,CAF,2024-10-22,110,0,3,0,0.29
Central African Republic,CAF,2024-10-23,110,0,3,0,0.29
Central African Republic,CAF,2024-10-24,110,0,3,0,0.29
Central African Republic,CAF,2024-10-25,110,0,3,0,0.29
Central African Republic,CAF,2024-10-26,113,3,3,0,0.71
Central African Republic,CAF,2024-10-27,113,0,3,0,0.43
Central African Republic,CAF,2024-10-28,113,0,3,0,0.43
Central African Republic,CAF,2024-10-29,113,0,3,0,0.43
Central African Republic,CAF,2024-10-30,113,0,3,0,0.43
Central African Republic,CAF,2024-10-31,113,0,3,0,0.43
Central African Republic,CAF,2024-11-01,113,0,3,0,0.43
Central African Republic,CAF,2024-11-02,113,0,3,0,0
Central African Republic,CAF,2024-11-03,118,5,3,0,0.71
Central African Republic,CAF,2024-11-04,118,0,3,0,0.71
Central African Republic,CAF,2024-11-05,118,0,3,0,0.71
Central African Republic,CAF,2024-11-06,118,0,3,0,0.71
Central African Republic,CAF,2024-11-07,118,0,3,0,0.71
Central African Republic,CAF,2024-11-08,118,0,3,0,0.71
Central African Republic,CAF,2024-11-09,118,0,3,0,0.71
Central African Republic,CAF,2024-11-10,121,3,3,0,0.43
Central African Republic,CAF,2024-11-11,121,0,3,0,0.43
Central African Republic,CAF,2024-11-12,121,0,3,0,0.43
Central African Republic,CAF,2024-11-13,121,0,3,0,0.43
Central African Republic,CAF,2024-11-14,121,0,3,0,0.43
Central African Republic,CAF,2024-11-15,121,0,3,0,0.43
Central African Republic,CAF,2024-11-16,121,0,3,0,0.43
Central African Republic,CAF,2024-11-17,127,6,3,0,0.86
Central African Republic,CAF,2024-11-18,127,0,3,0,0.86
Central African Republic,CAF,2024-11-19,127,0,3,0,0.86
Central African Republic,CAF,2024-11-20,127,0,3,0,0.86
Central African Republic,CAF,2024-11-21,127,0,3,0,0.86
Central African Republic,CAF,2024-11-22,127,0,3,0,0.86
Central African Republic,CAF,2024-11-23,127,0,3,0,0.86
Central African Republic,CAF,2024-11-24,131,4,3,0,0.57
Central African Republic,CAF,2024-11-25,131,0,3,0,0.57
Central African Republic,CAF,2024-11-26,131,0,3,0,0.57
Central African Republic,CAF,2024-11-27,131,0,3,0,0.57
Central African Republic,CAF,2024-11-28,131,0,3,0,0.57
Central African Republic,CAF,2024-11-29,131,0,3,0,0.57
Central African Republic,CAF,2024-11-30,131,0,3,0,0.57
Central African Republic,CAF,2024-12-01,132,1,4,1,0.14
Central African Republic,CAF,2024-12-02,132,0,4,0,0.14
Central African Republic,CAF,2024-12-03,132,0,4,0,0.14
Central African Republic,CAF,2024-12-04,132,0,4,0,0.14
Central African Republic,CAF,2024-12-05,132,0,4,0,0.14
Central African Republic,CAF,2024-12-06,132,0,4,0,0.14
Central African Republic,CAF,2024-12-07,132,0,4,0,0.14
Central African Republic,CAF,2024-12-08,133,1,4,0,0.14
Central African Republic,CAF,2024-12-09,133,0,4,0,0.14
Central African Republic,CAF,2024-12-10,133,0,4,0,0.14
Central African Republic,CAF,2024-12-11,133,0,4,0,0.14
Central African Republic,CAF,2024-12-12,133,0,4,0,0.14
Central African Republic,CAF,2024-12-13,133,0,4,0,0.14
Central African Republic,CAF,2024-12-14,133,0,4,0,0.14
Central African Republic,CAF,2024-12-15,135,2,4,0,0.29
Central African Republic,CAF,2024-12-16,135,0,4,0,0.29
Central African Republic,CAF,2024-12-17,135,0,4,0,0.29
Central African Republic,CAF,2024-12-18,135,0,4,0,0.29
Central African Republic,CAF,2024-12-19,135,0,4,0,0.29
Central African Republic,CAF,2024-12-20,135,0,4,0,0.29
Central African Republic,CAF,2024-12-21,135,0,4,0,0.29
Central African Republic,CAF,2024-12-22,135,0,4,0,0
Central African Republic,CAF,2024-12-23,135,0,4,0,0
Central African Republic,CAF,2024-12-24,135,0,4,0,0
Central African Republic,CAF,2024-12-25,135,0,4,0,0
Central African Republic,CAF,2024-12-26,135,0,4,0,0
Central African Republic,CAF,2024-12-27,135,0,4,0,0
Central African Republic,CAF,2024-12-28,135,0,4,0,0
Central African Republic,CAF,2024-12-29,137,2,4,0,0.29
Central African Republic,CAF,2024-12-30,137,0,4,0,0.29
Central African Republic,CAF,2024-12-31,137,0,4,0,0.29
Central African Republic,CAF,2025-01-01,137,0,4,0,0.29
Central African Republic,CAF,2025-01-02,137,0,4,0,0.29
Central African Republic,CAF,2025-01-03,137,0,4,0,0.29
Central African Republic,CAF,2025-01-04,137,0,4,0,0.29
Central African Republic,CAF,2025-01-05,141,4,4,0,0.57
Central African Republic,CAF,2025-01-06,141,0,4,0,0.57
Central African Republic,CAF,2025-01-07,141,0,4,0,0.57
Central African Republic,CAF,2025-01-08,141,0,4,0,0.57
Central African Republic,CAF,2025-01-09,141,0,4,0,0.57
Central African Republic,CAF,2025-01-10,141,0,4,0,0.57
Central African Republic,CAF,2025-01-11,141,0,4,0,0.57
Central African Republic,CAF,2025-01-12,142,1,4,0,0.14
Central African Republic,CAF,2025-01-13,142,0,4,0,0.14
Central African Republic,CAF,2025-01-14,142,0,4,0,0.14
Central African Republic,CAF,2025-01-15,142,0,4,0,0.14
Central African Republic,CAF,2025-01-16,142,0,4,0,0.14
Central African Republic,CAF,2025-01-17,142,0,4,0,0.14
Central African Republic,CAF,2025-01-18,142,0,4,0,0.14
Central African Republic,CAF,2025-01-19,142,0,4,0,0
Central African Republic,CAF,2025-01-20,142,0,4,0,0
Central African Republic,CAF,2025-01-21,142,0,4,0,0
Central African Republic,CAF,2025-01-22,143,1,4,0,0.14
Central African Republic,CAF,2025-01-23,143,0,4,0,0.14
Central African Republic,CAF,2025-01-24,143,0,4,0,0.14
Central African Republic,CAF,2025-01-25,143,0,4,0,0.14
Central African Republic,CAF,2025-01-26,143,0,4,0,0.14
Central African Republic,CAF,2025-01-27,143,0,4,0,0.14
Central African Republic,CAF,2025-01-28,143,0,4,0,0.14
Central African Republic,CAF,2025-01-29,143,0,4,0,0
Central African Republic,CAF,2025-01-30,143,0,4,0,0
Central African Republic,CAF,2025-01-31,143,0,4,0,0
Central African Republic,CAF,2025-02-01,143,0,4,0,0
Central African Republic,CAF,2025-02-02,143,0,4,0,0
Central African Republic,CAF,2025-02-03,143,0,4,0,0
Central African Republic,CAF,2025-02-04,143,0,4,0,0
Central African Republic,CAF,2025-02-05,143,0,4,0,0
Central African Republic,CAF,2025-02-06,143,0,4,0,0
Central African Republic,CAF,2025-02-07,143,0,4,0,0
Central African Republic,CAF,2025-02-08,143,0,4,0,0
Central African Republic,CAF,2025-02-09,143,0,4,0,0
Central African Republic,CAF,2025-02-10,143,0,4,0,0
Central African Republic,CAF,2025-02-11,143,0,4,0,0
Central African Republic,CAF,2025-02-12,143,0,4,0,0
Central African Republic,CAF,2025-02-13,143,0,4,0,0
Central African Republic,CAF,2025-02-14,143,0,4,0,0
Central African Republic,CAF,2025-02-15,143,0,4,0,0
Central African Republic,CAF,2025-02-16,143,0,4,0,0
Central African Republic,CAF,2025-02-17,143,0,4,0,0
Central African Republic,CAF,2025-02-18,143,0,4,0,0
Central African Republic,CAF,2025-02-19,143,0,4,0,0
Central African Republic,CAF,2025-02-20,143,0,4,0,0
Central African Republic,CAF,2025-02-21,143,0,4,0,0
Central African Republic,CAF,2025-02-22,143,0,4,0,0
Central African Republic,CAF,2025-02-23,143,0,4,0,0
Central African Republic,CAF,2025-02-24,143,0,4,0,0
Central African Republic,CAF,2025-02-25,143,0,4,0,0
Central African Republic,CAF,2025-02-26,143,0,4,0,0
Central African Republic,CAF,2025-02-27,143,0,4,0,0
Central African Republic,CAF,2025-02-28,143,0,4,0,0
Central African Republic,CAF,2025-03-01,143,0,4,0,0
Central African Republic,CAF,2025-03-02,143,0,4,0,0
Central African Republic,CAF,2025-03-03,143,0,4,0,0
Central African Republic,CAF,2025-03-04,143,0,4,0,0
Central African Republic,CAF,2025-03-05,143,0,4,0,0
Central African Republic,CAF,2025-03-06,143,0,4,0,0
Central African Republic,CAF,2025-03-07,143,0,4,0,0
Central African Republic,CAF,2025-03-08,143,0,4,0,0
Central African Republic,CAF,2025-03-09,143,0,4,0,0
Central African Republic,CAF,2025-03-10,143,0,4,0,0
Central African Republic,CAF,2025-03-11,143,0,4,0,0
Central African Republic,CAF,2025-03-12,143,0,4,0,0
Central African Republic,CAF,2025-03-13,143,0,4,0,0
Central African Republic,CAF,2025-03-14,143,0,4,0,0
Central African Republic,CAF,2025-03-15,143,0,4,0,0
Central African Republic,CAF,2025-03-16,144,1,4,0,0.14
Central African Republic,CAF,2025-03-17,144,0,4,0,0.14
Central African Republic,CAF,2025-03-18,144,0,4,0,0.14
Central African Republic,CAF,2025-03-19,144,0,4,0,0.14
Central African Republic,CAF,2025-03-20,144,0,4,0,0.14
Central African Republic,CAF,2025-03-21,144,0,4,0,0.14
Central African Republic,CAF,2025-03-22,144,0,4,0,0.14
Central African Republic,CAF,2025-03-23,144,0,4,0,0
Central African Republic,CAF,2025-03-24,144,0,4,0,0
Central African Republic,CAF,2025-03-25,144,0,4,0,0
Central African Republic,CAF,2025-03-26,144,0,4,0,0
Central African Republic,CAF,2025-03-27,144,0,4,0,0
Central African Republic,CAF,2025-03-28,144,0,4,0,0
Central African Republic,CAF,2025-03-29,144,0,4,0,0
Central African Republic,CAF,2025-03-30,144,0,4,0,0
Central African Republic,CAF,2025-03-31,144,0,4,0,0
Central African Republic,CAF,2025-04-01,144,0,4,0,0
Central African Republic,CAF,2025-04-02,144,0,4,0,0
Central African Republic,CAF,2025-04-03,144,0,4,0,0
Central African Republic,CAF,2025-04-04,144,0,4,0,0
Central African Republic,CAF,2025-04-05,144,0,4,0,0
Central African Republic,CAF,2025-04-06,144,0,4,0,0
Central African Republic,CAF,2025-04-07,144,0,4,0,0
Central African Republic,CAF,2025-04-08,144,0,4,0,0
Central African Republic,CAF,2025-04-09,144,0,4,0,0
Central African Republic,CAF,2025-04-10,144,0,4,0,0
Central African Republic,CAF,2025-04-11,144,0,4,0,0
Central African Republic,CAF,2025-04-12,144,0,4,0,0
Central African Republic,CAF,2025-04-13,144,0,4,0,0
Central African Republic,CAF,2025-04-14,144,0,4,0,0
Central African Republic,CAF,2025-04-15,144,0,4,0,0
Central African Republic,CAF,2025-04-16,144,0,4,0,0
Central African Republic,CAF,2025-04-17,144,0,4,0,0
Central African Republic,CAF,2025-04-18,144,0,4,0,0
Central African Republic,CAF,2025-04-19,144,0,4,0,0
Central African Republic,CAF,2025-04-20,144,0,4,0,0
Central African Republic,CAF,2025-04-21,144,0,4,0,0
Central African Republic,CAF,2025-04-22,144,0,4,0,0
Central African Republic,CAF,2025-04-23,144,0,4,0,0
Central African Republic,CAF,2025-04-24,144,0,4,0,0
Central African Republic,CAF,2025-04-25,144,0,4,0,0
Central African Republic,CAF,2025-04-26,144,0,4,0,0
Central African Republic,CAF,2025-04-27,144,0,4,0,0
Central African Republic,CAF,2025-04-28,144,0,4,0,0
Central African Republic,CAF,2025-04-29,144,0,4,0,0
Central African Republic,CAF,2025-04-30,144,0,4,0,0
Central African Republic,CAF,2025-05-01,144,0,4,0,0
Central African Republic,CAF,2025-05-02,144,0,4,0,0
Central African Republic,CAF,2025-05-03,144,0,4,0,0
Central African Republic,CAF,2025-05-04,144,0,4,0,0
Central African Republic,CAF,2025-05-05,144,0,4,0,0
Central African Republic,CAF,2025-05-06,144,0,4,0,0
Central African Republic,CAF,2025-05-07,144,0,4,0,0
Central African Republic,CAF,2025-05-08,144,0,4,0,0
Central African Republic,CAF,2025-05-09,144,0,4,0,0
Central African Republic,CAF,2025-05-10,144,0,4,0,0
Central African Republic,CAF,2025-05-11,144,0,4,0,0
Central African Republic,CAF,2025-05-12,144,0,4,0,0
Central African Republic,CAF,2025-05-13,144,0,4,0,0
Central African Republic,CAF,2025-05-14,144,0,4,0,0
Central African Republic,CAF,2025-05-15,144,0,4,0,0
Central African Republic,CAF,2025-05-16,144,0,4,0,0
Central African Republic,CAF,2025-05-17,144,0,4,0,0
Central African Republic,CAF,2025-05-18,144,0,4,0,0
Central African Republic,CAF,2025-05-19,144,0,4,0,0
Central African Republic,CAF,2025-05-20,144,0,4,0,0
Central African Republic,CAF,2025-05-21,144,0,4,0,0
Central African Republic,CAF,2025-05-22,144,0,4,0,0
Central African Republic,CAF,2025-05-23,144,0,4,0,0
Central African Republic,CAF,2025-05-24,144,0,4,0,0
Central African Republic,CAF,2025-05-25,144,0,4,0,0
Central African Republic,CAF,2025-05-26,144,0,4,0,0
Central African Republic,CAF,2025-05-27,144,0,4,0,0
Central African Republic,CAF,2025-05-28,144,0,4,0,0
Central African Republic,CAF,2025-05-29,144,0,4,0,0
Central African Republic,CAF,2025-05-30,144,0,4,0,0
Central African Republic,CAF,2025-05-31,144,0,4,0,0
Central African Republic,CAF,2025-06-01,144,0,4,0,0
Central African Republic,CAF,2025-06-02,144,0,4,0,0
Central African Republic,CAF,2025-06-03,144,0,4,0,0
Central African Republic,CAF,2025-06-04,144,0,4,0,0
Central African Republic,CAF,2025-06-05,144,0,4,0,0
Central African Republic,CAF,2025-06-06,144,0,4,0,0
Central African Republic,CAF,2025-06-07,144,0,4,0,0
Central African Republic,CAF,2025-06-08,145,1,4,0,0.14
Central African Republic,CAF,2025-06-09,145,0,4,0,0.14
Central African Republic,CAF,2025-06-10,145,0,4,0,0.14
Central African Republic,CAF,2025-06-11,145,0,4,0,0.14
Central African Republic,CAF,2025-06-12,145,0,4,0,0.14
Central African Republic,CAF,2025-06-13,145,0,4,0,0.14
Central African Republic,CAF,2025-06-14,145,0,4,0,0.14
Central African Republic,CAF,2025-06-15,145,0,4,0,0
Central African Republic,CAF,2025-06-16,145,0,4,0,0
Central African Republic,CAF,2025-06-17,145,0,4,0,0
Central African Republic,CAF,2025-06-18,145,0,4,0,0
Central African Republic,CAF,2025-06-19,145,0,4,0,0
Central African Republic,CAF,2025-06-20,145,0,4,0,0
Central African Republic,CAF,2025-06-21,145,0,4,0,0
Central African Republic,CAF,2025-06-22,145,0,4,0,0
Central African Republic,CAF,2025-06-23,145,0,4,0,0
Central African Republic,CAF,2025-06-24,145,0,4,0,0
Central African Republic,CAF,2025-06-25,145,0,4,0,0
Central African Republic,CAF,2025-06-26,145,0,4,0,0
Central African Republic,CAF,2025-06-27,145,0,4,0,0
Central African Republic,CAF,2025-06-28,145,0,4,0,0
Central African Republic,CAF,2025-06-29,151,6,5,1,0.86
Central African Republic,CAF,2025-06-30,151,0,5,0,0.86
Central African Republic,CAF,2025-07-01,151,0,5,0,0.86
Central African Republic,CAF,2025-07-02,151,0,5,0,0.86
Central African Republic,CAF,2025-07-03,151,0,5,0,0.86
Central African Republic,CAF,2025-07-04,151,0,5,0,0.86
Central African Republic,CAF,2025-07-05,151,0,5,0,0.86
Central African Republic,CAF,2025-07-06,154,3,5,0,0.43
Central African Republic,CAF,2025-07-07,154,0,5,0,0.43
Central African Republic,CAF,2025-07-08,154,0,5,0,0.43
Central African Republic,CAF,2025-07-09,154,0,5,0,0.43
Central African Republic,CAF,2025-07-10,154,0,5,0,0.43
Central African Republic,CAF,2025-07-11,154,0,5,0,0.43
Central African Republic,CAF,2025-07-12,154,0,5,0,0.43
Central African Republic,CAF,2025-07-13,156,2,5,0,0.29
Central African Republic,CAF,2025-07-14,156,0,5,0,0.29
Central African Republic,CAF,2025-07-15,156,0,5,0,0.29
Central African Republic,CAF,2025-07-16,156,0,5,0,0.29
Central African Republic,CAF,2025-07-17,156,0,5,0,0.29
Central African Republic,CAF,2025-07-18,156,0,5,0,0.29
Central African Republic,CAF,2025-07-19,156,0,5,0,0.29
Central African Republic,CAF,2025-07-20,156,0,5,0,0
Central African Republic,CAF,2025-07-21,156,0,5,0,0
Central African Republic,CAF,2025-07-22,156,0,5,0,0
Central African Republic,CAF,2025-07-23,156,0,5,0,0
Central African Republic,CAF,2025-07-24,156,0,5,0,0
Central African Republic,CAF,2025-07-25,156,0,5,0,0
Central African Republic,CAF,2025-07-26,156,0,5,0,0
Central African Republic,CAF,2025-07-27,156,0,6,1,0
Central African Republic,CAF,2025-07-28,156,0,6,0,0
Central African Republic,CAF,2025-07-29,156,0,6,0,0
Central African Republic,CAF,2025-07-30,156,0,6,0,0
Central African Republic,CAF,2025-07-31,156,0,6,0,0
Central African Republic,CAF,2025-08-01,156,0,6,0,0
Central African Republic,CAF,2025-08-02,156,0,6,0,0
Central African Republic,CAF,2025-08-03,160,4,6,0,0.57
Central African Republic,CAF,2025-08-04,160,0,6,0,0.57
Central African Republic,CAF,2025-08-05,160,0,6,0,0.57
Central African Republic,CAF,2025-08-06,160,0,6,0,0.57
Central African Republic,CAF,2025-08-07,160,0,6,0,0.57
Central African Republic,CAF,2025-08-08,160,0,6,0,0.57
Central African Republic,CAF,2025-08-09,160,0,6,0,0.57
Central African Republic,CAF,2025-08-10,163,3,7,1,0.43
Central African Republic,CAF,2025-08-11,163,0,7,0,0.43
Central African Republic,CAF,2025-08-12,163,0,7,0,0.43
Central African Republic,CAF,2025-08-13,163,0,7,0,0.43
Central African Republic,CAF,2025-08-14,163,0,7,0,0.43
Central African Republic,CAF,2025-08-15,163,0,7,0,0.43
Central African Republic,CAF,2025-08-16,163,0,7,0,0.43
Central African Republic,CAF,2025-08-17,164,1,7,0,0.14
Central African Republic,CAF,2025-08-18,164,0,7,0,0.14
Central African Republic,CAF,2025-08-19,164,0,7,0,0.14
Central African Republic,CAF,2025-08-20,164,0,7,0,0.14
Central African Republic,CAF,2025-08-21,164,0,7,0,0.14
Central African Republic,CAF,2025-08-22,164,0,7,0,0.14
Central African Republic,CAF,2025-08-23,164,0,7,0,0.14
Central African Republic,CAF,2025-08-24,169,5,7,0,0.71
Central African Republic,CAF,2025-08-25,169,0,7,0,0.71
Central African Republic,CAF,2025-08-26,169,0,7,0,0.71
Central African Republic,CAF,2025-08-27,169,0,7,0,0.71
Central African Republic,CAF,2025-08-28,169,0,7,0,0.71
Central African Republic,CAF,2025-08-29,169,0,7,0,0.71
Central African Republic,CAF,2025-08-30,169,0,7,0,0.71
Central African Republic,CAF,2025-08-31,172,3,7,0,0.43
Central African Republic,CAF,2025-09-01,172,0,7,0,0.43
Central African Republic,CAF,2025-09-02,172,0,7,0,0.43
Central African Republic,CAF,2025-09-03,172,0,7,0,0.43
Central African Republic,CAF,2025-09-04,172,0,7,0,0.43
Central African Republic,CAF,2025-09-05,172,0,7,0,0.43
Central African Republic,CAF,2025-09-06,172,0,7,0,0.43
Central African Republic,CAF,2025-09-07,173,1,7,0,0.14
Central African Republic,CAF,2025-09-08,173,0,7,0,0.14
Central African Republic,CAF,2025-09-09,173,0,7,0,0.14
Central African Republic,CAF,2025-09-10,173,0,7,0,0.14
Central African Republic,CAF,2025-09-11,173,0,7,0,0.14
Central African Republic,CAF,2025-09-12,173,0,7,0,0.14
Central African Republic,CAF,2025-09-13,173,0,7,0,0.14
Central African Republic,CAF,2025-09-14,177,4,7,0,0.57
Central African Republic,CAF,2025-09-15,177,0,7,0,0.57
Central African Republic,CAF,2025-09-16,177,0,7,0,0.57
Central African Republic,CAF,2025-09-17,177,0,7,0,0.57
Central African Republic,CAF,2025-09-18,177,0,7,0,0.57
Central African Republic,CAF,2025-09-19,177,0,7,0,0.57
Central African Republic,CAF,2025-09-20,177,0,7,0,0.57
Central African Republic,CAF,2025-09-21,181,4,8,1,0.57
Central African Republic,CAF,2025-09-22,181,0,8,0,0.57
Central African Republic,CAF,2025-09-23,181,0,8,0,0.57
Central African Republic,CAF,2025-09-24,181,0,8,0,0.57
Central African Republic,CAF,2025-09-25,181,0,8,0,0.57
Central African Republic,CAF,2025-09-26,181,0,8,0,0.57
Central African Republic,CAF,2025-09-27,181,0,8,0,0.57
Central African Republic,CAF,2025-09-28,185,4,8,0,0.57
Central African Republic,CAF,2025-09-29,185,0,8,0,0.57
Central African Republic,CAF,2025-09-30,185,0,8,0,0.57
Central African Republic,CAF,2025-10-01,185,0,8,0,0.57
Central African Republic,CAF,2025-10-02,185,0,8,0,0.57
Central African Republic,CAF,2025-10-03,185,0,8,0,0.57
Central African Republic,CAF,2025-10-04,185,0,8,0,0.57
Central African Republic,CAF,2025-10-05,192,7,9,1,1
Central African Republic,CAF,2025-10-06,192,0,9,0,1
Central African Republic,CAF,2025-10-07,192,0,9,0,1
Central African Republic,CAF,2025-10-08,192,0,9,0,1
Central African Republic,CAF,2025-10-09,192,0,9,0,1
Central African Republic,CAF,2025-10-10,192,0,9,0,1
Central African Republic,CAF,2025-10-11,192,0,9,0,1
Central African Republic,CAF,2025-10-12,193,1,9,0,0.14
Central African Republic,CAF,2025-10-13,193,0,9,0,0.14
Central African Republic,CAF,2025-10-14,193,0,9,0,0.14
Central African Republic,CAF,2025-10-15,193,0,9,0,0.14
Central African Republic,CAF,2025-10-16,193,0,9,0,0.14
Central African Republic,CAF,2025-10-17,193,0,9,0,0.14
Central African Republic,CAF,2025-10-18,193,0,9,0,0.14
Central African Republic,CAF,2025-10-19,198,5,9,0,0.71
Central African Republic,CAF,2025-10-20,198,0,9,0,0.71
Central African Republic,CAF,2025-10-21,198,0,9,0,0.71
Central African Republic,CAF,2025-10-22,198,0,9,0,0.71
Central African Republic,CAF,2025-10-23,198,0,9,0,0.71
Central African Republic,CAF,2025-10-24,198,0,9,0,0.71
Central African Republic,CAF,2025-10-25,198,0,9,0,0.71
Central African Republic,CAF,2025-10-26,198,0,9,0,0
Central African Republic,CAF,2025-10-27,198,0,9,0,0
Central African Republic,CAF,2025-10-28,198,0,9,0,0
Central African Republic,CAF,2025-10-29,198,0,9,0,0
Central African Republic,CAF,2025-10-30,198,0,9,0,0
Central African Republic,CAF,2025-10-31,198,0,9,0,0
Central African Republic,CAF,2025-11-01,198,0,9,0,0
Central African Republic,CAF,2025-11-02,198,0,9,0,0
Central African Republic,CAF,2025-11-03,198,0,9,0,0
Central African Republic,CAF,2025-11-04,198,0,9,0,0
Central African Republic,CAF,2025-11-05,198,0,9,0,0
Central African Republic,CAF,2025-11-06,198,0,9,0,0
Central African Republic,CAF,2025-11-07,198,0,9,0,0
Central African Republic,CAF,2025-11-08,198,0,9,0,0
Central African Republic,CAF,2025-11-09,199,1,9,0,0.14
Central African Republic,CAF,2025-11-10,199,0,9,0,0.14
Central African Republic,CAF,2025-11-11,199,0,9,0,0.14
Central African Republic,CAF,2025-11-12,199,0,9,0,0.14
Central African Republic,CAF,2025-11-13,199,0,9,0,0.14
Central African Republic,CAF,2025-11-14,199,0,9,0,0.14
Central African Republic,CAF,2025-11-15,199,0,9,0,0.14
Central African Republic,CAF,2025-11-16,202,3,10,1,0.43
Central African Republic,CAF,2025-11-17,202,0,10,0,0.43
Central African Republic,CAF,2025-11-18,202,0,10,0,0.43
Central African Republic,CAF,2025-11-19,202,0,10,0,0.43
Central African Republic,CAF,2025-11-20,202,0,10,0,0.43
Central African Republic,CAF,2025-11-21,202,0,10,0,0.43
Central African Republic,CAF,2025-11-22,202,0,10,0,0.43
Central African Republic,CAF,2025-11-23,203,1,10,0,0.14
Central African Republic,CAF,2025-11-24,203,0,10,0,0.14
Central African Republic,CAF,2025-11-25,203,0,10,0,0.14
Central African Republic,CAF,2025-11-26,203,0,10,0,0.14
Central African Republic,CAF,2025-11-27,203,0,10,0,0.14
Central African Republic,CAF,2025-11-28,203,0,10,0,0.14
Central African Republic,CAF,2025-11-29,203,0,10,0,0.14
Central African Republic,CAF,2025-11-30,205,2,10,0,0.29
Central African Republic,CAF,2025-12-01,205,0,10,0,0.29
Central African Republic,CAF,2025-12-02,205,0,10,0,0.29
Central African Republic,CAF,2025-12-03,205,0,10,0,0.29
Central African Republic,CAF,2025-12-04,205,0,10,0,0.29
Central African Republic,CAF,2025-12-05,205,0,10,0,0.29
Central African Republic,CAF,2025-12-06,205,0,10,0,0.29
Central African Republic,CAF,2025-12-07,206,1,10,0,0.14
Central African Republic,CAF,2025-12-08,206,0,10,0,0.14
Central African Republic,CAF,2025-12-09,206,0,10,0,0.14
Central African Republic,CAF,2025-12-10,206,0,10,0,0.14
Central African Republic,CAF,2025-12-11,206,0,10,0,0.14
Central African Republic,CAF,2025-12-12,206,0,10,0,0.14
Central African Republic,CAF,2025-12-13,206,0,10,0,0.14
Central African Republic,CAF,2025-12-14,207,1,10,0,0.14
Central African Republic,CAF,2025-12-15,207,0,10,0,0.14
Central African Republic,CAF,2025-12-16,207,0,10,0,0.14
Central African Republic,CAF,2025-12-17,207,0,10,0,0.14
Central African Republic,CAF,2025-12-18,207,0,10,0,0.14
Central African Republic,CAF,2025-12-19,207,0,10,0,0.14
Central African Republic,CAF,2025-12-20,207,0,10,0,0.14
Central African Republic,CAF,2025-12-21,208,1,10,0,0.14
Central African Republic,CAF,2025-12-22,208,0,10,0,0.14
Central African Republic,CAF,2025-12-23,208,0,10,0,0.14
Central African Republic,CAF,2025-12-24,208,0,10,0,0.14
Central African Republic,CAF,2025-12-25,208,0,10,0,0.14
Central African Republic,CAF,2025-12-26,208,0,10,0,0.14
Central African Republic,CAF,2025-12-27,208,0,10,0,0.14
Central African Republic,CAF,2025-12-28,210,2,10,0,0.29
Central African Republic,CAF,2025-12-29,210,0,10,0,0.29
Central African Republic,CAF,2025-12-30,210,0,10,0,0.29
Central African Republic,CAF,2025-12-31,210,0,10,0,0.29
Central African Republic,CAF,2026-01-01,210,0,10,0,0.29
Central African Republic,CAF,2026-01-02,210,0,10,0,0.29
Central African Republic,CAF,2026-01-03,210,0,10,0,0.29
Central African Republic,CAF,2026-01-04,211,1,10,0,0.14
Central African Republic,CAF,2026-01-05,211,0,10,0,0.14
Central African Republic,CAF,2026-01-06,211,0,10,0,0.14
Central African Republic,CAF,2026-01-07,211,0,10,0,0.14
Central African Republic,CAF,2026-01-08,211,0,10,0,0.14
Central African Republic,CAF,2026-01-09,211,0,10,0,0.14
Central African Republic,CAF,2026-01-10,211,0,10,0,0.14
Central African Republic,CAF,2026-01-11,211,0,10,0,0
Central African Republic,CAF,2026-01-12,211,0,10,0,0
Central African Republic,CAF,2026-01-13,211,0,10,0,0
Central African Republic,CAF,2026-01-14,211,0,10,0,0
Central African Republic,CAF,2026-01-15,211,0,10,0,0
Central African Republic,CAF,2026-01-16,211,0,10,0,0
Central African Republic,CAF,2026-01-17,211,0,10,0,0
Central African Republic,CAF,2026-01-18,211,0,10,0,0
Central African Republic,CAF,2026-01-19,211,0,10,0,0
Central African Republic,CAF,2026-01-20,211,0,10,0,0
Central African Republic,CAF,2026-01-21,211,0,10,0,0
Central African Republic,CAF,2026-01-22,211,0,10,0,0
Central African Republic,CAF,2026-01-23,211,0,10,0,0
Central African Republic,CAF,2026-01-24,211,0,10,0,0
Central African Republic,CAF,2026-01-25,211,0,10,0,0
Central African Republic,CAF,2026-01-26,211,0,10,0,0
Central African Republic,CAF,2026-01-27,211,0,10,0,0
Central African Republic,CAF,2026-01-28,211,0,10,0,0
Central African Republic,CAF,2026-01-29,211,0,10,0,0
Central African Republic,CAF,2026-01-30,211,0,10,0,0
Central African Republic,CAF,2026-01-31,211,0,10,0,0
Central African Republic,CAF,2026-02-01,211,0,10,0,0
Central African Republic,CAF,2026-02-02,211,0,10,0,0
Central African Republic,CAF,2026-02-03,211,0,10,0,0
Central African Republic,CAF,2026-02-04,211,0,10,0,0
Central African Republic,CAF,2026-02-05,211,0,10,0,0
Central African Republic,CAF,2026-02-06,211,0,10,0,0
Central African Republic,CAF,2026-02-07,211,0,10,0,0
Central African Republic,CAF,2026-02-08,211,0,10,0,0
Central African Republic,CAF,2026-02-09,211,0,10,0,0
Central African Republic,CAF,2026-02-10,211,0,10,0,0
Central African Republic,CAF,2026-02-11,211,0,10,0,0
Central African Republic,CAF,2026-02-12,211,0,10,0,0
Central African Republic,CAF,2026-02-13,211,0,10,0,0
Central African Republic,CAF,2026-02-14,211,0,10,0,0
Central African Republic,CAF,2026-02-15,212,1,10,0,0.14
Central African Republic,CAF,2026-02-16,212,0,10,0,0.14
Central African Republic,CAF,2026-02-17,212,0,10,0,0.14
Central African Republic,CAF,2026-02-18,212,0,10,0,0.14
Central African Republic,CAF,2026-02-19,212,0,10,0,0.14
Central African Republic,CAF,2026-02-20,212,0,10,0,0.14
Central African Republic,CAF,2026-02-21,212,0,10,0,0.14
Central African Republic,CAF,2026-02-22,213,1,10,0,0.14
Central African Republic,CAF,2026-02-23,213,0,10,0,0.14
Central African Republic,CAF,2026-02-24,213,0,10,0,0.14
Central African Republic,CAF,2026-02-25,213,0,10,0,0.14
Central African Republic,CAF,2026-02-26,213,0,10,0,0.14
Central African Republic,CAF,2026-02-27,213,0,10,0,0.14
Central African Republic,CAF,2026-02-28,213,0,10,0,0.14
Central African Republic,CAF,2026-03-01,213,0,10,0,0
Central African Republic,CAF,2026-03-02,213,0,10,0,0
Central African Republic,CAF,2026-03-03,213,0,10,0,0
Central African Republic,CAF,2026-03-04,213,0,10,0,0
Central African Republic,CAF,2026-03-05,213,0,10,0,0
Central African Republic,CAF,2026-03-06,213,0,10,0,0
Central African Republic,CAF,2026-03-07,213,0,10,0,0
Central African Republic,CAF,2026-03-08,214,1,10,0,0.14
Central African Republic,CAF,2026-03-09,214,0,10,0,0.14
Central African Republic,CAF,2026-03-10,214,0,10,0,0.14
Central African Republic,CAF,2026-03-11,214,0,10,0,0.14
Central African Republic,CAF,2026-03-12,214,0,10,0,0.14
Central African Republic,CAF,2026-03-13,214,0,10,0,0.14
Central African Republic,CAF,2026-03-14,214,0,10,0,0.14
Central African Republic,CAF,2026-03-15,215,1,10,0,0.14
Central African Republic,CAF,2026-03-16,215,0,10,0,0.14
Central African Republic,CAF,2026-03-17,215,0,10,0,0.14
Central African Republic,CAF,2026-03-18,215,0,10,0,0.14
Central African Republic,CAF,2026-03-19,215,0,10,0,0.14
Central African Republic,CAF,2026-03-20,215,0,10,0,0.14
Central African Republic,CAF,2026-03-21,215,0,10,0,0.14
Central African Republic,CAF,2026-03-22,217,2,10,0,0.29
Central African Republic,CAF,2026-03-23,217,0,10,0,0.29
Central African Republic,CAF,2026-03-24,217,0,10,0,0.29
Central African Republic,CAF,2026-03-25,217,0,10,0,0.29
Central African Republic,CAF,2026-03-26,217,0,10,0,0.29
Central African Republic,CAF,2026-03-27,217,0,10,0,0.29
Central African Republic,CAF,2026-03-28,217,0,10,0,0.29
Central African Republic,CAF,2026-03-29,222,5,10,0,0.71
Central African Republic,CAF,2026-03-30,222,0,10,0,0.71
Central African Republic,CAF,2026-03-31,222,0,10,0,0.71
Central African Republic,CAF,2026-04-01,222,0,10,0,0.71
Central African Republic,CAF,2026-04-02,222,0,10,0,0.71
Central African Republic,CAF,2026-04-03,222,0,10,0,0.71
Central African Republic,CAF,2026-04-04,222,0,10,0,0.71
Central African Republic,CAF,2026-04-05,223,1,10,0,0.14
Central African Republic,CAF,2026-04-06,223,0,10,0,0.14
Central African Republic,CAF,2026-04-07,223,0,10,0,0.14
Central African Republic,CAF,2026-04-08,223,0,10,0,0.14
Central African Republic,CAF,2026-04-09,223,0,10,0,0.14
Central African Republic,CAF,2026-04-10,223,0,10,0,0.14
Central African Republic,CAF,2026-04-11,223,0,10,0,0.14
Central African Republic,CAF,2026-04-12,223,0,10,0,0
Comoros,COM,2026-01-04,0,0,0,0,0
Comoros,COM,2026-01-05,0,0,0,0,0
Comoros,COM,2026-01-06,0,0,0,0,0
Comoros,COM,2026-01-07,0,0,0,0,0
Comoros,COM,2026-01-08,0,0,0,0,0
Comoros,COM,2026-01-09,0,0,0,0,0
Comoros,COM,2026-01-10,0,0,0,0,0
Comoros,COM,2026-01-11,3,3,0,0,0.43
Comoros,COM,2026-01-12,3,0,0,0,0.43
Comoros,COM,2026-01-13,3,0,0,0,0.43
Comoros,COM,2026-01-14,3,0,0,0,0.43
Comoros,COM,2026-01-15,3,0,0,0,0.43
Comoros,COM,2026-01-16,3,0,0,0,0.43
Comoros,COM,2026-01-17,3,0,0,0,0.43
Comoros,COM,2026-01-18,6,3,0,0,0.43
Comoros,COM,2026-01-19,6,0,0,0,0.43
Comoros,COM,2026-01-20,6,0,0,0,0.43
Comoros,COM,2026-01-21,6,0,0,0,0.43
Comoros,COM,2026-01-22,6,0,0,0,0.43
Comoros,COM,2026-01-23,6,0,0,0,0.43
Comoros,COM,2026-01-24,6,0,0,0,0.43
Comoros,COM,2026-01-25,10,4,0,0,0.57
Comoros,COM,2026-01-26,10,0,0,0,0.57
Comoros,COM,2026-01-27,10,0,0,0,0.57
Comoros,COM,2026-01-28,10,0,0,0,0.57
Comoros,COM,2026-01-29,10,0,0,0,0.57
Comoros,COM,2026-01-30,10,0,0,0,0.57
Comoros,COM,2026-01-31,10,0,0,0,0.57
Comoros,COM,2026-02-01,13,3,0,0,0.43
Comoros,COM,2026-02-02,13,0,0,0,0.43
Comoros,COM,2026-02-03,13,0,0,0,0.43
Comoros,COM,2026-02-04,13,0,0,0,0.43
Comoros,COM,2026-02-05,13,0,0,0,0.43
Comoros,COM,2026-02-06,13,0,0,0,0.43
Comoros,COM,2026-02-07,13,0,0,0,0.43
Comoros,COM,2026-02-08,16,3,0,0,0.43
Comoros,COM,2026-02-09,16,0,0,0,0.43
Comoros,COM,2026-02-10,16,0,0,0,0.43
Comoros,COM,2026-02-11,16,0,0,0,0.43
Comoros,COM,2026-02-12,16,0,0,0,0.43
Comoros,COM,2026-02-13,16,0,0,0,0.43
Comoros,COM,2026-02-14,16,0,0,0,0.43
Comoros,COM,2026-02-15,20,4,0,0,0.57
Comoros,COM,2026-02-16,20,0,0,0,0.57
Comoros,COM,2026-02-17,20,0,0,0,0.57
Comoros,COM,2026-02-18,20,0,0,0,0.57
Comoros,COM,2026-02-19,20,0,0,0,0.57
Comoros,COM,2026-02-20,20,0,0,0,0.57
Comoros,COM,2026-02-21,20,0,0,0,0.57
Comoros,COM,2026-02-22,26,6,0,0,0.86
Comoros,COM,2026-02-23,26,0,0,0,0.86
Comoros,COM,2026-02-24,26,0,0,0,0.86
Comoros,COM,2026-02-25,26,0,0,0,0.86
Comoros,COM,2026-02-26,26,0,0,0,0.86
Comoros,COM,2026-02-27,26,0,0,0,0.86
Comoros,COM,2026-02-28,26,0,0,0,0.86
Comoros,COM,2026-03-01,27,1,0,0,0.14
Comoros,COM,2026-03-02,27,0,0,0,0.14
Comoros,COM,2026-03-03,27,0,0,0,0.14
Comoros,COM,2026-03-04,27,0,0,0,0.14
Comoros,COM,2026-03-05,27,0,0,0,0.14
Comoros,COM,2026-03-06,27,0,0,0,0.14
Comoros,COM,2026-03-07,27,0,0,0,0.14
Comoros,COM,2026-03-08,27,0,0,0,0
Comoros,COM,2026-03-09,27,0,0,0,0
Comoros,COM,2026-03-10,27,0,0,0,0
Comoros,COM,2026-03-11,27,0,0,0,0
Comoros,COM,2026-03-12,27,0,0,0,0
Comoros,COM,2026-03-13,27,0,0,0,0
Comoros,COM,2026-03-14,27,0,0,0,0
Comoros,COM,2026-03-15,29,2,0,0,0.29
Comoros,COM,2026-03-16,29,0,0,0,0.29
Comoros,COM,2026-03-17,29,0,0,0,0.29
Comoros,COM,2026-03-18,29,0,0,0,0.29
Comoros,COM,2026-03-19,29,0,0,0,0.29
Comoros,COM,2026-03-20,29,0,0,0,0.29
Comoros,COM,2026-03-21,29,0,0,0,0.29
Comoros,COM,2026-03-22,34,5,0,0,0.71
Comoros,COM,2026-03-23,34,0,0,0,0.71
Comoros,COM,2026-03-24,34,0,0,0,0.71
Comoros,COM,2026-03-25,34,0,0,0,0.71
Comoros,COM,2026-03-26,34,0,0,0,0.71
Comoros,COM,2026-03-27,34,0,0,0,0.71
Comoros,COM,2026-03-28,34,0,0,0,0.71
Comoros,COM,2026-03-29,34,0,0,0,0
Comoros,COM,2026-03-30,34,0,0,0,0
Comoros,COM,2026-03-31,34,0,0,0,0
Comoros,COM,2026-04-01,34,0,0,0,0
Comoros,COM,2026-04-02,34,0,0,0,0
Comoros,COM,2026-04-03,34,0,0,0,0
Comoros,COM,2026-04-04,34,0,0,0,0
Comoros,COM,2026-04-05,36,2,0,0,0.29
Comoros,COM,2026-04-06,36,0,0,0,0.29
Comoros,COM,2026-04-07,36,0,0,0,0.29
Comoros,COM,2026-04-08,36,0,0,0,0.29
Comoros,COM,2026-04-09,36,0,0,0,0.29
Comoros,COM,2026-04-10,36,0,0,0,0.29
Comoros,COM,2026-04-11,36,0,0,0,0.29
Comoros,COM,2026-04-12,40,4,0,0,0.57
Comoros,COM,2026-04-13,40,0,0,0,0.57
Comoros,COM,2026-04-14,40,0,0,0,0.57
Comoros,COM,2026-04-15,40,0,0,0,0.57
Comoros,COM,2026-04-16,40,0,0,0,0.57
Comoros,COM,2026-04-17,40,0,0,0,0.57
Comoros,COM,2026-04-18,40,0,0,0,0.57
Comoros,COM,2026-04-19,40,0,0,0,0
Comoros,COM,2026-04-20,40,0,0,0,0
Comoros,COM,2026-04-21,40,0,0,0,0
Comoros,COM,2026-04-22,40,0,0,0,0
Comoros,COM,2026-04-23,40,0,0,0,0
Comoros,COM,2026-04-24,40,0,0,0,0
Comoros,COM,2026-04-25,40,0,0,0,0
Comoros,COM,2026-04-26,42,2,0,0,0.29
Congo,COG,2022-05-01,2,0,0,0,0
Congo,COG,2022-05-02,2,0,0,0,0
Congo,COG,2022-05-03,2,0,0,0,0
Congo,COG,2022-05-04,2,0,0,0,0
Congo,COG,2022-05-05,2,0,0,0,0
Congo,COG,2022-05-06,2,0,0,0,0
Congo,COG,2022-05-07,2,0,0,0,0
Congo,COG,2022-05-08,2,0,0,0,0
Congo,COG,2022-05-09,2,0,0,0,0
Congo,COG,2022-05-10,2,0,0,0,0
Congo,COG,2022-05-11,2,0,0,0,0
Congo,COG,2022-05-12,2,0,0,0,0
Congo,COG,2022-05-13,2,0,0,0,0
Congo,COG,2022-05-14,2,0,0,0,0
Congo,COG,2022-05-15,2,0,0,0,0
Congo,COG,2022-05-16,2,0,0,0,0
Congo,COG,2022-05-17,2,0,0,0,0
Congo,COG,2022-05-18,2,0,0,0,0
Congo,COG,2022-05-19,2,0,0,0,0
Congo,COG,2022-05-20,2,0,0,0,0
Congo,COG,2022-05-21,2,0,0,0,0
Congo,COG,2022-05-22,2,0,0,0,0
Congo,COG,2022-05-23,2,0,0,0,0
Congo,COG,2022-05-24,2,0,0,0,0
Congo,COG,2022-05-25,2,0,0,0,0
Congo,COG,2022-05-26,2,0,0,0,0
Congo,COG,2022-05-27,2,0,0,0,0
Congo,COG,2022-05-28,2,0,0,0,0
Congo,COG,2022-05-29,2,0,0,0,0
Congo,COG,2022-05-30,2,0,0,0,0
Congo,COG,2022-05-31,2,0,0,0,0
Congo,COG,2022-06-01,2,0,0,0,0
Congo,COG,2022-06-02,2,0,0,0,0
Congo,COG,2022-06-03,2,0,0,0,0
Congo,COG,2022-06-04,2,0,0,0,0
Congo,COG,2022-06-05,2,0,0,0,0
Congo,COG,2022-06-06,2,0,0,0,0
Congo,COG,2022-06-07,2,0,0,0,0
Congo,COG,2022-06-08,2,0,0,0,0
Congo,COG,2022-06-09,2,0,0,0,0
Congo,COG,2022-06-10,2,0,0,0,0
Congo,COG,2022-06-11,2,0,0,0,0
Congo,COG,2022-06-12,2,0,0,0,0
Congo,COG,2022-06-13,2,0,0,0,0
Congo,COG,2022-06-14,2,0,0,0,0
Congo,COG,2022-06-15,2,0,0,0,0
Congo,COG,2022-06-16,2,0,0,0,0
Congo,COG,2022-06-17,2,0,0,0,0
Congo,COG,2022-06-18,2,0,0,0,0
Congo,COG,2022-06-19,2,0,0,0,0
Congo,COG,2022-06-20,2,0,0,0,0
Congo,COG,2022-06-21,2,0,0,0,0
Congo,COG,2022-06-22,2,0,0,0,0
Congo,COG,2022-06-23,2,0,0,0,0
Congo,COG,2022-06-24,2,0,0,0,0
Congo,COG,2022-06-25,2,0,0,0,0
Congo,COG,2022-06-26,2,0,0,0,0
Congo,COG,2022-06-27,2,0,0,0,0
Congo,COG,2022-06-28,2,0,0,0,0
Congo,COG,2022-06-29,2,0,0,0,0
Congo,COG,2022-06-30,2,0,0,0,0
Congo,COG,2022-07-01,2,0,0,0,0
Congo,COG,2022-07-02,2,0,0,0,0
Congo,COG,2022-07-03,2,0,0,0,0
Congo,COG,2022-07-04,2,0,0,0,0
Congo,COG,2022-07-05,2,0,0,0,0
Congo,COG,2022-07-06,2,0,0,0,0
Congo,COG,2022-07-07,2,0,0,0,0
Congo,COG,2022-07-08,2,0,0,0,0
Congo,COG,2022-07-09,2,0,0,0,0
Congo,COG,2022-07-10,2,0,0,0,0
Congo,COG,2022-07-11,2,0,0,0,0
Congo,COG,2022-07-12,2,0,0,0,0
Congo,COG,2022-07-13,2,0,0,0,0
Congo,COG,2022-07-14,2,0,0,0,0
Congo,COG,2022-07-15,2,0,0,0,0
Congo,COG,2022-07-16,2,0,0,0,0
Congo,COG,2022-07-17,2,0,0,0,0
Congo,COG,2022-07-18,2,0,0,0,0
Congo,COG,2022-07-19,2,0,0,0,0
Congo,COG,2022-07-20,2,0,0,0,0
Congo,COG,2022-07-21,2,0,0,0,0
Congo,COG,2022-07-22,2,0,0,0,0
Congo,COG,2022-07-23,2,0,0,0,0
Congo,COG,2022-07-24,2,0,0,0,0
Congo,COG,2022-07-25,2,0,0,0,0
Congo,COG,2022-07-26,2,0,0,0,0
Congo,COG,2022-07-27,2,0,0,0,0
Congo,COG,2022-07-28,2,0,0,0,0
Congo,COG,2022-07-29,2,0,0,0,0
Congo,COG,2022-07-30,2,0,0,0,0
Congo,COG,2022-07-31,2,0,0,0,0
Congo,COG,2022-08-01,2,0,0,0,0
Congo,COG,2022-08-02,2,0,0,0,0
Congo,COG,2022-08-03,2,0,0,0,0
Congo,COG,2022-08-04,2,0,0,0,0
Congo,COG,2022-08-05,2,0,0,0,0
Congo,COG,2022-08-06,2,0,0,0,0
Congo,COG,2022-08-07,2,0,0,0,0
Congo,COG,2022-08-08,2,0,0,0,0
Congo,COG,2022-08-09,2,0,0,0,0
Congo,COG,2022-08-10,2,0,0,0,0
Congo,COG,2022-08-11,2,0,0,0,0
Congo,COG,2022-08-12,2,0,0,0,0
Congo,COG,2022-08-13,2,0,0,0,0
Congo,COG,2022-08-14,3,1,0,0,0.14
Congo,COG,2022-08-15,3,0,0,0,0.14
Congo,COG,2022-08-16,3,0,0,0,0.14
Congo,COG,2022-08-17,3,0,0,0,0.14
Congo,COG,2022-08-18,3,0,0,0,0.14
Congo,COG,2022-08-19,3,0,0,0,0.14
Congo,COG,2022-08-20,3,0,0,0,0.14
Congo,COG,2022-08-21,3,0,0,0,0
Congo,COG,2022-08-22,3,0,0,0,0
Congo,COG,2022-08-23,3,0,0,0,0
Congo,COG,2022-08-24,3,0,0,0,0
Congo,COG,2022-08-25,3,0,0,0,0
Congo,COG,2022-08-26,3,0,0,0,0
Congo,COG,2022-08-27,3,0,0,0,0
Congo,COG,2022-08-28,3,0,0,0,0
Congo,COG,2022-08-29,3,0,0,0,0
Congo,COG,2022-08-30,3,0,0,0,0
Congo,COG,2022-08-31,3,0,0,0,0
Congo,COG,2022-09-01,3,0,0,0,0
Congo,COG,2022-09-02,3,0,0,0,0
Congo,COG,2022-09-03,3,0,0,0,0
Congo,COG,2022-09-04,3,0,0,0,0
Congo,COG,2022-09-05,3,0,0,0,0
Congo,COG,2022-09-06,3,0,0,0,0
Congo,COG,2022-09-07,3,0,0,0,0
Congo,COG,2022-09-08,3,0,0,0,0
Congo,COG,2022-09-09,3,0,0,0,0
Congo,COG,2022-09-10,3,0,0,0,0
Congo,COG,2022-09-11,5,2,0,0,0.29
Congo,COG,2022-09-12,5,0,0,0,0.29
Congo,COG,2022-09-13,5,0,0,0,0.29
Congo,COG,2022-09-14,5,0,0,0,0.29
Congo,COG,2022-09-15,5,0,0,0,0.29
Congo,COG,2022-09-16,5,0,0,0,0.29
Congo,COG,2022-09-17,5,0,0,0,0.29
Congo,COG,2022-09-18,5,0,0,0,0
Congo,COG,2022-09-19,5,0,0,0,0
Congo,COG,2022-09-20,5,0,0,0,0
Congo,COG,2022-09-21,5,0,0,0,0
Congo,COG,2022-09-22,5,0,0,0,0
Congo,COG,2022-09-23,5,0,0,0,0
Congo,COG,2022-09-24,5,0,0,0,0
Congo,COG,2022-09-25,5,0,0,0,0
Congo,COG,2022-09-26,5,0,0,0,0
Congo,COG,2022-09-27,5,0,0,0,0
Congo,COG,2022-09-28,5,0,0,0,0
Congo,COG,2022-09-29,5,0,0,0,0
Congo,COG,2022-09-30,5,0,0,0,0
Congo,COG,2022-10-01,5,0,0,0,0
Congo,COG,2022-10-02,5,0,0,0,0
Congo,COG,2022-10-03,5,0,0,0,0
Congo,COG,2022-10-04,5,0,0,0,0
Congo,COG,2022-10-05,5,0,0,0,0
Congo,COG,2022-10-06,5,0,0,0,0
Congo,COG,2022-10-07,5,0,0,0,0
Congo,COG,2022-10-08,5,0,0,0,0
Congo,COG,2022-10-09,5,0,0,0,0
Congo,COG,2022-10-10,5,0,0,0,0
Congo,COG,2022-10-11,5,0,0,0,0
Congo,COG,2022-10-12,5,0,0,0,0
Congo,COG,2022-10-13,5,0,0,0,0
Congo,COG,2022-10-14,5,0,0,0,0
Congo,COG,2022-10-15,5,0,0,0,0
Congo,COG,2022-10-16,5,0,0,0,0
Congo,COG,2022-10-17,5,0,0,0,0
Congo,COG,2022-10-18,5,0,0,0,0
Congo,COG,2022-10-19,5,0,0,0,0
Congo,COG,2022-10-20,5,0,0,0,0
Congo,COG,2022-10-21,5,0,0,0,0
Congo,COG,2022-10-22,5,0,0,0,0
Congo,COG,2022-10-23,5,0,0,0,0
Congo,COG,2022-10-24,5,0,0,0,0
Congo,COG,2022-10-25,5,0,0,0,0
Congo,COG,2022-10-26,5,0,0,0,0
Congo,COG,2022-10-27,5,0,0,0,0
Congo,COG,2022-10-28,5,0,0,0,0
Congo,COG,2022-10-29,5,0,0,0,0
Congo,COG,2022-10-30,5,0,0,0,0
Congo,COG,2022-10-31,5,0,0,0,0
Congo,COG,2022-11-01,5,0,0,0,0
Congo,COG,2022-11-02,5,0,0,0,0
Congo,COG,2022-11-03,5,0,0,0,0
Congo,COG,2022-11-04,5,0,0,0,0
Congo,COG,2022-11-05,5,0,0,0,0
Congo,COG,2022-11-06,5,0,0,0,0
Congo,COG,2022-11-07,5,0,0,0,0
Congo,COG,2022-11-08,5,0,0,0,0
Congo,COG,2022-11-09,5,0,0,0,0
Congo,COG,2022-11-10,5,0,0,0,0
Congo,COG,2022-11-11,5,0,0,0,0
Congo,COG,2022-11-12,5,0,0,0,0
Congo,COG,2022-11-13,5,0,0,0,0
Congo,COG,2022-11-14,5,0,0,0,0
Congo,COG,2022-11-15,5,0,0,0,0
Congo,COG,2022-11-16,5,0,0,0,0
Congo,COG,2022-11-17,5,0,0,0,0
Congo,COG,2022-11-18,5,0,0,0,0
Congo,COG,2022-11-19,5,0,0,0,0
Congo,COG,2022-11-20,5,0,0,0,0
Congo,COG,2022-11-21,5,0,0,0,0
Congo,COG,2022-11-22,5,0,0,0,0
Congo,COG,2022-11-23,5,0,0,0,0
Congo,COG,2022-11-24,5,0,0,0,0
Congo,COG,2022-11-25,5,0,0,0,0
Congo,COG,2022-11-26,5,0,0,0,0
Congo,COG,2022-11-27,5,0,0,0,0
Congo,COG,2022-11-28,5,0,0,0,0
Congo,COG,2022-11-29,5,0,0,0,0
Congo,COG,2022-11-30,5,0,0,0,0
Congo,COG,2022-12-01,5,0,0,0,0
Congo,COG,2022-12-02,5,0,0,0,0
Congo,COG,2022-12-03,5,0,0,0,0
Congo,COG,2022-12-04,5,0,0,0,0
Congo,COG,2022-12-05,5,0,0,0,0
Congo,COG,2022-12-06,5,0,0,0,0
Congo,COG,2022-12-07,5,0,0,0,0
Congo,COG,2022-12-08,5,0,0,0,0
Congo,COG,2022-12-09,5,0,0,0,0
Congo,COG,2022-12-10,5,0,0,0,0
Congo,COG,2022-12-11,5,0,0,0,0
Congo,COG,2022-12-12,5,0,0,0,0
Congo,COG,2022-12-13,5,0,0,0,0
Congo,COG,2022-12-14,5,0,0,0,0
Congo,COG,2022-12-15,5,0,0,0,0
Congo,COG,2022-12-16,5,0,0,0,0
Congo,COG,2022-12-17,5,0,0,0,0
Congo,COG,2022-12-18,5,0,0,0,0
Congo,COG,2022-12-19,5,0,0,0,0
Congo,COG,2022-12-20,5,0,0,0,0
Congo,COG,2022-12-21,5,0,0,0,0
Congo,COG,2022-12-22,5,0,0,0,0
Congo,COG,2022-12-23,5,0,0,0,0
Congo,COG,2022-12-24,5,0,0,0,0
Congo,COG,2022-12-25,5,0,0,0,0
Congo,COG,2022-12-26,5,0,0,0,0
Congo,COG,2022-12-27,5,0,0,0,0
Congo,COG,2022-12-28,5,0,0,0,0
Congo,COG,2022-12-29,5,0,0,0,0
Congo,COG,2022-12-30,5,0,0,0,0
Congo,COG,2022-12-31,5,0,0,0,0
Congo,COG,2023-01-01,5,0,0,0,0
Congo,COG,2023-01-02,5,0,0,0,0
Congo,COG,2023-01-03,5,0,0,0,0
Congo,COG,2023-01-04,5,0,0,0,0
Congo,COG,2023-01-05,5,0,0,0,0
Congo,COG,2023-01-06,5,0,0,0,0
Congo,COG,2023-01-07,5,0,0,0,0
Congo,COG,2023-01-08,5,0,0,0,0
Congo,COG,2023-01-09,5,0,0,0,0
Congo,COG,2023-01-10,5,0,0,0,0
Congo,COG,2023-01-11,5,0,0,0,0
Congo,COG,2023-01-12,5,0,0,0,0
Congo,COG,2023-01-13,5,0,0,0,0
Congo,COG,2023-01-14,5,0,0,0,0
Congo,COG,2023-01-15,5,0,0,0,0
Congo,COG,2023-01-16,5,0,0,0,0
Congo,COG,2023-01-17,5,0,0,0,0
Congo,COG,2023-01-18,5,0,0,0,0
Congo,COG,2023-01-19,5,0,0,0,0
Congo,COG,2023-01-20,5,0,0,0,0
Congo,COG,2023-01-21,5,0,0,0,0
Congo,COG,2023-01-22,5,0,0,0,0
Congo,COG,2023-01-23,5,0,0,0,0
Congo,COG,2023-01-24,5,0,0,0,0
Congo,COG,2023-01-25,5,0,0,0,0
Congo,COG,2023-01-26,5,0,0,0,0
Congo,COG,2023-01-27,5,0,0,0,0
Congo,COG,2023-01-28,5,0,0,0,0
Congo,COG,2023-01-29,5,0,0,0,0
Congo,COG,2023-01-30,5,0,0,0,0
Congo,COG,2023-01-31,5,0,0,0,0
Congo,COG,2023-02-01,5,0,0,0,0
Congo,COG,2023-02-02,5,0,0,0,0
Congo,COG,2023-02-03,5,0,0,0,0
Congo,COG,2023-02-04,5,0,0,0,0
Congo,COG,2023-02-05,5,0,0,0,0
Congo,COG,2023-02-06,5,0,0,0,0
Congo,COG,2023-02-07,5,0,0,0,0
Congo,COG,2023-02-08,5,0,0,0,0
Congo,COG,2023-02-09,5,0,0,0,0
Congo,COG,2023-02-10,5,0,0,0,0
Congo,COG,2023-02-11,5,0,0,0,0
Congo,COG,2023-02-12,5,0,0,0,0
Congo,COG,2023-02-13,5,0,0,0,0
Congo,COG,2023-02-14,5,0,0,0,0
Congo,COG,2023-02-15,5,0,0,0,0
Congo,COG,2023-02-16,5,0,0,0,0
Congo,COG,2023-02-17,5,0,0,0,0
Congo,COG,2023-02-18,5,0,0,0,0
Congo,COG,2023-02-19,5,0,0,0,0
Congo,COG,2023-02-20,5,0,0,0,0
Congo,COG,2023-02-21,5,0,0,0,0
Congo,COG,2023-02-22,5,0,0,0,0
Congo,COG,2023-02-23,5,0,0,0,0
Congo,COG,2023-02-24,5,0,0,0,0
Congo,COG,2023-02-25,5,0,0,0,0
Congo,COG,2023-02-26,5,0,0,0,0
Congo,COG,2023-02-27,5,0,0,0,0
Congo,COG,2023-02-28,5,0,0,0,0
Congo,COG,2023-03-01,5,0,0,0,0
Congo,COG,2023-03-02,5,0,0,0,0
Congo,COG,2023-03-03,5,0,0,0,0
Congo,COG,2023-03-04,5,0,0,0,0
Congo,COG,2023-03-05,5,0,0,0,0
Congo,COG,2023-03-06,5,0,0,0,0
Congo,COG,2023-03-07,5,0,0,0,0
Congo,COG,2023-03-08,5,0,0,0,0
Congo,COG,2023-03-09,5,0,0,0,0
Congo,COG,2023-03-10,5,0,0,0,0
Congo,COG,2023-03-11,5,0,0,0,0
Congo,COG,2023-03-12,5,0,0,0,0
Congo,COG,2023-03-13,5,0,0,0,0
Congo,COG,2023-03-14,5,0,0,0,0
Congo,COG,2023-03-15,5,0,0,0,0
Congo,COG,2023-03-16,5,0,0,0,0
Congo,COG,2023-03-17,5,0,0,0,0
Congo,COG,2023-03-18,5,0,0,0,0
Congo,COG,2023-03-19,5,0,0,0,0
Congo,COG,2023-03-20,5,0,0,0,0
Congo,COG,2023-03-21,5,0,0,0,0
Congo,COG,2023-03-22,5,0,0,0,0
Congo,COG,2023-03-23,5,0,0,0,0
Congo,COG,2023-03-24,5,0,0,0,0
Congo,COG,2023-03-25,5,0,0,0,0
Congo,COG,2023-03-26,5,0,0,0,0
Congo,COG,2023-03-27,5,0,0,0,0
Congo,COG,2023-03-28,5,0,0,0,0
Congo,COG,2023-03-29,5,0,0,0,0
Congo,COG,2023-03-30,5,0,0,0,0
Congo,COG,2023-03-31,5,0,0,0,0
Congo,COG,2023-04-01,5,0,0,0,0
Congo,COG,2023-04-02,5,0,0,0,0
Congo,COG,2023-04-03,5,0,0,0,0
Congo,COG,2023-04-04,5,0,0,0,0
Congo,COG,2023-04-05,5,0,0,0,0
Congo,COG,2023-04-06,5,0,0,0,0
Congo,COG,2023-04-07,5,0,0,0,0
Congo,COG,2023-04-08,5,0,0,0,0
Congo,COG,2023-04-09,5,0,0,0,0
Congo,COG,2023-04-10,5,0,0,0,0
Congo,COG,2023-04-11,5,0,0,0,0
Congo,COG,2023-04-12,5,0,0,0,0
Congo,COG,2023-04-13,5,0,0,0,0
Congo,COG,2023-04-14,5,0,0,0,0
Congo,COG,2023-04-15,5,0,0,0,0
Congo,COG,2023-04-16,5,0,0,0,0
Congo,COG,2023-04-17,5,0,0,0,0
Congo,COG,2023-04-18,5,0,0,0,0
Congo,COG,2023-04-19,5,0,0,0,0
Congo,COG,2023-04-20,5,0,0,0,0
Congo,COG,2023-04-21,5,0,0,0,0
Congo,COG,2023-04-22,5,0,0,0,0
Congo,COG,2023-04-23,5,0,0,0,0
Congo,COG,2023-04-24,5,0,0,0,0
Congo,COG,2023-04-25,5,0,0,0,0
Congo,COG,2023-04-26,5,0,0,0,0
Congo,COG,2023-04-27,5,0,0,0,0
Congo,COG,2023-04-28,5,0,0,0,0
Congo,COG,2023-04-29,5,0,0,0,0
Congo,COG,2023-04-30,5,0,0,0,0
Congo,COG,2023-05-01,5,0,0,0,0
Congo,COG,2023-05-02,5,0,0,0,0
Congo,COG,2023-05-03,5,0,0,0,0
Congo,COG,2023-05-04,5,0,0,0,0
Congo,COG,2023-05-05,5,0,0,0,0
Congo,COG,2023-05-06,5,0,0,0,0
Congo,COG,2023-05-07,5,0,0,0,0
Congo,COG,2023-05-08,5,0,0,0,0
Congo,COG,2023-05-09,5,0,0,0,0
Congo,COG,2023-05-10,5,0,0,0,0
Congo,COG,2023-05-11,5,0,0,0,0
Congo,COG,2023-05-12,5,0,0,0,0
Congo,COG,2023-05-13,5,0,0,0,0
Congo,COG,2023-05-14,5,0,0,0,0
Congo,COG,2023-05-15,5,0,0,0,0
Congo,COG,2023-05-16,5,0,0,0,0
Congo,COG,2023-05-17,5,0,0,0,0
Congo,COG,2023-05-18,5,0,0,0,0
Congo,COG,2023-05-19,5,0,0,0,0
Congo,COG,2023-05-20,5,0,0,0,0
Congo,COG,2023-05-21,5,0,0,0,0
Congo,COG,2023-05-22,5,0,0,0,0
Congo,COG,2023-05-23,5,0,0,0,0
Congo,COG,2023-05-24,5,0,0,0,0
Congo,COG,2023-05-25,5,0,0,0,0
Congo,COG,2023-05-26,5,0,0,0,0
Congo,COG,2023-05-27,5,0,0,0,0
Congo,COG,2023-05-28,5,0,0,0,0
Congo,COG,2023-05-29,5,0,0,0,0
Congo,COG,2023-05-30,5,0,0,0,0
Congo,COG,2023-05-31,5,0,0,0,0
Congo,COG,2023-06-01,5,0,0,0,0
Congo,COG,2023-06-02,5,0,0,0,0
Congo,COG,2023-06-03,5,0,0,0,0
Congo,COG,2023-06-04,5,0,0,0,0
Congo,COG,2023-06-05,5,0,0,0,0
Congo,COG,2023-06-06,5,0,0,0,0
Congo,COG,2023-06-07,5,0,0,0,0
Congo,COG,2023-06-08,5,0,0,0,0
Congo,COG,2023-06-09,5,0,0,0,0
Congo,COG,2023-06-10,5,0,0,0,0
Congo,COG,2023-06-11,5,0,0,0,0
Congo,COG,2023-06-12,5,0,0,0,0
Congo,COG,2023-06-13,5,0,0,0,0
Congo,COG,2023-06-14,5,0,0,0,0
Congo,COG,2023-06-15,5,0,0,0,0
Congo,COG,2023-06-16,5,0,0,0,0
Congo,COG,2023-06-17,5,0,0,0,0
Congo,COG,2023-06-18,5,0,0,0,0
Congo,COG,2023-06-19,5,0,0,0,0
Congo,COG,2023-06-20,5,0,0,0,0
Congo,COG,2023-06-21,5,0,0,0,0
Congo,COG,2023-06-22,5,0,0,0,0
Congo,COG,2023-06-23,5,0,0,0,0
Congo,COG,2023-06-24,5,0,0,0,0
Congo,COG,2023-06-25,5,0,0,0,0
Congo,COG,2023-06-26,5,0,0,0,0
Congo,COG,2023-06-27,5,0,0,0,0
Congo,COG,2023-06-28,5,0,0,0,0
Congo,COG,2023-06-29,5,0,0,0,0
Congo,COG,2023-06-30,5,0,0,0,0
Congo,COG,2023-07-01,5,0,0,0,0
Congo,COG,2023-07-02,5,0,0,0,0
Congo,COG,2023-07-03,5,0,0,0,0
Congo,COG,2023-07-04,5,0,0,0,0
Congo,COG,2023-07-05,5,0,0,0,0
Congo,COG,2023-07-06,5,0,0,0,0
Congo,COG,2023-07-07,5,0,0,0,0
Congo,COG,2023-07-08,5,0,0,0,0
Congo,COG,2023-07-09,5,0,0,0,0
Congo,COG,2023-07-10,5,0,0,0,0
Congo,COG,2023-07-11,5,0,0,0,0
Congo,COG,2023-07-12,5,0,0,0,0
Congo,COG,2023-07-13,5,0,0,0,0
Congo,COG,2023-07-14,5,0,0,0,0
Congo,COG,2023-07-15,5,0,0,0,0
Congo,COG,2023-07-16,5,0,0,0,0
Congo,COG,2023-07-17,5,0,0,0,0
Congo,COG,2023-07-18,5,0,0,0,0
Congo,COG,2023-07-19,5,0,0,0,0
Congo,COG,2023-07-20,5,0,0,0,0
Congo,COG,2023-07-21,5,0,0,0,0
Congo,COG,2023-07-22,5,0,0,0,0
Congo,COG,2023-07-23,5,0,0,0,0
Congo,COG,2023-07-24,5,0,0,0,0
Congo,COG,2023-07-25,5,0,0,0,0
Congo,COG,2023-07-26,5,0,0,0,0
Congo,COG,2023-07-27,5,0,0,0,0
Congo,COG,2023-07-28,5,0,0,0,0
Congo,COG,2023-07-29,5,0,0,0,0
Congo,COG,2023-07-30,5,0,0,0,0
Congo,COG,2023-07-31,5,0,0,0,0
Congo,COG,2023-08-01,5,0,0,0,0
Congo,COG,2023-08-02,5,0,0,0,0
Congo,COG,2023-08-03,5,0,0,0,0
Congo,COG,2023-08-04,5,0,0,0,0
Congo,COG,2023-08-05,5,0,0,0,0
Congo,COG,2023-08-06,5,0,0,0,0
Congo,COG,2023-08-07,5,0,0,0,0
Congo,COG,2023-08-08,5,0,0,0,0
Congo,COG,2023-08-09,5,0,0,0,0
Congo,COG,2023-08-10,5,0,0,0,0
Congo,COG,2023-08-11,5,0,0,0,0
Congo,COG,2023-08-12,5,0,0,0,0
Congo,COG,2023-08-13,6,1,0,0,0.14
Congo,COG,2023-08-14,6,0,0,0,0.14
Congo,COG,2023-08-15,6,0,0,0,0.14
Congo,COG,2023-08-16,6,0,0,0,0.14
Congo,COG,2023-08-17,6,0,0,0,0.14
Congo,COG,2023-08-18,6,0,0,0,0.14
Congo,COG,2023-08-19,6,0,0,0,0.14
Congo,COG,2023-08-20,8,2,0,0,0.29
Congo,COG,2023-08-21,8,0,0,0,0.29
Congo,COG,2023-08-22,8,0,0,0,0.29
Congo,COG,2023-08-23,8,0,0,0,0.29
Congo,COG,2023-08-24,8,0,0,0,0.29
Congo,COG,2023-08-25,8,0,0,0,0.29
Congo,COG,2023-08-26,8,0,0,0,0.29
Congo,COG,2023-08-27,12,4,0,0,0.57
Congo,COG,2023-08-28,12,0,0,0,0.57
Congo,COG,2023-08-29,12,0,0,0,0.57
Congo,COG,2023-08-30,12,0,0,0,0.57
Congo,COG,2023-08-31,12,0,0,0,0.57
Congo,COG,2023-09-01,12,0,0,0,0.57
Congo,COG,2023-09-02,12,0,0,0,0.57
Congo,COG,2023-09-03,13,1,0,0,0.14
Congo,COG,2023-09-04,13,0,0,0,0.14
Congo,COG,2023-09-05,13,0,0,0,0.14
Congo,COG,2023-09-06,13,0,0,0,0.14
Congo,COG,2023-09-07,13,0,0,0,0.14
Congo,COG,2023-09-08,13,0,0,0,0.14
Congo,COG,2023-09-09,13,0,0,0,0.14
Congo,COG,2023-09-10,17,4,0,0,0.57
Congo,COG,2023-09-11,17,0,0,0,0.57
Congo,COG,2023-09-12,17,0,0,0,0.57
Congo,COG,2023-09-13,17,0,0,0,0.57
Congo,COG,2023-09-14,17,0,0,0,0.57
Congo,COG,2023-09-15,17,0,0,0,0.57
Congo,COG,2023-09-16,17,0,0,0,0.57
Congo,COG,2023-09-17,18,1,0,0,0.14
Congo,COG,2023-09-18,18,0,0,0,0.14
Congo,COG,2023-09-19,18,0,0,0,0.14
Congo,COG,2023-09-20,18,0,0,0,0.14
Congo,COG,2023-09-21,18,0,0,0,0.14
Congo,COG,2023-09-22,18,0,0,0,0.14
Congo,COG,2023-09-23,18,0,0,0,0.14
Congo,COG,2023-09-24,18,0,0,0,0
Congo,COG,2023-09-25,18,0,0,0,0
Congo,COG,2023-09-26,18,0,0,0,0
Congo,COG,2023-09-27,18,0,0,0,0
Congo,COG,2023-09-28,18,0,0,0,0
Congo,COG,2023-09-29,18,0,0,0,0
Congo,COG,2023-09-30,18,0,0,0,0
Congo,COG,2023-10-01,18,0,0,0,0
Congo,COG,2023-10-02,18,0,0,0,0
Congo,COG,2023-10-03,18,0,0,0,0
Congo,COG,2023-10-04,18,0,0,0,0
Congo,COG,2023-10-05,18,0,0,0,0
Congo,COG,2023-10-06,18,0,0,0,0
Congo,COG,2023-10-07,18,0,0,0,0
Congo,COG,2023-10-08,19,1,1,1,0.14
Congo,COG,2023-10-09,19,0,1,0,0.14
Congo,COG,2023-10-10,19,0,1,0,0.14
Congo,COG,2023-10-11,19,0,1,0,0.14
Congo,COG,2023-10-12,19,0,1,0,0.14
Congo,COG,2023-10-13,19,0,1,0,0.14
Congo,COG,2023-10-14,19,0,1,0,0.14
Congo,COG,2023-10-15,23,4,2,1,0.57
Congo,COG,2023-10-16,23,0,2,0,0.57
Congo,COG,2023-10-17,23,0,2,0,0.57
Congo,COG,2023-10-18,23,0,2,0,0.57
Congo,COG,2023-10-19,23,0,2,0,0.57
Congo,COG,2023-10-20,23,0,2,0,0.57
Congo,COG,2023-10-21,23,0,2,0,0.57
Congo,COG,2023-10-22,23,0,2,0,0
Congo,COG,2023-10-23,23,0,2,0,0
Congo,COG,2023-10-24,23,0,2,0,0
Congo,COG,2023-10-25,23,0,2,0,0
Congo,COG,2023-10-26,23,0,2,0,0
Congo,COG,2023-10-27,23,0,2,0,0
Congo,COG,2023-10-28,23,0,2,0,0
Congo,COG,2023-10-29,25,2,2,0,0.29
Congo,COG,2023-10-30,25,0,2,0,0.29
Congo,COG,2023-10-31,25,0,2,0,0.29
Congo,COG,2023-11-01,25,0,2,0,0.29
Congo,COG,2023-11-02,25,0,2,0,0.29
Congo,COG,2023-11-03,25,0,2,0,0.29
Congo,COG,2023-11-04,25,0,2,0,0.29
Congo,COG,2023-11-05,25,0,2,0,0
Congo,COG,2023-11-06,25,0,2,0,0
Congo,COG,2023-11-07,25,0,2,0,0
Congo,COG,2023-11-08,25,0,2,0,0
Congo,COG,2023-11-09,25,0,2,0,0
Congo,COG,2023-11-10,25,0,2,0,0
Congo,COG,2023-11-11,25,0,2,0,0
Congo,COG,2023-11-12,25,0,2,0,0
Congo,COG,2023-11-13,25,0,2,0,0
Congo,COG,2023-11-14,25,0,2,0,0
Congo,COG,2023-11-15,25,0,2,0,0
Congo,COG,2023-11-16,25,0,2,0,0
Congo,COG,2023-11-17,25,0,2,0,0
Congo,COG,2023-11-18,25,0,2,0,0
Congo,COG,2023-11-19,26,1,2,0,0.14
Congo,COG,2023-11-20,26,0,2,0,0.14
Congo,COG,2023-11-21,26,0,2,0,0.14
Congo,COG,2023-11-22,26,0,2,0,0.14
Congo,COG,2023-11-23,26,0,2,0,0.14
Congo,COG,2023-11-24,26,0,2,0,0.14
Congo,COG,2023-11-25,26,0,2,0,0.14
Congo,COG,2023-11-26,26,0,2,0,0
Congo,COG,2023-11-27,26,0,2,0,0
Congo,COG,2023-11-28,26,0,2,0,0
Congo,COG,2023-11-29,26,0,2,0,0
Congo,COG,2023-11-30,26,0,2,0,0
Congo,COG,2023-12-01,26,0,2,0,0
Congo,COG,2023-12-02,26,0,2,0,0
Congo,COG,2023-12-03,26,0,2,0,0
Congo,COG,2023-12-04,26,0,2,0,0
Congo,COG,2023-12-05,26,0,2,0,0
Congo,COG,2023-12-06,26,0,2,0,0
Congo,COG,2023-12-07,26,0,2,0,0
Congo,COG,2023-12-08,26,0,2,0,0
Congo,COG,2023-12-09,26,0,2,0,0
Congo,COG,2023-12-10,26,0,2,0,0
Congo,COG,2023-12-11,26,0,2,0,0
Congo,COG,2023-12-12,26,0,2,0,0
Congo,COG,2023-12-13,26,0,2,0,0
Congo,COG,2023-12-14,26,0,2,0,0
Congo,COG,2023-12-15,26,0,2,0,0
Congo,COG,2023-12-16,26,0,2,0,0
Congo,COG,2023-12-17,26,0,2,0,0
Congo,COG,2023-12-18,26,0,2,0,0
Congo,COG,2023-12-19,26,0,2,0,0
Congo,COG,2023-12-20,26,0,2,0,0
Congo,COG,2023-12-21,26,0,2,0,0
Congo,COG,2023-12-22,26,0,2,0,0
Congo,COG,2023-12-23,26,0,2,0,0
Congo,COG,2023-12-24,26,0,2,0,0
Congo,COG,2023-12-25,26,0,2,0,0
Congo,COG,2023-12-26,26,0,2,0,0
Congo,COG,2023-12-27,26,0,2,0,0
Congo,COG,2023-12-28,26,0,2,0,0
Congo,COG,2023-12-29,26,0,2,0,0
Congo,COG,2023-12-30,26,0,2,0,0
Congo,COG,2023-12-31,26,0,2,0,0
Congo,COG,2024-01-01,26,0,2,0,0
Congo,COG,2024-01-02,26,0,2,0,0
Congo,COG,2024-01-03,26,0,2,0,0
Congo,COG,2024-01-04,26,0,2,0,0
Congo,COG,2024-01-05,26,0,2,0,0
Congo,COG,2024-01-06,26,0,2,0,0
Congo,COG,2024-01-07,26,0,2,0,0
Congo,COG,2024-01-08,26,0,2,0,0
Congo,COG,2024-01-09,26,0,2,0,0
Congo,COG,2024-01-10,26,0,2,0,0
Congo,COG,2024-01-11,26,0,2,0,0
Congo,COG,2024-01-12,26,0,2,0,0
Congo,COG,2024-01-13,26,0,2,0,0
Congo,COG,2024-01-14,27,1,2,0,0.14
Congo,COG,2024-01-15,27,0,2,0,0.14
Congo,COG,2024-01-16,27,0,2,0,0.14
Congo,COG,2024-01-17,27,0,2,0,0.14
Congo,COG,2024-01-18,27,0,2,0,0.14
Congo,COG,2024-01-19,27,0,2,0,0.14
Congo,COG,2024-01-20,27,0,2,0,0.14
Congo,COG,2024-01-21,28,1,2,0,0.14
Congo,COG,2024-01-22,28,0,2,0,0.14
Congo,COG,2024-01-23,28,0,2,0,0.14
Congo,COG,2024-01-24,28,0,2,0,0.14
Congo,COG,2024-01-25,28,0,2,0,0.14
Congo,COG,2024-01-26,28,0,2,0,0.14
Congo,COG,2024-01-27,28,0,2,0,0.14
Congo,COG,2024-01-28,30,2,2,0,0.29
Congo,COG,2024-01-29,30,0,2,0,0.29
Congo,COG,2024-01-30,30,0,2,0,0.29
Congo,COG,2024-01-31,30,0,2,0,0.29
Congo,COG,2024-02-01,30,0,2,0,0.29
Congo,COG,2024-02-02,30,0,2,0,0.29
Congo,COG,2024-02-03,30,0,2,0,0.29
Congo,COG,2024-02-04,30,0,2,0,0
Congo,COG,2024-02-05,30,0,2,0,0
Congo,COG,2024-02-06,30,0,2,0,0
Congo,COG,2024-02-07,30,0,2,0,0
Congo,COG,2024-02-08,30,0,2,0,0
Congo,COG,2024-02-09,30,0,2,0,0
Congo,COG,2024-02-10,30,0,2,0,0
Congo,COG,2024-02-11,30,0,2,0,0
Congo,COG,2024-02-12,30,0,2,0,0
Congo,COG,2024-02-13,30,0,2,0,0
Congo,COG,2024-02-14,30,0,2,0,0
Congo,COG,2024-02-15,30,0,2,0,0
Congo,COG,2024-02-16,30,0,2,0,0
Congo,COG,2024-02-17,30,0,2,0,0
Congo,COG,2024-02-18,35,5,2,0,0.71
Congo,COG,2024-02-19,35,0,2,0,0.71
Congo,COG,2024-02-20,35,0,2,0,0.71
Congo,COG,2024-02-21,35,0,2,0,0.71
Congo,COG,2024-02-22,35,0,2,0,0.71
Congo,COG,2024-02-23,35,0,2,0,0.71
Congo,COG,2024-02-24,35,0,2,0,0.71
Congo,COG,2024-02-25,37,2,2,0,0.29
Congo,COG,2024-02-26,37,0,2,0,0.29
Congo,COG,2024-02-27,37,0,2,0,0.29
Congo,COG,2024-02-28,37,0,2,0,0.29
Congo,COG,2024-02-29,37,0,2,0,0.29
Congo,COG,2024-03-01,37,0,2,0,0.29
Congo,COG,2024-03-02,37,0,2,0,0.29
Congo,COG,2024-03-03,37,0,2,0,0
Congo,COG,2024-03-04,37,0,2,0,0
Congo,COG,2024-03-05,37,0,2,0,0
Congo,COG,2024-03-06,37,0,2,0,0
Congo,COG,2024-03-07,37,0,2,0,0
Congo,COG,2024-03-08,37,0,2,0,0
Congo,COG,2024-03-09,37,0,2,0,0
Congo,COG,2024-03-10,45,8,2,0,1.14
Congo,COG,2024-03-11,45,0,2,0,1.14
Congo,COG,2024-03-12,45,0,2,0,1.14
Congo,COG,2024-03-13,45,0,2,0,1.14
Congo,COG,2024-03-14,45,0,2,0,1.14
Congo,COG,2024-03-15,45,0,2,0,1.14
Congo,COG,2024-03-16,45,0,2,0,1.14
Congo,COG,2024-03-17,45,0,2,0,0
Congo,COG,2024-03-18,45,0,2,0,0
Congo,COG,2024-03-19,45,0,2,0,0
Congo,COG,2024-03-20,45,0,2,0,0
Congo,COG,2024-03-21,45,0,2,0,0
Congo,COG,2024-03-22,45,0,2,0,0
Congo,COG,2024-03-23,45,0,2,0,0
Congo,COG,2024-03-24,45,0,2,0,0
Congo,COG,2024-03-25,45,0,2,0,0
Congo,COG,2024-03-26,45,0,2,0,0
Congo,COG,2024-03-27,45,0,2,0,0
Congo,COG,2024-03-28,45,0,2,0,0
Congo,COG,2024-03-29,45,0,2,0,0
Congo,COG,2024-03-30,45,0,2,0,0
Congo,COG,2024-03-31,45,0,2,0,0
Congo,COG,2024-04-01,45,0,2,0,0
Congo,COG,2024-04-02,45,0,2,0,0
Congo,COG,2024-04-03,45,0,2,0,0
Congo,COG,2024-04-04,45,0,2,0,0
Congo,COG,2024-04-05,45,0,2,0,0
Congo,COG,2024-04-06,45,0,2,0,0
Congo,COG,2024-04-07,45,0,2,0,0
Congo,COG,2024-04-08,45,0,2,0,0
Congo,COG,2024-04-09,45,0,2,0,0
Congo,COG,2024-04-10,45,0,2,0,0
Congo,COG,2024-04-11,45,0,2,0,0
Congo,COG,2024-04-12,45,0,2,0,0
Congo,COG,2024-04-13,45,0,2,0,0
Congo,COG,2024-04-14,45,0,2,0,0
Congo,COG,2024-04-15,45,0,2,0,0
Congo,COG,2024-04-16,45,0,2,0,0
Congo,COG,2024-04-17,45,0,2,0,0
Congo,COG,2024-04-18,45,0,2,0,0
Congo,COG,2024-04-19,45,0,2,0,0
Congo,COG,2024-04-20,45,0,2,0,0
Congo,COG,2024-04-21,45,0,2,0,0
Congo,COG,2024-04-22,45,0,2,0,0
Congo,COG,2024-04-23,45,0,2,0,0
Congo,COG,2024-04-24,45,0,2,0,0
Congo,COG,2024-04-25,45,0,2,0,0
Congo,COG,2024-04-26,45,0,2,0,0
Congo,COG,2024-04-27,45,0,2,0,0
Congo,COG,2024-04-28,45,0,2,0,0
Congo,COG,2024-04-29,45,0,2,0,0
Congo,COG,2024-04-30,45,0,2,0,0
Congo,COG,2024-05-01,45,0,2,0,0
Congo,COG,2024-05-02,45,0,2,0,0
Congo,COG,2024-05-03,45,0,2,0,0
Congo,COG,2024-05-04,45,0,2,0,0
Congo,COG,2024-05-05,45,0,2,0,0
Congo,COG,2024-05-06,45,0,2,0,0
Congo,COG,2024-05-07,45,0,2,0,0
Congo,COG,2024-05-08,45,0,2,0,0
Congo,COG,2024-05-09,45,0,2,0,0
Congo,COG,2024-05-10,45,0,2,0,0
Congo,COG,2024-05-11,45,0,2,0,0
Congo,COG,2024-05-12,45,0,2,0,0
Congo,COG,2024-05-13,45,0,2,0,0
Congo,COG,2024-05-14,45,0,2,0,0
Congo,COG,2024-05-15,45,0,2,0,0
Congo,COG,2024-05-16,45,0,2,0,0
Congo,COG,2024-05-17,45,0,2,0,0
Congo,COG,2024-05-18,45,0,2,0,0
Congo,COG,2024-05-19,45,0,2,0,0
Congo,COG,2024-05-20,45,0,2,0,0
Congo,COG,2024-05-21,45,0,2,0,0
Congo,COG,2024-05-22,45,0,2,0,0
Congo,COG,2024-05-23,45,0,2,0,0
Congo,COG,2024-05-24,45,0,2,0,0
Congo,COG,2024-05-25,45,0,2,0,0
Congo,COG,2024-05-26,45,0,2,0,0
Congo,COG,2024-05-27,45,0,2,0,0
Congo,COG,2024-05-28,45,0,2,0,0
Congo,COG,2024-05-29,45,0,2,0,0
Congo,COG,2024-05-30,45,0,2,0,0
Congo,COG,2024-05-31,45,0,2,0,0
Congo,COG,2024-06-01,45,0,2,0,0
Congo,COG,2024-06-02,45,0,2,0,0
Congo,COG,2024-06-03,45,0,2,0,0
Congo,COG,2024-06-04,45,0,2,0,0
Congo,COG,2024-06-05,45,0,2,0,0
Congo,COG,2024-06-06,45,0,2,0,0
Congo,COG,2024-06-07,45,0,2,0,0
Congo,COG,2024-06-08,45,0,2,0,0
Congo,COG,2024-06-09,45,0,2,0,0
Congo,COG,2024-06-10,45,0,2,0,0
Congo,COG,2024-06-11,45,0,2,0,0
Congo,COG,2024-06-12,45,0,2,0,0
Congo,COG,2024-06-13,45,0,2,0,0
Congo,COG,2024-06-14,45,0,2,0,0
Congo,COG,2024-06-15,45,0,2,0,0
Congo,COG,2024-06-16,45,0,2,0,0
Congo,COG,2024-06-17,45,0,2,0,0
Congo,COG,2024-06-18,45,0,2,0,0
Congo,COG,2024-06-19,45,0,2,0,0
Congo,COG,2024-06-20,45,0,2,0,0
Congo,COG,2024-06-21,45,0,2,0,0
Congo,COG,2024-06-22,45,0,2,0,0
Congo,COG,2024-06-23,45,0,2,0,0
Congo,COG,2024-06-24,45,0,2,0,0
Congo,COG,2024-06-25,45,0,2,0,0
Congo,COG,2024-06-26,45,0,2,0,0
Congo,COG,2024-06-27,45,0,2,0,0
Congo,COG,2024-06-28,45,0,2,0,0
Congo,COG,2024-06-29,45,0,2,0,0
Congo,COG,2024-06-30,45,0,2,0,0
Congo,COG,2024-07-01,45,0,2,0,0
Congo,COG,2024-07-02,45,0,2,0,0
Congo,COG,2024-07-03,45,0,2,0,0
Congo,COG,2024-07-04,45,0,2,0,0
Congo,COG,2024-07-05,45,0,2,0,0
Congo,COG,2024-07-06,45,0,2,0,0
Congo,COG,2024-07-07,45,0,2,0,0
Congo,COG,2024-07-08,45,0,2,0,0
Congo,COG,2024-07-09,45,0,2,0,0
Congo,COG,2024-07-10,45,0,2,0,0
Congo,COG,2024-07-11,45,0,2,0,0
Congo,COG,2024-07-12,45,0,2,0,0
Congo,COG,2024-07-13,45,0,2,0,0
Congo,COG,2024-07-14,45,0,2,0,0
Congo,COG,2024-07-15,45,0,2,0,0
Congo,COG,2024-07-16,45,0,2,0,0
Congo,COG,2024-07-17,45,0,2,0,0
Congo,COG,2024-07-18,45,0,2,0,0
Congo,COG,2024-07-19,45,0,2,0,0
Congo,COG,2024-07-20,45,0,2,0,0
Congo,COG,2024-07-21,45,0,2,0,0
Congo,COG,2024-07-22,45,0,2,0,0
Congo,COG,2024-07-23,45,0,2,0,0
Congo,COG,2024-07-24,45,0,2,0,0
Congo,COG,2024-07-25,45,0,2,0,0
Congo,COG,2024-07-26,45,0,2,0,0
Congo,COG,2024-07-27,45,0,2,0,0
Congo,COG,2024-07-28,45,0,2,0,0
Congo,COG,2024-07-29,45,0,2,0,0
Congo,COG,2024-07-30,45,0,2,0,0
Congo,COG,2024-07-31,45,0,2,0,0
Congo,COG,2024-08-01,45,0,2,0,0
Congo,COG,2024-08-02,45,0,2,0,0
Congo,COG,2024-08-03,45,0,2,0,0
Congo,COG,2024-08-04,45,0,2,0,0
Congo,COG,2024-08-05,45,0,2,0,0
Congo,COG,2024-08-06,45,0,2,0,0
Congo,COG,2024-08-07,45,0,2,0,0
Congo,COG,2024-08-08,45,0,2,0,0
Congo,COG,2024-08-09,45,0,2,0,0
Congo,COG,2024-08-10,45,0,2,0,0
Congo,COG,2024-08-11,47,2,2,0,0.29
Congo,COG,2024-08-12,47,0,2,0,0.29
Congo,COG,2024-08-13,47,0,2,0,0.29
Congo,COG,2024-08-14,47,0,2,0,0.29
Congo,COG,2024-08-15,47,0,2,0,0.29
Congo,COG,2024-08-16,47,0,2,0,0.29
Congo,COG,2024-08-17,47,0,2,0,0.29
Congo,COG,2024-08-18,47,0,2,0,0
Congo,COG,2024-08-19,47,0,2,0,0
Congo,COG,2024-08-20,47,0,2,0,0
Congo,COG,2024-08-21,47,0,2,0,0
Congo,COG,2024-08-22,47,0,2,0,0
Congo,COG,2024-08-23,47,0,2,0,0
Congo,COG,2024-08-24,47,0,2,0,0
Congo,COG,2024-08-25,47,0,2,0,0
Congo,COG,2024-08-26,47,0,2,0,0
Congo,COG,2024-08-27,47,0,2,0,0
Congo,COG,2024-08-28,47,0,2,0,0
Congo,COG,2024-08-29,47,0,2,0,0
Congo,COG,2024-08-30,47,0,2,0,0
Congo,COG,2024-08-31,47,0,2,0,0
Congo,COG,2024-09-01,47,0,2,0,0
Congo,COG,2024-09-02,47,0,2,0,0
Congo,COG,2024-09-03,47,0,2,0,0
Congo,COG,2024-09-04,47,0,2,0,0
Congo,COG,2024-09-05,47,0,2,0,0
Congo,COG,2024-09-06,47,0,2,0,0
Congo,COG,2024-09-07,47,0,2,0,0
Congo,COG,2024-09-08,47,0,2,0,0
Congo,COG,2024-09-09,47,0,2,0,0
Congo,COG,2024-09-10,47,0,2,0,0
Congo,COG,2024-09-11,47,0,2,0,0
Congo,COG,2024-09-12,47,0,2,0,0
Congo,COG,2024-09-13,47,0,2,0,0
Congo,COG,2024-09-14,47,0,2,0,0
Congo,COG,2024-09-15,47,0,2,0,0
Congo,COG,2024-09-16,47,0,2,0,0
Congo,COG,2024-09-17,47,0,2,0,0
Congo,COG,2024-09-18,47,0,2,0,0
Congo,COG,2024-09-19,47,0,2,0,0
Congo,COG,2024-09-20,47,0,2,0,0
Congo,COG,2024-09-21,47,0,2,0,0
Congo,COG,2024-09-22,47,0,2,0,0
Congo,COG,2024-09-23,47,0,2,0,0
Congo,COG,2024-09-24,47,0,2,0,0
Congo,COG,2024-09-25,47,0,2,0,0
Congo,COG,2024-09-26,47,0,2,0,0
Congo,COG,2024-09-27,47,0,2,0,0
Congo,COG,2024-09-28,47,0,2,0,0
Congo,COG,2024-09-29,48,1,2,0,0.14
Congo,COG,2024-09-30,48,0,2,0,0.14
Congo,COG,2024-10-01,48,0,2,0,0.14
Congo,COG,2024-10-02,48,0,2,0,0.14
Congo,COG,2024-10-03,48,0,2,0,0.14
Congo,COG,2024-10-04,48,0,2,0,0.14
Congo,COG,2024-10-05,48,0,2,0,0.14
Congo,COG,2024-10-06,48,0,2,0,0
Congo,COG,2024-10-07,48,0,2,0,0
Congo,COG,2024-10-08,48,0,2,0,0
Congo,COG,2024-10-09,48,0,2,0,0
Congo,COG,2024-10-10,48,0,2,0,0
Congo,COG,2024-10-11,48,0,2,0,0
Congo,COG,2024-10-12,48,0,2,0,0
Congo,COG,2024-10-13,48,0,2,0,0
Congo,COG,2024-10-14,48,0,2,0,0
Congo,COG,2024-10-15,48,0,2,0,0
Congo,COG,2024-10-16,48,0,2,0,0
Congo,COG,2024-10-17,48,0,2,0,0
Congo,COG,2024-10-18,48,0,2,0,0
Congo,COG,2024-10-19,48,0,2,0,0
Congo,COG,2024-10-20,48,0,2,0,0
Congo,COG,2024-10-21,48,0,2,0,0
Congo,COG,2024-10-22,48,0,2,0,0
Congo,COG,2024-10-23,48,0,2,0,0
Congo,COG,2024-10-24,48,0,2,0,0
Congo,COG,2024-10-25,48,0,2,0,0
Congo,COG,2024-10-26,48,0,2,0,0
Congo,COG,2024-10-27,48,0,2,0,0
Congo,COG,2024-10-28,48,0,2,0,0
Congo,COG,2024-10-29,48,0,2,0,0
Congo,COG,2024-10-30,48,0,2,0,0
Congo,COG,2024-10-31,48,0,2,0,0
Congo,COG,2024-11-01,48,0,2,0,0
Congo,COG,2024-11-02,48,0,2,0,0
Congo,COG,2024-11-03,48,0,2,0,0
Congo,COG,2024-11-04,48,0,2,0,0
Congo,COG,2024-11-05,48,0,2,0,0
Congo,COG,2024-11-06,48,0,2,0,0
Congo,COG,2024-11-07,48,0,2,0,0
Congo,COG,2024-11-08,48,0,2,0,0
Congo,COG,2024-11-09,48,0,2,0,0
Congo,COG,2024-11-10,48,0,2,0,0
Congo,COG,2024-11-11,48,0,2,0,0
Congo,COG,2024-11-12,48,0,2,0,0
Congo,COG,2024-11-13,48,0,2,0,0
Congo,COG,2024-11-14,48,0,2,0,0
Congo,COG,2024-11-15,48,0,2,0,0
Congo,COG,2024-11-16,48,0,2,0,0
Congo,COG,2024-11-17,48,0,2,0,0
Congo,COG,2024-11-18,48,0,2,0,0
Congo,COG,2024-11-19,48,0,2,0,0
Congo,COG,2024-11-20,48,0,2,0,0
Congo,COG,2024-11-21,48,0,2,0,0
Congo,COG,2024-11-22,48,0,2,0,0
Congo,COG,2024-11-23,48,0,2,0,0
Congo,COG,2024-11-24,48,0,2,0,0
Congo,COG,2024-11-25,48,0,2,0,0
Congo,COG,2024-11-26,48,0,2,0,0
Congo,COG,2024-11-27,48,0,2,0,0
Congo,COG,2024-11-28,48,0,2,0,0
Congo,COG,2024-11-29,48,0,2,0,0
Congo,COG,2024-11-30,48,0,2,0,0
Congo,COG,2024-12-01,49,1,2,0,0.14
Congo,COG,2024-12-02,49,0,2,0,0.14
Congo,COG,2024-12-03,49,0,2,0,0.14
Congo,COG,2024-12-04,49,0,2,0,0.14
Congo,COG,2024-12-05,49,0,2,0,0.14
Congo,COG,2024-12-06,49,0,2,0,0.14
Congo,COG,2024-12-07,49,0,2,0,0.14
Congo,COG,2024-12-08,49,0,2,0,0
Congo,COG,2024-12-09,49,0,2,0,0
Congo,COG,2024-12-10,49,0,2,0,0
Congo,COG,2024-12-11,49,0,2,0,0
Congo,COG,2024-12-12,49,0,2,0,0
Congo,COG,2024-12-13,49,0,2,0,0
Congo,COG,2024-12-14,49,0,2,0,0
Congo,COG,2024-12-15,49,0,2,0,0
Congo,COG,2024-12-16,49,0,2,0,0
Congo,COG,2024-12-17,49,0,2,0,0
Congo,COG,2024-12-18,49,0,2,0,0
Congo,COG,2024-12-19,49,0,2,0,0
Congo,COG,2024-12-20,49,0,2,0,0
Congo,COG,2024-12-21,49,0,2,0,0
Congo,COG,2024-12-22,49,0,2,0,0
Congo,COG,2024-12-23,49,0,2,0,0
Congo,COG,2024-12-24,49,0,2,0,0
Congo,COG,2024-12-25,49,0,2,0,0
Congo,COG,2024-12-26,49,0,2,0,0
Congo,COG,2024-12-27,49,0,2,0,0
Congo,COG,2024-12-28,49,0,2,0,0
Congo,COG,2024-12-29,50,1,2,0,0.14
Congo,COG,2024-12-30,50,0,2,0,0.14
Congo,COG,2024-12-31,50,0,2,0,0.14
Congo,COG,2025-01-01,50,0,2,0,0.14
Congo,COG,2025-01-02,50,0,2,0,0.14
Congo,COG,2025-01-03,50,0,2,0,0.14
Congo,COG,2025-01-04,50,0,2,0,0.14
Congo,COG,2025-01-05,50,0,2,0,0
Congo,COG,2025-01-06,50,0,2,0,0
Congo,COG,2025-01-07,50,0,2,0,0
Congo,COG,2025-01-08,50,0,2,0,0
Congo,COG,2025-01-09,50,0,2,0,0
Congo,COG,2025-01-10,50,0,2,0,0
Congo,COG,2025-01-11,50,0,2,0,0
Congo,COG,2025-01-12,52,2,2,0,0.29
Congo,COG,2025-01-13,52,0,2,0,0.29
Congo,COG,2025-01-14,52,0,2,0,0.29
Congo,COG,2025-01-15,52,0,2,0,0.29
Congo,COG,2025-01-16,52,0,2,0,0.29
Congo,COG,2025-01-17,52,0,2,0,0.29
Congo,COG,2025-01-18,52,0,2,0,0.29
Congo,COG,2025-01-19,52,0,2,0,0
Congo,COG,2025-01-20,52,0,2,0,0
Congo,COG,2025-01-21,52,0,2,0,0
Congo,COG,2025-01-22,52,0,2,0,0
Congo,COG,2025-01-23,52,0,2,0,0
Congo,COG,2025-01-24,52,0,2,0,0
Congo,COG,2025-01-25,52,0,2,0,0
Congo,COG,2025-01-26,56,4,2,0,0.57
Congo,COG,2025-01-27,56,0,2,0,0.57
Congo,COG,2025-01-28,56,0,2,0,0.57
Congo,COG,2025-01-29,56,0,2,0,0.57
Congo,COG,2025-01-30,56,0,2,0,0.57
Congo,COG,2025-01-31,56,0,2,0,0.57
Congo,COG,2025-02-01,56,0,2,0,0.57
Congo,COG,2025-02-02,60,4,2,0,0.57
Congo,COG,2025-02-03,60,0,2,0,0.57
Congo,COG,2025-02-04,60,0,2,0,0.57
Congo,COG,2025-02-05,60,0,2,0,0.57
Congo,COG,2025-02-06,60,0,2,0,0.57
Congo,COG,2025-02-07,60,0,2,0,0.57
Congo,COG,2025-02-08,60,0,2,0,0.57
Congo,COG,2025-02-09,64,4,2,0,0.57
Congo,COG,2025-02-10,64,0,2,0,0.57
Congo,COG,2025-02-11,64,0,2,0,0.57
Congo,COG,2025-02-12,64,0,2,0,0.57
Congo,COG,2025-02-13,64,0,2,0,0.57
Congo,COG,2025-02-14,64,0,2,0,0.57
Congo,COG,2025-02-15,64,0,2,0,0.57
Congo,COG,2025-02-16,66,2,2,0,0.29
Congo,COG,2025-02-17,66,0,2,0,0.29
Congo,COG,2025-02-18,66,0,2,0,0.29
Congo,COG,2025-02-19,66,0,2,0,0.29
Congo,COG,2025-02-20,66,0,2,0,0.29
Congo,COG,2025-02-21,66,0,2,0,0.29
Congo,COG,2025-02-22,66,0,2,0,0.29
Congo,COG,2025-02-23,71,5,2,0,0.71
Congo,COG,2025-02-24,71,0,2,0,0.71
Congo,COG,2025-02-25,71,0,2,0,0.71
Congo,COG,2025-02-26,71,0,2,0,0.71
Congo,COG,2025-02-27,71,0,2,0,0.71
Congo,COG,2025-02-28,71,0,2,0,0.71
Congo,COG,2025-03-01,71,0,2,0,0.71
Congo,COG,2025-03-02,72,1,2,0,0.14
Congo,COG,2025-03-03,72,0,2,0,0.14
Congo,COG,2025-03-04,72,0,2,0,0.14
Congo,COG,2025-03-05,72,0,2,0,0.14
Congo,COG,2025-03-06,72,0,2,0,0.14
Congo,COG,2025-03-07,72,0,2,0,0.14
Congo,COG,2025-03-08,72,0,2,0,0.14
Congo,COG,2025-03-09,73,1,3,1,0.14
Congo,COG,2025-03-10,73,0,3,0,0.14
Congo,COG,2025-03-11,73,0,3,0,0.14
Congo,COG,2025-03-12,73,0,3,0,0.14
Congo,COG,2025-03-13,73,0,3,0,0.14
Congo,COG,2025-03-14,73,0,3,0,0.14
Congo,COG,2025-03-15,73,0,3,0,0.14
Congo,COG,2025-03-16,73,0,3,0,0
Congo,COG,2025-03-17,73,0,3,0,0
Congo,COG,2025-03-18,73,0,3,0,0
Congo,COG,2025-03-19,73,0,3,0,0
Congo,COG,2025-03-20,73,0,3,0,0
Congo,COG,2025-03-21,73,0,3,0,0
Congo,COG,2025-03-22,73,0,3,0,0
Congo,COG,2025-03-23,76,3,3,0,0.43
Congo,COG,2025-03-24,76,0,3,0,0.43
Congo,COG,2025-03-25,76,0,3,0,0.43
Congo,COG,2025-03-26,76,0,3,0,0.43
Congo,COG,2025-03-27,76,0,3,0,0.43
Congo,COG,2025-03-28,76,0,3,0,0.43
Congo,COG,2025-03-29,76,0,3,0,0.43
Congo,COG,2025-03-30,80,4,3,0,0.57
Congo,COG,2025-03-31,80,0,3,0,0.57
Congo,COG,2025-04-01,80,0,3,0,0.57
Congo,COG,2025-04-02,80,0,3,0,0.57
Congo,COG,2025-04-03,80,0,3,0,0.57
Congo,COG,2025-04-04,80,0,3,0,0.57
Congo,COG,2025-04-05,80,0,3,0,0.57
Congo,COG,2025-04-06,83,3,3,0,0.43
Congo,COG,2025-04-07,83,0,3,0,0.43
Congo,COG,2025-04-08,83,0,3,0,0.43
Congo,COG,2025-04-09,83,0,3,0,0.43
Congo,COG,2025-04-10,83,0,3,0,0.43
Congo,COG,2025-04-11,83,0,3,0,0.43
Congo,COG,2025-04-12,83,0,3,0,0.43
Congo,COG,2025-04-13,85,2,3,0,0.29
Congo,COG,2025-04-14,85,0,3,0,0.29
Congo,COG,2025-04-15,85,0,3,0,0.29
Congo,COG,2025-04-16,85,0,3,0,0.29
Congo,COG,2025-04-17,85,0,3,0,0.29
Congo,COG,2025-04-18,85,0,3,0,0.29
Congo,COG,2025-04-19,85,0,3,0,0.29
Congo,COG,2025-04-20,85,0,3,0,0
Congo,COG,2025-04-21,85,0,3,0,0
Congo,COG,2025-04-22,85,0,3,0,0
Congo,COG,2025-04-23,85,0,3,0,0
Congo,COG,2025-04-24,85,0,3,0,0
Congo,COG,2025-04-25,85,0,3,0,0
Congo,COG,2025-04-26,85,0,3,0,0
Congo,COG,2025-04-27,86,1,3,0,0.14
Congo,COG,2025-04-28,86,0,3,0,0.14
Congo,COG,2025-04-29,86,0,3,0,0.14
Congo,COG,2025-04-30,86,0,3,0,0.14
Congo,COG,2025-05-01,86,0,3,0,0.14
Congo,COG,2025-05-02,86,0,3,0,0.14
Congo,COG,2025-05-03,86,0,3,0,0.14
Congo,COG,2025-05-04,87,1,3,0,0.14
Congo,COG,2025-05-05,87,0,3,0,0.14
Congo,COG,2025-05-06,87,0,3,0,0.14
Congo,COG,2025-05-07,87,0,3,0,0.14
Congo,COG,2025-05-08,87,0,3,0,0.14
Congo,COG,2025-05-09,87,0,3,0,0.14
Congo,COG,2025-05-10,87,0,3,0,0.14
Congo,COG,2025-05-11,88,1,3,0,0.14
Congo,COG,2025-05-12,88,0,3,0,0.14
Congo,COG,2025-05-13,88,0,3,0,0.14
Congo,COG,2025-05-14,88,0,3,0,0.14
Congo,COG,2025-05-15,88,0,3,0,0.14
Congo,COG,2025-05-16,88,0,3,0,0.14
Congo,COG,2025-05-17,88,0,3,0,0.14
Congo,COG,2025-05-18,89,1,3,0,0.14
Congo,COG,2025-05-19,89,0,3,0,0.14
Congo,COG,2025-05-20,89,0,3,0,0.14
Congo,COG,2025-05-21,89,0,3,0,0.14
Congo,COG,2025-05-22,89,0,3,0,0.14
Congo,COG,2025-05-23,89,0,3,0,0.14
Congo,COG,2025-05-24,89,0,3,0,0.14
Congo,COG,2025-05-25,94,5,3,0,0.71
Congo,COG,2025-05-26,94,0,3,0,0.71
Congo,COG,2025-05-27,94,0,3,0,0.71
Congo,COG,2025-05-28,94,0,3,0,0.71
Congo,COG,2025-05-29,94,0,3,0,0.71
Congo,COG,2025-05-30,94,0,3,0,0.71
Congo,COG,2025-05-31,99,5,3,0,1.43
Congo,COG,2025-06-01,99,0,3,0,0.71
Congo,COG,2025-06-02,99,0,3,0,0.71
Congo,COG,2025-06-03,99,0,3,0,0.71
Congo,COG,2025-06-04,99,0,3,0,0.71
Congo,COG,2025-06-05,99,0,3,0,0.71
Congo,COG,2025-06-06,99,0,3,0,0.71
Congo,COG,2025-06-07,99,0,3,0,0
Congo,COG,2025-06-08,100,1,3,0,0.14
Congo,COG,2025-06-09,100,0,3,0,0.14
Congo,COG,2025-06-10,100,0,3,0,0.14
Congo,COG,2025-06-11,100,0,3,0,0.14
Congo,COG,2025-06-12,100,0,3,0,0.14
Congo,COG,2025-06-13,100,0,3,0,0.14
Congo,COG,2025-06-14,100,0,3,0,0.14
Congo,COG,2025-06-15,100,0,3,0,0
Congo,COG,2025-06-16,100,0,3,0,0
Congo,COG,2025-06-17,100,0,3,0,0
Congo,COG,2025-06-18,100,0,3,0,0
Congo,COG,2025-06-19,100,0,3,0,0
Congo,COG,2025-06-20,100,0,3,0,0
Congo,COG,2025-06-21,100,0,3,0,0
Congo,COG,2025-06-22,100,0,3,0,0
Congo,COG,2025-06-23,100,0,3,0,0
Congo,COG,2025-06-24,100,0,3,0,0
Congo,COG,2025-06-25,100,0,3,0,0
Congo,COG,2025-06-26,100,0,3,0,0
Congo,COG,2025-06-27,100,0,3,0,0
Congo,COG,2025-06-28,100,0,3,0,0
Congo,COG,2025-06-29,102,2,3,0,0.29
Congo,COG,2025-06-30,102,0,3,0,0.29
Congo,COG,2025-07-01,102,0,3,0,0.29
Congo,COG,2025-07-02,102,0,3,0,0.29
Congo,COG,2025-07-03,102,0,3,0,0.29
Congo,COG,2025-07-04,102,0,3,0,0.29
Congo,COG,2025-07-05,102,0,3,0,0.29
Congo,COG,2025-07-06,107,5,3,0,0.71
Congo,COG,2025-07-07,107,0,3,0,0.71
Congo,COG,2025-07-08,107,0,3,0,0.71
Congo,COG,2025-07-09,107,0,3,0,0.71
Congo,COG,2025-07-10,107,0,3,0,0.71
Congo,COG,2025-07-11,107,0,3,0,0.71
Congo,COG,2025-07-12,107,0,3,0,0.71
Congo,COG,2025-07-13,110,3,3,0,0.43
Congo,COG,2025-07-14,110,0,3,0,0.43
Congo,COG,2025-07-15,110,0,3,0,0.43
Congo,COG,2025-07-16,110,0,3,0,0.43
Congo,COG,2025-07-17,110,0,3,0,0.43
Congo,COG,2025-07-18,110,0,3,0,0.43
Congo,COG,2025-07-19,110,0,3,0,0.43
Congo,COG,2025-07-20,112,2,3,0,0.29
Congo,COG,2025-07-21,112,0,3,0,0.29
Congo,COG,2025-07-22,112,0,3,0,0.29
Congo,COG,2025-07-23,112,0,3,0,0.29
Congo,COG,2025-07-24,112,0,3,0,0.29
Congo,COG,2025-07-25,112,0,3,0,0.29
Congo,COG,2025-07-26,112,0,3,0,0.29
Congo,COG,2025-07-27,115,3,3,0,0.43
Congo,COG,2025-07-28,115,0,3,0,0.43
Congo,COG,2025-07-29,115,0,3,0,0.43
Congo,COG,2025-07-30,115,0,3,0,0.43
Congo,COG,2025-07-31,115,0,3,0,0.43
Congo,COG,2025-08-01,115,0,3,0,0.43
Congo,COG,2025-08-02,115,0,3,0,0.43
Congo,COG,2025-08-03,117,2,3,0,0.29
Congo,COG,2025-08-04,117,0,3,0,0.29
Congo,COG,2025-08-05,117,0,3,0,0.29
Congo,COG,2025-08-06,117,0,3,0,0.29
Congo,COG,2025-08-07,117,0,3,0,0.29
Congo,COG,2025-08-08,117,0,3,0,0.29
Congo,COG,2025-08-09,117,0,3,0,0.29
Congo,COG,2025-08-10,119,2,3,0,0.29
Congo,COG,2025-08-11,119,0,3,0,0.29
Congo,COG,2025-08-12,119,0,3,0,0.29
Congo,COG,2025-08-13,119,0,3,0,0.29
Congo,COG,2025-08-14,119,0,3,0,0.29
Congo,COG,2025-08-15,119,0,3,0,0.29
Congo,COG,2025-08-16,119,0,3,0,0.29
Congo,COG,2025-08-17,120,1,3,0,0.14
Congo,COG,2025-08-18,120,0,3,0,0.14
Congo,COG,2025-08-19,120,0,3,0,0.14
Congo,COG,2025-08-20,120,0,3,0,0.14
Congo,COG,2025-08-21,120,0,3,0,0.14
Congo,COG,2025-08-22,120,0,3,0,0.14
Congo,COG,2025-08-23,120,0,3,0,0.14
Congo,COG,2025-08-24,122,2,3,0,0.29
Congo,COG,2025-08-25,122,0,3,0,0.29
Congo,COG,2025-08-26,122,0,3,0,0.29
Congo,COG,2025-08-27,122,0,3,0,0.29
Congo,COG,2025-08-28,122,0,3,0,0.29
Congo,COG,2025-08-29,122,0,3,0,0.29
Congo,COG,2025-08-30,122,0,3,0,0.29
Congo,COG,2025-08-31,122,0,3,0,0
Congo,COG,2025-09-01,122,0,3,0,0
Congo,COG,2025-09-02,122,0,3,0,0
Congo,COG,2025-09-03,122,0,3,0,0
Congo,COG,2025-09-04,122,0,3,0,0
Congo,COG,2025-09-05,122,0,3,0,0
Congo,COG,2025-09-06,122,0,3,0,0
Congo,COG,2025-09-07,125,3,3,0,0.43
Congo,COG,2025-09-08,125,0,3,0,0.43
Congo,COG,2025-09-09,125,0,3,0,0.43
Congo,COG,2025-09-10,125,0,3,0,0.43
Congo,COG,2025-09-11,125,0,3,0,0.43
Congo,COG,2025-09-12,125,0,3,0,0.43
Congo,COG,2025-09-13,125,0,3,0,0.43
Congo,COG,2025-09-14,126,1,3,0,0.14
Congo,COG,2025-09-15,126,0,3,0,0.14
Congo,COG,2025-09-16,126,0,3,0,0.14
Congo,COG,2025-09-17,126,0,3,0,0.14
Congo,COG,2025-09-18,126,0,3,0,0.14
Congo,COG,2025-09-19,126,0,3,0,0.14
Congo,COG,2025-09-20,126,0,3,0,0.14
Congo,COG,2025-09-21,126,0,3,0,0
Congo,COG,2025-09-22,126,0,3,0,0
Congo,COG,2025-09-23,126,0,3,0,0
Congo,COG,2025-09-24,126,0,3,0,0
Congo,COG,2025-09-25,126,0,3,0,0
Congo,COG,2025-09-26,126,0,3,0,0
Congo,COG,2025-09-27,126,0,3,0,0
Congo,COG,2025-09-28,128,2,3,0,0.29
Congo,COG,2025-09-29,128,0,3,0,0.29
Congo,COG,2025-09-30,128,0,3,0,0.29
Congo,COG,2025-10-01,128,0,3,0,0.29
Congo,COG,2025-10-02,128,0,3,0,0.29
Congo,COG,2025-10-03,128,0,3,0,0.29
Congo,COG,2025-10-04,128,0,3,0,0.29
Congo,COG,2025-10-05,128,0,3,0,0
Congo,COG,2025-10-06,128,0,3,0,0
Congo,COG,2025-10-07,128,0,3,0,0
Congo,COG,2025-10-08,128,0,3,0,0
Congo,COG,2025-10-09,128,0,3,0,0
Congo,COG,2025-10-10,128,0,3,0,0
Congo,COG,2025-10-11,128,0,3,0,0
Congo,COG,2025-10-12,131,3,3,0,0.43
Congo,COG,2025-10-13,131,0,3,0,0.43
Congo,COG,2025-10-14,131,0,3,0,0.43
Congo,COG,2025-10-15,131,0,3,0,0.43
Congo,COG,2025-10-16,131,0,3,0,0.43
Congo,COG,2025-10-17,131,0,3,0,0.43
Congo,COG,2025-10-18,131,0,3,0,0.43
Congo,COG,2025-10-19,133,2,3,0,0.29
Congo,COG,2025-10-20,133,0,3,0,0.29
Congo,COG,2025-10-21,133,0,3,0,0.29
Congo,COG,2025-10-22,133,0,3,0,0.29
Congo,COG,2025-10-23,133,0,3,0,0.29
Congo,COG,2025-10-24,133,0,3,0,0.29
Congo,COG,2025-10-25,133,0,3,0,0.29
Congo,COG,2025-10-26,133,0,3,0,0
Congo,COG,2025-10-27,133,0,3,0,0
Congo,COG,2025-10-28,133,0,3,0,0
Congo,COG,2025-10-29,133,0,3,0,0
Congo,COG,2025-10-30,133,0,3,0,0
Congo,COG,2025-10-31,133,0,3,0,0
Congo,COG,2025-11-01,133,0,3,0,0
Congo,COG,2025-11-02,137,4,3,0,0.57
Congo,COG,2025-11-03,137,0,3,0,0.57
Congo,COG,2025-11-04,137,0,3,0,0.57
Congo,COG,2025-11-05,137,0,3,0,0.57
Congo,COG,2025-11-06,137,0,3,0,0.57
Congo,COG,2025-11-07,137,0,3,0,0.57
Congo,COG,2025-11-08,137,0,3,0,0.57
Congo,COG,2025-11-09,139,2,3,0,0.29
Congo,COG,2025-11-10,139,0,3,0,0.29
Congo,COG,2025-11-11,139,0,3,0,0.29
Congo,COG,2025-11-12,139,0,3,0,0.29
Congo,COG,2025-11-13,139,0,3,0,0.29
Congo,COG,2025-11-14,139,0,3,0,0.29
Congo,COG,2025-11-15,139,0,3,0,0.29
Congo,COG,2025-11-16,142,3,3,0,0.43
Congo,COG,2025-11-17,142,0,3,0,0.43
Congo,COG,2025-11-18,142,0,3,0,0.43
Congo,COG,2025-11-19,142,0,3,0,0.43
Congo,COG,2025-11-20,142,0,3,0,0.43
Congo,COG,2025-11-21,142,0,3,0,0.43
Congo,COG,2025-11-22,142,0,3,0,0.43
Congo,COG,2025-11-23,149,7,3,0,1
Congo,COG,2025-11-24,149,0,3,0,1
Congo,COG,2025-11-25,149,0,3,0,1
Congo,COG,2025-11-26,149,0,3,0,1
Congo,COG,2025-11-27,149,0,3,0,1
Congo,COG,2025-11-28,149,0,3,0,1
Congo,COG,2025-11-29,149,0,3,0,1
Congo,COG,2025-11-30,153,4,3,0,0.57
Congo,COG,2025-12-01,153,0,3,0,0.57
Congo,COG,2025-12-02,153,0,3,0,0.57
Congo,COG,2025-12-03,153,0,3,0,0.57
Congo,COG,2025-12-04,153,0,3,0,0.57
Congo,COG,2025-12-05,153,0,3,0,0.57
Congo,COG,2025-12-06,153,0,3,0,0.57
Congo,COG,2025-12-07,154,1,3,0,0.14
Congo,COG,2025-12-08,154,0,3,0,0.14
Congo,COG,2025-12-09,154,0,3,0,0.14
Congo,COG,2025-12-10,154,0,3,0,0.14
Congo,COG,2025-12-11,154,0,3,0,0.14
Congo,COG,2025-12-12,154,0,3,0,0.14
Congo,COG,2025-12-13,154,0,3,0,0.14
Congo,COG,2025-12-14,155,1,3,0,0.14
Congo,COG,2025-12-15,155,0,3,0,0.14
Congo,COG,2025-12-16,155,0,3,0,0.14
Congo,COG,2025-12-17,155,0,3,0,0.14
Congo,COG,2025-12-18,155,0,3,0,0.14
Congo,COG,2025-12-19,155,0,3,0,0.14
Congo,COG,2025-12-20,155,0,3,0,0.14
Congo,COG,2025-12-21,155,0,3,0,0
Congo,COG,2025-12-22,155,0,3,0,0
Congo,COG,2025-12-23,155,0,3,0,0
Congo,COG,2025-12-24,155,0,3,0,0
Congo,COG,2025-12-25,155,0,3,0,0
Congo,COG,2025-12-26,155,0,3,0,0
Congo,COG,2025-12-27,155,0,3,0,0
Congo,COG,2025-12-28,155,0,3,0,0
Congo,COG,2025-12-29,155,0,3,0,0
Congo,COG,2025-12-30,155,0,3,0,0
Congo,COG,2025-12-31,155,0,3,0,0
Congo,COG,2026-01-01,155,0,3,0,0
Congo,COG,2026-01-02,155,0,3,0,0
Congo,COG,2026-01-03,155,0,3,0,0
Congo,COG,2026-01-04,158,3,3,0,0.43
Congo,COG,2026-01-05,158,0,3,0,0.43
Congo,COG,2026-01-06,158,0,3,0,0.43
Congo,COG,2026-01-07,158,0,3,0,0.43
Congo,COG,2026-01-08,158,0,3,0,0.43
Congo,COG,2026-01-09,158,0,3,0,0.43
Congo,COG,2026-01-10,158,0,3,0,0.43
Congo,COG,2026-01-11,163,5,3,0,0.71
Congo,COG,2026-01-12,163,0,3,0,0.71
Congo,COG,2026-01-13,163,0,3,0,0.71
Congo,COG,2026-01-14,163,0,3,0,0.71
Congo,COG,2026-01-15,163,0,3,0,0.71
Congo,COG,2026-01-16,163,0,3,0,0.71
Congo,COG,2026-01-17,163,0,3,0,0.71
Congo,COG,2026-01-18,163,0,3,0,0
Congo,COG,2026-01-19,163,0,3,0,0
Congo,COG,2026-01-20,163,0,3,0,0
Congo,COG,2026-01-21,163,0,3,0,0
Congo,COG,2026-01-22,163,0,3,0,0
Congo,COG,2026-01-23,163,0,3,0,0
Congo,COG,2026-01-24,163,0,3,0,0
Congo,COG,2026-01-25,169,6,3,0,0.86
Congo,COG,2026-01-26,169,0,3,0,0.86
Congo,COG,2026-01-27,169,0,3,0,0.86
Congo,COG,2026-01-28,169,0,3,0,0.86
Congo,COG,2026-01-29,169,0,3,0,0.86
Congo,COG,2026-01-30,169,0,3,0,0.86
Congo,COG,2026-01-31,169,0,3,0,0.86
Congo,COG,2026-02-01,170,1,3,0,0.14
Congo,COG,2026-02-02,170,0,3,0,0.14
Congo,COG,2026-02-03,170,0,3,0,0.14
Congo,COG,2026-02-04,170,0,3,0,0.14
Congo,COG,2026-02-05,170,0,3,0,0.14
Congo,COG,2026-02-06,170,0,3,0,0.14
Congo,COG,2026-02-07,170,0,3,0,0.14
Congo,COG,2026-02-08,173,3,3,0,0.43
Congo,COG,2026-02-09,173,0,3,0,0.43
Congo,COG,2026-02-10,173,0,3,0,0.43
Congo,COG,2026-02-11,173,0,3,0,0.43
Congo,COG,2026-02-12,173,0,3,0,0.43
Congo,COG,2026-02-13,173,0,3,0,0.43
Congo,COG,2026-02-14,173,0,3,0,0.43
Congo,COG,2026-02-15,174,1,3,0,0.14
Congo,COG,2026-02-16,174,0,3,0,0.14
Congo,COG,2026-02-17,174,0,3,0,0.14
Congo,COG,2026-02-18,174,0,3,0,0.14
Congo,COG,2026-02-19,174,0,3,0,0.14
Congo,COG,2026-02-20,174,0,3,0,0.14
Congo,COG,2026-02-21,174,0,3,0,0.14
Congo,COG,2026-02-22,179,5,3,0,0.71
Congo,COG,2026-02-23,179,0,3,0,0.71
Congo,COG,2026-02-24,179,0,3,0,0.71
Congo,COG,2026-02-25,179,0,3,0,0.71
Congo,COG,2026-02-26,179,0,3,0,0.71
Congo,COG,2026-02-27,179,0,3,0,0.71
Congo,COG,2026-02-28,179,0,3,0,0.71
Congo,COG,2026-03-01,191,12,3,0,1.71
Congo,COG,2026-03-02,191,0,3,0,1.71
Congo,COG,2026-03-03,191,0,3,0,1.71
Congo,COG,2026-03-04,191,0,3,0,1.71
Congo,COG,2026-03-05,191,0,3,0,1.71
Congo,COG,2026-03-06,191,0,3,0,1.71
Congo,COG,2026-03-07,191,0,3,0,1.71
Congo,COG,2026-03-08,191,0,3,0,0
Congo,COG,2026-03-09,191,0,3,0,0
Congo,COG,2026-03-10,191,0,3,0,0
Congo,COG,2026-03-11,191,0,3,0,0
Congo,COG,2026-03-12,191,0,3,0,0
Congo,COG,2026-03-13,191,0,3,0,0
Congo,COG,2026-03-14,191,0,3,0,0
Congo,COG,2026-03-15,192,1,3,0,0.14
Congo,COG,2026-03-16,192,0,3,0,0.14
Congo,COG,2026-03-17,192,0,3,0,0.14
Congo,COG,2026-03-18,192,0,3,0,0.14
Congo,COG,2026-03-19,192,0,3,0,0.14
Congo,COG,2026-03-20,192,0,3,0,0.14
Congo,COG,2026-03-21,192,0,3,0,0.14
Congo,COG,2026-03-22,192,0,3,0,0
Congo,COG,2026-03-23,192,0,3,0,0
Congo,COG,2026-03-24,192,0,3,0,0
Congo,COG,2026-03-25,192,0,3,0,0
Congo,COG,2026-03-26,192,0,3,0,0
Congo,COG,2026-03-27,192,0,3,0,0
Congo,COG,2026-03-28,192,0,3,0,0
Congo,COG,2026-03-29,192,0,3,0,0
Congo,COG,2026-03-30,192,0,3,0,0
Congo,COG,2026-03-31,192,0,3,0,0
Congo,COG,2026-04-01,192,0,3,0,0
Congo,COG,2026-04-02,192,0,3,0,0
Congo,COG,2026-04-03,192,0,3,0,0
Congo,COG,2026-04-04,192,0,3,0,0
Congo,COG,2026-04-05,193,1,3,0,0.14
Cote d'Ivoire,CIV,2024-06-30,0,0,0,0,0
Cote d'Ivoire,CIV,2024-07-01,0,0,0,0,0
Cote d'Ivoire,CIV,2024-07-02,0,0,0,0,0
Cote d'Ivoire,CIV,2024-07-03,0,0,0,0,0
Cote d'Ivoire,CIV,2024-07-04,0,0,0,0,0
Cote d'Ivoire,CIV,2024-07-05,0,0,0,0,0
Cote d'Ivoire,CIV,2024-07-06,0,0,0,0,0
Cote d'Ivoire,CIV,2024-07-07,1,1,0,0,0.14
Cote d'Ivoire,CIV,2024-07-08,1,0,0,0,0.14
Cote d'Ivoire,CIV,2024-07-09,1,0,0,0,0.14
Cote d'Ivoire,CIV,2024-07-10,1,0,0,0,0.14
Cote d'Ivoire,CIV,2024-07-11,1,0,0,0,0.14
Cote d'Ivoire,CIV,2024-07-12,1,0,0,0,0.14
Cote d'Ivoire,CIV,2024-07-13,1,0,0,0,0.14
Cote d'Ivoire,CIV,2024-07-14,2,1,0,0,0.14
Cote d'Ivoire,CIV,2024-07-15,2,0,0,0,0.14
Cote d'Ivoire,CIV,2024-07-16,2,0,0,0,0.14
Cote d'Ivoire,CIV,2024-07-17,2,0,0,0,0.14
Cote d'Ivoire,CIV,2024-07-18,2,0,0,0,0.14
Cote d'Ivoire,CIV,2024-07-19,2,0,0,0,0.14
Cote d'Ivoire,CIV,2024-07-20,2,0,0,0,0.14
Cote d'Ivoire,CIV,2024-07-21,5,3,0,0,0.43
Cote d'Ivoire,CIV,2024-07-22,5,0,0,0,0.43
Cote d'Ivoire,CIV,2024-07-23,5,0,0,0,0.43
Cote d'Ivoire,CIV,2024-07-24,5,0,0,0,0.43
Cote d'Ivoire,CIV,2024-07-25,5,0,0,0,0.43
Cote d'Ivoire,CIV,2024-07-26,5,0,0,0,0.43
Cote d'Ivoire,CIV,2024-07-27,5,0,0,0,0.43
Cote d'Ivoire,CIV,2024-07-28,9,4,0,0,0.57
Cote d'Ivoire,CIV,2024-07-29,9,0,0,0,0.57
Cote d'Ivoire,CIV,2024-07-30,9,0,0,0,0.57
Cote d'Ivoire,CIV,2024-07-31,9,0,0,0,0.57
Cote d'Ivoire,CIV,2024-08-01,9,0,0,0,0.57
Cote d'Ivoire,CIV,2024-08-02,9,0,0,0,0.57
Cote d'Ivoire,CIV,2024-08-03,9,0,0,0,0.57
Cote d'Ivoire,CIV,2024-08-04,13,4,0,0,0.57
Cote d'Ivoire,CIV,2024-08-05,13,0,0,0,0.57
Cote d'Ivoire,CIV,2024-08-06,13,0,0,0,0.57
Cote d'Ivoire,CIV,2024-08-07,13,0,0,0,0.57
Cote d'Ivoire,CIV,2024-08-08,13,0,0,0,0.57
Cote d'Ivoire,CIV,2024-08-09,13,0,0,0,0.57
Cote d'Ivoire,CIV,2024-08-10,13,0,0,0,0.57
Cote d'Ivoire,CIV,2024-08-11,18,5,0,0,0.71
Cote d'Ivoire,CIV,2024-08-12,18,0,0,0,0.71
Cote d'Ivoire,CIV,2024-08-13,18,0,0,0,0.71
Cote d'Ivoire,CIV,2024-08-14,18,0,0,0,0.71
Cote d'Ivoire,CIV,2024-08-15,18,0,0,0,0.71
Cote d'Ivoire,CIV,2024-08-16,18,0,0,0,0.71
Cote d'Ivoire,CIV,2024-08-17,18,0,0,0,0.71
Cote d'Ivoire,CIV,2024-08-18,33,15,1,1,2.14
Cote d'Ivoire,CIV,2024-08-19,33,0,1,0,2.14
Cote d'Ivoire,CIV,2024-08-20,33,0,1,0,2.14
Cote d'Ivoire,CIV,2024-08-21,33,0,1,0,2.14
Cote d'Ivoire,CIV,2024-08-22,33,0,1,0,2.14
Cote d'Ivoire,CIV,2024-08-23,33,0,1,0,2.14
Cote d'Ivoire,CIV,2024-08-24,33,0,1,0,2.14
Cote d'Ivoire,CIV,2024-08-25,40,7,1,0,1
Cote d'Ivoire,CIV,2024-08-26,40,0,1,0,1
Cote d'Ivoire,CIV,2024-08-27,40,0,1,0,1
Cote d'Ivoire,CIV,2024-08-28,40,0,1,0,1
Cote d'Ivoire,CIV,2024-08-29,40,0,1,0,1
Cote d'Ivoire,CIV,2024-08-30,40,0,1,0,1
Cote d'Ivoire,CIV,2024-08-31,40,0,1,0,1
Cote d'Ivoire,CIV,2024-09-01,46,6,1,0,0.86
Cote d'Ivoire,CIV,2024-09-02,46,0,1,0,0.86
Cote d'Ivoire,CIV,2024-09-03,46,0,1,0,0.86
Cote d'Ivoire,CIV,2024-09-04,46,0,1,0,0.86
Cote d'Ivoire,CIV,2024-09-05,46,0,1,0,0.86
Cote d'Ivoire,CIV,2024-09-06,46,0,1,0,0.86
Cote d'Ivoire,CIV,2024-09-07,46,0,1,0,0.86
Cote d'Ivoire,CIV,2024-09-08,49,3,1,0,0.43
Cote d'Ivoire,CIV,2024-09-09,49,0,1,0,0.43
Cote d'Ivoire,CIV,2024-09-10,49,0,1,0,0.43
Cote d'Ivoire,CIV,2024-09-11,49,0,1,0,0.43
Cote d'Ivoire,CIV,2024-09-12,49,0,1,0,0.43
Cote d'Ivoire,CIV,2024-09-13,49,0,1,0,0.43
Cote d'Ivoire,CIV,2024-09-14,49,0,1,0,0.43
Cote d'Ivoire,CIV,2024-09-15,61,12,1,0,1.71
Cote d'Ivoire,CIV,2024-09-16,61,0,1,0,1.71
Cote d'Ivoire,CIV,2024-09-17,61,0,1,0,1.71
Cote d'Ivoire,CIV,2024-09-18,61,0,1,0,1.71
Cote d'Ivoire,CIV,2024-09-19,61,0,1,0,1.71
Cote d'Ivoire,CIV,2024-09-20,61,0,1,0,1.71
Cote d'Ivoire,CIV,2024-09-21,61,0,1,0,1.71
Cote d'Ivoire,CIV,2024-09-22,68,7,1,0,1
Cote d'Ivoire,CIV,2024-09-23,68,0,1,0,1
Cote d'Ivoire,CIV,2024-09-24,68,0,1,0,1
Cote d'Ivoire,CIV,2024-09-25,68,0,1,0,1
Cote d'Ivoire,CIV,2024-09-26,68,0,1,0,1
Cote d'Ivoire,CIV,2024-09-27,68,0,1,0,1
Cote d'Ivoire,CIV,2024-09-28,68,0,1,0,1
Cote d'Ivoire,CIV,2024-09-29,71,3,1,0,0.43
Cote d'Ivoire,CIV,2024-09-30,71,0,1,0,0.43
Cote d'Ivoire,CIV,2024-10-01,71,0,1,0,0.43
Cote d'Ivoire,CIV,2024-10-02,71,0,1,0,0.43
Cote d'Ivoire,CIV,2024-10-03,71,0,1,0,0.43
Cote d'Ivoire,CIV,2024-10-04,71,0,1,0,0.43
Cote d'Ivoire,CIV,2024-10-05,71,0,1,0,0.43
Cote d'Ivoire,CIV,2024-10-06,78,7,1,0,1
Cote d'Ivoire,CIV,2024-10-07,78,0,1,0,1
Cote d'Ivoire,CIV,2024-10-08,78,0,1,0,1
Cote d'Ivoire,CIV,2024-10-09,78,0,1,0,1
Cote d'Ivoire,CIV,2024-10-10,78,0,1,0,1
Cote d'Ivoire,CIV,2024-10-11,78,0,1,0,1
Cote d'Ivoire,CIV,2024-10-12,78,0,1,0,1
Cote d'Ivoire,CIV,2024-10-13,84,6,1,0,0.86
Cote d'Ivoire,CIV,2024-10-14,84,0,1,0,0.86
Cote d'Ivoire,CIV,2024-10-15,84,0,1,0,0.86
Cote d'Ivoire,CIV,2024-10-16,84,0,1,0,0.86
Cote d'Ivoire,CIV,2024-10-17,84,0,1,0,0.86
Cote d'Ivoire,CIV,2024-10-18,84,0,1,0,0.86
Cote d'Ivoire,CIV,2024-10-19,84,0,1,0,0.86
Cote d'Ivoire,CIV,2024-10-20,89,5,1,0,0.71
Cote d'Ivoire,CIV,2024-10-21,89,0,1,0,0.71
Cote d'Ivoire,CIV,2024-10-22,89,0,1,0,0.71
Cote d'Ivoire,CIV,2024-10-23,89,0,1,0,0.71
Cote d'Ivoire,CIV,2024-10-24,89,0,1,0,0.71
Cote d'Ivoire,CIV,2024-10-25,89,0,1,0,0.71
Cote d'Ivoire,CIV,2024-10-26,89,0,1,0,0.71
Cote d'Ivoire,CIV,2024-10-27,91,2,1,0,0.29
Cote d'Ivoire,CIV,2024-10-28,91,0,1,0,0.29
Cote d'Ivoire,CIV,2024-10-29,91,0,1,0,0.29
Cote d'Ivoire,CIV,2024-10-30,91,0,1,0,0.29
Cote d'Ivoire,CIV,2024-10-31,91,0,1,0,0.29
Cote d'Ivoire,CIV,2024-11-01,91,0,1,0,0.29
Cote d'Ivoire,CIV,2024-11-02,91,0,1,0,0.29
Cote d'Ivoire,CIV,2024-11-03,92,1,1,0,0.14
Cote d'Ivoire,CIV,2024-11-04,92,0,1,0,0.14
Cote d'Ivoire,CIV,2024-11-05,92,0,1,0,0.14
Cote d'Ivoire,CIV,2024-11-06,92,0,1,0,0.14
Cote d'Ivoire,CIV,2024-11-07,92,0,1,0,0.14
Cote d'Ivoire,CIV,2024-11-08,92,0,1,0,0.14
Cote d'Ivoire,CIV,2024-11-09,92,0,1,0,0.14
Cote d'Ivoire,CIV,2024-11-10,96,4,1,0,0.57
Cote d'Ivoire,CIV,2024-11-11,96,0,1,0,0.57
Cote d'Ivoire,CIV,2024-11-12,96,0,1,0,0.57
Cote d'Ivoire,CIV,2024-11-13,96,0,1,0,0.57
Cote d'Ivoire,CIV,2024-11-14,96,0,1,0,0.57
Cote d'Ivoire,CIV,2024-11-15,96,0,1,0,0.57
Cote d'Ivoire,CIV,2024-11-16,96,0,1,0,0.57
Cote d'Ivoire,CIV,2024-11-17,101,5,1,0,0.71
Cote d'Ivoire,CIV,2024-11-18,101,0,1,0,0.71
Cote d'Ivoire,CIV,2024-11-19,101,0,1,0,0.71
Cote d'Ivoire,CIV,2024-11-20,101,0,1,0,0.71
Cote d'Ivoire,CIV,2024-11-21,101,0,1,0,0.71
Cote d'Ivoire,CIV,2024-11-22,101,0,1,0,0.71
Cote d'Ivoire,CIV,2024-11-23,101,0,1,0,0.71
Cote d'Ivoire,CIV,2024-11-24,103,2,1,0,0.29
Cote d'Ivoire,CIV,2024-11-25,103,0,1,0,0.29
Cote d'Ivoire,CIV,2024-11-26,103,0,1,0,0.29
Cote d'Ivoire,CIV,2024-11-27,103,0,1,0,0.29
Cote d'Ivoire,CIV,2024-11-28,103,0,1,0,0.29
Cote d'Ivoire,CIV,2024-11-29,103,0,1,0,0.29
Cote d'Ivoire,CIV,2024-11-30,103,0,1,0,0.29
Cote d'Ivoire,CIV,2024-12-01,107,4,1,0,0.57
Cote d'Ivoire,CIV,2024-12-02,107,0,1,0,0.57
Cote d'Ivoire,CIV,2024-12-03,107,0,1,0,0.57
Cote d'Ivoire,CIV,2024-12-04,107,0,1,0,0.57
Cote d'Ivoire,CIV,2024-12-05,107,0,1,0,0.57
Cote d'Ivoire,CIV,2024-12-06,107,0,1,0,0.57
Cote d'Ivoire,CIV,2024-12-07,107,0,1,0,0.57
Cote d'Ivoire,CIV,2024-12-08,107,0,1,0,0
Cote d'Ivoire,CIV,2024-12-09,107,0,1,0,0
Cote d'Ivoire,CIV,2024-12-10,107,0,1,0,0
Cote d'Ivoire,CIV,2024-12-11,107,0,1,0,0
Cote d'Ivoire,CIV,2024-12-12,107,0,1,0,0
Cote d'Ivoire,CIV,2024-12-13,107,0,1,0,0
Cote d'Ivoire,CIV,2024-12-14,107,0,1,0,0
Cote d'Ivoire,CIV,2024-12-15,107,0,1,0,0
Cote d'Ivoire,CIV,2024-12-16,107,0,1,0,0
Cote d'Ivoire,CIV,2024-12-17,107,0,1,0,0
Cote d'Ivoire,CIV,2024-12-18,107,0,1,0,0
Cote d'Ivoire,CIV,2024-12-19,107,0,1,0,0
Cote d'Ivoire,CIV,2024-12-20,107,0,1,0,0
Cote d'Ivoire,CIV,2024-12-21,107,0,1,0,0
Cote d'Ivoire,CIV,2024-12-22,107,0,1,0,0
Cote d'Ivoire,CIV,2024-12-23,107,0,1,0,0
Cote d'Ivoire,CIV,2024-12-24,107,0,1,0,0
Cote d'Ivoire,CIV,2024-12-25,107,0,1,0,0
Cote d'Ivoire,CIV,2024-12-26,107,0,1,0,0
Cote d'Ivoire,CIV,2024-12-27,107,0,1,0,0
Cote d'Ivoire,CIV,2024-12-28,107,0,1,0,0
Cote d'Ivoire,CIV,2024-12-29,107,0,1,0,0
Cote d'Ivoire,CIV,2024-12-30,107,0,1,0,0
Cote d'Ivoire,CIV,2024-12-31,107,0,1,0,0
Cote d'Ivoire,CIV,2025-01-01,107,0,1,0,0
Cote d'Ivoire,CIV,2025-01-02,107,0,1,0,0
Cote d'Ivoire,CIV,2025-01-03,107,0,1,0,0
Cote d'Ivoire,CIV,2025-01-04,107,0,1,0,0
Cote d'Ivoire,CIV,2025-01-05,107,0,1,0,0
Cote d'Ivoire,CIV,2025-01-06,107,0,1,0,0
Cote d'Ivoire,CIV,2025-01-07,107,0,1,0,0
Cote d'Ivoire,CIV,2025-01-08,107,0,1,0,0
Cote d'Ivoire,CIV,2025-01-09,107,0,1,0,0
Cote d'Ivoire,CIV,2025-01-10,107,0,1,0,0
Cote d'Ivoire,CIV,2025-01-11,107,0,1,0,0
Cote d'Ivoire,CIV,2025-01-12,107,0,1,0,0
Cote d'Ivoire,CIV,2025-01-13,107,0,1,0,0
Cote d'Ivoire,CIV,2025-01-14,107,0,1,0,0
Cote d'Ivoire,CIV,2025-01-15,107,0,1,0,0
Cote d'Ivoire,CIV,2025-01-16,107,0,1,0,0
Cote d'Ivoire,CIV,2025-01-17,107,0,1,0,0
Cote d'Ivoire,CIV,2025-01-18,107,0,1,0,0
Cote d'Ivoire,CIV,2025-01-19,108,1,1,0,0.14
Cote d'Ivoire,CIV,2025-01-20,108,0,1,0,0.14
Cote d'Ivoire,CIV,2025-01-21,108,0,1,0,0.14
Cote d'Ivoire,CIV,2025-01-22,108,0,1,0,0.14
Cote d'Ivoire,CIV,2025-01-23,108,0,1,0,0.14
Cote d'Ivoire,CIV,2025-01-24,108,0,1,0,0.14
Cote d'Ivoire,CIV,2025-01-25,108,0,1,0,0.14
Cote d'Ivoire,CIV,2025-01-26,109,1,1,0,0.14
Cote d'Ivoire,CIV,2025-01-27,109,0,1,0,0.14
Cote d'Ivoire,CIV,2025-01-28,109,0,1,0,0.14
Cote d'Ivoire,CIV,2025-01-29,109,0,1,0,0.14
Cote d'Ivoire,CIV,2025-01-30,109,0,1,0,0.14
Cote d'Ivoire,CIV,2025-01-31,109,0,1,0,0.14
Cote d'Ivoire,CIV,2025-02-01,109,0,1,0,0.14
Cote d'Ivoire,CIV,2025-02-02,110,1,1,0,0.14
Cote d'Ivoire,CIV,2025-02-03,110,0,1,0,0.14
Cote d'Ivoire,CIV,2025-02-04,110,0,1,0,0.14
Cote d'Ivoire,CIV,2025-02-05,110,0,1,0,0.14
Cote d'Ivoire,CIV,2025-02-06,110,0,1,0,0.14
Cote d'Ivoire,CIV,2025-02-07,110,0,1,0,0.14
Cote d'Ivoire,CIV,2025-02-08,110,0,1,0,0.14
Cote d'Ivoire,CIV,2025-02-09,111,1,1,0,0.14
Cote d'Ivoire,CIV,2025-02-10,111,0,1,0,0.14
Cote d'Ivoire,CIV,2025-02-11,111,0,1,0,0.14
Cote d'Ivoire,CIV,2025-02-12,111,0,1,0,0.14
Cote d'Ivoire,CIV,2025-02-13,111,0,1,0,0.14
Cote d'Ivoire,CIV,2025-02-14,111,0,1,0,0.14
Cote d'Ivoire,CIV,2025-02-15,111,0,1,0,0.14
Cote d'Ivoire,CIV,2025-02-16,111,0,1,0,0
Cote d'Ivoire,CIV,2025-02-17,111,0,1,0,0
Cote d'Ivoire,CIV,2025-02-18,111,0,1,0,0
Cote d'Ivoire,CIV,2025-02-19,111,0,1,0,0
Cote d'Ivoire,CIV,2025-02-20,111,0,1,0,0
Cote d'Ivoire,CIV,2025-02-21,111,0,1,0,0
Cote d'Ivoire,CIV,2025-02-22,111,0,1,0,0
Cote d'Ivoire,CIV,2025-02-23,113,2,1,0,0.29
Cote d'Ivoire,CIV,2025-02-24,113,0,1,0,0.29
Cote d'Ivoire,CIV,2025-02-25,113,0,1,0,0.29
Cote d'Ivoire,CIV,2025-02-26,113,0,1,0,0.29
Cote d'Ivoire,CIV,2025-02-27,113,0,1,0,0.29
Cote d'Ivoire,CIV,2025-02-28,113,0,1,0,0.29
Cote d'Ivoire,CIV,2025-03-01,113,0,1,0,0.29
Cote d'Ivoire,CIV,2025-03-02,117,4,1,0,0.57
Cote d'Ivoire,CIV,2025-03-03,117,0,1,0,0.57
Cote d'Ivoire,CIV,2025-03-04,117,0,1,0,0.57
Cote d'Ivoire,CIV,2025-03-05,117,0,1,0,0.57
Cote d'Ivoire,CIV,2025-03-06,117,0,1,0,0.57
Cote d'Ivoire,CIV,2025-03-07,117,0,1,0,0.57
Cote d'Ivoire,CIV,2025-03-08,117,0,1,0,0.57
Cote d'Ivoire,CIV,2025-03-09,118,1,1,0,0.14
Cote d'Ivoire,CIV,2025-03-10,118,0,1,0,0.14
Cote d'Ivoire,CIV,2025-03-11,118,0,1,0,0.14
Cote d'Ivoire,CIV,2025-03-12,118,0,1,0,0.14
Cote d'Ivoire,CIV,2025-03-13,118,0,1,0,0.14
Cote d'Ivoire,CIV,2025-03-14,118,0,1,0,0.14
Cote d'Ivoire,CIV,2025-03-15,118,0,1,0,0.14
Cote d'Ivoire,CIV,2025-03-16,118,0,1,0,0
Cote d'Ivoire,CIV,2025-03-17,118,0,1,0,0
Cote d'Ivoire,CIV,2025-03-18,118,0,1,0,0
Cote d'Ivoire,CIV,2025-03-19,118,0,1,0,0
Cote d'Ivoire,CIV,2025-03-20,118,0,1,0,0
Cote d'Ivoire,CIV,2025-03-21,118,0,1,0,0
Cote d'Ivoire,CIV,2025-03-22,118,0,1,0,0
Cote d'Ivoire,CIV,2025-03-23,119,1,1,0,0.14
Cote d'Ivoire,CIV,2025-03-24,119,0,1,0,0.14
Cote d'Ivoire,CIV,2025-03-25,119,0,1,0,0.14
Cote d'Ivoire,CIV,2025-03-26,119,0,1,0,0.14
Cote d'Ivoire,CIV,2025-03-27,119,0,1,0,0.14
Cote d'Ivoire,CIV,2025-03-28,119,0,1,0,0.14
Cote d'Ivoire,CIV,2025-03-29,119,0,1,0,0.14
Cote d'Ivoire,CIV,2025-03-30,119,0,1,0,0
Cote d'Ivoire,CIV,2025-03-31,119,0,1,0,0
Cote d'Ivoire,CIV,2025-04-01,119,0,1,0,0
Cote d'Ivoire,CIV,2025-04-02,119,0,1,0,0
Cote d'Ivoire,CIV,2025-04-03,119,0,1,0,0
Cote d'Ivoire,CIV,2025-04-04,119,0,1,0,0
Cote d'Ivoire,CIV,2025-04-05,119,0,1,0,0
Cote d'Ivoire,CIV,2025-04-06,119,0,1,0,0
Cote d'Ivoire,CIV,2025-04-07,119,0,1,0,0
Cote d'Ivoire,CIV,2025-04-08,119,0,1,0,0
Cote d'Ivoire,CIV,2025-04-09,119,0,1,0,0
Cote d'Ivoire,CIV,2025-04-10,119,0,1,0,0
Cote d'Ivoire,CIV,2025-04-11,119,0,1,0,0
Cote d'Ivoire,CIV,2025-04-12,119,0,1,0,0
Cote d'Ivoire,CIV,2025-04-13,119,0,1,0,0
Cote d'Ivoire,CIV,2025-04-14,119,0,1,0,0
Cote d'Ivoire,CIV,2025-04-15,119,0,1,0,0
Cote d'Ivoire,CIV,2025-04-16,119,0,1,0,0
Cote d'Ivoire,CIV,2025-04-17,119,0,1,0,0
Cote d'Ivoire,CIV,2025-04-18,119,0,1,0,0
Cote d'Ivoire,CIV,2025-04-19,119,0,1,0,0
Cote d'Ivoire,CIV,2025-04-20,119,0,1,0,0
Cote d'Ivoire,CIV,2025-04-21,119,0,1,0,0
Cote d'Ivoire,CIV,2025-04-22,119,0,1,0,0
Cote d'Ivoire,CIV,2025-04-23,119,0,1,0,0
Cote d'Ivoire,CIV,2025-04-24,119,0,1,0,0
Cote d'Ivoire,CIV,2025-04-25,119,0,1,0,0
Cote d'Ivoire,CIV,2025-04-26,119,0,1,0,0
Cote d'Ivoire,CIV,2025-04-27,121,2,1,0,0.29
Cote d'Ivoire,CIV,2025-04-28,121,0,1,0,0.29
Cote d'Ivoire,CIV,2025-04-29,121,0,1,0,0.29
Cote d'Ivoire,CIV,2025-04-30,121,0,1,0,0.29
Cote d'Ivoire,CIV,2025-05-01,121,0,1,0,0.29
Cote d'Ivoire,CIV,2025-05-02,121,0,1,0,0.29
Cote d'Ivoire,CIV,2025-05-03,121,0,1,0,0.29
Cote d'Ivoire,CIV,2025-05-04,122,1,1,0,0.14
Cote d'Ivoire,CIV,2025-05-05,122,0,1,0,0.14
Cote d'Ivoire,CIV,2025-05-06,122,0,1,0,0.14
Cote d'Ivoire,CIV,2025-05-07,122,0,1,0,0.14
Cote d'Ivoire,CIV,2025-05-08,122,0,1,0,0.14
Cote d'Ivoire,CIV,2025-05-09,122,0,1,0,0.14
Cote d'Ivoire,CIV,2025-05-10,122,0,1,0,0.14
Cote d'Ivoire,CIV,2025-05-11,130,8,1,0,1.14
Cote d'Ivoire,CIV,2025-05-12,130,0,1,0,1.14
Cote d'Ivoire,CIV,2025-05-13,130,0,1,0,1.14
Cote d'Ivoire,CIV,2025-05-14,130,0,1,0,1.14
Cote d'Ivoire,CIV,2025-05-15,130,0,1,0,1.14
Cote d'Ivoire,CIV,2025-05-16,130,0,1,0,1.14
Cote d'Ivoire,CIV,2025-05-17,130,0,1,0,1.14
Cote d'Ivoire,CIV,2025-05-18,130,0,1,0,0
Cote d'Ivoire,CIV,2025-05-19,130,0,1,0,0
Cote d'Ivoire,CIV,2025-05-20,130,0,1,0,0
Cote d'Ivoire,CIV,2025-05-21,130,0,1,0,0
Cote d'Ivoire,CIV,2025-05-22,130,0,1,0,0
Cote d'Ivoire,CIV,2025-05-23,130,0,1,0,0
Cote d'Ivoire,CIV,2025-05-24,130,0,1,0,0
Cote d'Ivoire,CIV,2025-05-25,132,2,1,0,0.29
Cote d'Ivoire,CIV,2025-05-26,132,0,1,0,0.29
Cote d'Ivoire,CIV,2025-05-27,132,0,1,0,0.29
Cote d'Ivoire,CIV,2025-05-28,132,0,1,0,0.29
Cote d'Ivoire,CIV,2025-05-29,132,0,1,0,0.29
Cote d'Ivoire,CIV,2025-05-30,132,0,1,0,0.29
Cote d'Ivoire,CIV,2025-05-31,132,0,1,0,0.29
Cote d'Ivoire,CIV,2025-06-01,133,1,1,0,0.14
Cote d'Ivoire,CIV,2025-06-02,133,0,1,0,0.14
Cote d'Ivoire,CIV,2025-06-03,133,0,1,0,0.14
Cote d'Ivoire,CIV,2025-06-04,133,0,1,0,0.14
Cote d'Ivoire,CIV,2025-06-05,133,0,1,0,0.14
Cote d'Ivoire,CIV,2025-06-06,133,0,1,0,0.14
Cote d'Ivoire,CIV,2025-06-07,133,0,1,0,0.14
Cote d'Ivoire,CIV,2025-06-08,133,0,1,0,0
Cote d'Ivoire,CIV,2025-06-09,133,0,1,0,0
Cote d'Ivoire,CIV,2025-06-10,133,0,1,0,0
Cote d'Ivoire,CIV,2025-06-11,133,0,1,0,0
Cote d'Ivoire,CIV,2025-06-12,133,0,1,0,0
Cote d'Ivoire,CIV,2025-06-13,133,0,1,0,0
Cote d'Ivoire,CIV,2025-06-14,133,0,1,0,0
Cote d'Ivoire,CIV,2025-06-15,135,2,1,0,0.29
Cote d'Ivoire,CIV,2025-06-16,135,0,1,0,0.29
Cote d'Ivoire,CIV,2025-06-17,135,0,1,0,0.29
Cote d'Ivoire,CIV,2025-06-18,135,0,1,0,0.29
Cote d'Ivoire,CIV,2025-06-19,135,0,1,0,0.29
Cote d'Ivoire,CIV,2025-06-20,135,0,1,0,0.29
Cote d'Ivoire,CIV,2025-06-21,135,0,1,0,0.29
Cote d'Ivoire,CIV,2025-06-22,142,7,1,0,1
Cote d'Ivoire,CIV,2025-06-23,142,0,1,0,1
Cote d'Ivoire,CIV,2025-06-24,142,0,1,0,1
Cote d'Ivoire,CIV,2025-06-25,142,0,1,0,1
Cote d'Ivoire,CIV,2025-06-26,142,0,1,0,1
Cote d'Ivoire,CIV,2025-06-27,142,0,1,0,1
Cote d'Ivoire,CIV,2025-06-28,142,0,1,0,1
Cote d'Ivoire,CIV,2025-06-29,143,1,1,0,0.14
Cote d'Ivoire,CIV,2025-06-30,143,0,1,0,0.14
Cote d'Ivoire,CIV,2025-07-01,143,0,1,0,0.14
Cote d'Ivoire,CIV,2025-07-02,143,0,1,0,0.14
Cote d'Ivoire,CIV,2025-07-03,143,0,1,0,0.14
Cote d'Ivoire,CIV,2025-07-04,143,0,1,0,0.14
Cote d'Ivoire,CIV,2025-07-05,143,0,1,0,0.14
Cote d'Ivoire,CIV,2025-07-06,145,2,1,0,0.29
Cote d'Ivoire,CIV,2025-07-07,145,0,1,0,0.29
Cote d'Ivoire,CIV,2025-07-08,145,0,1,0,0.29
Cote d'Ivoire,CIV,2025-07-09,145,0,1,0,0.29
Cote d'Ivoire,CIV,2025-07-10,145,0,1,0,0.29
Cote d'Ivoire,CIV,2025-07-11,145,0,1,0,0.29
Cote d'Ivoire,CIV,2025-07-12,145,0,1,0,0.29
Cote d'Ivoire,CIV,2025-07-13,157,12,2,1,1.71
Cote d'Ivoire,CIV,2025-07-14,157,0,2,0,1.71
Cote d'Ivoire,CIV,2025-07-15,157,0,2,0,1.71
Cote d'Ivoire,CIV,2025-07-16,157,0,2,0,1.71
Cote d'Ivoire,CIV,2025-07-17,157,0,2,0,1.71
Cote d'Ivoire,CIV,2025-07-18,157,0,2,0,1.71
Cote d'Ivoire,CIV,2025-07-19,157,0,2,0,1.71
Cote d'Ivoire,CIV,2025-07-20,157,0,2,0,0
Cote d'Ivoire,CIV,2025-07-21,157,0,2,0,0
Cote d'Ivoire,CIV,2025-07-22,157,0,2,0,0
Cote d'Ivoire,CIV,2025-07-23,157,0,2,0,0
Cote d'Ivoire,CIV,2025-07-24,157,0,2,0,0
Cote d'Ivoire,CIV,2025-07-25,157,0,2,0,0
Cote d'Ivoire,CIV,2025-07-26,157,0,2,0,0
Cote d'Ivoire,CIV,2025-07-27,160,3,2,0,0.43
Cote d'Ivoire,CIV,2025-07-28,160,0,2,0,0.43
Cote d'Ivoire,CIV,2025-07-29,160,0,2,0,0.43
Cote d'Ivoire,CIV,2025-07-30,160,0,2,0,0.43
Cote d'Ivoire,CIV,2025-07-31,160,0,2,0,0.43
Cote d'Ivoire,CIV,2025-08-01,160,0,2,0,0.43
Cote d'Ivoire,CIV,2025-08-02,160,0,2,0,0.43
Cote d'Ivoire,CIV,2025-08-03,162,2,2,0,0.29
Cote d'Ivoire,CIV,2025-08-04,162,0,2,0,0.29
Cote d'Ivoire,CIV,2025-08-05,162,0,2,0,0.29
Cote d'Ivoire,CIV,2025-08-06,162,0,2,0,0.29
Cote d'Ivoire,CIV,2025-08-07,162,0,2,0,0.29
Cote d'Ivoire,CIV,2025-08-08,162,0,2,0,0.29
Cote d'Ivoire,CIV,2025-08-09,162,0,2,0,0.29
Cote d'Ivoire,CIV,2025-08-10,167,5,2,0,0.71
Cote d'Ivoire,CIV,2025-08-11,167,0,2,0,0.71
Cote d'Ivoire,CIV,2025-08-12,167,0,2,0,0.71
Cote d'Ivoire,CIV,2025-08-13,167,0,2,0,0.71
Cote d'Ivoire,CIV,2025-08-14,167,0,2,0,0.71
Cote d'Ivoire,CIV,2025-08-15,167,0,2,0,0.71
Cote d'Ivoire,CIV,2025-08-16,167,0,2,0,0.71
Cote d'Ivoire,CIV,2025-08-17,171,4,2,0,0.57
Cote d'Ivoire,CIV,2025-08-18,171,0,2,0,0.57
Cote d'Ivoire,CIV,2025-08-19,171,0,2,0,0.57
Cote d'Ivoire,CIV,2025-08-20,171,0,2,0,0.57
Cote d'Ivoire,CIV,2025-08-21,171,0,2,0,0.57
Cote d'Ivoire,CIV,2025-08-22,171,0,2,0,0.57
Cote d'Ivoire,CIV,2025-08-23,171,0,2,0,0.57
Cote d'Ivoire,CIV,2025-08-24,175,4,2,0,0.57
Cote d'Ivoire,CIV,2025-08-25,175,0,2,0,0.57
Cote d'Ivoire,CIV,2025-08-26,175,0,2,0,0.57
Cote d'Ivoire,CIV,2025-08-27,175,0,2,0,0.57
Cote d'Ivoire,CIV,2025-08-28,175,0,2,0,0.57
Cote d'Ivoire,CIV,2025-08-29,175,0,2,0,0.57
Cote d'Ivoire,CIV,2025-08-30,175,0,2,0,0.57
Cote d'Ivoire,CIV,2025-08-31,186,11,2,0,1.57
Democratic Republic of Congo,COD,2023-01-08,1,1,0,0,0.14
Democratic Republic of Congo,COD,2023-01-09,1,0,0,0,0.14
Democratic Republic of Congo,COD,2023-01-10,1,0,0,0,0.14
Democratic Republic of Congo,COD,2023-01-11,1,0,0,0,0.14
Democratic Republic of Congo,COD,2023-01-12,1,0,0,0,0.14
Democratic Republic of Congo,COD,2023-01-13,1,0,0,0,0.14
Democratic Republic of Congo,COD,2023-01-14,1,0,0,0,0.14
Democratic Republic of Congo,COD,2023-01-15,2,1,0,0,0.14
Democratic Republic of Congo,COD,2023-01-16,2,0,0,0,0.14
Democratic Republic of Congo,COD,2023-01-17,2,0,0,0,0.14
Democratic Republic of Congo,COD,2023-01-18,2,0,0,0,0.14
Democratic Republic of Congo,COD,2023-01-19,2,0,0,0,0.14
Democratic Republic of Congo,COD,2023-01-20,2,0,0,0,0.14
Democratic Republic of Congo,COD,2023-01-21,2,0,0,0,0.14
Democratic Republic of Congo,COD,2023-01-22,6,4,0,0,0.57
Democratic Republic of Congo,COD,2023-01-23,6,0,0,0,0.57
Democratic Republic of Congo,COD,2023-01-24,6,0,0,0,0.57
Democratic Republic of Congo,COD,2023-01-25,6,0,0,0,0.57
Democratic Republic of Congo,COD,2023-01-26,6,0,0,0,0.57
Democratic Republic of Congo,COD,2023-01-27,6,0,0,0,0.57
Democratic Republic of Congo,COD,2023-01-28,6,0,0,0,0.57
Democratic Republic of Congo,COD,2023-01-29,7,1,0,0,0.14
Democratic Republic of Congo,COD,2023-01-30,7,0,0,0,0.14
Democratic Republic of Congo,COD,2023-01-31,7,0,0,0,0.14
Democratic Republic of Congo,COD,2023-02-01,7,0,0,0,0.14
Democratic Republic of Congo,COD,2023-02-02,7,0,0,0,0.14
Democratic Republic of Congo,COD,2023-02-03,7,0,0,0,0.14
Democratic Republic of Congo,COD,2023-02-04,7,0,0,0,0.14
Democratic Republic of Congo,COD,2023-02-05,7,0,0,0,0
Democratic Republic of Congo,COD,2023-02-06,7,0,0,0,0
Democratic Republic of Congo,COD,2023-02-07,7,0,0,0,0
Democratic Republic of Congo,COD,2023-02-08,7,0,0,0,0
Democratic Republic of Congo,COD,2023-02-09,7,0,0,0,0
Democratic Republic of Congo,COD,2023-02-10,7,0,0,0,0
Democratic Republic of Congo,COD,2023-02-11,7,0,0,0,0
Democratic Republic of Congo,COD,2023-02-12,7,0,0,0,0
Democratic Republic of Congo,COD,2023-02-13,7,0,0,0,0
Democratic Republic of Congo,COD,2023-02-14,7,0,0,0,0
Democratic Republic of Congo,COD,2023-02-15,7,0,0,0,0
Democratic Republic of Congo,COD,2023-02-16,7,0,0,0,0
Democratic Republic of Congo,COD,2023-02-17,7,0,0,0,0
Democratic Republic of Congo,COD,2023-02-18,7,0,0,0,0
Democratic Republic of Congo,COD,2023-02-19,7,0,0,0,0
Democratic Republic of Congo,COD,2023-02-20,7,0,0,0,0
Democratic Republic of Congo,COD,2023-02-21,7,0,0,0,0
Democratic Republic of Congo,COD,2023-02-22,7,0,0,0,0
Democratic Republic of Congo,COD,2023-02-23,7,0,0,0,0
Democratic Republic of Congo,COD,2023-02-24,7,0,0,0,0
Democratic Republic of Congo,COD,2023-02-25,7,0,0,0,0
Democratic Republic of Congo,COD,2023-02-26,7,0,0,0,0
Democratic Republic of Congo,COD,2023-02-27,7,0,0,0,0
Democratic Republic of Congo,COD,2023-02-28,7,0,0,0,0
Democratic Republic of Congo,COD,2023-03-01,7,0,0,0,0
Democratic Republic of Congo,COD,2023-03-02,7,0,0,0,0
Democratic Republic of Congo,COD,2023-03-03,7,0,0,0,0
Democratic Republic of Congo,COD,2023-03-04,7,0,0,0,0
Democratic Republic of Congo,COD,2023-03-05,7,0,0,0,0
Democratic Republic of Congo,COD,2023-03-06,7,0,0,0,0
Democratic Republic of Congo,COD,2023-03-07,7,0,0,0,0
Democratic Republic of Congo,COD,2023-03-08,7,0,0,0,0
Democratic Republic of Congo,COD,2023-03-09,7,0,0,0,0
Democratic Republic of Congo,COD,2023-03-10,7,0,0,0,0
Democratic Republic of Congo,COD,2023-03-11,7,0,0,0,0
Democratic Republic of Congo,COD,2023-03-12,7,0,0,0,0
Democratic Republic of Congo,COD,2023-03-13,7,0,0,0,0
Democratic Republic of Congo,COD,2023-03-14,7,0,0,0,0
Democratic Republic of Congo,COD,2023-03-15,7,0,0,0,0
Democratic Republic of Congo,COD,2023-03-16,7,0,0,0,0
Democratic Republic of Congo,COD,2023-03-17,7,0,0,0,0
Democratic Republic of Congo,COD,2023-03-18,7,0,0,0,0
Democratic Republic of Congo,COD,2023-03-19,7,0,0,0,0
Democratic Republic of Congo,COD,2023-03-20,7,0,0,0,0
Democratic Republic of Congo,COD,2023-03-21,7,0,0,0,0
Democratic Republic of Congo,COD,2023-03-22,7,0,0,0,0
Democratic Republic of Congo,COD,2023-03-23,7,0,0,0,0
Democratic Republic of Congo,COD,2023-03-24,7,0,0,0,0
Democratic Republic of Congo,COD,2023-03-25,7,0,0,0,0
Democratic Republic of Congo,COD,2023-03-26,8,1,0,0,0.14
Democratic Republic of Congo,COD,2023-03-27,8,0,0,0,0.14
Democratic Republic of Congo,COD,2023-03-28,8,0,0,0,0.14
Democratic Republic of Congo,COD,2023-03-29,8,0,0,0,0.14
Democratic Republic of Congo,COD,2023-03-30,8,0,0,0,0.14
Democratic Republic of Congo,COD,2023-03-31,8,0,0,0,0.14
Democratic Republic of Congo,COD,2023-04-01,8,0,0,0,0.14
Democratic Republic of Congo,COD,2023-04-02,9,1,0,0,0.14
Democratic Republic of Congo,COD,2023-04-03,9,0,0,0,0.14
Democratic Republic of Congo,COD,2023-04-04,9,0,0,0,0.14
Democratic Republic of Congo,COD,2023-04-05,9,0,0,0,0.14
Democratic Republic of Congo,COD,2023-04-06,9,0,0,0,0.14
Democratic Republic of Congo,COD,2023-04-07,9,0,0,0,0.14
Democratic Republic of Congo,COD,2023-04-08,9,0,0,0,0.14
Democratic Republic of Congo,COD,2023-04-09,9,0,0,0,0
Democratic Republic of Congo,COD,2023-04-10,9,0,0,0,0
Democratic Republic of Congo,COD,2023-04-11,9,0,0,0,0
Democratic Republic of Congo,COD,2023-04-12,9,0,0,0,0
Democratic Republic of Congo,COD,2023-04-13,9,0,0,0,0
Democratic Republic of Congo,COD,2023-04-14,9,0,0,0,0
Democratic Republic of Congo,COD,2023-04-15,9,0,0,0,0
Democratic Republic of Congo,COD,2023-04-16,9,0,0,0,0
Democratic Republic of Congo,COD,2023-04-17,9,0,0,0,0
Democratic Republic of Congo,COD,2023-04-18,9,0,0,0,0
Democratic Republic of Congo,COD,2023-04-19,9,0,0,0,0
Democratic Republic of Congo,COD,2023-04-20,9,0,0,0,0
Democratic Republic of Congo,COD,2023-04-21,9,0,0,0,0
Democratic Republic of Congo,COD,2023-04-22,9,0,0,0,0
Democratic Republic of Congo,COD,2023-04-23,9,0,0,0,0
Democratic Republic of Congo,COD,2023-04-24,9,0,0,0,0
Democratic Republic of Congo,COD,2023-04-25,9,0,0,0,0
Democratic Republic of Congo,COD,2023-04-26,9,0,0,0,0
Democratic Republic of Congo,COD,2023-04-27,9,0,0,0,0
Democratic Republic of Congo,COD,2023-04-28,9,0,0,0,0
Democratic Republic of Congo,COD,2023-04-29,9,0,0,0,0
Democratic Republic of Congo,COD,2023-04-30,9,0,0,0,0
Democratic Republic of Congo,COD,2023-05-01,9,0,0,0,0
Democratic Republic of Congo,COD,2023-05-02,9,0,0,0,0
Democratic Republic of Congo,COD,2023-05-03,9,0,0,0,0
Democratic Republic of Congo,COD,2023-05-04,9,0,0,0,0
Democratic Republic of Congo,COD,2023-05-05,9,0,0,0,0
Democratic Republic of Congo,COD,2023-05-06,9,0,0,0,0
Democratic Republic of Congo,COD,2023-05-07,9,0,1,1,0
Democratic Republic of Congo,COD,2023-05-08,9,0,1,0,0
Democratic Republic of Congo,COD,2023-05-09,9,0,1,0,0
Democratic Republic of Congo,COD,2023-05-10,9,0,1,0,0
Democratic Republic of Congo,COD,2023-05-11,9,0,1,0,0
Democratic Republic of Congo,COD,2023-05-12,9,0,1,0,0
Democratic Republic of Congo,COD,2023-05-13,9,0,1,0,0
Democratic Republic of Congo,COD,2023-05-14,9,0,2,1,0
Democratic Republic of Congo,COD,2023-05-15,9,0,2,0,0
Democratic Republic of Congo,COD,2023-05-16,9,0,2,0,0
Democratic Republic of Congo,COD,2023-05-17,9,0,2,0,0
Democratic Republic of Congo,COD,2023-05-18,9,0,2,0,0
Democratic Republic of Congo,COD,2023-05-19,9,0,2,0,0
Democratic Republic of Congo,COD,2023-05-20,9,0,2,0,0
Democratic Republic of Congo,COD,2023-05-21,9,0,2,0,0
Democratic Republic of Congo,COD,2023-05-22,9,0,2,0,0
Democratic Republic of Congo,COD,2023-05-23,9,0,2,0,0
Democratic Republic of Congo,COD,2023-05-24,9,0,2,0,0
Democratic Republic of Congo,COD,2023-05-25,9,0,2,0,0
Democratic Republic of Congo,COD,2023-05-26,9,0,2,0,0
Democratic Republic of Congo,COD,2023-05-27,9,0,2,0,0
Democratic Republic of Congo,COD,2023-05-28,9,0,2,0,0
Democratic Republic of Congo,COD,2023-05-29,9,0,2,0,0
Democratic Republic of Congo,COD,2023-05-30,9,0,2,0,0
Democratic Republic of Congo,COD,2023-05-31,9,0,2,0,0
Democratic Republic of Congo,COD,2023-06-01,9,0,2,0,0
Democratic Republic of Congo,COD,2023-06-02,9,0,2,0,0
Democratic Republic of Congo,COD,2023-06-03,9,0,2,0,0
Democratic Republic of Congo,COD,2023-06-04,9,0,2,0,0
Democratic Republic of Congo,COD,2023-06-05,9,0,2,0,0
Democratic Republic of Congo,COD,2023-06-06,9,0,2,0,0
Democratic Republic of Congo,COD,2023-06-07,9,0,2,0,0
Democratic Republic of Congo,COD,2023-06-08,9,0,2,0,0
Democratic Republic of Congo,COD,2023-06-09,9,0,2,0,0
Democratic Republic of Congo,COD,2023-06-10,9,0,2,0,0
Democratic Republic of Congo,COD,2023-06-11,9,0,2,0,0
Democratic Republic of Congo,COD,2023-06-12,9,0,2,0,0
Democratic Republic of Congo,COD,2023-06-13,9,0,2,0,0
Democratic Republic of Congo,COD,2023-06-14,9,0,2,0,0
Democratic Republic of Congo,COD,2023-06-15,9,0,2,0,0
Democratic Republic of Congo,COD,2023-06-16,9,0,2,0,0
Democratic Republic of Congo,COD,2023-06-17,9,0,2,0,0
Democratic Republic of Congo,COD,2023-06-18,9,0,2,0,0
Democratic Republic of Congo,COD,2023-06-19,9,0,2,0,0
Democratic Republic of Congo,COD,2023-06-20,9,0,2,0,0
Democratic Republic of Congo,COD,2023-06-21,9,0,2,0,0
Democratic Republic of Congo,COD,2023-06-22,9,0,2,0,0
Democratic Republic of Congo,COD,2023-06-23,9,0,2,0,0
Democratic Republic of Congo,COD,2023-06-24,9,0,2,0,0
Democratic Republic of Congo,COD,2023-06-25,9,0,2,0,0
Democratic Republic of Congo,COD,2023-06-26,9,0,2,0,0
Democratic Republic of Congo,COD,2023-06-27,9,0,2,0,0
Democratic Republic of Congo,COD,2023-06-28,9,0,2,0,0
Democratic Republic of Congo,COD,2023-06-29,9,0,2,0,0
Democratic Republic of Congo,COD,2023-06-30,9,0,2,0,0
Democratic Republic of Congo,COD,2023-07-01,9,0,2,0,0
Democratic Republic of Congo,COD,2023-07-02,9,0,2,0,0
Democratic Republic of Congo,COD,2023-07-03,9,0,2,0,0
Democratic Republic of Congo,COD,2023-07-04,9,0,2,0,0
Democratic Republic of Congo,COD,2023-07-05,9,0,2,0,0
Democratic Republic of Congo,COD,2023-07-06,9,0,2,0,0
Democratic Republic of Congo,COD,2023-07-07,9,0,2,0,0
Democratic Republic of Congo,COD,2023-07-08,9,0,2,0,0
Democratic Republic of Congo,COD,2023-07-09,9,0,2,0,0
Democratic Republic of Congo,COD,2023-07-10,9,0,2,0,0
Democratic Republic of Congo,COD,2023-07-11,9,0,2,0,0
Democratic Republic of Congo,COD,2023-07-12,9,0,2,0,0
Democratic Republic of Congo,COD,2023-07-13,9,0,2,0,0
Democratic Republic of Congo,COD,2023-07-14,9,0,2,0,0
Democratic Republic of Congo,COD,2023-07-15,9,0,2,0,0
Democratic Republic of Congo,COD,2023-07-16,15,6,2,0,0.86
Democratic Republic of Congo,COD,2023-07-17,15,0,2,0,0.86
Democratic Republic of Congo,COD,2023-07-18,15,0,2,0,0.86
Democratic Republic of Congo,COD,2023-07-19,15,0,2,0,0.86
Democratic Republic of Congo,COD,2023-07-20,15,0,2,0,0.86
Democratic Republic of Congo,COD,2023-07-21,15,0,2,0,0.86
Democratic Republic of Congo,COD,2023-07-22,15,0,2,0,0.86
Democratic Republic of Congo,COD,2023-07-23,15,0,2,0,0
Democratic Republic of Congo,COD,2023-07-24,15,0,2,0,0
Democratic Republic of Congo,COD,2023-07-25,15,0,2,0,0
Democratic Republic of Congo,COD,2023-07-26,15,0,2,0,0
Democratic Republic of Congo,COD,2023-07-27,15,0,2,0,0
Democratic Republic of Congo,COD,2023-07-28,15,0,2,0,0
Democratic Republic of Congo,COD,2023-07-29,15,0,2,0,0
Democratic Republic of Congo,COD,2023-07-30,15,0,2,0,0
Democratic Republic of Congo,COD,2023-07-31,15,0,2,0,0
Democratic Republic of Congo,COD,2023-08-01,15,0,2,0,0
Democratic Republic of Congo,COD,2023-08-02,15,0,2,0,0
Democratic Republic of Congo,COD,2023-08-03,15,0,2,0,0
Democratic Republic of Congo,COD,2023-08-04,15,0,2,0,0
Democratic Republic of Congo,COD,2023-08-05,15,0,2,0,0
Democratic Republic of Congo,COD,2023-08-06,15,0,2,0,0
Democratic Republic of Congo,COD,2023-08-07,15,0,2,0,0
Democratic Republic of Congo,COD,2023-08-08,15,0,2,0,0
Democratic Republic of Congo,COD,2023-08-09,15,0,2,0,0
Democratic Republic of Congo,COD,2023-08-10,15,0,2,0,0
Democratic Republic of Congo,COD,2023-08-11,15,0,2,0,0
Democratic Republic of Congo,COD,2023-08-12,15,0,2,0,0
Democratic Republic of Congo,COD,2023-08-13,16,1,2,0,0.14
Democratic Republic of Congo,COD,2023-08-14,16,0,2,0,0.14
Democratic Republic of Congo,COD,2023-08-15,16,0,2,0,0.14
Democratic Republic of Congo,COD,2023-08-16,16,0,2,0,0.14
Democratic Republic of Congo,COD,2023-08-17,16,0,2,0,0.14
Democratic Republic of Congo,COD,2023-08-18,16,0,2,0,0.14
Democratic Republic of Congo,COD,2023-08-19,16,0,2,0,0.14
Democratic Republic of Congo,COD,2023-08-20,17,1,2,0,0.14
Democratic Republic of Congo,COD,2023-08-21,17,0,2,0,0.14
Democratic Republic of Congo,COD,2023-08-22,17,0,2,0,0.14
Democratic Republic of Congo,COD,2023-08-23,17,0,2,0,0.14
Democratic Republic of Congo,COD,2023-08-24,17,0,2,0,0.14
Democratic Republic of Congo,COD,2023-08-25,17,0,2,0,0.14
Democratic Republic of Congo,COD,2023-08-26,17,0,2,0,0.14
Democratic Republic of Congo,COD,2023-08-27,19,2,2,0,0.29
Democratic Republic of Congo,COD,2023-08-28,19,0,2,0,0.29
Democratic Republic of Congo,COD,2023-08-29,19,0,2,0,0.29
Democratic Republic of Congo,COD,2023-08-30,19,0,2,0,0.29
Democratic Republic of Congo,COD,2023-08-31,19,0,2,0,0.29
Democratic Republic of Congo,COD,2023-09-01,19,0,2,0,0.29
Democratic Republic of Congo,COD,2023-09-02,19,0,2,0,0.29
Democratic Republic of Congo,COD,2023-09-03,19,0,2,0,0
Democratic Republic of Congo,COD,2023-09-04,19,0,2,0,0
Democratic Republic of Congo,COD,2023-09-05,19,0,2,0,0
Democratic Republic of Congo,COD,2023-09-06,19,0,2,0,0
Democratic Republic of Congo,COD,2023-09-07,19,0,2,0,0
Democratic Republic of Congo,COD,2023-09-08,19,0,2,0,0
Democratic Republic of Congo,COD,2023-09-09,19,0,2,0,0
Democratic Republic of Congo,COD,2023-09-10,19,0,2,0,0
Democratic Republic of Congo,COD,2023-09-11,19,0,2,0,0
Democratic Republic of Congo,COD,2023-09-12,19,0,2,0,0
Democratic Republic of Congo,COD,2023-09-13,19,0,2,0,0
Democratic Republic of Congo,COD,2023-09-14,19,0,2,0,0
Democratic Republic of Congo,COD,2023-09-15,19,0,2,0,0
Democratic Republic of Congo,COD,2023-09-16,19,0,2,0,0
Democratic Republic of Congo,COD,2023-09-17,20,1,2,0,0.14
Democratic Republic of Congo,COD,2023-09-18,20,0,2,0,0.14
Democratic Republic of Congo,COD,2023-09-19,20,0,2,0,0.14
Democratic Republic of Congo,COD,2023-09-20,20,0,2,0,0.14
Democratic Republic of Congo,COD,2023-09-21,20,0,2,0,0.14
Democratic Republic of Congo,COD,2023-09-22,20,0,2,0,0.14
Democratic Republic of Congo,COD,2023-09-23,20,0,2,0,0.14
Democratic Republic of Congo,COD,2023-09-24,20,0,2,0,0
Democratic Republic of Congo,COD,2023-09-25,20,0,2,0,0
Democratic Republic of Congo,COD,2023-09-26,20,0,2,0,0
Democratic Republic of Congo,COD,2023-09-27,20,0,2,0,0
Democratic Republic of Congo,COD,2023-09-28,20,0,2,0,0
Democratic Republic of Congo,COD,2023-09-29,20,0,2,0,0
Democratic Republic of Congo,COD,2023-09-30,20,0,2,0,0
Democratic Republic of Congo,COD,2023-10-01,21,1,2,0,0.14
Democratic Republic of Congo,COD,2023-10-02,21,0,2,0,0.14
Democratic Republic of Congo,COD,2023-10-03,21,0,2,0,0.14
Democratic Republic of Congo,COD,2023-10-04,21,0,2,0,0.14
Democratic Republic of Congo,COD,2023-10-05,21,0,2,0,0.14
Democratic Republic of Congo,COD,2023-10-06,21,0,2,0,0.14
Democratic Republic of Congo,COD,2023-10-07,21,0,2,0,0.14
Democratic Republic of Congo,COD,2023-10-08,29,8,2,0,1.14
Democratic Republic of Congo,COD,2023-10-09,29,0,2,0,1.14
Democratic Republic of Congo,COD,2023-10-10,29,0,2,0,1.14
Democratic Republic of Congo,COD,2023-10-11,29,0,2,0,1.14
Democratic Republic of Congo,COD,2023-10-12,29,0,2,0,1.14
Democratic Republic of Congo,COD,2023-10-13,29,0,2,0,1.14
Democratic Republic of Congo,COD,2023-10-14,29,0,2,0,1.14
Democratic Republic of Congo,COD,2023-10-15,43,14,2,0,2
Democratic Republic of Congo,COD,2023-10-16,43,0,2,0,2
Democratic Republic of Congo,COD,2023-10-17,43,0,2,0,2
Democratic Republic of Congo,COD,2023-10-18,43,0,2,0,2
Democratic Republic of Congo,COD,2023-10-19,43,0,2,0,2
Democratic Republic of Congo,COD,2023-10-20,43,0,2,0,2
Democratic Republic of Congo,COD,2023-10-21,43,0,2,0,2
Democratic Republic of Congo,COD,2023-10-22,62,19,2,0,2.71
Democratic Republic of Congo,COD,2023-10-23,62,0,2,0,2.71
Democratic Republic of Congo,COD,2023-10-24,62,0,2,0,2.71
Democratic Republic of Congo,COD,2023-10-25,62,0,2,0,2.71
Democratic Republic of Congo,COD,2023-10-26,62,0,2,0,2.71
Democratic Republic of Congo,COD,2023-10-27,62,0,2,0,2.71
Democratic Republic of Congo,COD,2023-10-28,62,0,2,0,2.71
Democratic Republic of Congo,COD,2023-10-29,92,30,2,0,4.29
Democratic Republic of Congo,COD,2023-10-30,92,0,2,0,4.29
Democratic Republic of Congo,COD,2023-10-31,92,0,2,0,4.29
Democratic Republic of Congo,COD,2023-11-01,92,0,2,0,4.29
Democratic Republic of Congo,COD,2023-11-02,92,0,2,0,4.29
Democratic Republic of Congo,COD,2023-11-03,92,0,2,0,4.29
Democratic Republic of Congo,COD,2023-11-04,92,0,2,0,4.29
Democratic Republic of Congo,COD,2023-11-05,107,15,2,0,2.14
Democratic Republic of Congo,COD,2023-11-06,107,0,2,0,2.14
Democratic Republic of Congo,COD,2023-11-07,107,0,2,0,2.14
Democratic Republic of Congo,COD,2023-11-08,107,0,2,0,2.14
Democratic Republic of Congo,COD,2023-11-09,107,0,2,0,2.14
Democratic Republic of Congo,COD,2023-11-10,107,0,2,0,2.14
Democratic Republic of Congo,COD,2023-11-11,107,0,2,0,2.14
Democratic Republic of Congo,COD,2023-11-12,147,40,2,0,5.71
Democratic Republic of Congo,COD,2023-11-13,147,0,2,0,5.71
Democratic Republic of Congo,COD,2023-11-14,147,0,2,0,5.71
Democratic Republic of Congo,COD,2023-11-15,147,0,2,0,5.71
Democratic Republic of Congo,COD,2023-11-16,147,0,2,0,5.71
Democratic Republic of Congo,COD,2023-11-17,147,0,2,0,5.71
Democratic Republic of Congo,COD,2023-11-18,147,0,2,0,5.71
Democratic Republic of Congo,COD,2023-11-19,174,27,2,0,3.86
Democratic Republic of Congo,COD,2023-11-20,174,0,2,0,3.86
Democratic Republic of Congo,COD,2023-11-21,174,0,2,0,3.86
Democratic Republic of Congo,COD,2023-11-22,174,0,2,0,3.86
Democratic Republic of Congo,COD,2023-11-23,174,0,2,0,3.86
Democratic Republic of Congo,COD,2023-11-24,174,0,2,0,3.86
Democratic Republic of Congo,COD,2023-11-25,174,0,2,0,3.86
Democratic Republic of Congo,COD,2023-11-26,204,30,2,0,4.29
Democratic Republic of Congo,COD,2023-11-27,204,0,2,0,4.29
Democratic Republic of Congo,COD,2023-11-28,204,0,2,0,4.29
Democratic Republic of Congo,COD,2023-11-29,204,0,2,0,4.29
Democratic Republic of Congo,COD,2023-11-30,204,0,2,0,4.29
Democratic Republic of Congo,COD,2023-12-01,204,0,2,0,4.29
Democratic Republic of Congo,COD,2023-12-02,204,0,2,0,4.29
Democratic Republic of Congo,COD,2023-12-03,222,18,2,0,2.57
Democratic Republic of Congo,COD,2023-12-04,222,0,2,0,2.57
Democratic Republic of Congo,COD,2023-12-05,222,0,2,0,2.57
Democratic Republic of Congo,COD,2023-12-06,222,0,2,0,2.57
Democratic Republic of Congo,COD,2023-12-07,222,0,2,0,2.57
Democratic Republic of Congo,COD,2023-12-08,222,0,2,0,2.57
Democratic Republic of Congo,COD,2023-12-09,222,0,2,0,2.57
Democratic Republic of Congo,COD,2023-12-10,236,14,2,0,2
Democratic Republic of Congo,COD,2023-12-11,236,0,2,0,2
Democratic Republic of Congo,COD,2023-12-12,236,0,2,0,2
Democratic Republic of Congo,COD,2023-12-13,236,0,2,0,2
Democratic Republic of Congo,COD,2023-12-14,236,0,2,0,2
Democratic Republic of Congo,COD,2023-12-15,236,0,2,0,2
Democratic Republic of Congo,COD,2023-12-16,236,0,2,0,2
Democratic Republic of Congo,COD,2023-12-17,245,9,2,0,1.29
Democratic Republic of Congo,COD,2023-12-18,245,0,2,0,1.29
Democratic Republic of Congo,COD,2023-12-19,245,0,2,0,1.29
Democratic Republic of Congo,COD,2023-12-20,245,0,2,0,1.29
Democratic Republic of Congo,COD,2023-12-21,245,0,2,0,1.29
Democratic Republic of Congo,COD,2023-12-22,245,0,2,0,1.29
Democratic Republic of Congo,COD,2023-12-23,245,0,2,0,1.29
Democratic Republic of Congo,COD,2023-12-24,279,34,2,0,4.86
Democratic Republic of Congo,COD,2023-12-25,279,0,2,0,4.86
Democratic Republic of Congo,COD,2023-12-26,279,0,2,0,4.86
Democratic Republic of Congo,COD,2023-12-27,279,0,2,0,4.86
Democratic Republic of Congo,COD,2023-12-28,279,0,2,0,4.86
Democratic Republic of Congo,COD,2023-12-29,279,0,2,0,4.86
Democratic Republic of Congo,COD,2023-12-30,279,0,2,0,4.86
Democratic Republic of Congo,COD,2023-12-31,313,34,2,0,4.86
Democratic Republic of Congo,COD,2024-01-01,313,0,2,0,4.86
Democratic Republic of Congo,COD,2024-01-02,313,0,2,0,4.86
Democratic Republic of Congo,COD,2024-01-03,313,0,2,0,4.86
Democratic Republic of Congo,COD,2024-01-04,313,0,2,0,4.86
Democratic Republic of Congo,COD,2024-01-05,313,0,2,0,4.86
Democratic Republic of Congo,COD,2024-01-06,313,0,2,0,4.86
Democratic Republic of Congo,COD,2024-01-07,341,28,2,0,4
Democratic Republic of Congo,COD,2024-01-08,341,0,2,0,4
Democratic Republic of Congo,COD,2024-01-09,341,0,2,0,4
Democratic Republic of Congo,COD,2024-01-10,341,0,2,0,4
Democratic Republic of Congo,COD,2024-01-11,341,0,2,0,4
Democratic Republic of Congo,COD,2024-01-12,341,0,2,0,4
Democratic Republic of Congo,COD,2024-01-13,341,0,2,0,4
Democratic Republic of Congo,COD,2024-01-14,378,37,3,1,5.29
Democratic Republic of Congo,COD,2024-01-15,378,0,3,0,5.29
Democratic Republic of Congo,COD,2024-01-16,378,0,3,0,5.29
Democratic Republic of Congo,COD,2024-01-17,378,0,3,0,5.29
Democratic Republic of Congo,COD,2024-01-18,378,0,3,0,5.29
Democratic Republic of Congo,COD,2024-01-19,378,0,3,0,5.29
Democratic Republic of Congo,COD,2024-01-20,378,0,3,0,5.29
Democratic Republic of Congo,COD,2024-01-21,437,59,3,0,8.43
Democratic Republic of Congo,COD,2024-01-22,437,0,3,0,8.43
Democratic Republic of Congo,COD,2024-01-23,437,0,3,0,8.43
Democratic Republic of Congo,COD,2024-01-24,437,0,3,0,8.43
Democratic Republic of Congo,COD,2024-01-25,437,0,3,0,8.43
Democratic Republic of Congo,COD,2024-01-26,437,0,3,0,8.43
Democratic Republic of Congo,COD,2024-01-27,437,0,3,0,8.43
Democratic Republic of Congo,COD,2024-01-28,529,92,3,0,13.14
Democratic Republic of Congo,COD,2024-01-29,529,0,3,0,13.14
Democratic Republic of Congo,COD,2024-01-30,529,0,3,0,13.14
Democratic Republic of Congo,COD,2024-01-31,529,0,3,0,13.14
Democratic Republic of Congo,COD,2024-02-01,529,0,3,0,13.14
Democratic Republic of Congo,COD,2024-02-02,529,0,3,0,13.14
Democratic Republic of Congo,COD,2024-02-03,529,0,3,0,13.14
Democratic Republic of Congo,COD,2024-02-04,574,45,3,0,6.43
Democratic Republic of Congo,COD,2024-02-05,574,0,3,0,6.43
Democratic Republic of Congo,COD,2024-02-06,574,0,3,0,6.43
Democratic Republic of Congo,COD,2024-02-07,574,0,3,0,6.43
Democratic Republic of Congo,COD,2024-02-08,574,0,3,0,6.43
Democratic Republic of Congo,COD,2024-02-09,574,0,3,0,6.43
Democratic Republic of Congo,COD,2024-02-10,574,0,3,0,6.43
Democratic Republic of Congo,COD,2024-02-11,646,72,3,0,10.29
Democratic Republic of Congo,COD,2024-02-12,646,0,3,0,10.29
Democratic Republic of Congo,COD,2024-02-13,646,0,3,0,10.29
Democratic Republic of Congo,COD,2024-02-14,646,0,3,0,10.29
Democratic Republic of Congo,COD,2024-02-15,646,0,3,0,10.29
Democratic Republic of Congo,COD,2024-02-16,646,0,3,0,10.29
Democratic Republic of Congo,COD,2024-02-17,646,0,3,0,10.29
Democratic Republic of Congo,COD,2024-02-18,699,53,3,0,7.57
Democratic Republic of Congo,COD,2024-02-19,699,0,3,0,7.57
Democratic Republic of Congo,COD,2024-02-20,699,0,3,0,7.57
Democratic Republic of Congo,COD,2024-02-21,699,0,3,0,7.57
Democratic Republic of Congo,COD,2024-02-22,699,0,3,0,7.57
Democratic Republic of Congo,COD,2024-02-23,699,0,3,0,7.57
Democratic Republic of Congo,COD,2024-02-24,699,0,3,0,7.57
Democratic Republic of Congo,COD,2024-02-25,751,52,3,0,7.43
Democratic Republic of Congo,COD,2024-02-26,751,0,3,0,7.43
Democratic Republic of Congo,COD,2024-02-27,751,0,3,0,7.43
Democratic Republic of Congo,COD,2024-02-28,751,0,3,0,7.43
Democratic Republic of Congo,COD,2024-02-29,751,0,3,0,7.43
Democratic Republic of Congo,COD,2024-03-01,751,0,3,0,7.43
Democratic Republic of Congo,COD,2024-03-02,751,0,3,0,7.43
Democratic Republic of Congo,COD,2024-03-03,821,70,4,1,10
Democratic Republic of Congo,COD,2024-03-04,821,0,4,0,10
Democratic Republic of Congo,COD,2024-03-05,821,0,4,0,10
Democratic Republic of Congo,COD,2024-03-06,821,0,4,0,10
Democratic Republic of Congo,COD,2024-03-07,821,0,4,0,10
Democratic Republic of Congo,COD,2024-03-08,821,0,4,0,10
Democratic Republic of Congo,COD,2024-03-09,821,0,4,0,10
Democratic Republic of Congo,COD,2024-03-10,875,54,4,0,7.71
Democratic Republic of Congo,COD,2024-03-11,875,0,4,0,7.71
Democratic Republic of Congo,COD,2024-03-12,875,0,4,0,7.71
Democratic Republic of Congo,COD,2024-03-13,875,0,4,0,7.71
Democratic Republic of Congo,COD,2024-03-14,875,0,4,0,7.71
Democratic Republic of Congo,COD,2024-03-15,875,0,4,0,7.71
Democratic Republic of Congo,COD,2024-03-16,875,0,4,0,7.71
Democratic Republic of Congo,COD,2024-03-17,920,45,4,0,6.43
Democratic Republic of Congo,COD,2024-03-18,920,0,4,0,6.43
Democratic Republic of Congo,COD,2024-03-19,920,0,4,0,6.43
Democratic Republic of Congo,COD,2024-03-20,920,0,4,0,6.43
Democratic Republic of Congo,COD,2024-03-21,920,0,4,0,6.43
Democratic Republic of Congo,COD,2024-03-22,920,0,4,0,6.43
Democratic Republic of Congo,COD,2024-03-23,920,0,4,0,6.43
Democratic Republic of Congo,COD,2024-03-24,986,66,4,0,9.43
Democratic Republic of Congo,COD,2024-03-25,986,0,4,0,9.43
Democratic Republic of Congo,COD,2024-03-26,986,0,4,0,9.43
Democratic Republic of Congo,COD,2024-03-27,986,0,4,0,9.43
Democratic Republic of Congo,COD,2024-03-28,986,0,4,0,9.43
Democratic Republic of Congo,COD,2024-03-29,986,0,4,0,9.43
Democratic Republic of Congo,COD,2024-03-30,986,0,4,0,9.43
Democratic Republic of Congo,COD,2024-03-31,1034,48,4,0,6.86
Democratic Republic of Congo,COD,2024-04-01,1034,0,4,0,6.86
Democratic Republic of Congo,COD,2024-04-02,1034,0,4,0,6.86
Democratic Republic of Congo,COD,2024-04-03,1034,0,4,0,6.86
Democratic Republic of Congo,COD,2024-04-04,1034,0,4,0,6.86
Democratic Republic of Congo,COD,2024-04-05,1034,0,4,0,6.86
Democratic Republic of Congo,COD,2024-04-06,1034,0,4,0,6.86
Democratic Republic of Congo,COD,2024-04-07,1103,69,5,1,9.86
Democratic Republic of Congo,COD,2024-04-08,1103,0,5,0,9.86
Democratic Republic of Congo,COD,2024-04-09,1103,0,5,0,9.86
Democratic Republic of Congo,COD,2024-04-10,1103,0,5,0,9.86
Democratic Republic of Congo,COD,2024-04-11,1103,0,5,0,9.86
Democratic Republic of Congo,COD,2024-04-12,1103,0,5,0,9.86
Democratic Republic of Congo,COD,2024-04-13,1103,0,5,0,9.86
Democratic Republic of Congo,COD,2024-04-14,1203,100,5,0,14.29
Democratic Republic of Congo,COD,2024-04-15,1203,0,5,0,14.29
Democratic Republic of Congo,COD,2024-04-16,1203,0,5,0,14.29
Democratic Republic of Congo,COD,2024-04-17,1203,0,5,0,14.29
Democratic Republic of Congo,COD,2024-04-18,1203,0,5,0,14.29
Democratic Republic of Congo,COD,2024-04-19,1203,0,5,0,14.29
Democratic Republic of Congo,COD,2024-04-20,1203,0,5,0,14.29
Democratic Republic of Congo,COD,2024-04-21,1289,86,5,0,12.29
Democratic Republic of Congo,COD,2024-04-22,1289,0,5,0,12.29
Democratic Republic of Congo,COD,2024-04-23,1289,0,5,0,12.29
Democratic Republic of Congo,COD,2024-04-24,1289,0,5,0,12.29
Democratic Republic of Congo,COD,2024-04-25,1289,0,5,0,12.29
Democratic Republic of Congo,COD,2024-04-26,1289,0,5,0,12.29
Democratic Republic of Congo,COD,2024-04-27,1289,0,5,0,12.29
Democratic Republic of Congo,COD,2024-04-28,1372,83,6,1,11.86
Democratic Republic of Congo,COD,2024-04-29,1372,0,6,0,11.86
Democratic Republic of Congo,COD,2024-04-30,1372,0,6,0,11.86
Democratic Republic of Congo,COD,2024-05-01,1372,0,6,0,11.86
Democratic Republic of Congo,COD,2024-05-02,1372,0,6,0,11.86
Democratic Republic of Congo,COD,2024-05-03,1372,0,6,0,11.86
Democratic Republic of Congo,COD,2024-05-04,1372,0,6,0,11.86
Democratic Republic of Congo,COD,2024-05-05,1562,190,6,0,27.14
Democratic Republic of Congo,COD,2024-05-06,1562,0,6,0,27.14
Democratic Republic of Congo,COD,2024-05-07,1562,0,6,0,27.14
Democratic Republic of Congo,COD,2024-05-08,1562,0,6,0,27.14
Democratic Republic of Congo,COD,2024-05-09,1562,0,6,0,27.14
Democratic Republic of Congo,COD,2024-05-10,1562,0,6,0,27.14
Democratic Republic of Congo,COD,2024-05-11,1562,0,6,0,27.14
Democratic Republic of Congo,COD,2024-05-12,1721,159,6,0,22.71
Democratic Republic of Congo,COD,2024-05-13,1721,0,6,0,22.71
Democratic Republic of Congo,COD,2024-05-14,1721,0,6,0,22.71
Democratic Republic of Congo,COD,2024-05-15,1721,0,6,0,22.71
Democratic Republic of Congo,COD,2024-05-16,1721,0,6,0,22.71
Democratic Republic of Congo,COD,2024-05-17,1721,0,6,0,22.71
Democratic Republic of Congo,COD,2024-05-18,1721,0,6,0,22.71
Democratic Republic of Congo,COD,2024-05-19,1879,158,6,0,22.57
Democratic Republic of Congo,COD,2024-05-20,1879,0,6,0,22.57
Democratic Republic of Congo,COD,2024-05-21,1879,0,6,0,22.57
Democratic Republic of Congo,COD,2024-05-22,1879,0,6,0,22.57
Democratic Republic of Congo,COD,2024-05-23,1879,0,6,0,22.57
Democratic Republic of Congo,COD,2024-05-24,1879,0,6,0,22.57
Democratic Republic of Congo,COD,2024-05-25,1879,0,6,0,22.57
Democratic Republic of Congo,COD,2024-05-26,1999,120,6,0,17.14
Democratic Republic of Congo,COD,2024-05-27,1999,0,6,0,17.14
Democratic Republic of Congo,COD,2024-05-28,1999,0,6,0,17.14
Democratic Republic of Congo,COD,2024-05-29,1999,0,6,0,17.14
Democratic Republic of Congo,COD,2024-05-30,1999,0,6,0,17.14
Democratic Republic of Congo,COD,2024-05-31,1999,0,6,0,17.14
Democratic Republic of Congo,COD,2024-06-01,1999,0,6,0,17.14
Democratic Republic of Congo,COD,2024-06-02,2112,113,7,1,16.14
Democratic Republic of Congo,COD,2024-06-03,2112,0,7,0,16.14
Democratic Republic of Congo,COD,2024-06-04,2112,0,7,0,16.14
Democratic Republic of Congo,COD,2024-06-05,2112,0,7,0,16.14
Democratic Republic of Congo,COD,2024-06-06,2112,0,7,0,16.14
Democratic Republic of Congo,COD,2024-06-07,2112,0,7,0,16.14
Democratic Republic of Congo,COD,2024-06-08,2112,0,7,0,16.14
Democratic Republic of Congo,COD,2024-06-09,2284,172,7,0,24.57
Democratic Republic of Congo,COD,2024-06-10,2284,0,7,0,24.57
Democratic Republic of Congo,COD,2024-06-11,2284,0,7,0,24.57
Democratic Republic of Congo,COD,2024-06-12,2284,0,7,0,24.57
Democratic Republic of Congo,COD,2024-06-13,2284,0,7,0,24.57
Democratic Republic of Congo,COD,2024-06-14,2284,0,7,0,24.57
Democratic Republic of Congo,COD,2024-06-15,2284,0,7,0,24.57
Democratic Republic of Congo,COD,2024-06-16,2508,224,9,2,32
Democratic Republic of Congo,COD,2024-06-17,2508,0,9,0,32
Democratic Republic of Congo,COD,2024-06-18,2508,0,9,0,32
Democratic Republic of Congo,COD,2024-06-19,2508,0,9,0,32
Democratic Republic of Congo,COD,2024-06-20,2508,0,9,0,32
Democratic Republic of Congo,COD,2024-06-21,2508,0,9,0,32
Democratic Republic of Congo,COD,2024-06-22,2508,0,9,0,32
Democratic Republic of Congo,COD,2024-06-23,2669,161,9,0,23
Democratic Republic of Congo,COD,2024-06-24,2669,0,9,0,23
Democratic Republic of Congo,COD,2024-06-25,2669,0,9,0,23
Democratic Republic of Congo,COD,2024-06-26,2669,0,9,0,23
Democratic Republic of Congo,COD,2024-06-27,2669,0,9,0,23
Democratic Republic of Congo,COD,2024-06-28,2669,0,9,0,23
Democratic Republic of Congo,COD,2024-06-29,2669,0,9,0,23
Democratic Republic of Congo,COD,2024-06-30,2874,205,11,2,29.29
Democratic Republic of Congo,COD,2024-07-01,2874,0,11,0,29.29
Democratic Republic of Congo,COD,2024-07-02,2874,0,11,0,29.29
Democratic Republic of Congo,COD,2024-07-03,2874,0,11,0,29.29
Democratic Republic of Congo,COD,2024-07-04,2874,0,11,0,29.29
Democratic Republic of Congo,COD,2024-07-05,2874,0,11,0,29.29
Democratic Republic of Congo,COD,2024-07-06,2874,0,11,0,29.29
Democratic Republic of Congo,COD,2024-07-07,3137,263,11,0,37.57
Democratic Republic of Congo,COD,2024-07-08,3137,0,11,0,37.57
Democratic Republic of Congo,COD,2024-07-09,3137,0,11,0,37.57
Democratic Republic of Congo,COD,2024-07-10,3137,0,11,0,37.57
Democratic Republic of Congo,COD,2024-07-11,3137,0,11,0,37.57
Democratic Republic of Congo,COD,2024-07-12,3137,0,11,0,37.57
Democratic Republic of Congo,COD,2024-07-13,3137,0,11,0,37.57
Democratic Republic of Congo,COD,2024-07-14,3455,318,12,1,45.43
Democratic Republic of Congo,COD,2024-07-15,3455,0,12,0,45.43
Democratic Republic of Congo,COD,2024-07-16,3455,0,12,0,45.43
Democratic Republic of Congo,COD,2024-07-17,3455,0,12,0,45.43
Democratic Republic of Congo,COD,2024-07-18,3455,0,12,0,45.43
Democratic Republic of Congo,COD,2024-07-19,3455,0,12,0,45.43
Democratic Republic of Congo,COD,2024-07-20,3455,0,12,0,45.43
Democratic Republic of Congo,COD,2024-07-21,3867,412,15,3,58.86
Democratic Republic of Congo,COD,2024-07-22,3867,0,15,0,58.86
Democratic Republic of Congo,COD,2024-07-23,3867,0,15,0,58.86
Democratic Republic of Congo,COD,2024-07-24,3867,0,15,0,58.86
Democratic Republic of Congo,COD,2024-07-25,3867,0,15,0,58.86
Democratic Republic of Congo,COD,2024-07-26,3867,0,15,0,58.86
Democratic Republic of Congo,COD,2024-07-27,3867,0,15,0,58.86
Democratic Republic of Congo,COD,2024-07-28,4150,283,19,4,40.43
Democratic Republic of Congo,COD,2024-07-29,4150,0,19,0,40.43
Democratic Republic of Congo,COD,2024-07-30,4150,0,19,0,40.43
Democratic Republic of Congo,COD,2024-07-31,4150,0,19,0,40.43
Democratic Republic of Congo,COD,2024-08-01,4150,0,19,0,40.43
Democratic Republic of Congo,COD,2024-08-02,4150,0,19,0,40.43
Democratic Republic of Congo,COD,2024-08-03,4150,0,19,0,40.43
Democratic Republic of Congo,COD,2024-08-04,4300,150,20,1,21.43
Democratic Republic of Congo,COD,2024-08-05,4300,0,20,0,21.43
Democratic Republic of Congo,COD,2024-08-06,4300,0,20,0,21.43
Democratic Republic of Congo,COD,2024-08-07,4300,0,20,0,21.43
Democratic Republic of Congo,COD,2024-08-08,4300,0,20,0,21.43
Democratic Republic of Congo,COD,2024-08-09,4300,0,20,0,21.43
Democratic Republic of Congo,COD,2024-08-10,4300,0,20,0,21.43
Democratic Republic of Congo,COD,2024-08-11,4459,159,22,2,22.71
Democratic Republic of Congo,COD,2024-08-12,4459,0,22,0,22.71
Democratic Republic of Congo,COD,2024-08-13,4459,0,22,0,22.71
Democratic Republic of Congo,COD,2024-08-14,4459,0,22,0,22.71
Democratic Republic of Congo,COD,2024-08-15,4459,0,22,0,22.71
Democratic Republic of Congo,COD,2024-08-16,4459,0,22,0,22.71
Democratic Republic of Congo,COD,2024-08-17,4459,0,22,0,22.71
Democratic Republic of Congo,COD,2024-08-18,4655,196,23,1,28
Democratic Republic of Congo,COD,2024-08-19,4655,0,23,0,28
Democratic Republic of Congo,COD,2024-08-20,4655,0,23,0,28
Democratic Republic of Congo,COD,2024-08-21,4655,0,23,0,28
Democratic Republic of Congo,COD,2024-08-22,4655,0,23,0,28
Democratic Republic of Congo,COD,2024-08-23,4655,0,23,0,28
Democratic Republic of Congo,COD,2024-08-24,4655,0,23,0,28
Democratic Republic of Congo,COD,2024-08-25,4860,205,23,0,29.29
Democratic Republic of Congo,COD,2024-08-26,4860,0,23,0,29.29
Democratic Republic of Congo,COD,2024-08-27,4860,0,23,0,29.29
Democratic Republic of Congo,COD,2024-08-28,4860,0,23,0,29.29
Democratic Republic of Congo,COD,2024-08-29,4860,0,23,0,29.29
Democratic Republic of Congo,COD,2024-08-30,4860,0,23,0,29.29
Democratic Republic of Congo,COD,2024-08-31,4860,0,23,0,29.29
Democratic Republic of Congo,COD,2024-09-01,5119,259,23,0,37
Democratic Republic of Congo,COD,2024-09-02,5119,0,23,0,37
Democratic Republic of Congo,COD,2024-09-03,5119,0,23,0,37
Democratic Republic of Congo,COD,2024-09-04,5119,0,23,0,37
Democratic Republic of Congo,COD,2024-09-05,5119,0,23,0,37
Democratic Republic of Congo,COD,2024-09-06,5119,0,23,0,37
Democratic Republic of Congo,COD,2024-09-07,5119,0,23,0,37
Democratic Republic of Congo,COD,2024-09-08,5498,379,24,1,54.14
Democratic Republic of Congo,COD,2024-09-09,5498,0,24,0,54.14
Democratic Republic of Congo,COD,2024-09-10,5498,0,24,0,54.14
Democratic Republic of Congo,COD,2024-09-11,5498,0,24,0,54.14
Democratic Republic of Congo,COD,2024-09-12,5498,0,24,0,54.14
Democratic Republic of Congo,COD,2024-09-13,5498,0,24,0,54.14
Democratic Republic of Congo,COD,2024-09-14,5498,0,24,0,54.14
Democratic Republic of Congo,COD,2024-09-15,5739,241,24,0,34.43
Democratic Republic of Congo,COD,2024-09-16,5739,0,24,0,34.43
Democratic Republic of Congo,COD,2024-09-17,5739,0,24,0,34.43
Democratic Republic of Congo,COD,2024-09-18,5739,0,24,0,34.43
Democratic Republic of Congo,COD,2024-09-19,5739,0,24,0,34.43
Democratic Republic of Congo,COD,2024-09-20,5739,0,24,0,34.43
Democratic Republic of Congo,COD,2024-09-21,5739,0,24,0,34.43
Democratic Republic of Congo,COD,2024-09-22,6099,360,24,0,51.43
Democratic Republic of Congo,COD,2024-09-23,6099,0,24,0,51.43
Democratic Republic of Congo,COD,2024-09-24,6099,0,24,0,51.43
Democratic Republic of Congo,COD,2024-09-25,6099,0,24,0,51.43
Democratic Republic of Congo,COD,2024-09-26,6099,0,24,0,51.43
Democratic Republic of Congo,COD,2024-09-27,6099,0,24,0,51.43
Democratic Republic of Congo,COD,2024-09-28,6099,0,24,0,51.43
Democratic Republic of Congo,COD,2024-09-29,6426,327,24,0,46.71
Democratic Republic of Congo,COD,2024-09-30,6426,0,24,0,46.71
Democratic Republic of Congo,COD,2024-10-01,6426,0,24,0,46.71
Democratic Republic of Congo,COD,2024-10-02,6426,0,24,0,46.71
Democratic Republic of Congo,COD,2024-10-03,6426,0,24,0,46.71
Democratic Republic of Congo,COD,2024-10-04,6426,0,24,0,46.71
Democratic Republic of Congo,COD,2024-10-05,6426,0,24,0,46.71
Democratic Republic of Congo,COD,2024-10-06,6729,303,24,0,43.29
Democratic Republic of Congo,COD,2024-10-07,6729,0,24,0,43.29
Democratic Republic of Congo,COD,2024-10-08,6729,0,24,0,43.29
Democratic Republic of Congo,COD,2024-10-09,6729,0,24,0,43.29
Democratic Republic of Congo,COD,2024-10-10,6729,0,24,0,43.29
Democratic Republic of Congo,COD,2024-10-11,6729,0,24,0,43.29
Democratic Republic of Congo,COD,2024-10-12,6729,0,24,0,43.29
Democratic Republic of Congo,COD,2024-10-13,7010,281,24,0,40.14
Democratic Republic of Congo,COD,2024-10-14,7010,0,24,0,40.14
Democratic Republic of Congo,COD,2024-10-15,7010,0,24,0,40.14
Democratic Republic of Congo,COD,2024-10-16,7010,0,24,0,40.14
Democratic Republic of Congo,COD,2024-10-17,7010,0,24,0,40.14
Democratic Republic of Congo,COD,2024-10-18,7010,0,24,0,40.14
Democratic Republic of Congo,COD,2024-10-19,7010,0,24,0,40.14
Democratic Republic of Congo,COD,2024-10-20,7398,388,25,1,55.43
Democratic Republic of Congo,COD,2024-10-21,7398,0,25,0,55.43
Democratic Republic of Congo,COD,2024-10-22,7398,0,25,0,55.43
Democratic Republic of Congo,COD,2024-10-23,7398,0,25,0,55.43
Democratic Republic of Congo,COD,2024-10-24,7398,0,25,0,55.43
Democratic Republic of Congo,COD,2024-10-25,7398,0,25,0,55.43
Democratic Republic of Congo,COD,2024-10-26,7398,0,25,0,55.43
Democratic Republic of Congo,COD,2024-10-27,7682,284,25,0,40.57
Democratic Republic of Congo,COD,2024-10-28,7682,0,25,0,40.57
Democratic Republic of Congo,COD,2024-10-29,7682,0,25,0,40.57
Democratic Republic of Congo,COD,2024-10-30,7682,0,25,0,40.57
Democratic Republic of Congo,COD,2024-10-31,7682,0,25,0,40.57
Democratic Republic of Congo,COD,2024-11-01,7682,0,25,0,40.57
Democratic Republic of Congo,COD,2024-11-02,7682,0,25,0,40.57
Democratic Republic of Congo,COD,2024-11-03,7929,247,25,0,35.29
Democratic Republic of Congo,COD,2024-11-04,7929,0,25,0,35.29
Democratic Republic of Congo,COD,2024-11-05,7929,0,25,0,35.29
Democratic Republic of Congo,COD,2024-11-06,7929,0,25,0,35.29
Democratic Republic of Congo,COD,2024-11-07,7929,0,25,0,35.29
Democratic Republic of Congo,COD,2024-11-08,7929,0,25,0,35.29
Democratic Republic of Congo,COD,2024-11-09,7929,0,25,0,35.29
Democratic Republic of Congo,COD,2024-11-10,8445,516,25,0,73.71
Democratic Republic of Congo,COD,2024-11-11,8445,0,25,0,73.71
Democratic Republic of Congo,COD,2024-11-12,8445,0,25,0,73.71
Democratic Republic of Congo,COD,2024-11-13,8445,0,25,0,73.71
Democratic Republic of Congo,COD,2024-11-14,8445,0,25,0,73.71
Democratic Republic of Congo,COD,2024-11-15,8445,0,25,0,73.71
Democratic Republic of Congo,COD,2024-11-16,8445,0,25,0,73.71
Democratic Republic of Congo,COD,2024-11-17,8928,483,26,1,69
Democratic Republic of Congo,COD,2024-11-18,8928,0,26,0,69
Democratic Republic of Congo,COD,2024-11-19,8928,0,26,0,69
Democratic Republic of Congo,COD,2024-11-20,8928,0,26,0,69
Democratic Republic of Congo,COD,2024-11-21,8928,0,26,0,69
Democratic Republic of Congo,COD,2024-11-22,8928,0,26,0,69
Democratic Republic of Congo,COD,2024-11-23,8928,0,26,0,69
Democratic Republic of Congo,COD,2024-11-24,9296,368,26,0,52.57
Democratic Republic of Congo,COD,2024-11-25,9296,0,26,0,52.57
Democratic Republic of Congo,COD,2024-11-26,9296,0,26,0,52.57
Democratic Republic of Congo,COD,2024-11-27,9296,0,26,0,52.57
Democratic Republic of Congo,COD,2024-11-28,9296,0,26,0,52.57
Democratic Republic of Congo,COD,2024-11-29,9296,0,26,0,52.57
Democratic Republic of Congo,COD,2024-11-30,9296,0,26,0,52.57
Democratic Republic of Congo,COD,2024-12-01,9728,432,27,1,61.71
Democratic Republic of Congo,COD,2024-12-02,9728,0,27,0,61.71
Democratic Republic of Congo,COD,2024-12-03,9728,0,27,0,61.71
Democratic Republic of Congo,COD,2024-12-04,9728,0,27,0,61.71
Democratic Republic of Congo,COD,2024-12-05,9728,0,27,0,61.71
Democratic Republic of Congo,COD,2024-12-06,9728,0,27,0,61.71
Democratic Republic of Congo,COD,2024-12-07,9728,0,27,0,61.71
Democratic Republic of Congo,COD,2024-12-08,10172,444,28,1,63.43
Democratic Republic of Congo,COD,2024-12-09,10172,0,28,0,63.43
Democratic Republic of Congo,COD,2024-12-10,10172,0,28,0,63.43
Democratic Republic of Congo,COD,2024-12-11,10172,0,28,0,63.43
Democratic Republic of Congo,COD,2024-12-12,10172,0,28,0,63.43
Democratic Republic of Congo,COD,2024-12-13,10172,0,28,0,63.43
Democratic Republic of Congo,COD,2024-12-14,10172,0,28,0,63.43
Democratic Republic of Congo,COD,2024-12-15,10490,318,28,0,45.43
Democratic Republic of Congo,COD,2024-12-16,10490,0,28,0,45.43
Democratic Republic of Congo,COD,2024-12-17,10490,0,28,0,45.43
Democratic Republic of Congo,COD,2024-12-18,10490,0,28,0,45.43
Democratic Republic of Congo,COD,2024-12-19,10490,0,28,0,45.43
Democratic Republic of Congo,COD,2024-12-20,10490,0,28,0,45.43
Democratic Republic of Congo,COD,2024-12-21,10490,0,28,0,45.43
Democratic Republic of Congo,COD,2024-12-22,10762,272,28,0,38.86
Democratic Republic of Congo,COD,2024-12-23,10762,0,28,0,38.86
Democratic Republic of Congo,COD,2024-12-24,10762,0,28,0,38.86
Democratic Republic of Congo,COD,2024-12-25,10762,0,28,0,38.86
Democratic Republic of Congo,COD,2024-12-26,10762,0,28,0,38.86
Democratic Republic of Congo,COD,2024-12-27,10762,0,28,0,38.86
Democratic Republic of Congo,COD,2024-12-28,10762,0,28,0,38.86
Democratic Republic of Congo,COD,2024-12-29,10992,230,29,1,32.86
Democratic Republic of Congo,COD,2024-12-30,10992,0,29,0,32.86
Democratic Republic of Congo,COD,2024-12-31,10992,0,29,0,32.86
Democratic Republic of Congo,COD,2025-01-01,10992,0,29,0,32.86
Democratic Republic of Congo,COD,2025-01-02,10992,0,29,0,32.86
Democratic Republic of Congo,COD,2025-01-03,10992,0,29,0,32.86
Democratic Republic of Congo,COD,2025-01-04,10992,0,29,0,32.86
Democratic Republic of Congo,COD,2025-01-05,11573,581,29,0,83
Democratic Republic of Congo,COD,2025-01-06,11573,0,29,0,83
Democratic Republic of Congo,COD,2025-01-07,11573,0,29,0,83
Democratic Republic of Congo,COD,2025-01-08,11573,0,29,0,83
Democratic Republic of Congo,COD,2025-01-09,11573,0,29,0,83
Democratic Republic of Congo,COD,2025-01-10,11573,0,29,0,83
Democratic Republic of Congo,COD,2025-01-11,11573,0,29,0,83
Democratic Republic of Congo,COD,2025-01-12,12447,874,32,3,124.86
Democratic Republic of Congo,COD,2025-01-13,12447,0,32,0,124.86
Democratic Republic of Congo,COD,2025-01-14,12447,0,32,0,124.86
Democratic Republic of Congo,COD,2025-01-15,12447,0,32,0,124.86
Democratic Republic of Congo,COD,2025-01-16,12447,0,32,0,124.86
Democratic Republic of Congo,COD,2025-01-17,12447,0,32,0,124.86
Democratic Republic of Congo,COD,2025-01-18,12447,0,32,0,124.86
Democratic Republic of Congo,COD,2025-01-19,13115,668,36,4,95.43
Democratic Republic of Congo,COD,2025-01-20,13115,0,36,0,95.43
Democratic Republic of Congo,COD,2025-01-21,13115,0,36,0,95.43
Democratic Republic of Congo,COD,2025-01-22,13115,0,36,0,95.43
Democratic Republic of Congo,COD,2025-01-23,13115,0,36,0,95.43
Democratic Republic of Congo,COD,2025-01-24,13115,0,36,0,95.43
Democratic Republic of Congo,COD,2025-01-25,13115,0,36,0,95.43
Democratic Republic of Congo,COD,2025-01-26,13671,556,38,2,79.43
Democratic Republic of Congo,COD,2025-01-27,13671,0,38,0,79.43
Democratic Republic of Congo,COD,2025-01-28,13671,0,38,0,79.43
Democratic Republic of Congo,COD,2025-01-29,13671,0,38,0,79.43
Democratic Republic of Congo,COD,2025-01-30,13671,0,38,0,79.43
Democratic Republic of Congo,COD,2025-01-31,13671,0,38,0,79.43
Democratic Republic of Congo,COD,2025-02-01,13671,0,38,0,79.43
Democratic Republic of Congo,COD,2025-02-02,14142,471,42,4,67.29
Democratic Republic of Congo,COD,2025-02-03,14142,0,42,0,67.29
Democratic Republic of Congo,COD,2025-02-04,14142,0,42,0,67.29
Democratic Republic of Congo,COD,2025-02-05,14142,0,42,0,67.29
Democratic Republic of Congo,COD,2025-02-06,14142,0,42,0,67.29
Democratic Republic of Congo,COD,2025-02-07,14142,0,42,0,67.29
Democratic Republic of Congo,COD,2025-02-08,14142,0,42,0,67.29
Democratic Republic of Congo,COD,2025-02-09,14705,563,47,5,80.43
Democratic Republic of Congo,COD,2025-02-10,14705,0,47,0,80.43
Democratic Republic of Congo,COD,2025-02-11,14705,0,47,0,80.43
Democratic Republic of Congo,COD,2025-02-12,14705,0,47,0,80.43
Democratic Republic of Congo,COD,2025-02-13,14705,0,47,0,80.43
Democratic Republic of Congo,COD,2025-02-14,14705,0,47,0,80.43
Democratic Republic of Congo,COD,2025-02-15,14705,0,47,0,80.43
Democratic Republic of Congo,COD,2025-02-16,15183,478,51,4,68.29
Democratic Republic of Congo,COD,2025-02-17,15183,0,51,0,68.29
Democratic Republic of Congo,COD,2025-02-18,15183,0,51,0,68.29
Democratic Republic of Congo,COD,2025-02-19,15183,0,51,0,68.29
Democratic Republic of Congo,COD,2025-02-20,15183,0,51,0,68.29
Democratic Republic of Congo,COD,2025-02-21,15183,0,51,0,68.29
Democratic Republic of Congo,COD,2025-02-22,15183,0,51,0,68.29
Democratic Republic of Congo,COD,2025-02-23,15737,554,51,0,79.14
Democratic Republic of Congo,COD,2025-02-24,15737,0,51,0,79.14
Democratic Republic of Congo,COD,2025-02-25,15737,0,51,0,79.14
Democratic Republic of Congo,COD,2025-02-26,15737,0,51,0,79.14
Democratic Republic of Congo,COD,2025-02-27,15737,0,51,0,79.14
Democratic Republic of Congo,COD,2025-02-28,15737,0,51,0,79.14
Democratic Republic of Congo,COD,2025-03-01,15737,0,51,0,79.14
Democratic Republic of Congo,COD,2025-03-02,16231,494,51,0,70.57
Democratic Republic of Congo,COD,2025-03-03,16231,0,51,0,70.57
Democratic Republic of Congo,COD,2025-03-04,16231,0,51,0,70.57
Democratic Republic of Congo,COD,2025-03-05,16231,0,51,0,70.57
Democratic Republic of Congo,COD,2025-03-06,16231,0,51,0,70.57
Democratic Republic of Congo,COD,2025-03-07,16231,0,51,0,70.57
Democratic Republic of Congo,COD,2025-03-08,16231,0,51,0,70.57
Democratic Republic of Congo,COD,2025-03-09,16790,559,51,0,79.86
Democratic Republic of Congo,COD,2025-03-10,16790,0,51,0,79.86
Democratic Republic of Congo,COD,2025-03-11,16790,0,51,0,79.86
Democratic Republic of Congo,COD,2025-03-12,16790,0,51,0,79.86
Democratic Republic of Congo,COD,2025-03-13,16790,0,51,0,79.86
Democratic Republic of Congo,COD,2025-03-14,16790,0,51,0,79.86
Democratic Republic of Congo,COD,2025-03-15,16790,0,51,0,79.86
Democratic Republic of Congo,COD,2025-03-16,17400,610,51,0,87.14
Democratic Republic of Congo,COD,2025-03-17,17400,0,51,0,87.14
Democratic Republic of Congo,COD,2025-03-18,17400,0,51,0,87.14
Democratic Republic of Congo,COD,2025-03-19,17400,0,51,0,87.14
Democratic Republic of Congo,COD,2025-03-20,17400,0,51,0,87.14
Democratic Republic of Congo,COD,2025-03-21,17400,0,51,0,87.14
Democratic Republic of Congo,COD,2025-03-22,17400,0,51,0,87.14
Democratic Republic of Congo,COD,2025-03-23,17909,509,56,5,72.71
Democratic Republic of Congo,COD,2025-03-24,17909,0,56,0,72.71
Democratic Republic of Congo,COD,2025-03-25,17909,0,56,0,72.71
Democratic Republic of Congo,COD,2025-03-26,17909,0,56,0,72.71
Democratic Republic of Congo,COD,2025-03-27,17909,0,56,0,72.71
Democratic Republic of Congo,COD,2025-03-28,17909,0,56,0,72.71
Democratic Republic of Congo,COD,2025-03-29,17909,0,56,0,72.71
Democratic Republic of Congo,COD,2025-03-30,18305,396,56,0,56.57
Democratic Republic of Congo,COD,2025-03-31,18305,0,56,0,56.57
Democratic Republic of Congo,COD,2025-04-01,18305,0,56,0,56.57
Democratic Republic of Congo,COD,2025-04-02,18305,0,56,0,56.57
Democratic Republic of Congo,COD,2025-04-03,18305,0,56,0,56.57
Democratic Republic of Congo,COD,2025-04-04,18305,0,56,0,56.57
Democratic Republic of Congo,COD,2025-04-05,18305,0,56,0,56.57
Democratic Republic of Congo,COD,2025-04-06,18772,467,59,3,66.71
Democratic Republic of Congo,COD,2025-04-07,18772,0,59,0,66.71
Democratic Republic of Congo,COD,2025-04-08,18772,0,59,0,66.71
Democratic Republic of Congo,COD,2025-04-09,18772,0,59,0,66.71
Democratic Republic of Congo,COD,2025-04-10,18772,0,59,0,66.71
Democratic Republic of Congo,COD,2025-04-11,18772,0,59,0,66.71
Democratic Republic of Congo,COD,2025-04-12,18772,0,59,0,66.71
Democratic Republic of Congo,COD,2025-04-13,19280,508,59,0,72.57
Democratic Republic of Congo,COD,2025-04-14,19280,0,59,0,72.57
Democratic Republic of Congo,COD,2025-04-15,19280,0,59,0,72.57
Democratic Republic of Congo,COD,2025-04-16,19280,0,59,0,72.57
Democratic Republic of Congo,COD,2025-04-17,19280,0,59,0,72.57
Democratic Republic of Congo,COD,2025-04-18,19280,0,59,0,72.57
Democratic Republic of Congo,COD,2025-04-19,19280,0,59,0,72.57
Democratic Republic of Congo,COD,2025-04-20,19959,679,59,0,97
Democratic Republic of Congo,COD,2025-04-21,19959,0,59,0,97
Democratic Republic of Congo,COD,2025-04-22,19959,0,59,0,97
Democratic Republic of Congo,COD,2025-04-23,19959,0,59,0,97
Democratic Republic of Congo,COD,2025-04-24,19959,0,59,0,97
Democratic Republic of Congo,COD,2025-04-25,19959,0,59,0,97
Democratic Republic of Congo,COD,2025-04-26,19959,0,59,0,97
Democratic Republic of Congo,COD,2025-04-27,20764,805,59,0,115
Democratic Republic of Congo,COD,2025-04-28,20764,0,59,0,115
Democratic Republic of Congo,COD,2025-04-29,20764,0,59,0,115
Democratic Republic of Congo,COD,2025-04-30,20764,0,59,0,115
Democratic Republic of Congo,COD,2025-05-01,20764,0,59,0,115
Democratic Republic of Congo,COD,2025-05-02,20764,0,59,0,115
Democratic Republic of Congo,COD,2025-05-03,20764,0,59,0,115
Democratic Republic of Congo,COD,2025-05-04,21470,706,59,0,100.86
Democratic Republic of Congo,COD,2025-05-05,21470,0,59,0,100.86
Democratic Republic of Congo,COD,2025-05-06,21470,0,59,0,100.86
Democratic Republic of Congo,COD,2025-05-07,21470,0,59,0,100.86
Democratic Republic of Congo,COD,2025-05-08,21470,0,59,0,100.86
Democratic Republic of Congo,COD,2025-05-09,21470,0,59,0,100.86
Democratic Republic of Congo,COD,2025-05-10,21470,0,59,0,100.86
Democratic Republic of Congo,COD,2025-05-11,22158,688,59,0,98.29
Democratic Republic of Congo,COD,2025-05-12,22158,0,59,0,98.29
Democratic Republic of Congo,COD,2025-05-13,22158,0,59,0,98.29
Democratic Republic of Congo,COD,2025-05-14,22158,0,59,0,98.29
Democratic Republic of Congo,COD,2025-05-15,22158,0,59,0,98.29
Democratic Republic of Congo,COD,2025-05-16,22158,0,59,0,98.29
Democratic Republic of Congo,COD,2025-05-17,22158,0,59,0,98.29
Democratic Republic of Congo,COD,2025-05-18,22716,558,59,0,79.71
Democratic Republic of Congo,COD,2025-05-19,22716,0,59,0,79.71
Democratic Republic of Congo,COD,2025-05-20,22716,0,59,0,79.71
Democratic Republic of Congo,COD,2025-05-21,22716,0,59,0,79.71
Democratic Republic of Congo,COD,2025-05-22,22716,0,59,0,79.71
Democratic Republic of Congo,COD,2025-05-23,22716,0,59,0,79.71
Democratic Republic of Congo,COD,2025-05-24,22716,0,59,0,79.71
Democratic Republic of Congo,COD,2025-05-25,23654,938,62,3,134
Democratic Republic of Congo,COD,2025-05-26,23654,0,62,0,134
Democratic Republic of Congo,COD,2025-05-27,23654,0,62,0,134
Democratic Republic of Congo,COD,2025-05-28,23654,0,62,0,134
Democratic Republic of Congo,COD,2025-05-29,23654,0,62,0,134
Democratic Republic of Congo,COD,2025-05-30,23654,0,62,0,134
Democratic Republic of Congo,COD,2025-05-31,23654,0,62,0,134
Democratic Republic of Congo,COD,2025-06-01,24393,739,62,0,105.57
Democratic Republic of Congo,COD,2025-06-02,24393,0,62,0,105.57
Democratic Republic of Congo,COD,2025-06-03,24393,0,62,0,105.57
Democratic Republic of Congo,COD,2025-06-04,24393,0,62,0,105.57
Democratic Republic of Congo,COD,2025-06-05,24393,0,62,0,105.57
Democratic Republic of Congo,COD,2025-06-06,24393,0,62,0,105.57
Democratic Republic of Congo,COD,2025-06-07,24393,0,62,0,105.57
Democratic Republic of Congo,COD,2025-06-08,25017,624,64,2,89.14
Democratic Republic of Congo,COD,2025-06-09,25017,0,64,0,89.14
Democratic Republic of Congo,COD,2025-06-10,25017,0,64,0,89.14
Democratic Republic of Congo,COD,2025-06-11,25017,0,64,0,89.14
Democratic Republic of Congo,COD,2025-06-12,25017,0,64,0,89.14
Democratic Republic of Congo,COD,2025-06-13,25017,0,64,0,89.14
Democratic Republic of Congo,COD,2025-06-14,25017,0,64,0,89.14
Democratic Republic of Congo,COD,2025-06-15,25533,516,65,1,73.71
Democratic Republic of Congo,COD,2025-06-16,25533,0,65,0,73.71
Democratic Republic of Congo,COD,2025-06-17,25533,0,65,0,73.71
Democratic Republic of Congo,COD,2025-06-18,25533,0,65,0,73.71
Democratic Republic of Congo,COD,2025-06-19,25533,0,65,0,73.71
Democratic Republic of Congo,COD,2025-06-20,25533,0,65,0,73.71
Democratic Republic of Congo,COD,2025-06-21,25533,0,65,0,73.71
Democratic Republic of Congo,COD,2025-06-22,25949,416,65,0,59.43
Democratic Republic of Congo,COD,2025-06-23,25949,0,65,0,59.43
Democratic Republic of Congo,COD,2025-06-24,25949,0,65,0,59.43
Democratic Republic of Congo,COD,2025-06-25,25949,0,65,0,59.43
Democratic Republic of Congo,COD,2025-06-26,25949,0,65,0,59.43
Democratic Republic of Congo,COD,2025-06-27,25949,0,65,0,59.43
Democratic Republic of Congo,COD,2025-06-28,25949,0,65,0,59.43
Democratic Republic of Congo,COD,2025-06-29,26321,372,67,2,53.14
Democratic Republic of Congo,COD,2025-06-30,26321,0,67,0,53.14
Democratic Republic of Congo,COD,2025-07-01,26321,0,67,0,53.14
Democratic Republic of Congo,COD,2025-07-02,26321,0,67,0,53.14
Democratic Republic of Congo,COD,2025-07-03,26321,0,67,0,53.14
Democratic Republic of Congo,COD,2025-07-04,26321,0,67,0,53.14
Democratic Republic of Congo,COD,2025-07-05,26321,0,67,0,53.14
Democratic Republic of Congo,COD,2025-07-06,26714,393,67,0,56.14
Democratic Republic of Congo,COD,2025-07-07,26714,0,67,0,56.14
Democratic Republic of Congo,COD,2025-07-08,26714,0,67,0,56.14
Democratic Republic of Congo,COD,2025-07-09,26714,0,67,0,56.14
Democratic Republic of Congo,COD,2025-07-10,26714,0,67,0,56.14
Democratic Republic of Congo,COD,2025-07-11,26714,0,67,0,56.14
Democratic Republic of Congo,COD,2025-07-12,26714,0,67,0,56.14
Democratic Republic of Congo,COD,2025-07-13,27051,337,69,2,48.14
Democratic Republic of Congo,COD,2025-07-14,27051,0,69,0,48.14
Democratic Republic of Congo,COD,2025-07-15,27051,0,69,0,48.14
Democratic Republic of Congo,COD,2025-07-16,27051,0,69,0,48.14
Democratic Republic of Congo,COD,2025-07-17,27051,0,69,0,48.14
Democratic Republic of Congo,COD,2025-07-18,27051,0,69,0,48.14
Democratic Republic of Congo,COD,2025-07-19,27051,0,69,0,48.14
Democratic Republic of Congo,COD,2025-07-20,27425,374,69,0,53.43
Democratic Republic of Congo,COD,2025-07-21,27425,0,69,0,53.43
Democratic Republic of Congo,COD,2025-07-22,27425,0,69,0,53.43
Democratic Republic of Congo,COD,2025-07-23,27425,0,69,0,53.43
Democratic Republic of Congo,COD,2025-07-24,27425,0,69,0,53.43
Democratic Republic of Congo,COD,2025-07-25,27425,0,69,0,53.43
Democratic Republic of Congo,COD,2025-07-26,27425,0,69,0,53.43
Democratic Republic of Congo,COD,2025-07-27,27850,425,70,1,60.71
Democratic Republic of Congo,COD,2025-07-28,27850,0,70,0,60.71
Democratic Republic of Congo,COD,2025-07-29,27850,0,70,0,60.71
Democratic Republic of Congo,COD,2025-07-30,27850,0,70,0,60.71
Democratic Republic of Congo,COD,2025-07-31,27850,0,70,0,60.71
Democratic Republic of Congo,COD,2025-08-01,27850,0,70,0,60.71
Democratic Republic of Congo,COD,2025-08-02,27850,0,70,0,60.71
Democratic Republic of Congo,COD,2025-08-03,28212,362,70,0,51.71
Democratic Republic of Congo,COD,2025-08-04,28212,0,70,0,51.71
Democratic Republic of Congo,COD,2025-08-05,28212,0,70,0,51.71
Democratic Republic of Congo,COD,2025-08-06,28212,0,70,0,51.71
Democratic Republic of Congo,COD,2025-08-07,28212,0,70,0,51.71
Democratic Republic of Congo,COD,2025-08-08,28212,0,70,0,51.71
Democratic Republic of Congo,COD,2025-08-09,28212,0,70,0,51.71
Democratic Republic of Congo,COD,2025-08-10,28596,384,70,0,54.86
Democratic Republic of Congo,COD,2025-08-11,28596,0,70,0,54.86
Democratic Republic of Congo,COD,2025-08-12,28596,0,70,0,54.86
Democratic Republic of Congo,COD,2025-08-13,28596,0,70,0,54.86
Democratic Republic of Congo,COD,2025-08-14,28596,0,70,0,54.86
Democratic Republic of Congo,COD,2025-08-15,28596,0,70,0,54.86
Democratic Republic of Congo,COD,2025-08-16,28596,0,70,0,54.86
Democratic Republic of Congo,COD,2025-08-17,28860,264,71,1,37.71
Democratic Republic of Congo,COD,2025-08-18,28860,0,71,0,37.71
Democratic Republic of Congo,COD,2025-08-19,28860,0,71,0,37.71
Democratic Republic of Congo,COD,2025-08-20,28860,0,71,0,37.71
Democratic Republic of Congo,COD,2025-08-21,28860,0,71,0,37.71
Democratic Republic of Congo,COD,2025-08-22,28860,0,71,0,37.71
Democratic Republic of Congo,COD,2025-08-23,28860,0,71,0,37.71
Democratic Republic of Congo,COD,2025-08-24,29193,333,73,2,47.57
Democratic Republic of Congo,COD,2025-08-25,29193,0,73,0,47.57
Democratic Republic of Congo,COD,2025-08-26,29193,0,73,0,47.57
Democratic Republic of Congo,COD,2025-08-27,29193,0,73,0,47.57
Democratic Republic of Congo,COD,2025-08-28,29193,0,73,0,47.57
Democratic Republic of Congo,COD,2025-08-29,29193,0,73,0,47.57
Democratic Republic of Congo,COD,2025-08-30,29193,0,73,0,47.57
Democratic Republic of Congo,COD,2025-08-31,29582,389,78,5,55.57
Democratic Republic of Congo,COD,2025-09-01,29582,0,78,0,55.57
Democratic Republic of Congo,COD,2025-09-02,29582,0,78,0,55.57
Democratic Republic of Congo,COD,2025-09-03,29582,0,78,0,55.57
Democratic Republic of Congo,COD,2025-09-04,29582,0,78,0,55.57
Democratic Republic of Congo,COD,2025-09-05,29582,0,78,0,55.57
Democratic Republic of Congo,COD,2025-09-06,29582,0,78,0,55.57
Democratic Republic of Congo,COD,2025-09-07,29970,388,78,0,55.43
Democratic Republic of Congo,COD,2025-09-08,29970,0,78,0,55.43
Democratic Republic of Congo,COD,2025-09-09,29970,0,78,0,55.43
Democratic Republic of Congo,COD,2025-09-10,29970,0,78,0,55.43
Democratic Republic of Congo,COD,2025-09-11,29970,0,78,0,55.43
Democratic Republic of Congo,COD,2025-09-12,29970,0,78,0,55.43
Democratic Republic of Congo,COD,2025-09-13,29970,0,78,0,55.43
Democratic Republic of Congo,COD,2025-09-14,30497,527,78,0,75.29
Democratic Republic of Congo,COD,2025-09-15,30497,0,78,0,75.29
Democratic Republic of Congo,COD,2025-09-16,30497,0,78,0,75.29
Democratic Republic of Congo,COD,2025-09-17,30497,0,78,0,75.29
Democratic Republic of Congo,COD,2025-09-18,30497,0,78,0,75.29
Democratic Republic of Congo,COD,2025-09-19,30497,0,78,0,75.29
Democratic Republic of Congo,COD,2025-09-20,30497,0,78,0,75.29
Democratic Republic of Congo,COD,2025-09-21,30815,318,78,0,45.43
Democratic Republic of Congo,COD,2025-09-22,30815,0,78,0,45.43
Democratic Republic of Congo,COD,2025-09-23,30815,0,78,0,45.43
Democratic Republic of Congo,COD,2025-09-24,30815,0,78,0,45.43
Democratic Republic of Congo,COD,2025-09-25,30815,0,78,0,45.43
Democratic Republic of Congo,COD,2025-09-26,30815,0,78,0,45.43
Democratic Republic of Congo,COD,2025-09-27,30815,0,78,0,45.43
Democratic Republic of Congo,COD,2025-09-28,31194,379,79,1,54.14
Democratic Republic of Congo,COD,2025-09-29,31194,0,79,0,54.14
Democratic Republic of Congo,COD,2025-09-30,31194,0,79,0,54.14
Democratic Republic of Congo,COD,2025-10-01,31194,0,79,0,54.14
Democratic Republic of Congo,COD,2025-10-02,31194,0,79,0,54.14
Democratic Republic of Congo,COD,2025-10-03,31194,0,79,0,54.14
Democratic Republic of Congo,COD,2025-10-04,31194,0,79,0,54.14
Democratic Republic of Congo,COD,2025-10-05,31383,189,79,0,27
Democratic Republic of Congo,COD,2025-10-06,31383,0,79,0,27
Democratic Republic of Congo,COD,2025-10-07,31383,0,79,0,27
Democratic Republic of Congo,COD,2025-10-08,31383,0,79,0,27
Democratic Republic of Congo,COD,2025-10-09,31383,0,79,0,27
Democratic Republic of Congo,COD,2025-10-10,31383,0,79,0,27
Democratic Republic of Congo,COD,2025-10-11,31383,0,79,0,27
Democratic Republic of Congo,COD,2025-10-12,31668,285,80,1,40.71
Democratic Republic of Congo,COD,2025-10-13,31668,0,80,0,40.71
Democratic Republic of Congo,COD,2025-10-14,31668,0,80,0,40.71
Democratic Republic of Congo,COD,2025-10-15,31668,0,80,0,40.71
Democratic Republic of Congo,COD,2025-10-16,31668,0,80,0,40.71
Democratic Republic of Congo,COD,2025-10-17,31668,0,80,0,40.71
Democratic Republic of Congo,COD,2025-10-18,31668,0,80,0,40.71
Democratic Republic of Congo,COD,2025-10-19,31815,147,80,0,21
Democratic Republic of Congo,COD,2025-10-20,31815,0,80,0,21
Democratic Republic of Congo,COD,2025-10-21,31815,0,80,0,21
Democratic Republic of Congo,COD,2025-10-22,31815,0,80,0,21
Democratic Republic of Congo,COD,2025-10-23,31815,0,80,0,21
Democratic Republic of Congo,COD,2025-10-24,31815,0,80,0,21
Democratic Republic of Congo,COD,2025-10-25,31815,0,80,0,21
Democratic Republic of Congo,COD,2025-10-26,32056,241,80,0,34.43
Democratic Republic of Congo,COD,2025-10-27,32056,0,80,0,34.43
Democratic Republic of Congo,COD,2025-10-28,32056,0,80,0,34.43
Democratic Republic of Congo,COD,2025-10-29,32056,0,80,0,34.43
Democratic Republic of Congo,COD,2025-10-30,32056,0,80,0,34.43
Democratic Republic of Congo,COD,2025-10-31,32056,0,80,0,34.43
Democratic Republic of Congo,COD,2025-11-01,32056,0,80,0,34.43
Democratic Republic of Congo,COD,2025-11-02,32167,111,80,0,15.86
Democratic Republic of Congo,COD,2025-11-03,32167,0,80,0,15.86
Democratic Republic of Congo,COD,2025-11-04,32167,0,80,0,15.86
Democratic Republic of Congo,COD,2025-11-05,32167,0,80,0,15.86
Democratic Republic of Congo,COD,2025-11-06,32167,0,80,0,15.86
Democratic Republic of Congo,COD,2025-11-07,32167,0,80,0,15.86
Democratic Republic of Congo,COD,2025-11-08,32167,0,80,0,15.86
Democratic Republic of Congo,COD,2025-11-09,32253,86,80,0,12.29
Democratic Republic of Congo,COD,2025-11-10,32253,0,80,0,12.29
Democratic Republic of Congo,COD,2025-11-11,32253,0,80,0,12.29
Democratic Republic of Congo,COD,2025-11-12,32253,0,80,0,12.29
Democratic Republic of Congo,COD,2025-11-13,32253,0,80,0,12.29
Democratic Republic of Congo,COD,2025-11-14,32253,0,80,0,12.29
Democratic Republic of Congo,COD,2025-11-15,32253,0,80,0,12.29
Democratic Republic of Congo,COD,2025-11-16,32325,72,80,0,10.29
Democratic Republic of Congo,COD,2025-11-17,32325,0,80,0,10.29
Democratic Republic of Congo,COD,2025-11-18,32325,0,80,0,10.29
Democratic Republic of Congo,COD,2025-11-19,32325,0,80,0,10.29
Democratic Republic of Congo,COD,2025-11-20,32325,0,80,0,10.29
Democratic Republic of Congo,COD,2025-11-21,32325,0,80,0,10.29
Democratic Republic of Congo,COD,2025-11-22,32325,0,80,0,10.29
Democratic Republic of Congo,COD,2025-11-23,32433,108,80,0,15.43
Democratic Republic of Congo,COD,2025-11-24,32433,0,80,0,15.43
Democratic Republic of Congo,COD,2025-11-25,32433,0,80,0,15.43
Democratic Republic of Congo,COD,2025-11-26,32433,0,80,0,15.43
Democratic Republic of Congo,COD,2025-11-27,32433,0,80,0,15.43
Democratic Republic of Congo,COD,2025-11-28,32433,0,80,0,15.43
Democratic Republic of Congo,COD,2025-11-29,32433,0,80,0,15.43
Democratic Republic of Congo,COD,2025-11-30,32569,136,80,0,19.43
Democratic Republic of Congo,COD,2025-12-01,32569,0,80,0,19.43
Democratic Republic of Congo,COD,2025-12-02,32569,0,80,0,19.43
Democratic Republic of Congo,COD,2025-12-03,32569,0,80,0,19.43
Democratic Republic of Congo,COD,2025-12-04,32569,0,80,0,19.43
Democratic Republic of Congo,COD,2025-12-05,32569,0,80,0,19.43
Democratic Republic of Congo,COD,2025-12-06,32569,0,80,0,19.43
Democratic Republic of Congo,COD,2025-12-07,32695,126,80,0,18
Democratic Republic of Congo,COD,2025-12-08,32695,0,80,0,18
Democratic Republic of Congo,COD,2025-12-09,32695,0,80,0,18
Democratic Republic of Congo,COD,2025-12-10,32695,0,80,0,18
Democratic Republic of Congo,COD,2025-12-11,32695,0,80,0,18
Democratic Republic of Congo,COD,2025-12-12,32695,0,80,0,18
Democratic Republic of Congo,COD,2025-12-13,32695,0,80,0,18
Democratic Republic of Congo,COD,2025-12-14,32799,104,80,0,14.86
Democratic Republic of Congo,COD,2025-12-15,32799,0,80,0,14.86
Democratic Republic of Congo,COD,2025-12-16,32799,0,80,0,14.86
Democratic Republic of Congo,COD,2025-12-17,32799,0,80,0,14.86
Democratic Republic of Congo,COD,2025-12-18,32799,0,80,0,14.86
Democratic Republic of Congo,COD,2025-12-19,32799,0,80,0,14.86
Democratic Republic of Congo,COD,2025-12-20,32799,0,80,0,14.86
Democratic Republic of Congo,COD,2025-12-21,32928,129,80,0,18.43
Democratic Republic of Congo,COD,2025-12-22,32928,0,80,0,18.43
Democratic Republic of Congo,COD,2025-12-23,32928,0,80,0,18.43
Democratic Republic of Congo,COD,2025-12-24,32928,0,80,0,18.43
Democratic Republic of Congo,COD,2025-12-25,32928,0,80,0,18.43
Democratic Republic of Congo,COD,2025-12-26,32928,0,80,0,18.43
Democratic Republic of Congo,COD,2025-12-27,32928,0,80,0,18.43
Democratic Republic of Congo,COD,2025-12-28,32957,29,80,0,4.14
Democratic Republic of Congo,COD,2025-12-29,32957,0,80,0,4.14
Democratic Republic of Congo,COD,2025-12-30,32957,0,80,0,4.14
Democratic Republic of Congo,COD,2025-12-31,32957,0,80,0,4.14
Democratic Republic of Congo,COD,2026-01-01,32957,0,80,0,4.14
Democratic Republic of Congo,COD,2026-01-02,32957,0,80,0,4.14
Democratic Republic of Congo,COD,2026-01-03,32957,0,80,0,4.14
Democratic Republic of Congo,COD,2026-01-04,33085,128,80,0,18.29
Democratic Republic of Congo,COD,2026-01-05,33085,0,80,0,18.29
Democratic Republic of Congo,COD,2026-01-06,33085,0,80,0,18.29
Democratic Republic of Congo,COD,2026-01-07,33085,0,80,0,18.29
Democratic Republic of Congo,COD,2026-01-08,33085,0,80,0,18.29
Democratic Republic of Congo,COD,2026-01-09,33085,0,80,0,18.29
Democratic Republic of Congo,COD,2026-01-10,33085,0,80,0,18.29
Democratic Republic of Congo,COD,2026-01-11,33177,92,80,0,13.14
Democratic Republic of Congo,COD,2026-01-12,33177,0,80,0,13.14
Democratic Republic of Congo,COD,2026-01-13,33177,0,80,0,13.14
Democratic Republic of Congo,COD,2026-01-14,33177,0,80,0,13.14
Democratic Republic of Congo,COD,2026-01-15,33177,0,80,0,13.14
Democratic Republic of Congo,COD,2026-01-16,33177,0,80,0,13.14
Democratic Republic of Congo,COD,2026-01-17,33177,0,80,0,13.14
Democratic Republic of Congo,COD,2026-01-18,33280,103,80,0,14.71
Democratic Republic of Congo,COD,2026-01-19,33280,0,80,0,14.71
Democratic Republic of Congo,COD,2026-01-20,33280,0,80,0,14.71
Democratic Republic of Congo,COD,2026-01-21,33280,0,80,0,14.71
Democratic Republic of Congo,COD,2026-01-22,33280,0,80,0,14.71
Democratic Republic of Congo,COD,2026-01-23,33280,0,80,0,14.71
Democratic Republic of Congo,COD,2026-01-24,33280,0,80,0,14.71
Democratic Republic of Congo,COD,2026-01-25,33359,79,80,0,11.29
Democratic Republic of Congo,COD,2026-01-26,33359,0,80,0,11.29
Democratic Republic of Congo,COD,2026-01-27,33359,0,80,0,11.29
Democratic Republic of Congo,COD,2026-01-28,33359,0,80,0,11.29
Democratic Republic of Congo,COD,2026-01-29,33359,0,80,0,11.29
Democratic Republic of Congo,COD,2026-01-30,33359,0,80,0,11.29
Democratic Republic of Congo,COD,2026-01-31,33359,0,80,0,11.29
Democratic Republic of Congo,COD,2026-02-01,33430,71,80,0,10.14
Democratic Republic of Congo,COD,2026-02-02,33430,0,80,0,10.14
Democratic Republic of Congo,COD,2026-02-03,33430,0,80,0,10.14
Democratic Republic of Congo,COD,2026-02-04,33430,0,80,0,10.14
Democratic Republic of Congo,COD,2026-02-05,33430,0,80,0,10.14
Democratic Republic of Congo,COD,2026-02-06,33430,0,80,0,10.14
Democratic Republic of Congo,COD,2026-02-07,33430,0,80,0,10.14
Democratic Republic of Congo,COD,2026-02-08,33523,93,80,0,13.29
Democratic Republic of Congo,COD,2026-02-09,33523,0,80,0,13.29
Democratic Republic of Congo,COD,2026-02-10,33523,0,80,0,13.29
Democratic Republic of Congo,COD,2026-02-11,33523,0,80,0,13.29
Democratic Republic of Congo,COD,2026-02-12,33523,0,80,0,13.29
Democratic Republic of Congo,COD,2026-02-13,33523,0,80,0,13.29
Democratic Republic of Congo,COD,2026-02-14,33523,0,80,0,13.29
Democratic Republic of Congo,COD,2026-02-15,33575,52,80,0,7.43
Democratic Republic of Congo,COD,2026-02-16,33575,0,80,0,7.43
Democratic Republic of Congo,COD,2026-02-17,33575,0,80,0,7.43
Democratic Republic of Congo,COD,2026-02-18,33575,0,80,0,7.43
Democratic Republic of Congo,COD,2026-02-19,33575,0,80,0,7.43
Democratic Republic of Congo,COD,2026-02-20,33575,0,80,0,7.43
Democratic Republic of Congo,COD,2026-02-21,33575,0,80,0,7.43
Democratic Republic of Congo,COD,2026-02-22,33667,92,80,0,13.14
Democratic Republic of Congo,COD,2026-02-23,33667,0,80,0,13.14
Democratic Republic of Congo,COD,2026-02-24,33667,0,80,0,13.14
Democratic Republic of Congo,COD,2026-02-25,33667,0,80,0,13.14
Democratic Republic of Congo,COD,2026-02-26,33667,0,80,0,13.14
Democratic Republic of Congo,COD,2026-02-27,33667,0,80,0,13.14
Democratic Republic of Congo,COD,2026-02-28,33667,0,80,0,13.14
Democratic Republic of Congo,COD,2026-03-01,33738,71,80,0,10.14
Democratic Republic of Congo,COD,2026-03-02,33738,0,80,0,10.14
Democratic Republic of Congo,COD,2026-03-03,33738,0,80,0,10.14
Democratic Republic of Congo,COD,2026-03-04,33738,0,80,0,10.14
Democratic Republic of Congo,COD,2026-03-05,33738,0,80,0,10.14
Democratic Republic of Congo,COD,2026-03-06,33738,0,80,0,10.14
Democratic Republic of Congo,COD,2026-03-07,33738,0,80,0,10.14
Democratic Republic of Congo,COD,2026-03-08,33798,60,80,0,8.57
Democratic Republic of Congo,COD,2026-03-09,33798,0,80,0,8.57
Democratic Republic of Congo,COD,2026-03-10,33798,0,80,0,8.57
Democratic Republic of Congo,COD,2026-03-11,33798,0,80,0,8.57
Democratic Republic of Congo,COD,2026-03-12,33798,0,80,0,8.57
Democratic Republic of Congo,COD,2026-03-13,33798,0,80,0,8.57
Democratic Republic of Congo,COD,2026-03-14,33798,0,80,0,8.57
Democratic Republic of Congo,COD,2026-03-15,33849,51,80,0,7.29
Democratic Republic of Congo,COD,2026-03-16,33849,0,80,0,7.29
Democratic Republic of Congo,COD,2026-03-17,33849,0,80,0,7.29
Democratic Republic of Congo,COD,2026-03-18,33849,0,80,0,7.29
Democratic Republic of Congo,COD,2026-03-19,33849,0,80,0,7.29
Democratic Republic of Congo,COD,2026-03-20,33849,0,80,0,7.29
Democratic Republic of Congo,COD,2026-03-21,33849,0,80,0,7.29
Democratic Republic of Congo,COD,2026-03-22,33900,51,80,0,7.29
Democratic Republic of Congo,COD,2026-03-23,33900,0,80,0,7.29
Democratic Republic of Congo,COD,2026-03-24,33900,0,80,0,7.29
Democratic Republic of Congo,COD,2026-03-25,33900,0,80,0,7.29
Democratic Republic of Congo,COD,2026-03-26,33900,0,80,0,7.29
Democratic Republic of Congo,COD,2026-03-27,33900,0,80,0,7.29
Democratic Republic of Congo,COD,2026-03-28,33900,0,80,0,7.29
Democratic Republic of Congo,COD,2026-03-29,33976,76,80,0,10.86
Democratic Republic of Congo,COD,2026-03-30,33976,0,80,0,10.86
Democratic Republic of Congo,COD,2026-03-31,33976,0,80,0,10.86
Democratic Republic of Congo,COD,2026-04-01,33976,0,80,0,10.86
Democratic Republic of Congo,COD,2026-04-02,33976,0,80,0,10.86
Democratic Republic of Congo,COD,2026-04-03,33976,0,80,0,10.86
Democratic Republic of Congo,COD,2026-04-04,33976,0,80,0,10.86
Democratic Republic of Congo,COD,2026-04-05,34019,43,80,0,6.14
Democratic Republic of Congo,COD,2026-04-06,34019,0,80,0,6.14
Democratic Republic of Congo,COD,2026-04-07,34019,0,80,0,6.14
Democratic Republic of Congo,COD,2026-04-08,34019,0,80,0,6.14
Democratic Republic of Congo,COD,2026-04-09,34019,0,80,0,6.14
Democratic Republic of Congo,COD,2026-04-10,34019,0,80,0,6.14
Democratic Republic of Congo,COD,2026-04-11,34019,0,80,0,6.14
Democratic Republic of Congo,COD,2026-04-12,34044,25,80,0,3.57
Democratic Republic of Congo,COD,2026-04-13,34044,0,80,0,3.57
Democratic Republic of Congo,COD,2026-04-14,34044,0,80,0,3.57
Democratic Republic of Congo,COD,2026-04-15,34044,0,80,0,3.57
Democratic Republic of Congo,COD,2026-04-16,34044,0,80,0,3.57
Democratic Republic of Congo,COD,2026-04-17,34044,0,80,0,3.57
Democratic Republic of Congo,COD,2026-04-18,34044,0,80,0,3.57
Democratic Republic of Congo,COD,2026-04-19,34054,10,80,0,1.43
Democratic Republic of Congo,COD,2026-04-20,34054,0,80,0,1.43
Democratic Republic of Congo,COD,2026-04-21,34054,0,80,0,1.43
Democratic Republic of Congo,COD,2026-04-22,34054,0,80,0,1.43
Democratic Republic of Congo,COD,2026-04-23,34054,0,80,0,1.43
Democratic Republic of Congo,COD,2026-04-24,34054,0,80,0,1.43
Democratic Republic of Congo,COD,2026-04-25,34054,0,80,0,1.43
Democratic Republic of Congo,COD,2026-04-26,34054,0,80,0,0
Egypt,EGY,2022-09-27,1,1,0,0,0.14
Egypt,EGY,2022-09-28,1,0,0,0,0.14
Egypt,EGY,2022-09-29,1,0,0,0,0.14
Egypt,EGY,2022-09-30,1,0,0,0,0.14
Egypt,EGY,2022-10-01,1,0,0,0,0.14
Egypt,EGY,2022-10-02,1,0,0,0,0.14
Egypt,EGY,2022-10-03,1,0,0,0,0.14
Egypt,EGY,2022-10-04,1,0,0,0,0
Egypt,EGY,2022-10-05,1,0,0,0,0
Egypt,EGY,2022-10-06,1,0,0,0,0
Egypt,EGY,2022-10-07,1,0,0,0,0
Egypt,EGY,2022-10-08,1,0,0,0,0
Egypt,EGY,2022-10-09,1,0,0,0,0
Egypt,EGY,2022-10-10,1,0,0,0,0
Egypt,EGY,2022-10-11,1,0,0,0,0
Egypt,EGY,2022-10-12,1,0,0,0,0
Egypt,EGY,2022-10-13,1,0,0,0,0
Egypt,EGY,2022-10-14,1,0,0,0,0
Egypt,EGY,2022-10-15,1,0,0,0,0
Egypt,EGY,2022-10-16,1,0,0,0,0
Egypt,EGY,2022-10-17,1,0,0,0,0
Egypt,EGY,2022-10-18,1,0,0,0,0
Egypt,EGY,2022-10-19,1,0,0,0,0
Egypt,EGY,2022-10-20,1,0,0,0,0
Egypt,EGY,2022-10-21,1,0,0,0,0
Egypt,EGY,2022-10-22,1,0,0,0,0
Egypt,EGY,2022-10-23,1,0,0,0,0
Egypt,EGY,2022-10-24,1,0,0,0,0
Egypt,EGY,2022-10-25,1,0,0,0,0
Egypt,EGY,2022-10-26,1,0,0,0,0
Egypt,EGY,2022-10-27,1,0,0,0,0
Egypt,EGY,2022-10-28,1,0,0,0,0
Egypt,EGY,2022-10-29,1,0,0,0,0
Egypt,EGY,2022-10-30,1,0,0,0,0
Egypt,EGY,2022-10-31,1,0,0,0,0
Egypt,EGY,2022-11-01,1,0,0,0,0
Egypt,EGY,2022-11-02,1,0,0,0,0
Egypt,EGY,2022-11-03,1,0,0,0,0
Egypt,EGY,2022-11-04,1,0,0,0,0
Egypt,EGY,2022-11-05,1,0,0,0,0
Egypt,EGY,2022-11-06,1,0,0,0,0
Egypt,EGY,2022-11-07,1,0,0,0,0
Egypt,EGY,2022-11-08,1,0,0,0,0
Egypt,EGY,2022-11-09,1,0,0,0,0
Egypt,EGY,2022-11-10,1,0,0,0,0
Egypt,EGY,2022-11-11,1,0,0,0,0
Egypt,EGY,2022-11-12,1,0,0,0,0
Egypt,EGY,2022-11-13,1,0,0,0,0
Egypt,EGY,2022-11-14,1,0,0,0,0
Egypt,EGY,2022-11-15,1,0,0,0,0
Egypt,EGY,2022-11-16,1,0,0,0,0
Egypt,EGY,2022-11-17,1,0,0,0,0
Egypt,EGY,2022-11-18,1,0,0,0,0
Egypt,EGY,2022-11-19,1,0,0,0,0
Egypt,EGY,2022-11-20,1,0,0,0,0
Egypt,EGY,2022-11-21,1,0,0,0,0
Egypt,EGY,2022-11-22,1,0,0,0,0
Egypt,EGY,2022-11-23,1,0,0,0,0
Egypt,EGY,2022-11-24,1,0,0,0,0
Egypt,EGY,2022-11-25,1,0,0,0,0
Egypt,EGY,2022-11-26,1,0,0,0,0
Egypt,EGY,2022-11-27,1,0,0,0,0
Egypt,EGY,2022-11-28,1,0,0,0,0
Egypt,EGY,2022-11-29,1,0,0,0,0
Egypt,EGY,2022-11-30,1,0,0,0,0
Egypt,EGY,2022-12-01,1,0,0,0,0
Egypt,EGY,2022-12-02,1,0,0,0,0
Egypt,EGY,2022-12-03,1,0,0,0,0
Egypt,EGY,2022-12-04,1,0,0,0,0
Egypt,EGY,2022-12-05,1,0,0,0,0
Egypt,EGY,2022-12-06,1,0,0,0,0
Egypt,EGY,2022-12-07,1,0,0,0,0
Egypt,EGY,2022-12-08,1,0,0,0,0
Egypt,EGY,2022-12-09,2,1,0,0,0.14
Egypt,EGY,2022-12-10,2,0,0,0,0.14
Egypt,EGY,2022-12-11,2,0,0,0,0.14
Egypt,EGY,2022-12-12,3,1,0,0,0.29
Egypt,EGY,2022-12-13,3,0,0,0,0.29
Egypt,EGY,2022-12-14,3,0,0,0,0.29
Egypt,EGY,2022-12-15,3,0,0,0,0.29
Egypt,EGY,2022-12-16,3,0,0,0,0.14
Egypt,EGY,2022-12-17,3,0,0,0,0.14
Egypt,EGY,2022-12-18,3,0,0,0,0.14
Egypt,EGY,2022-12-19,3,0,0,0,0
Egypt,EGY,2022-12-20,3,0,0,0,0
Egypt,EGY,2022-12-21,3,0,0,0,0
Egypt,EGY,2022-12-22,3,0,0,0,0
Egypt,EGY,2022-12-23,3,0,0,0,0
Egypt,EGY,2022-12-24,3,0,0,0,0
Egypt,EGY,2022-12-25,3,0,0,0,0
Egypt,EGY,2022-12-26,3,0,0,0,0
Egypt,EGY,2022-12-27,3,0,0,0,0
Egypt,EGY,2022-12-28,3,0,0,0,0
Egypt,EGY,2022-12-29,3,0,0,0,0
Egypt,EGY,2022-12-30,3,0,0,0,0
Egypt,EGY,2022-12-31,3,0,0,0,0
Egypt,EGY,2023-01-01,3,0,0,0,0
Egypt,EGY,2023-01-02,3,0,0,0,0
Egypt,EGY,2023-01-03,3,0,0,0,0
Egypt,EGY,2023-01-04,3,0,0,0,0
Egypt,EGY,2023-01-05,3,0,0,0,0
Egypt,EGY,2023-01-06,3,0,0,0,0
Egypt,EGY,2023-01-07,3,0,0,0,0
Egypt,EGY,2023-01-08,3,0,0,0,0
Egypt,EGY,2023-01-09,3,0,0,0,0
Egypt,EGY,2023-01-10,3,0,0,0,0
Egypt,EGY,2023-01-11,3,0,0,0,0
Egypt,EGY,2023-01-12,3,0,0,0,0
Egypt,EGY,2023-01-13,3,0,0,0,0
Egypt,EGY,2023-01-14,3,0,0,0,0
Egypt,EGY,2023-01-15,3,0,0,0,0
Egypt,EGY,2023-01-16,3,0,0,0,0
Egypt,EGY,2023-01-17,3,0,0,0,0
Egypt,EGY,2023-01-18,3,0,0,0,0
Egypt,EGY,2023-01-19,3,0,0,0,0
Egypt,EGY,2023-01-20,3,0,0,0,0
Egypt,EGY,2023-01-21,3,0,0,0,0
Egypt,EGY,2023-01-22,3,0,0,0,0
Egypt,EGY,2023-01-23,3,0,0,0,0
Egypt,EGY,2023-01-24,3,0,0,0,0
Egypt,EGY,2023-01-25,3,0,0,0,0
Egypt,EGY,2023-01-26,3,0,0,0,0
Egypt,EGY,2023-01-27,3,0,0,0,0
Egypt,EGY,2023-01-28,3,0,0,0,0
Egypt,EGY,2023-01-29,3,0,0,0,0
Egypt,EGY,2023-01-30,3,0,0,0,0
Egypt,EGY,2023-01-31,3,0,0,0,0
Egypt,EGY,2023-02-01,3,0,0,0,0
Egypt,EGY,2023-02-02,3,0,0,0,0
Egypt,EGY,2023-02-03,3,0,0,0,0
Egypt,EGY,2023-02-04,3,0,0,0,0
Egypt,EGY,2023-02-05,3,0,0,0,0
Egypt,EGY,2023-02-06,3,0,0,0,0
Egypt,EGY,2023-02-07,3,0,0,0,0
Egypt,EGY,2023-02-08,3,0,0,0,0
Egypt,EGY,2023-02-09,3,0,0,0,0
Egypt,EGY,2023-02-10,3,0,0,0,0
Egypt,EGY,2023-02-11,3,0,0,0,0
Egypt,EGY,2023-02-12,3,0,0,0,0
Egypt,EGY,2023-02-13,3,0,0,0,0
Egypt,EGY,2023-02-14,3,0,0,0,0
Egypt,EGY,2023-02-15,3,0,0,0,0
Egypt,EGY,2023-02-16,3,0,0,0,0
Egypt,EGY,2023-02-17,3,0,0,0,0
Egypt,EGY,2023-02-18,3,0,0,0,0
Egypt,EGY,2023-02-19,3,0,0,0,0
Egypt,EGY,2023-02-20,3,0,0,0,0
Egypt,EGY,2023-02-21,3,0,0,0,0
Egypt,EGY,2023-02-22,3,0,0,0,0
Egypt,EGY,2023-02-23,3,0,0,0,0
Egypt,EGY,2023-02-24,3,0,0,0,0
Egypt,EGY,2023-02-25,3,0,0,0,0
Egypt,EGY,2023-02-26,3,0,0,0,0
Egypt,EGY,2023-02-27,3,0,0,0,0
Egypt,EGY,2023-02-28,3,0,0,0,0
Egypt,EGY,2023-03-01,3,0,0,0,0
Egypt,EGY,2023-03-02,3,0,0,0,0
Egypt,EGY,2023-03-03,3,0,0,0,0
Egypt,EGY,2023-03-04,3,0,0,0,0
Egypt,EGY,2023-03-05,3,0,0,0,0
Egypt,EGY,2023-03-06,3,0,0,0,0
Egypt,EGY,2023-03-07,3,0,0,0,0
Egypt,EGY,2023-03-08,3,0,0,0,0
Egypt,EGY,2023-03-09,3,0,0,0,0
Egypt,EGY,2023-03-10,3,0,0,0,0
Egypt,EGY,2023-03-11,3,0,0,0,0
Egypt,EGY,2023-03-12,3,0,0,0,0
Egypt,EGY,2023-03-13,3,0,0,0,0
Egypt,EGY,2023-03-14,3,0,0,0,0
Egypt,EGY,2023-03-15,3,0,0,0,0
Egypt,EGY,2023-03-16,3,0,0,0,0
Egypt,EGY,2023-03-17,3,0,0,0,0
Egypt,EGY,2023-03-18,3,0,0,0,0
Egypt,EGY,2023-03-19,3,0,0,0,0
Egypt,EGY,2023-03-20,3,0,0,0,0
Egypt,EGY,2023-03-21,3,0,0,0,0
Egypt,EGY,2023-03-22,3,0,0,0,0
Egypt,EGY,2023-03-23,3,0,0,0,0
Egypt,EGY,2023-03-24,3,0,0,0,0
Egypt,EGY,2023-03-25,3,0,0,0,0
Egypt,EGY,2023-03-26,3,0,0,0,0
Egypt,EGY,2023-03-27,3,0,0,0,0
Egypt,EGY,2023-03-28,3,0,0,0,0
Egypt,EGY,2023-03-29,3,0,0,0,0
Egypt,EGY,2023-03-30,3,0,0,0,0
Egypt,EGY,2023-03-31,3,0,0,0,0
Egypt,EGY,2023-04-01,3,0,0,0,0
Egypt,EGY,2023-04-02,3,0,0,0,0
Egypt,EGY,2023-04-03,3,0,0,0,0
Egypt,EGY,2023-04-04,3,0,0,0,0
Egypt,EGY,2023-04-05,3,0,0,0,0
Egypt,EGY,2023-04-06,3,0,0,0,0
Egypt,EGY,2023-04-07,3,0,0,0,0
Egypt,EGY,2023-04-08,3,0,0,0,0
Egypt,EGY,2023-04-09,3,0,0,0,0
Egypt,EGY,2023-04-10,3,0,0,0,0
Egypt,EGY,2023-04-11,3,0,0,0,0
Egypt,EGY,2023-04-12,3,0,0,0,0
Egypt,EGY,2023-04-13,3,0,0,0,0
Egypt,EGY,2023-04-14,3,0,0,0,0
Egypt,EGY,2023-04-15,3,0,0,0,0
Egypt,EGY,2023-04-16,3,0,0,0,0
Egypt,EGY,2023-04-17,3,0,0,0,0
Egypt,EGY,2023-04-18,3,0,0,0,0
Egypt,EGY,2023-04-19,3,0,0,0,0
Egypt,EGY,2023-04-20,3,0,0,0,0
Egypt,EGY,2023-04-21,3,0,0,0,0
Egypt,EGY,2023-04-22,3,0,0,0,0
Egypt,EGY,2023-04-23,3,0,0,0,0
Egypt,EGY,2023-04-24,3,0,0,0,0
Egypt,EGY,2023-04-25,3,0,0,0,0
Egypt,EGY,2023-04-26,3,0,0,0,0
Egypt,EGY,2023-04-27,3,0,0,0,0
Egypt,EGY,2023-04-28,3,0,0,0,0
Egypt,EGY,2023-04-29,3,0,0,0,0
Egypt,EGY,2023-04-30,3,0,0,0,0
Egypt,EGY,2023-05-01,3,0,0,0,0
Egypt,EGY,2023-05-02,3,0,0,0,0
Egypt,EGY,2023-05-03,3,0,0,0,0
Egypt,EGY,2023-05-04,3,0,0,0,0
Egypt,EGY,2023-05-05,3,0,0,0,0
Egypt,EGY,2023-05-06,3,0,0,0,0
Egypt,EGY,2023-05-07,3,0,0,0,0
Egypt,EGY,2023-05-08,3,0,0,0,0
Egypt,EGY,2023-05-09,3,0,0,0,0
Egypt,EGY,2023-05-10,3,0,0,0,0
Egypt,EGY,2023-05-11,3,0,0,0,0
Egypt,EGY,2023-05-12,3,0,0,0,0
Egypt,EGY,2023-05-13,3,0,0,0,0
Egypt,EGY,2023-05-14,3,0,0,0,0
Egypt,EGY,2023-05-15,3,0,0,0,0
Egypt,EGY,2023-05-16,3,0,0,0,0
Egypt,EGY,2023-05-17,3,0,0,0,0
Egypt,EGY,2023-05-18,3,0,0,0,0
Egypt,EGY,2023-05-19,3,0,0,0,0
Egypt,EGY,2023-05-20,3,0,0,0,0
Egypt,EGY,2023-05-21,3,0,0,0,0
Egypt,EGY,2023-05-22,3,0,0,0,0
Egypt,EGY,2023-05-23,3,0,0,0,0
Egypt,EGY,2023-05-24,3,0,0,0,0
Egypt,EGY,2023-05-25,3,0,0,0,0
Egypt,EGY,2023-05-26,3,0,0,0,0
Egypt,EGY,2023-05-27,3,0,0,0,0
Egypt,EGY,2023-05-28,3,0,0,0,0
Egypt,EGY,2023-05-29,3,0,0,0,0
Egypt,EGY,2023-05-30,3,0,0,0,0
Egypt,EGY,2023-05-31,3,0,0,0,0
Egypt,EGY,2023-06-01,3,0,0,0,0
Egypt,EGY,2023-06-02,3,0,0,0,0
Egypt,EGY,2023-06-03,3,0,0,0,0
Egypt,EGY,2023-06-04,3,0,0,0,0
Egypt,EGY,2023-06-05,3,0,0,0,0
Egypt,EGY,2023-06-06,3,0,0,0,0
Egypt,EGY,2023-06-07,3,0,0,0,0
Egypt,EGY,2023-06-08,3,0,0,0,0
Egypt,EGY,2023-06-09,3,0,0,0,0
Egypt,EGY,2023-06-10,3,0,0,0,0
Egypt,EGY,2023-06-11,3,0,0,0,0
Egypt,EGY,2023-06-12,3,0,0,0,0
Egypt,EGY,2023-06-13,3,0,0,0,0
Egypt,EGY,2023-06-14,3,0,0,0,0
Egypt,EGY,2023-06-15,3,0,0,0,0
Egypt,EGY,2023-06-16,3,0,0,0,0
Egypt,EGY,2023-06-17,3,0,0,0,0
Egypt,EGY,2023-06-18,3,0,0,0,0
Egypt,EGY,2023-06-19,3,0,0,0,0
Egypt,EGY,2023-06-20,3,0,0,0,0
Egypt,EGY,2023-06-21,3,0,0,0,0
Egypt,EGY,2023-06-22,3,0,0,0,0
Egypt,EGY,2023-06-23,3,0,0,0,0
Egypt,EGY,2023-06-24,3,0,0,0,0
Egypt,EGY,2023-06-25,3,0,0,0,0
Egypt,EGY,2023-06-26,3,0,0,0,0
Egypt,EGY,2023-06-27,3,0,0,0,0
Egypt,EGY,2023-06-28,3,0,0,0,0
Egypt,EGY,2023-06-29,3,0,0,0,0
Egypt,EGY,2023-06-30,3,0,0,0,0
Egypt,EGY,2023-07-01,3,0,0,0,0
Egypt,EGY,2023-07-02,3,0,0,0,0
Egypt,EGY,2023-07-03,3,0,0,0,0
Egypt,EGY,2023-07-04,3,0,0,0,0
Egypt,EGY,2023-07-05,3,0,0,0,0
Egypt,EGY,2023-07-06,3,0,0,0,0
Egypt,EGY,2023-07-07,3,0,0,0,0
Egypt,EGY,2023-07-08,3,0,0,0,0
Egypt,EGY,2023-07-09,3,0,0,0,0
Egypt,EGY,2023-07-10,3,0,0,0,0
Egypt,EGY,2023-07-11,3,0,0,0,0
Egypt,EGY,2023-07-12,3,0,0,0,0
Egypt,EGY,2023-07-13,3,0,0,0,0
Egypt,EGY,2023-07-14,3,0,0,0,0
Egypt,EGY,2023-07-15,3,0,0,0,0
Egypt,EGY,2023-07-16,3,0,0,0,0
Egypt,EGY,2023-07-17,3,0,0,0,0
Egypt,EGY,2023-07-18,3,0,0,0,0
Egypt,EGY,2023-07-19,3,0,0,0,0
Egypt,EGY,2023-07-20,3,0,0,0,0
Egypt,EGY,2023-07-21,3,0,0,0,0
Egypt,EGY,2023-07-22,3,0,0,0,0
Egypt,EGY,2023-07-23,3,0,0,0,0
Egypt,EGY,2023-07-24,3,0,0,0,0
Egypt,EGY,2023-07-25,3,0,0,0,0
Egypt,EGY,2023-07-26,3,0,0,0,0
Egypt,EGY,2023-07-27,3,0,0,0,0
Egypt,EGY,2023-07-28,3,0,0,0,0
Egypt,EGY,2023-07-29,3,0,0,0,0
Egypt,EGY,2023-07-30,3,0,0,0,0
Egypt,EGY,2023-07-31,3,0,0,0,0
Egypt,EGY,2023-08-01,3,0,0,0,0
Egypt,EGY,2023-08-02,3,0,0,0,0
Egypt,EGY,2023-08-03,3,0,0,0,0
Egypt,EGY,2023-08-04,3,0,0,0,0
Egypt,EGY,2023-08-05,3,0,0,0,0
Egypt,EGY,2023-08-06,3,0,0,0,0
Egypt,EGY,2023-08-07,3,0,0,0,0
Egypt,EGY,2023-08-08,3,0,0,0,0
Egypt,EGY,2023-08-09,3,0,0,0,0
Egypt,EGY,2023-08-10,3,0,0,0,0
Egypt,EGY,2023-08-11,3,0,0,0,0
Egypt,EGY,2023-08-12,3,0,0,0,0
Egypt,EGY,2023-08-13,3,0,0,0,0
Egypt,EGY,2023-08-14,3,0,0,0,0
Egypt,EGY,2023-08-15,3,0,0,0,0
Egypt,EGY,2023-08-16,3,0,0,0,0
Egypt,EGY,2023-08-17,3,0,0,0,0
Egypt,EGY,2023-08-18,3,0,0,0,0
Egypt,EGY,2023-08-19,3,0,0,0,0
Egypt,EGY,2023-08-20,3,0,0,0,0
Egypt,EGY,2023-08-21,3,0,0,0,0
Egypt,EGY,2023-08-22,3,0,0,0,0
Egypt,EGY,2023-08-23,3,0,0,0,0
Egypt,EGY,2023-08-24,3,0,0,0,0
Egypt,EGY,2023-08-25,3,0,0,0,0
Egypt,EGY,2023-08-26,3,0,0,0,0
Egypt,EGY,2023-08-27,3,0,0,0,0
Egypt,EGY,2023-08-28,3,0,0,0,0
Egypt,EGY,2023-08-29,3,0,0,0,0
Egypt,EGY,2023-08-30,3,0,0,0,0
Egypt,EGY,2023-08-31,3,0,0,0,0
Egypt,EGY,2023-09-01,3,0,0,0,0
Egypt,EGY,2023-09-02,3,0,0,0,0
Egypt,EGY,2023-09-03,3,0,0,0,0
Egypt,EGY,2023-09-04,3,0,0,0,0
Egypt,EGY,2023-09-05,3,0,0,0,0
Egypt,EGY,2023-09-06,3,0,0,0,0
Egypt,EGY,2023-09-07,3,0,0,0,0
Egypt,EGY,2023-09-08,3,0,0,0,0
Egypt,EGY,2023-09-09,3,0,0,0,0
Egypt,EGY,2023-09-10,3,0,0,0,0
Egypt,EGY,2023-09-11,3,0,0,0,0
Egypt,EGY,2023-09-12,3,0,0,0,0
Egypt,EGY,2023-09-13,3,0,0,0,0
Egypt,EGY,2023-09-14,3,0,0,0,0
Egypt,EGY,2023-09-15,3,0,0,0,0
Egypt,EGY,2023-09-16,3,0,0,0,0
Egypt,EGY,2023-09-17,3,0,0,0,0
Egypt,EGY,2023-09-18,3,0,0,0,0
Egypt,EGY,2023-09-19,3,0,0,0,0
Egypt,EGY,2023-09-20,3,0,0,0,0
Egypt,EGY,2023-09-21,3,0,0,0,0
Egypt,EGY,2023-09-22,3,0,0,0,0
Egypt,EGY,2023-09-23,3,0,0,0,0
Egypt,EGY,2023-09-24,3,0,0,0,0
Egypt,EGY,2023-09-25,3,0,0,0,0
Egypt,EGY,2023-09-26,3,0,0,0,0
Egypt,EGY,2023-09-27,3,0,0,0,0
Egypt,EGY,2023-09-28,3,0,0,0,0
Egypt,EGY,2023-09-29,3,0,0,0,0
Egypt,EGY,2023-09-30,3,0,0,0,0
Egypt,EGY,2023-10-01,3,0,0,0,0
Egypt,EGY,2023-10-02,3,0,0,0,0
Egypt,EGY,2023-10-03,3,0,0,0,0
Egypt,EGY,2023-10-04,3,0,0,0,0
Egypt,EGY,2023-10-05,3,0,0,0,0
Egypt,EGY,2023-10-06,3,0,0,0,0
Egypt,EGY,2023-10-07,3,0,0,0,0
Egypt,EGY,2023-10-08,3,0,0,0,0
Egypt,EGY,2023-10-09,3,0,0,0,0
Egypt,EGY,2023-10-10,3,0,0,0,0
Egypt,EGY,2023-10-11,3,0,0,0,0
Egypt,EGY,2023-10-12,3,0,0,0,0
Egypt,EGY,2023-10-13,3,0,0,0,0
Egypt,EGY,2023-10-14,3,0,0,0,0
Egypt,EGY,2023-10-15,3,0,0,0,0
Egypt,EGY,2023-10-16,3,0,0,0,0
Egypt,EGY,2023-10-17,3,0,0,0,0
Egypt,EGY,2023-10-18,3,0,0,0,0
Egypt,EGY,2023-10-19,3,0,0,0,0
Egypt,EGY,2023-10-20,3,0,0,0,0
Egypt,EGY,2023-10-21,3,0,0,0,0
Egypt,EGY,2023-10-22,3,0,0,0,0
Egypt,EGY,2023-10-23,3,0,0,0,0
Egypt,EGY,2023-10-24,3,0,0,0,0
Egypt,EGY,2023-10-25,3,0,0,0,0
Egypt,EGY,2023-10-26,3,0,0,0,0
Egypt,EGY,2023-10-27,3,0,0,0,0
Egypt,EGY,2023-10-28,3,0,0,0,0
Egypt,EGY,2023-10-29,3,0,0,0,0
Egypt,EGY,2023-10-30,3,0,0,0,0
Egypt,EGY,2023-10-31,3,0,0,0,0
Egypt,EGY,2023-11-01,3,0,0,0,0
Egypt,EGY,2023-11-02,3,0,0,0,0
Egypt,EGY,2023-11-03,3,0,0,0,0
Egypt,EGY,2023-11-04,3,0,0,0,0
Egypt,EGY,2023-11-05,3,0,0,0,0
Egypt,EGY,2023-11-06,3,0,0,0,0
Egypt,EGY,2023-11-07,3,0,0,0,0
Egypt,EGY,2023-11-08,3,0,0,0,0
Egypt,EGY,2023-11-09,3,0,0,0,0
Egypt,EGY,2023-11-10,3,0,0,0,0
Egypt,EGY,2023-11-11,3,0,0,0,0
Egypt,EGY,2023-11-12,3,0,0,0,0
Egypt,EGY,2023-11-13,3,0,0,0,0
Egypt,EGY,2023-11-14,3,0,0,0,0
Egypt,EGY,2023-11-15,3,0,0,0,0
Egypt,EGY,2023-11-16,3,0,0,0,0
Egypt,EGY,2023-11-17,3,0,0,0,0
Egypt,EGY,2023-11-18,3,0,0,0,0
Egypt,EGY,2023-11-19,3,0,0,0,0
Egypt,EGY,2023-11-20,3,0,0,0,0
Egypt,EGY,2023-11-21,3,0,0,0,0
Egypt,EGY,2023-11-22,3,0,0,0,0
Egypt,EGY,2023-11-23,3,0,0,0,0
Egypt,EGY,2023-11-24,3,0,0,0,0
Egypt,EGY,2023-11-25,3,0,0,0,0
Egypt,EGY,2023-11-26,3,0,0,0,0
Egypt,EGY,2023-11-27,3,0,0,0,0
Egypt,EGY,2023-11-28,3,0,0,0,0
Egypt,EGY,2023-11-29,3,0,0,0,0
Egypt,EGY,2023-11-30,3,0,0,0,0
Egypt,EGY,2023-12-01,3,0,0,0,0
Egypt,EGY,2023-12-02,3,0,0,0,0
Egypt,EGY,2023-12-03,3,0,0,0,0
Egypt,EGY,2023-12-04,3,0,0,0,0
Egypt,EGY,2023-12-05,3,0,0,0,0
Egypt,EGY,2023-12-06,3,0,0,0,0
Egypt,EGY,2023-12-07,3,0,0,0,0
Egypt,EGY,2023-12-08,3,0,0,0,0
Egypt,EGY,2023-12-09,3,0,0,0,0
Egypt,EGY,2023-12-10,3,0,0,0,0
Egypt,EGY,2023-12-11,3,0,0,0,0
Egypt,EGY,2023-12-12,3,0,0,0,0
Egypt,EGY,2023-12-13,3,0,0,0,0
Egypt,EGY,2023-12-14,3,0,0,0,0
Egypt,EGY,2023-12-15,3,0,0,0,0
Egypt,EGY,2023-12-16,3,0,0,0,0
Egypt,EGY,2023-12-17,3,0,0,0,0
Egypt,EGY,2023-12-18,3,0,0,0,0
Egypt,EGY,2023-12-19,3,0,0,0,0
Egypt,EGY,2023-12-20,3,0,0,0,0
Egypt,EGY,2023-12-21,3,0,0,0,0
Egypt,EGY,2023-12-22,3,0,0,0,0
Egypt,EGY,2023-12-23,3,0,0,0,0
Egypt,EGY,2023-12-24,3,0,0,0,0
Egypt,EGY,2023-12-25,3,0,0,0,0
Egypt,EGY,2023-12-26,3,0,0,0,0
Egypt,EGY,2023-12-27,3,0,0,0,0
Egypt,EGY,2023-12-28,3,0,0,0,0
Egypt,EGY,2023-12-29,3,0,0,0,0
Egypt,EGY,2023-12-30,3,0,0,0,0
Egypt,EGY,2023-12-31,3,0,0,0,0
Egypt,EGY,2024-01-01,3,0,0,0,0
Egypt,EGY,2024-01-02,3,0,0,0,0
Egypt,EGY,2024-01-03,3,0,0,0,0
Egypt,EGY,2024-01-04,3,0,0,0,0
Egypt,EGY,2024-01-05,3,0,0,0,0
Egypt,EGY,2024-01-06,3,0,0,0,0
Egypt,EGY,2024-01-07,3,0,0,0,0
Egypt,EGY,2024-01-08,3,0,0,0,0
Egypt,EGY,2024-01-09,3,0,0,0,0
Egypt,EGY,2024-01-10,3,0,0,0,0
Egypt,EGY,2024-01-11,3,0,0,0,0
Egypt,EGY,2024-01-12,3,0,0,0,0
Egypt,EGY,2024-01-13,3,0,0,0,0
Egypt,EGY,2024-01-14,3,0,0,0,0
Egypt,EGY,2024-01-15,3,0,0,0,0
Egypt,EGY,2024-01-16,3,0,0,0,0
Egypt,EGY,2024-01-17,3,0,0,0,0
Egypt,EGY,2024-01-18,3,0,0,0,0
Egypt,EGY,2024-01-19,3,0,0,0,0
Egypt,EGY,2024-01-20,3,0,0,0,0
Egypt,EGY,2024-01-21,3,0,0,0,0
Egypt,EGY,2024-01-22,3,0,0,0,0
Egypt,EGY,2024-01-23,3,0,0,0,0
Egypt,EGY,2024-01-24,3,0,0,0,0
Egypt,EGY,2024-01-25,3,0,0,0,0
Egypt,EGY,2024-01-26,3,0,0,0,0
Egypt,EGY,2024-01-27,3,0,0,0,0
Egypt,EGY,2024-01-28,3,0,0,0,0
Egypt,EGY,2024-01-29,3,0,0,0,0
Egypt,EGY,2024-01-30,3,0,0,0,0
Egypt,EGY,2024-01-31,3,0,0,0,0
Egypt,EGY,2024-02-01,3,0,0,0,0
Egypt,EGY,2024-02-02,3,0,0,0,0
Egypt,EGY,2024-02-03,3,0,0,0,0
Egypt,EGY,2024-02-04,3,0,0,0,0
Egypt,EGY,2024-02-05,3,0,0,0,0
Egypt,EGY,2024-02-06,3,0,0,0,0
Egypt,EGY,2024-02-07,3,0,0,0,0
Egypt,EGY,2024-02-08,3,0,0,0,0
Egypt,EGY,2024-02-09,3,0,0,0,0
Egypt,EGY,2024-02-10,3,0,0,0,0
Egypt,EGY,2024-02-11,3,0,0,0,0
Egypt,EGY,2024-02-12,3,0,0,0,0
Egypt,EGY,2024-02-13,3,0,0,0,0
Egypt,EGY,2024-02-14,3,0,0,0,0
Egypt,EGY,2024-02-15,3,0,0,0,0
Egypt,EGY,2024-02-16,3,0,0,0,0
Egypt,EGY,2024-02-17,3,0,0,0,0
Egypt,EGY,2024-02-18,3,0,0,0,0
Egypt,EGY,2024-02-19,3,0,0,0,0
Egypt,EGY,2024-02-20,3,0,0,0,0
Egypt,EGY,2024-02-21,3,0,0,0,0
Egypt,EGY,2024-02-22,3,0,0,0,0
Egypt,EGY,2024-02-23,3,0,0,0,0
Egypt,EGY,2024-02-24,3,0,0,0,0
Egypt,EGY,2024-02-25,3,0,0,0,0
Egypt,EGY,2024-02-26,3,0,0,0,0
Egypt,EGY,2024-02-27,3,0,0,0,0
Egypt,EGY,2024-02-28,3,0,0,0,0
Egypt,EGY,2024-02-29,3,0,0,0,0
Egypt,EGY,2024-03-01,3,0,0,0,0
Egypt,EGY,2024-03-02,3,0,0,0,0
Egypt,EGY,2024-03-03,3,0,0,0,0
Egypt,EGY,2024-03-04,3,0,0,0,0
Egypt,EGY,2024-03-05,3,0,0,0,0
Egypt,EGY,2024-03-06,3,0,0,0,0
Egypt,EGY,2024-03-07,3,0,0,0,0
Egypt,EGY,2024-03-08,3,0,0,0,0
Egypt,EGY,2024-03-09,3,0,0,0,0
Egypt,EGY,2024-03-10,3,0,0,0,0
Egypt,EGY,2024-03-11,3,0,0,0,0
Egypt,EGY,2024-03-12,3,0,0,0,0
Egypt,EGY,2024-03-13,3,0,0,0,0
Egypt,EGY,2024-03-14,3,0,0,0,0
Egypt,EGY,2024-03-15,3,0,0,0,0
Egypt,EGY,2024-03-16,3,0,0,0,0
Egypt,EGY,2024-03-17,3,0,0,0,0
Egypt,EGY,2024-03-18,3,0,0,0,0
Egypt,EGY,2024-03-19,3,0,0,0,0
Egypt,EGY,2024-03-20,3,0,0,0,0
Egypt,EGY,2024-03-21,3,0,0,0,0
Egypt,EGY,2024-03-22,3,0,0,0,0
Egypt,EGY,2024-03-23,3,0,0,0,0
Egypt,EGY,2024-03-24,3,0,0,0,0
Egypt,EGY,2024-03-25,3,0,0,0,0
Egypt,EGY,2024-03-26,3,0,0,0,0
Egypt,EGY,2024-03-27,3,0,0,0,0
Egypt,EGY,2024-03-28,3,0,0,0,0
Egypt,EGY,2024-03-29,3,0,0,0,0
Egypt,EGY,2024-03-30,3,0,0,0,0
Egypt,EGY,2024-03-31,3,0,0,0,0
Egypt,EGY,2024-04-01,3,0,0,0,0
Egypt,EGY,2024-04-02,3,0,0,0,0
Egypt,EGY,2024-04-03,3,0,0,0,0
Egypt,EGY,2024-04-04,3,0,0,0,0
Egypt,EGY,2024-04-05,3,0,0,0,0
Egypt,EGY,2024-04-06,3,0,0,0,0
Egypt,EGY,2024-04-07,3,0,0,0,0
Egypt,EGY,2024-04-08,3,0,0,0,0
Egypt,EGY,2024-04-09,3,0,0,0,0
Egypt,EGY,2024-04-10,3,0,0,0,0
Egypt,EGY,2024-04-11,3,0,0,0,0
Egypt,EGY,2024-04-12,3,0,0,0,0
Egypt,EGY,2024-04-13,3,0,0,0,0
Egypt,EGY,2024-04-14,3,0,0,0,0
Egypt,EGY,2024-04-15,3,0,0,0,0
Egypt,EGY,2024-04-16,3,0,0,0,0
Egypt,EGY,2024-04-17,3,0,0,0,0
Egypt,EGY,2024-04-18,3,0,0,0,0
Egypt,EGY,2024-04-19,3,0,0,0,0
Egypt,EGY,2024-04-20,3,0,0,0,0
Egypt,EGY,2024-04-21,3,0,0,0,0
Egypt,EGY,2024-04-22,3,0,0,0,0
Egypt,EGY,2024-04-23,3,0,0,0,0
Egypt,EGY,2024-04-24,3,0,0,0,0
Egypt,EGY,2024-04-25,3,0,0,0,0
Egypt,EGY,2024-04-26,3,0,0,0,0
Egypt,EGY,2024-04-27,3,0,0,0,0
Egypt,EGY,2024-04-28,3,0,0,0,0
Egypt,EGY,2024-04-29,3,0,0,0,0
Egypt,EGY,2024-04-30,3,0,0,0,0
Egypt,EGY,2024-05-01,3,0,0,0,0
Egypt,EGY,2024-05-02,3,0,0,0,0
Egypt,EGY,2024-05-03,3,0,0,0,0
Egypt,EGY,2024-05-04,3,0,0,0,0
Egypt,EGY,2024-05-05,3,0,0,0,0
Egypt,EGY,2024-05-06,3,0,0,0,0
Egypt,EGY,2024-05-07,3,0,0,0,0
Egypt,EGY,2024-05-08,3,0,0,0,0
Egypt,EGY,2024-05-09,3,0,0,0,0
Egypt,EGY,2024-05-10,3,0,0,0,0
Egypt,EGY,2024-05-11,3,0,0,0,0
Egypt,EGY,2024-05-12,3,0,0,0,0
Egypt,EGY,2024-05-13,3,0,0,0,0
Egypt,EGY,2024-05-14,3,0,0,0,0
Egypt,EGY,2024-05-15,3,0,0,0,0
Egypt,EGY,2024-05-16,3,0,0,0,0
Egypt,EGY,2024-05-17,3,0,0,0,0
Egypt,EGY,2024-05-18,3,0,0,0,0
Egypt,EGY,2024-05-19,3,0,0,0,0
Egypt,EGY,2024-05-20,3,0,0,0,0
Egypt,EGY,2024-05-21,3,0,0,0,0
Egypt,EGY,2024-05-22,3,0,0,0,0
Egypt,EGY,2024-05-23,3,0,0,0,0
Egypt,EGY,2024-05-24,3,0,0,0,0
Egypt,EGY,2024-05-25,3,0,0,0,0
Egypt,EGY,2024-05-26,3,0,0,0,0
Egypt,EGY,2024-05-27,3,0,0,0,0
Egypt,EGY,2024-05-28,3,0,0,0,0
Egypt,EGY,2024-05-29,3,0,0,0,0
Egypt,EGY,2024-05-30,3,0,0,0,0
Egypt,EGY,2024-05-31,3,0,0,0,0
Egypt,EGY,2024-06-01,3,0,0,0,0
Egypt,EGY,2024-06-02,3,0,0,0,0
Egypt,EGY,2024-06-03,3,0,0,0,0
Egypt,EGY,2024-06-04,3,0,0,0,0
Egypt,EGY,2024-06-05,3,0,0,0,0
Egypt,EGY,2024-06-06,3,0,0,0,0
Egypt,EGY,2024-06-07,3,0,0,0,0
Egypt,EGY,2024-06-08,3,0,0,0,0
Egypt,EGY,2024-06-09,3,0,0,0,0
Egypt,EGY,2024-06-10,3,0,0,0,0
Egypt,EGY,2024-06-11,3,0,0,0,0
Egypt,EGY,2024-06-12,3,0,0,0,0
Egypt,EGY,2024-06-13,3,0,0,0,0
Egypt,EGY,2024-06-14,3,0,0,0,0
Egypt,EGY,2024-06-15,3,0,0,0,0
Egypt,EGY,2024-06-16,3,0,0,0,0
Egypt,EGY,2024-06-17,3,0,0,0,0
Egypt,EGY,2024-06-18,3,0,0,0,0
Egypt,EGY,2024-06-19,3,0,0,0,0
Egypt,EGY,2024-06-20,3,0,0,0,0
Egypt,EGY,2024-06-21,3,0,0,0,0
Egypt,EGY,2024-06-22,3,0,0,0,0
Egypt,EGY,2024-06-23,3,0,0,0,0
Egypt,EGY,2024-06-24,3,0,0,0,0
Egypt,EGY,2024-06-25,3,0,0,0,0
Egypt,EGY,2024-06-26,3,0,0,0,0
Egypt,EGY,2024-06-27,3,0,0,0,0
Egypt,EGY,2024-06-28,3,0,0,0,0
Egypt,EGY,2024-06-29,3,0,0,0,0
Egypt,EGY,2024-06-30,3,0,0,0,0
Egypt,EGY,2024-07-01,3,0,0,0,0
Egypt,EGY,2024-07-02,3,0,0,0,0
Egypt,EGY,2024-07-03,3,0,0,0,0
Egypt,EGY,2024-07-04,3,0,0,0,0
Egypt,EGY,2024-07-05,3,0,0,0,0
Egypt,EGY,2024-07-06,3,0,0,0,0
Egypt,EGY,2024-07-07,3,0,0,0,0
Egypt,EGY,2024-07-08,3,0,0,0,0
Egypt,EGY,2024-07-09,3,0,0,0,0
Egypt,EGY,2024-07-10,3,0,0,0,0
Egypt,EGY,2024-07-11,3,0,0,0,0
Egypt,EGY,2024-07-12,3,0,0,0,0
Egypt,EGY,2024-07-13,3,0,0,0,0
Egypt,EGY,2024-07-14,3,0,0,0,0
Egypt,EGY,2024-07-15,3,0,0,0,0
Egypt,EGY,2024-07-16,3,0,0,0,0
Egypt,EGY,2024-07-17,3,0,0,0,0
Egypt,EGY,2024-07-18,3,0,0,0,0
Egypt,EGY,2024-07-19,3,0,0,0,0
Egypt,EGY,2024-07-20,3,0,0,0,0
Egypt,EGY,2024-07-21,3,0,0,0,0
Egypt,EGY,2024-07-22,3,0,0,0,0
Egypt,EGY,2024-07-23,3,0,0,0,0
Egypt,EGY,2024-07-24,3,0,0,0,0
Egypt,EGY,2024-07-25,3,0,0,0,0
Egypt,EGY,2024-07-26,3,0,0,0,0
Egypt,EGY,2024-07-27,3,0,0,0,0
Egypt,EGY,2024-07-28,3,0,0,0,0
Egypt,EGY,2024-07-29,3,0,0,0,0
Egypt,EGY,2024-07-30,3,0,0,0,0
Egypt,EGY,2024-07-31,3,0,0,0,0
Egypt,EGY,2024-08-01,3,0,0,0,0
Egypt,EGY,2024-08-02,3,0,0,0,0
Egypt,EGY,2024-08-03,3,0,0,0,0
Egypt,EGY,2024-08-04,3,0,0,0,0
Egypt,EGY,2024-08-05,3,0,0,0,0
Egypt,EGY,2024-08-06,3,0,0,0,0
Egypt,EGY,2024-08-07,3,0,0,0,0
Egypt,EGY,2024-08-08,3,0,0,0,0
Egypt,EGY,2024-08-09,3,0,0,0,0
Egypt,EGY,2024-08-10,3,0,0,0,0
Egypt,EGY,2024-08-11,3,0,0,0,0
Egypt,EGY,2024-08-12,3,0,0,0,0
Egypt,EGY,2024-08-13,3,0,0,0,0
Egypt,EGY,2024-08-14,3,0,0,0,0
Egypt,EGY,2024-08-15,3,0,0,0,0
Egypt,EGY,2024-08-16,3,0,0,0,0
Egypt,EGY,2024-08-17,3,0,0,0,0
Egypt,EGY,2024-08-18,3,0,0,0,0
Egypt,EGY,2024-08-19,3,0,0,0,0
Egypt,EGY,2024-08-20,3,0,0,0,0
Egypt,EGY,2024-08-21,3,0,0,0,0
Egypt,EGY,2024-08-22,3,0,0,0,0
Egypt,EGY,2024-08-23,3,0,0,0,0
Egypt,EGY,2024-08-24,3,0,0,0,0
Egypt,EGY,2024-08-25,3,0,0,0,0
Egypt,EGY,2024-08-26,3,0,0,0,0
Egypt,EGY,2024-08-27,3,0,0,0,0
Egypt,EGY,2024-08-28,3,0,0,0,0
Egypt,EGY,2024-08-29,3,0,0,0,0
Egypt,EGY,2024-08-30,3,0,0,0,0
Egypt,EGY,2024-08-31,3,0,0,0,0
Egypt,EGY,2024-09-01,3,0,0,0,0
Egypt,EGY,2024-09-02,3,0,0,0,0
Egypt,EGY,2024-09-03,3,0,0,0,0
Egypt,EGY,2024-09-04,3,0,0,0,0
Egypt,EGY,2024-09-05,3,0,0,0,0
Egypt,EGY,2024-09-06,3,0,0,0,0
Egypt,EGY,2024-09-07,3,0,0,0,0
Egypt,EGY,2024-09-08,3,0,0,0,0
Egypt,EGY,2024-09-09,3,0,0,0,0
Egypt,EGY,2024-09-10,3,0,0,0,0
Egypt,EGY,2024-09-11,3,0,0,0,0
Egypt,EGY,2024-09-12,3,0,0,0,0
Egypt,EGY,2024-09-13,3,0,0,0,0
Egypt,EGY,2024-09-14,3,0,0,0,0
Egypt,EGY,2024-09-15,3,0,0,0,0
Egypt,EGY,2024-09-16,3,0,0,0,0
Egypt,EGY,2024-09-17,3,0,0,0,0
Egypt,EGY,2024-09-18,3,0,0,0,0
Egypt,EGY,2024-09-19,3,0,0,0,0
Egypt,EGY,2024-09-20,3,0,0,0,0
Egypt,EGY,2024-09-21,3,0,0,0,0
Egypt,EGY,2024-09-22,3,0,0,0,0
Egypt,EGY,2024-09-23,3,0,0,0,0
Egypt,EGY,2024-09-24,3,0,0,0,0
Egypt,EGY,2024-09-25,3,0,0,0,0
Egypt,EGY,2024-09-26,3,0,0,0,0
Egypt,EGY,2024-09-27,3,0,0,0,0
Egypt,EGY,2024-09-28,3,0,0,0,0
Egypt,EGY,2024-09-29,3,0,0,0,0
Egypt,EGY,2024-09-30,3,0,0,0,0
Egypt,EGY,2024-10-01,3,0,0,0,0
Egypt,EGY,2024-10-02,3,0,0,0,0
Egypt,EGY,2024-10-03,3,0,0,0,0
Egypt,EGY,2024-10-04,3,0,0,0,0
Egypt,EGY,2024-10-05,3,0,0,0,0
Egypt,EGY,2024-10-06,3,0,0,0,0
Egypt,EGY,2024-10-07,3,0,0,0,0
Egypt,EGY,2024-10-08,3,0,0,0,0
Egypt,EGY,2024-10-09,3,0,0,0,0
Egypt,EGY,2024-10-10,3,0,0,0,0
Egypt,EGY,2024-10-11,3,0,0,0,0
Egypt,EGY,2024-10-12,3,0,0,0,0
Egypt,EGY,2024-10-13,3,0,0,0,0
Egypt,EGY,2024-10-14,3,0,0,0,0
Egypt,EGY,2024-10-15,3,0,0,0,0
Egypt,EGY,2024-10-16,3,0,0,0,0
Egypt,EGY,2024-10-17,3,0,0,0,0
Egypt,EGY,2024-10-18,3,0,0,0,0
Egypt,EGY,2024-10-19,3,0,0,0,0
Egypt,EGY,2024-10-20,3,0,0,0,0
Egypt,EGY,2024-10-21,3,0,0,0,0
Egypt,EGY,2024-10-22,3,0,0,0,0
Egypt,EGY,2024-10-23,3,0,0,0,0
Egypt,EGY,2024-10-24,3,0,0,0,0
Egypt,EGY,2024-10-25,3,0,0,0,0
Egypt,EGY,2024-10-26,3,0,0,0,0
Egypt,EGY,2024-10-27,3,0,0,0,0
Egypt,EGY,2024-10-28,3,0,0,0,0
Egypt,EGY,2024-10-29,3,0,0,0,0
Egypt,EGY,2024-10-30,3,0,0,0,0
Egypt,EGY,2024-10-31,3,0,0,0,0
Egypt,EGY,2024-11-01,3,0,0,0,0
Egypt,EGY,2024-11-02,3,0,0,0,0
Egypt,EGY,2024-11-03,3,0,0,0,0
Egypt,EGY,2024-11-04,3,0,0,0,0
Egypt,EGY,2024-11-05,3,0,0,0,0
Egypt,EGY,2024-11-06,3,0,0,0,0
Egypt,EGY,2024-11-07,3,0,0,0,0
Egypt,EGY,2024-11-08,3,0,0,0,0
Egypt,EGY,2024-11-09,3,0,0,0,0
Egypt,EGY,2024-11-10,3,0,0,0,0
Egypt,EGY,2024-11-11,3,0,0,0,0
Egypt,EGY,2024-11-12,3,0,0,0,0
Egypt,EGY,2024-11-13,3,0,0,0,0
Egypt,EGY,2024-11-14,3,0,0,0,0
Egypt,EGY,2024-11-15,3,0,0,0,0
Egypt,EGY,2024-11-16,3,0,0,0,0
Egypt,EGY,2024-11-17,3,0,0,0,0
Egypt,EGY,2024-11-18,3,0,0,0,0
Egypt,EGY,2024-11-19,3,0,0,0,0
Egypt,EGY,2024-11-20,3,0,0,0,0
Egypt,EGY,2024-11-21,3,0,0,0,0
Egypt,EGY,2024-11-22,3,0,0,0,0
Egypt,EGY,2024-11-23,3,0,0,0,0
Egypt,EGY,2024-11-24,3,0,0,0,0
Egypt,EGY,2024-11-25,3,0,0,0,0
Egypt,EGY,2024-11-26,3,0,0,0,0
Egypt,EGY,2024-11-27,3,0,0,0,0
Egypt,EGY,2024-11-28,3,0,0,0,0
Egypt,EGY,2024-11-29,3,0,0,0,0
Egypt,EGY,2024-11-30,3,0,0,0,0
Egypt,EGY,2024-12-01,3,0,0,0,0
Egypt,EGY,2024-12-02,3,0,0,0,0
Egypt,EGY,2024-12-03,3,0,0,0,0
Egypt,EGY,2024-12-04,3,0,0,0,0
Egypt,EGY,2024-12-05,3,0,0,0,0
Egypt,EGY,2024-12-06,3,0,0,0,0
Egypt,EGY,2024-12-07,3,0,0,0,0
Egypt,EGY,2024-12-08,3,0,0,0,0
Egypt,EGY,2024-12-09,3,0,0,0,0
Egypt,EGY,2024-12-10,3,0,0,0,0
Egypt,EGY,2024-12-11,3,0,0,0,0
Egypt,EGY,2024-12-12,3,0,0,0,0
Egypt,EGY,2024-12-13,3,0,0,0,0
Egypt,EGY,2024-12-14,3,0,0,0,0
Egypt,EGY,2024-12-15,3,0,0,0,0
Egypt,EGY,2024-12-16,3,0,0,0,0
Egypt,EGY,2024-12-17,3,0,0,0,0
Egypt,EGY,2024-12-18,3,0,0,0,0
Egypt,EGY,2024-12-19,3,0,0,0,0
Egypt,EGY,2024-12-20,3,0,0,0,0
Egypt,EGY,2024-12-21,3,0,0,0,0
Egypt,EGY,2024-12-22,3,0,0,0,0
Egypt,EGY,2024-12-23,3,0,0,0,0
Egypt,EGY,2024-12-24,3,0,0,0,0
Egypt,EGY,2024-12-25,3,0,0,0,0
Egypt,EGY,2024-12-26,3,0,0,0,0
Egypt,EGY,2024-12-27,3,0,0,0,0
Egypt,EGY,2024-12-28,3,0,0,0,0
Egypt,EGY,2024-12-29,3,0,0,0,0
Egypt,EGY,2024-12-30,3,0,0,0,0
Egypt,EGY,2024-12-31,3,0,0,0,0
Egypt,EGY,2025-01-01,3,0,0,0,0
Egypt,EGY,2025-01-02,3,0,0,0,0
Egypt,EGY,2025-01-03,3,0,0,0,0
Egypt,EGY,2025-01-04,3,0,0,0,0
Egypt,EGY,2025-01-05,3,0,0,0,0
Egypt,EGY,2025-01-06,3,0,0,0,0
Egypt,EGY,2025-01-07,3,0,0,0,0
Egypt,EGY,2025-01-08,3,0,0,0,0
Egypt,EGY,2025-01-09,3,0,0,0,0
Egypt,EGY,2025-01-10,3,0,0,0,0
Egypt,EGY,2025-01-11,3,0,0,0,0
Egypt,EGY,2025-01-12,3,0,0,0,0
Egypt,EGY,2025-01-13,3,0,0,0,0
Egypt,EGY,2025-01-14,3,0,0,0,0
Egypt,EGY,2025-01-15,3,0,0,0,0
Egypt,EGY,2025-01-16,3,0,0,0,0
Egypt,EGY,2025-01-17,3,0,0,0,0
Egypt,EGY,2025-01-18,3,0,0,0,0
Egypt,EGY,2025-01-19,3,0,0,0,0
Egypt,EGY,2025-01-20,3,0,0,0,0
Egypt,EGY,2025-01-21,3,0,0,0,0
Egypt,EGY,2025-01-22,3,0,0,0,0
Egypt,EGY,2025-01-23,3,0,0,0,0
Egypt,EGY,2025-01-24,3,0,0,0,0
Egypt,EGY,2025-01-25,3,0,0,0,0
Egypt,EGY,2025-01-26,3,0,0,0,0
Egypt,EGY,2025-01-27,3,0,0,0,0
Egypt,EGY,2025-01-28,3,0,0,0,0
Egypt,EGY,2025-01-29,3,0,0,0,0
Egypt,EGY,2025-01-30,3,0,0,0,0
Egypt,EGY,2025-01-31,3,0,0,0,0
Egypt,EGY,2025-02-01,3,0,0,0,0
Egypt,EGY,2025-02-02,3,0,0,0,0
Egypt,EGY,2025-02-03,3,0,0,0,0
Egypt,EGY,2025-02-04,3,0,0,0,0
Egypt,EGY,2025-02-05,3,0,0,0,0
Egypt,EGY,2025-02-06,3,0,0,0,0
Egypt,EGY,2025-02-07,3,0,0,0,0
Egypt,EGY,2025-02-08,3,0,0,0,0
Egypt,EGY,2025-02-09,3,0,0,0,0
Egypt,EGY,2025-02-10,3,0,0,0,0
Egypt,EGY,2025-02-11,3,0,0,0,0
Egypt,EGY,2025-02-12,3,0,0,0,0
Egypt,EGY,2025-02-13,3,0,0,0,0
Egypt,EGY,2025-02-14,3,0,0,0,0
Egypt,EGY,2025-02-15,3,0,0,0,0
Egypt,EGY,2025-02-16,3,0,0,0,0
Egypt,EGY,2025-02-17,3,0,0,0,0
Egypt,EGY,2025-02-18,3,0,0,0,0
Egypt,EGY,2025-02-19,3,0,0,0,0
Egypt,EGY,2025-02-20,3,0,0,0,0
Egypt,EGY,2025-02-21,3,0,0,0,0
Egypt,EGY,2025-02-22,3,0,0,0,0
Egypt,EGY,2025-02-23,3,0,0,0,0
Egypt,EGY,2025-02-24,3,0,0,0,0
Egypt,EGY,2025-02-25,3,0,0,0,0
Egypt,EGY,2025-02-26,3,0,0,0,0
Egypt,EGY,2025-02-27,3,0,0,0,0
Egypt,EGY,2025-02-28,3,0,0,0,0
Egypt,EGY,2025-03-01,3,0,0,0,0
Egypt,EGY,2025-03-02,3,0,0,0,0
Egypt,EGY,2025-03-03,3,0,0,0,0
Egypt,EGY,2025-03-04,3,0,0,0,0
Egypt,EGY,2025-03-05,3,0,0,0,0
Egypt,EGY,2025-03-06,3,0,0,0,0
Egypt,EGY,2025-03-07,3,0,0,0,0
Egypt,EGY,2025-03-08,3,0,0,0,0
Egypt,EGY,2025-03-09,3,0,0,0,0
Egypt,EGY,2025-03-10,3,0,0,0,0
Egypt,EGY,2025-03-11,3,0,0,0,0
Egypt,EGY,2025-03-12,3,0,0,0,0
Egypt,EGY,2025-03-13,3,0,0,0,0
Egypt,EGY,2025-03-14,3,0,0,0,0
Egypt,EGY,2025-03-15,3,0,0,0,0
Egypt,EGY,2025-03-16,3,0,0,0,0
Egypt,EGY,2025-03-17,3,0,0,0,0
Egypt,EGY,2025-03-18,3,0,0,0,0
Egypt,EGY,2025-03-19,3,0,0,0,0
Egypt,EGY,2025-03-20,3,0,0,0,0
Egypt,EGY,2025-03-21,3,0,0,0,0
Egypt,EGY,2025-03-22,3,0,0,0,0
Egypt,EGY,2025-03-23,3,0,0,0,0
Egypt,EGY,2025-03-24,3,0,0,0,0
Egypt,EGY,2025-03-25,3,0,0,0,0
Egypt,EGY,2025-03-26,3,0,0,0,0
Egypt,EGY,2025-03-27,3,0,0,0,0
Egypt,EGY,2025-03-28,3,0,0,0,0
Egypt,EGY,2025-03-29,3,0,0,0,0
Egypt,EGY,2025-03-30,3,0,0,0,0
Egypt,EGY,2025-03-31,3,0,0,0,0
Egypt,EGY,2025-04-01,3,0,0,0,0
Egypt,EGY,2025-04-02,3,0,0,0,0
Egypt,EGY,2025-04-03,3,0,0,0,0
Egypt,EGY,2025-04-04,3,0,0,0,0
Egypt,EGY,2025-04-05,3,0,0,0,0
Egypt,EGY,2025-04-06,3,0,0,0,0
Egypt,EGY,2025-04-07,3,0,0,0,0
Egypt,EGY,2025-04-08,3,0,0,0,0
Egypt,EGY,2025-04-09,3,0,0,0,0
Egypt,EGY,2025-04-10,3,0,0,0,0
Egypt,EGY,2025-04-11,3,0,0,0,0
Egypt,EGY,2025-04-12,3,0,0,0,0
Egypt,EGY,2025-04-13,3,0,0,0,0
Egypt,EGY,2025-04-14,3,0,0,0,0
Egypt,EGY,2025-04-15,3,0,0,0,0
Egypt,EGY,2025-04-16,3,0,0,0,0
Egypt,EGY,2025-04-17,3,0,0,0,0
Egypt,EGY,2025-04-18,3,0,0,0,0
Egypt,EGY,2025-04-19,3,0,0,0,0
Egypt,EGY,2025-04-20,3,0,0,0,0
Egypt,EGY,2025-04-21,3,0,0,0,0
Egypt,EGY,2025-04-22,3,0,0,0,0
Egypt,EGY,2025-04-23,3,0,0,0,0
Egypt,EGY,2025-04-24,3,0,0,0,0
Egypt,EGY,2025-04-25,3,0,0,0,0
Egypt,EGY,2025-04-26,3,0,0,0,0
Egypt,EGY,2025-04-27,3,0,0,0,0
Egypt,EGY,2025-04-28,3,0,0,0,0
Egypt,EGY,2025-04-29,3,0,0,0,0
Egypt,EGY,2025-04-30,3,0,0,0,0
Egypt,EGY,2025-05-01,3,0,0,0,0
Egypt,EGY,2025-05-02,3,0,0,0,0
Egypt,EGY,2025-05-03,3,0,0,0,0
Egypt,EGY,2025-05-04,3,0,0,0,0
Egypt,EGY,2025-05-05,3,0,0,0,0
Egypt,EGY,2025-05-06,3,0,0,0,0
Egypt,EGY,2025-05-07,3,0,0,0,0
Egypt,EGY,2025-05-08,3,0,0,0,0
Egypt,EGY,2025-05-09,3,0,0,0,0
Egypt,EGY,2025-05-10,3,0,0,0,0
Egypt,EGY,2025-05-11,3,0,0,0,0
Egypt,EGY,2025-05-12,3,0,0,0,0
Egypt,EGY,2025-05-13,3,0,0,0,0
Egypt,EGY,2025-05-14,3,0,0,0,0
Egypt,EGY,2025-05-15,3,0,0,0,0
Egypt,EGY,2025-05-16,3,0,0,0,0
Egypt,EGY,2025-05-17,3,0,0,0,0
Egypt,EGY,2025-05-18,3,0,0,0,0
Egypt,EGY,2025-05-19,3,0,0,0,0
Egypt,EGY,2025-05-20,3,0,0,0,0
Egypt,EGY,2025-05-21,3,0,0,0,0
Egypt,EGY,2025-05-22,3,0,0,0,0
Egypt,EGY,2025-05-23,3,0,0,0,0
Egypt,EGY,2025-05-24,3,0,0,0,0
Egypt,EGY,2025-05-25,3,0,0,0,0
Egypt,EGY,2025-05-26,3,0,0,0,0
Egypt,EGY,2025-05-27,3,0,0,0,0
Egypt,EGY,2025-05-28,3,0,0,0,0
Egypt,EGY,2025-05-29,3,0,0,0,0
Egypt,EGY,2025-05-30,3,0,0,0,0
Egypt,EGY,2025-05-31,3,0,0,0,0
Egypt,EGY,2025-06-01,3,0,0,0,0
Egypt,EGY,2025-06-02,3,0,0,0,0
Egypt,EGY,2025-06-03,3,0,0,0,0
Egypt,EGY,2025-06-04,3,0,0,0,0
Egypt,EGY,2025-06-05,3,0,0,0,0
Egypt,EGY,2025-06-06,3,0,0,0,0
Egypt,EGY,2025-06-07,3,0,0,0,0
Egypt,EGY,2025-06-08,3,0,0,0,0
Egypt,EGY,2025-06-09,3,0,0,0,0
Egypt,EGY,2025-06-10,3,0,0,0,0
Egypt,EGY,2025-06-11,3,0,0,0,0
Egypt,EGY,2025-06-12,3,0,0,0,0
Egypt,EGY,2025-06-13,3,0,0,0,0
Egypt,EGY,2025-06-14,3,0,0,0,0
Egypt,EGY,2025-06-15,3,0,0,0,0
Egypt,EGY,2025-06-16,3,0,0,0,0
Egypt,EGY,2025-06-17,3,0,0,0,0
Egypt,EGY,2025-06-18,3,0,0,0,0
Egypt,EGY,2025-06-19,3,0,0,0,0
Egypt,EGY,2025-06-20,3,0,0,0,0
Egypt,EGY,2025-06-21,3,0,0,0,0
Egypt,EGY,2025-06-22,3,0,0,0,0
Egypt,EGY,2025-06-23,3,0,0,0,0
Egypt,EGY,2025-06-24,3,0,0,0,0
Egypt,EGY,2025-06-25,3,0,0,0,0
Egypt,EGY,2025-06-26,3,0,0,0,0
Egypt,EGY,2025-06-27,3,0,0,0,0
Egypt,EGY,2025-06-28,3,0,0,0,0
Egypt,EGY,2025-06-29,3,0,0,0,0
Egypt,EGY,2025-06-30,3,0,0,0,0
Egypt,EGY,2025-07-01,3,0,0,0,0
Egypt,EGY,2025-07-02,3,0,0,0,0
Egypt,EGY,2025-07-03,3,0,0,0,0
Egypt,EGY,2025-07-04,3,0,0,0,0
Egypt,EGY,2025-07-05,3,0,0,0,0
Egypt,EGY,2025-07-06,3,0,0,0,0
Egypt,EGY,2025-07-07,3,0,0,0,0
Egypt,EGY,2025-07-08,3,0,0,0,0
Egypt,EGY,2025-07-09,3,0,0,0,0
Egypt,EGY,2025-07-10,3,0,0,0,0
Egypt,EGY,2025-07-11,3,0,0,0,0
Egypt,EGY,2025-07-12,3,0,0,0,0
Egypt,EGY,2025-07-13,3,0,0,0,0
Egypt,EGY,2025-07-14,3,0,0,0,0
Egypt,EGY,2025-07-15,3,0,0,0,0
Egypt,EGY,2025-07-16,3,0,0,0,0
Egypt,EGY,2025-07-17,3,0,0,0,0
Egypt,EGY,2025-07-18,3,0,0,0,0
Egypt,EGY,2025-07-19,3,0,0,0,0
Egypt,EGY,2025-07-20,3,0,0,0,0
Egypt,EGY,2025-07-21,3,0,0,0,0
Egypt,EGY,2025-07-22,3,0,0,0,0
Egypt,EGY,2025-07-23,3,0,0,0,0
Egypt,EGY,2025-07-24,3,0,0,0,0
Egypt,EGY,2025-07-25,3,0,0,0,0
Egypt,EGY,2025-07-26,3,0,0,0,0
Egypt,EGY,2025-07-27,3,0,0,0,0
Egypt,EGY,2025-07-28,3,0,0,0,0
Egypt,EGY,2025-07-29,3,0,0,0,0
Egypt,EGY,2025-07-30,3,0,0,0,0
Egypt,EGY,2025-07-31,3,0,0,0,0
Egypt,EGY,2025-08-01,3,0,0,0,0
Egypt,EGY,2025-08-02,3,0,0,0,0
Egypt,EGY,2025-08-03,3,0,0,0,0
Egypt,EGY,2025-08-04,3,0,0,0,0
Egypt,EGY,2025-08-05,3,0,0,0,0
Egypt,EGY,2025-08-06,3,0,0,0,0
Egypt,EGY,2025-08-07,3,0,0,0,0
Egypt,EGY,2025-08-08,3,0,0,0,0
Egypt,EGY,2025-08-09,3,0,0,0,0
Egypt,EGY,2025-08-10,3,0,0,0,0
Egypt,EGY,2025-08-11,3,0,0,0,0
Egypt,EGY,2025-08-12,3,0,0,0,0
Egypt,EGY,2025-08-13,3,0,0,0,0
Egypt,EGY,2025-08-14,3,0,0,0,0
Egypt,EGY,2025-08-15,3,0,0,0,0
Egypt,EGY,2025-08-16,3,0,0,0,0
Egypt,EGY,2025-08-17,3,0,0,0,0
Egypt,EGY,2025-08-18,3,0,0,0,0
Egypt,EGY,2025-08-19,3,0,0,0,0
Egypt,EGY,2025-08-20,3,0,0,0,0
Egypt,EGY,2025-08-21,3,0,0,0,0
Egypt,EGY,2025-08-22,3,0,0,0,0
Egypt,EGY,2025-08-23,3,0,0,0,0
Egypt,EGY,2025-08-24,3,0,0,0,0
Egypt,EGY,2025-08-25,3,0,0,0,0
Egypt,EGY,2025-08-26,3,0,0,0,0
Egypt,EGY,2025-08-27,3,0,0,0,0
Egypt,EGY,2025-08-28,3,0,0,0,0
Egypt,EGY,2025-08-29,3,0,0,0,0
Egypt,EGY,2025-08-30,3,0,0,0,0
Egypt,EGY,2025-08-31,3,0,0,0,0
Egypt,EGY,2025-09-01,3,0,0,0,0
Egypt,EGY,2025-09-02,3,0,0,0,0
Egypt,EGY,2025-09-03,3,0,0,0,0
Egypt,EGY,2025-09-04,3,0,0,0,0
Egypt,EGY,2025-09-05,3,0,0,0,0
Egypt,EGY,2025-09-06,3,0,0,0,0
Egypt,EGY,2025-09-07,3,0,0,0,0
Egypt,EGY,2025-09-08,3,0,0,0,0
Egypt,EGY,2025-09-09,3,0,0,0,0
Egypt,EGY,2025-09-10,3,0,0,0,0
Egypt,EGY,2025-09-11,3,0,0,0,0
Egypt,EGY,2025-09-12,3,0,0,0,0
Egypt,EGY,2025-09-13,3,0,0,0,0
Egypt,EGY,2025-09-14,3,0,0,0,0
Egypt,EGY,2025-09-15,3,0,0,0,0
Egypt,EGY,2025-09-16,3,0,0,0,0
Egypt,EGY,2025-09-17,3,0,0,0,0
Egypt,EGY,2025-09-18,3,0,0,0,0
Egypt,EGY,2025-09-19,3,0,0,0,0
Egypt,EGY,2025-09-20,4,1,0,0,0.14
Ethiopia,ETH,2025-05-18,16,16,0,0,2.29
Ethiopia,ETH,2025-05-19,16,0,0,0,2.29
Ethiopia,ETH,2025-05-20,16,0,0,0,2.29
Ethiopia,ETH,2025-05-21,16,0,0,0,2.29
Ethiopia,ETH,2025-05-22,16,0,0,0,2.29
Ethiopia,ETH,2025-05-23,16,0,0,0,2.29
Ethiopia,ETH,2025-05-24,16,0,0,0,2.29
Ethiopia,ETH,2025-05-25,18,2,0,0,0.29
Ethiopia,ETH,2025-05-26,18,0,0,0,0.29
Ethiopia,ETH,2025-05-27,18,0,0,0,0.29
Ethiopia,ETH,2025-05-28,18,0,0,0,0.29
Ethiopia,ETH,2025-05-29,18,0,0,0,0.29
Ethiopia,ETH,2025-05-30,18,0,0,0,0.29
Ethiopia,ETH,2025-05-31,22,4,1,1,0.86
Ethiopia,ETH,2025-06-01,22,0,1,0,0.57
Ethiopia,ETH,2025-06-02,22,0,1,0,0.57
Ethiopia,ETH,2025-06-03,22,0,1,0,0.57
Ethiopia,ETH,2025-06-04,22,0,1,0,0.57
Ethiopia,ETH,2025-06-05,22,0,1,0,0.57
Ethiopia,ETH,2025-06-06,22,0,1,0,0.57
Ethiopia,ETH,2025-06-07,22,0,1,0,0
Ethiopia,ETH,2025-06-08,34,12,1,0,1.71
Ethiopia,ETH,2025-06-09,34,0,1,0,1.71
Ethiopia,ETH,2025-06-10,34,0,1,0,1.71
Ethiopia,ETH,2025-06-11,34,0,1,0,1.71
Ethiopia,ETH,2025-06-12,34,0,1,0,1.71
Ethiopia,ETH,2025-06-13,34,0,1,0,1.71
Ethiopia,ETH,2025-06-14,34,0,1,0,1.71
Ethiopia,ETH,2025-06-15,35,1,1,0,0.14
Ethiopia,ETH,2025-06-16,35,0,1,0,0.14
Ethiopia,ETH,2025-06-17,35,0,1,0,0.14
Ethiopia,ETH,2025-06-18,35,0,1,0,0.14
Ethiopia,ETH,2025-06-19,35,0,1,0,0.14
Ethiopia,ETH,2025-06-20,35,0,1,0,0.14
Ethiopia,ETH,2025-06-21,35,0,1,0,0.14
Ethiopia,ETH,2025-06-22,38,3,1,0,0.43
Ethiopia,ETH,2025-06-23,38,0,1,0,0.43
Ethiopia,ETH,2025-06-24,38,0,1,0,0.43
Ethiopia,ETH,2025-06-25,38,0,1,0,0.43
Ethiopia,ETH,2025-06-26,38,0,1,0,0.43
Ethiopia,ETH,2025-06-27,38,0,1,0,0.43
Ethiopia,ETH,2025-06-28,38,0,1,0,0.43
Ethiopia,ETH,2025-06-29,41,3,1,0,0.43
Ethiopia,ETH,2025-06-30,41,0,1,0,0.43
Ethiopia,ETH,2025-07-01,41,0,1,0,0.43
Ethiopia,ETH,2025-07-02,41,0,1,0,0.43
Ethiopia,ETH,2025-07-03,41,0,1,0,0.43
Ethiopia,ETH,2025-07-04,41,0,1,0,0.43
Ethiopia,ETH,2025-07-05,41,0,1,0,0.43
Ethiopia,ETH,2025-07-06,42,1,1,0,0.14
Ethiopia,ETH,2025-07-07,42,0,1,0,0.14
Ethiopia,ETH,2025-07-08,42,0,1,0,0.14
Ethiopia,ETH,2025-07-09,42,0,1,0,0.14
Ethiopia,ETH,2025-07-10,42,0,1,0,0.14
Ethiopia,ETH,2025-07-11,42,0,1,0,0.14
Ethiopia,ETH,2025-07-12,42,0,1,0,0.14
Ethiopia,ETH,2025-07-13,43,1,1,0,0.14
Ethiopia,ETH,2025-07-14,43,0,1,0,0.14
Ethiopia,ETH,2025-07-15,43,0,1,0,0.14
Ethiopia,ETH,2025-07-16,43,0,1,0,0.14
Ethiopia,ETH,2025-07-17,43,0,1,0,0.14
Ethiopia,ETH,2025-07-18,43,0,1,0,0.14
Ethiopia,ETH,2025-07-19,43,0,1,0,0.14
Ethiopia,ETH,2025-07-20,43,0,1,0,0
Ethiopia,ETH,2025-07-21,43,0,1,0,0
Ethiopia,ETH,2025-07-22,43,0,1,0,0
Ethiopia,ETH,2025-07-23,43,0,1,0,0
Ethiopia,ETH,2025-07-24,43,0,1,0,0
Ethiopia,ETH,2025-07-25,43,0,1,0,0
Ethiopia,ETH,2025-07-26,43,0,1,0,0
Ethiopia,ETH,2025-07-27,44,1,1,0,0.14
Ethiopia,ETH,2025-07-28,44,0,1,0,0.14
Ethiopia,ETH,2025-07-29,44,0,1,0,0.14
Ethiopia,ETH,2025-07-30,44,0,1,0,0.14
Ethiopia,ETH,2025-07-31,44,0,1,0,0.14
Ethiopia,ETH,2025-08-01,44,0,1,0,0.14
Ethiopia,ETH,2025-08-02,44,0,1,0,0.14
Ethiopia,ETH,2025-08-03,44,0,1,0,0
Ethiopia,ETH,2025-08-04,44,0,1,0,0
Ethiopia,ETH,2025-08-05,44,0,1,0,0
Ethiopia,ETH,2025-08-06,44,0,1,0,0
Ethiopia,ETH,2025-08-07,44,0,1,0,0
Ethiopia,ETH,2025-08-08,44,0,1,0,0
Ethiopia,ETH,2025-08-09,44,0,1,0,0
Ethiopia,ETH,2025-08-10,46,2,1,0,0.29
Ethiopia,ETH,2025-08-11,46,0,1,0,0.29
Ethiopia,ETH,2025-08-12,46,0,1,0,0.29
Ethiopia,ETH,2025-08-13,46,0,1,0,0.29
Ethiopia,ETH,2025-08-14,46,0,1,0,0.29
Ethiopia,ETH,2025-08-15,46,0,1,0,0.29
Ethiopia,ETH,2025-08-16,46,0,1,0,0.29
Ethiopia,ETH,2025-08-17,47,1,1,0,0.14
Ethiopia,ETH,2025-08-18,47,0,1,0,0.14
Ethiopia,ETH,2025-08-19,47,0,1,0,0.14
Ethiopia,ETH,2025-08-20,47,0,1,0,0.14
Ethiopia,ETH,2025-08-21,47,0,1,0,0.14
Ethiopia,ETH,2025-08-22,47,0,1,0,0.14
Ethiopia,ETH,2025-08-23,47,0,1,0,0.14
Ethiopia,ETH,2025-08-24,48,1,1,0,0.14
Ethiopia,ETH,2025-08-25,48,0,1,0,0.14
Ethiopia,ETH,2025-08-26,48,0,1,0,0.14
Ethiopia,ETH,2025-08-27,48,0,1,0,0.14
Ethiopia,ETH,2025-08-28,48,0,1,0,0.14
Ethiopia,ETH,2025-08-29,48,0,1,0,0.14
Ethiopia,ETH,2025-08-30,48,0,1,0,0.14
Ethiopia,ETH,2025-08-31,48,0,1,0,0
Ethiopia,ETH,2025-09-01,48,0,1,0,0
Ethiopia,ETH,2025-09-02,48,0,1,0,0
Ethiopia,ETH,2025-09-03,48,0,1,0,0
Ethiopia,ETH,2025-09-04,48,0,1,0,0
Ethiopia,ETH,2025-09-05,48,0,1,0,0
Ethiopia,ETH,2025-09-06,48,0,1,0,0
Ethiopia,ETH,2025-09-07,48,0,1,0,0
Ethiopia,ETH,2025-09-08,48,0,1,0,0
Ethiopia,ETH,2025-09-09,48,0,1,0,0
Ethiopia,ETH,2025-09-10,48,0,1,0,0
Ethiopia,ETH,2025-09-11,48,0,1,0,0
Ethiopia,ETH,2025-09-12,48,0,1,0,0
Ethiopia,ETH,2025-09-13,48,0,1,0,0
Ethiopia,ETH,2025-09-14,48,0,1,0,0
Ethiopia,ETH,2025-09-15,48,0,1,0,0
Ethiopia,ETH,2025-09-16,48,0,1,0,0
Ethiopia,ETH,2025-09-17,48,0,1,0,0
Ethiopia,ETH,2025-09-18,48,0,1,0,0
Ethiopia,ETH,2025-09-19,48,0,1,0,0
Ethiopia,ETH,2025-09-20,48,0,1,0,0
Ethiopia,ETH,2025-09-21,48,0,1,0,0
Ethiopia,ETH,2025-09-22,48,0,1,0,0
Ethiopia,ETH,2025-09-23,48,0,1,0,0
Ethiopia,ETH,2025-09-24,48,0,1,0,0
Ethiopia,ETH,2025-09-25,48,0,1,0,0
Ethiopia,ETH,2025-09-26,48,0,1,0,0
Ethiopia,ETH,2025-09-27,48,0,1,0,0
Ethiopia,ETH,2025-09-28,48,0,1,0,0
Ethiopia,ETH,2025-09-29,48,0,1,0,0
Ethiopia,ETH,2025-09-30,48,0,1,0,0
Ethiopia,ETH,2025-10-01,48,0,1,0,0
Ethiopia,ETH,2025-10-02,48,0,1,0,0
Ethiopia,ETH,2025-10-03,48,0,1,0,0
Ethiopia,ETH,2025-10-04,48,0,1,0,0
Ethiopia,ETH,2025-10-05,48,0,1,0,0
Ethiopia,ETH,2025-10-06,48,0,1,0,0
Ethiopia,ETH,2025-10-07,48,0,1,0,0
Ethiopia,ETH,2025-10-08,48,0,1,0,0
Ethiopia,ETH,2025-10-09,48,0,1,0,0
Ethiopia,ETH,2025-10-10,48,0,1,0,0
Ethiopia,ETH,2025-10-11,48,0,1,0,0
Ethiopia,ETH,2025-10-12,48,0,1,0,0
Gabon,GAB,2024-08-18,0,0,0,0,0
Gabon,GAB,2024-08-19,0,0,0,0,0
Gabon,GAB,2024-08-20,0,0,0,0,0
Gabon,GAB,2024-08-21,0,0,0,0,0
Gabon,GAB,2024-08-22,0,0,0,0,0
Gabon,GAB,2024-08-23,0,0,0,0,0
Gabon,GAB,2024-08-24,0,0,0,0,0
Gabon,GAB,2024-08-25,1,1,0,0,0.14
Gabon,GAB,2024-08-26,1,0,0,0,0.14
Gabon,GAB,2024-08-27,1,0,0,0,0.14
Gabon,GAB,2024-08-28,1,0,0,0,0.14
Gabon,GAB,2024-08-29,1,0,0,0,0.14
Gabon,GAB,2024-08-30,1,0,0,0,0.14
Gabon,GAB,2024-08-31,1,0,0,0,0.14
Gabon,GAB,2024-09-01,2,1,0,0,0.14
Gabon,GAB,2024-09-02,2,0,0,0,0.14
Gabon,GAB,2024-09-03,2,0,0,0,0.14
Gabon,GAB,2024-09-04,2,0,0,0,0.14
Gabon,GAB,2024-09-05,2,0,0,0,0.14
Gabon,GAB,2024-09-06,2,0,0,0,0.14
Gabon,GAB,2024-09-07,2,0,0,0,0.14
Gabon,GAB,2024-09-08,2,0,0,0,0
Gabon,GAB,2024-09-09,2,0,0,0,0
Gabon,GAB,2024-09-10,2,0,0,0,0
Gabon,GAB,2024-09-11,2,0,0,0,0
Gabon,GAB,2024-09-12,2,0,0,0,0
Gabon,GAB,2024-09-13,2,0,0,0,0
Gabon,GAB,2024-09-14,2,0,0,0,0
Gabon,GAB,2024-09-15,2,0,0,0,0
Gabon,GAB,2024-09-16,2,0,0,0,0
Gabon,GAB,2024-09-17,2,0,0,0,0
Gabon,GAB,2024-09-18,2,0,0,0,0
Gabon,GAB,2024-09-19,2,0,0,0,0
Gabon,GAB,2024-09-20,2,0,0,0,0
Gabon,GAB,2024-09-21,2,0,0,0,0
Gabon,GAB,2024-09-22,2,0,0,0,0
Gabon,GAB,2024-09-23,2,0,0,0,0
Gabon,GAB,2024-09-24,2,0,0,0,0
Gabon,GAB,2024-09-25,2,0,0,0,0
Gabon,GAB,2024-09-26,2,0,0,0,0
Gabon,GAB,2024-09-27,2,0,0,0,0
Gabon,GAB,2024-09-28,2,0,0,0,0
Gabon,GAB,2024-09-29,2,0,0,0,0
Gabon,GAB,2024-09-30,2,0,0,0,0
Gabon,GAB,2024-10-01,2,0,0,0,0
Gabon,GAB,2024-10-02,2,0,0,0,0
Gabon,GAB,2024-10-03,2,0,0,0,0
Gabon,GAB,2024-10-04,2,0,0,0,0
Gabon,GAB,2024-10-05,2,0,0,0,0
Gabon,GAB,2024-10-06,2,0,0,0,0
Gabon,GAB,2024-10-07,2,0,0,0,0
Gabon,GAB,2024-10-08,2,0,0,0,0
Gabon,GAB,2024-10-09,2,0,0,0,0
Gabon,GAB,2024-10-10,2,0,0,0,0
Gabon,GAB,2024-10-11,2,0,0,0,0
Gabon,GAB,2024-10-12,2,0,0,0,0
Gabon,GAB,2024-10-13,2,0,0,0,0
Gabon,GAB,2024-10-14,2,0,0,0,0
Gabon,GAB,2024-10-15,2,0,0,0,0
Gabon,GAB,2024-10-16,2,0,0,0,0
Gabon,GAB,2024-10-17,2,0,0,0,0
Gabon,GAB,2024-10-18,2,0,0,0,0
Gabon,GAB,2024-10-19,2,0,0,0,0
Gabon,GAB,2024-10-20,2,0,0,0,0
Gabon,GAB,2024-10-21,2,0,0,0,0
Gabon,GAB,2024-10-22,2,0,0,0,0
Gabon,GAB,2024-10-23,2,0,0,0,0
Gabon,GAB,2024-10-24,2,0,0,0,0
Gabon,GAB,2024-10-25,2,0,0,0,0
Gabon,GAB,2024-10-26,2,0,0,0,0
Gabon,GAB,2024-10-27,2,0,0,0,0
Gabon,GAB,2024-10-28,2,0,0,0,0
Gabon,GAB,2024-10-29,2,0,0,0,0
Gabon,GAB,2024-10-30,2,0,0,0,0
Gabon,GAB,2024-10-31,2,0,0,0,0
Gabon,GAB,2024-11-01,2,0,0,0,0
Gabon,GAB,2024-11-02,2,0,0,0,0
Gabon,GAB,2024-11-03,2,0,0,0,0
Gabon,GAB,2024-11-04,2,0,0,0,0
Gabon,GAB,2024-11-05,2,0,0,0,0
Gabon,GAB,2024-11-06,2,0,0,0,0
Gabon,GAB,2024-11-07,2,0,0,0,0
Gabon,GAB,2024-11-08,2,0,0,0,0
Gabon,GAB,2024-11-09,2,0,0,0,0
Gabon,GAB,2024-11-10,2,0,0,0,0
Gabon,GAB,2024-11-11,2,0,0,0,0
Gabon,GAB,2024-11-12,2,0,0,0,0
Gabon,GAB,2024-11-13,2,0,0,0,0
Gabon,GAB,2024-11-14,2,0,0,0,0
Gabon,GAB,2024-11-15,2,0,0,0,0
Gabon,GAB,2024-11-16,2,0,0,0,0
Gabon,GAB,2024-11-17,2,0,0,0,0
Gabon,GAB,2024-11-18,2,0,0,0,0
Gabon,GAB,2024-11-19,2,0,0,0,0
Gabon,GAB,2024-11-20,2,0,0,0,0
Gabon,GAB,2024-11-21,2,0,0,0,0
Gabon,GAB,2024-11-22,2,0,0,0,0
Gabon,GAB,2024-11-23,2,0,0,0,0
Gabon,GAB,2024-11-24,2,0,0,0,0
Gabon,GAB,2024-11-25,2,0,0,0,0
Gabon,GAB,2024-11-26,2,0,0,0,0
Gabon,GAB,2024-11-27,2,0,0,0,0
Gabon,GAB,2024-11-28,2,0,0,0,0
Gabon,GAB,2024-11-29,2,0,0,0,0
Gabon,GAB,2024-11-30,2,0,0,0,0
Gabon,GAB,2024-12-01,2,0,0,0,0
Gabon,GAB,2024-12-02,2,0,0,0,0
Gabon,GAB,2024-12-03,2,0,0,0,0
Gabon,GAB,2024-12-04,2,0,0,0,0
Gabon,GAB,2024-12-05,2,0,0,0,0
Gabon,GAB,2024-12-06,2,0,0,0,0
Gabon,GAB,2024-12-07,2,0,0,0,0
Gabon,GAB,2024-12-08,2,0,0,0,0
Gabon,GAB,2024-12-09,2,0,0,0,0
Gabon,GAB,2024-12-10,2,0,0,0,0
Gabon,GAB,2024-12-11,2,0,0,0,0
Gabon,GAB,2024-12-12,2,0,0,0,0
Gabon,GAB,2024-12-13,2,0,0,0,0
Gabon,GAB,2024-12-14,2,0,0,0,0
Gabon,GAB,2024-12-15,2,0,0,0,0
Gabon,GAB,2024-12-16,2,0,0,0,0
Gabon,GAB,2024-12-17,2,0,0,0,0
Gabon,GAB,2024-12-18,2,0,0,0,0
Gabon,GAB,2024-12-19,2,0,0,0,0
Gabon,GAB,2024-12-20,2,0,0,0,0
Gabon,GAB,2024-12-21,2,0,0,0,0
Gabon,GAB,2024-12-22,2,0,0,0,0
Gabon,GAB,2024-12-23,2,0,0,0,0
Gabon,GAB,2024-12-24,2,0,0,0,0
Gabon,GAB,2024-12-25,2,0,0,0,0
Gabon,GAB,2024-12-26,2,0,0,0,0
Gabon,GAB,2024-12-27,2,0,0,0,0
Gabon,GAB,2024-12-28,2,0,0,0,0
Gabon,GAB,2024-12-29,2,0,0,0,0
Gambia,GMB,2025-06-22,0,0,0,0,0
Gambia,GMB,2025-06-23,0,0,0,0,0
Gambia,GMB,2025-06-24,0,0,0,0,0
Gambia,GMB,2025-06-25,0,0,0,0,0
Gambia,GMB,2025-06-26,0,0,0,0,0
Gambia,GMB,2025-06-27,0,0,0,0,0
Gambia,GMB,2025-06-28,0,0,0,0,0
Gambia,GMB,2025-06-29,0,0,0,0,0
Gambia,GMB,2025-06-30,0,0,0,0,0
Gambia,GMB,2025-07-01,0,0,0,0,0
Gambia,GMB,2025-07-02,0,0,0,0,0
Gambia,GMB,2025-07-03,0,0,0,0,0
Gambia,GMB,2025-07-04,0,0,0,0,0
Gambia,GMB,2025-07-05,0,0,0,0,0
Gambia,GMB,2025-07-06,0,0,0,0,0
Gambia,GMB,2025-07-07,0,0,0,0,0
Gambia,GMB,2025-07-08,0,0,0,0,0
Gambia,GMB,2025-07-09,0,0,0,0,0
Gambia,GMB,2025-07-10,0,0,0,0,0
Gambia,GMB,2025-07-11,0,0,0,0,0
Gambia,GMB,2025-07-12,0,0,0,0,0
Gambia,GMB,2025-07-13,0,0,0,0,0
Gambia,GMB,2025-07-14,0,0,0,0,0
Gambia,GMB,2025-07-15,0,0,0,0,0
Gambia,GMB,2025-07-16,0,0,0,0,0
Gambia,GMB,2025-07-17,0,0,0,0,0
Gambia,GMB,2025-07-18,0,0,0,0,0
Gambia,GMB,2025-07-19,0,0,0,0,0
Gambia,GMB,2025-07-20,1,1,0,0,0.14
Gambia,GMB,2025-07-21,1,0,0,0,0.14
Gambia,GMB,2025-07-22,1,0,0,0,0.14
Gambia,GMB,2025-07-23,1,0,0,0,0.14
Gambia,GMB,2025-07-24,1,0,0,0,0.14
Gambia,GMB,2025-07-25,1,0,0,0,0.14
Gambia,GMB,2025-07-26,1,0,0,0,0.14
Gambia,GMB,2025-07-27,1,0,0,0,0
Gambia,GMB,2025-07-28,1,0,0,0,0
Gambia,GMB,2025-07-29,1,0,0,0,0
Gambia,GMB,2025-07-30,1,0,0,0,0
Gambia,GMB,2025-07-31,1,0,0,0,0
Gambia,GMB,2025-08-01,1,0,0,0,0
Gambia,GMB,2025-08-02,1,0,0,0,0
Gambia,GMB,2025-08-03,1,0,0,0,0
Ghana,GHA,2022-05-01,2,0,0,0,0
Ghana,GHA,2022-05-02,2,0,0,0,0
Ghana,GHA,2022-05-03,2,0,0,0,0
Ghana,GHA,2022-05-04,2,0,0,0,0
Ghana,GHA,2022-05-05,2,0,0,0,0
Ghana,GHA,2022-05-06,2,0,0,0,0
Ghana,GHA,2022-05-07,2,0,0,0,0
Ghana,GHA,2022-05-08,2,0,0,0,0
Ghana,GHA,2022-05-09,2,0,0,0,0
Ghana,GHA,2022-05-10,2,0,0,0,0
Ghana,GHA,2022-05-11,2,0,0,0,0
Ghana,GHA,2022-05-12,2,0,0,0,0
Ghana,GHA,2022-05-13,2,0,0,0,0
Ghana,GHA,2022-05-14,2,0,0,0,0
Ghana,GHA,2022-05-15,2,0,0,0,0
Ghana,GHA,2022-05-16,2,0,0,0,0
Ghana,GHA,2022-05-17,2,0,0,0,0
Ghana,GHA,2022-05-18,2,0,0,0,0
Ghana,GHA,2022-05-19,2,0,0,0,0
Ghana,GHA,2022-05-20,2,0,0,0,0
Ghana,GHA,2022-05-21,2,0,0,0,0
Ghana,GHA,2022-05-22,2,0,0,0,0
Ghana,GHA,2022-05-23,2,0,0,0,0
Ghana,GHA,2022-05-24,2,0,0,0,0
Ghana,GHA,2022-05-25,2,0,0,0,0
Ghana,GHA,2022-05-26,2,0,0,0,0
Ghana,GHA,2022-05-27,2,0,0,0,0
Ghana,GHA,2022-05-28,2,0,0,0,0
Ghana,GHA,2022-05-29,2,0,0,0,0
Ghana,GHA,2022-05-30,2,0,0,0,0
Ghana,GHA,2022-05-31,2,0,0,0,0
Ghana,GHA,2022-06-01,2,0,0,0,0
Ghana,GHA,2022-06-02,2,0,0,0,0
Ghana,GHA,2022-06-03,2,0,0,0,0
Ghana,GHA,2022-06-04,2,0,0,0,0
Ghana,GHA,2022-06-05,8,6,0,0,0.86
Ghana,GHA,2022-06-06,8,0,0,0,0.86
Ghana,GHA,2022-06-07,8,0,0,0,0.86
Ghana,GHA,2022-06-08,8,0,0,0,0.86
Ghana,GHA,2022-06-09,8,0,0,0,0.86
Ghana,GHA,2022-06-10,8,0,0,0,0.86
Ghana,GHA,2022-06-11,8,0,0,0,0.86
Ghana,GHA,2022-06-12,19,11,0,0,1.57
Ghana,GHA,2022-06-13,19,0,0,0,1.57
Ghana,GHA,2022-06-14,19,0,0,0,1.57
Ghana,GHA,2022-06-15,19,0,0,0,1.57
Ghana,GHA,2022-06-16,19,0,0,0,1.57
Ghana,GHA,2022-06-17,19,0,0,0,1.57
Ghana,GHA,2022-06-18,19,0,0,0,1.57
Ghana,GHA,2022-06-19,22,3,0,0,0.43
Ghana,GHA,2022-06-20,22,0,0,0,0.43
Ghana,GHA,2022-06-21,22,0,0,0,0.43
Ghana,GHA,2022-06-22,22,0,0,0,0.43
Ghana,GHA,2022-06-23,22,0,0,0,0.43
Ghana,GHA,2022-06-24,22,0,0,0,0.43
Ghana,GHA,2022-06-25,22,0,0,0,0.43
Ghana,GHA,2022-06-26,23,1,0,0,0.14
Ghana,GHA,2022-06-27,23,0,0,0,0.14
Ghana,GHA,2022-06-28,23,0,0,0,0.14
Ghana,GHA,2022-06-29,23,0,0,0,0.14
Ghana,GHA,2022-06-30,23,0,0,0,0.14
Ghana,GHA,2022-07-01,23,0,0,0,0.14
Ghana,GHA,2022-07-02,23,0,0,0,0.14
Ghana,GHA,2022-07-03,29,6,0,0,0.86
Ghana,GHA,2022-07-04,29,0,0,0,0.86
Ghana,GHA,2022-07-05,29,0,0,0,0.86
Ghana,GHA,2022-07-06,29,0,0,0,0.86
Ghana,GHA,2022-07-07,29,0,0,0,0.86
Ghana,GHA,2022-07-08,29,0,0,0,0.86
Ghana,GHA,2022-07-09,29,0,0,0,0.86
Ghana,GHA,2022-07-10,34,5,0,0,0.71
Ghana,GHA,2022-07-11,34,0,0,0,0.71
Ghana,GHA,2022-07-12,34,0,0,0,0.71
Ghana,GHA,2022-07-13,34,0,0,0,0.71
Ghana,GHA,2022-07-14,34,0,0,0,0.71
Ghana,GHA,2022-07-15,34,0,0,0,0.71
Ghana,GHA,2022-07-16,34,0,0,0,0.71
Ghana,GHA,2022-07-17,36,2,0,0,0.29
Ghana,GHA,2022-07-18,36,0,0,0,0.29
Ghana,GHA,2022-07-19,36,0,0,0,0.29
Ghana,GHA,2022-07-20,36,0,0,0,0.29
Ghana,GHA,2022-07-21,36,0,0,0,0.29
Ghana,GHA,2022-07-22,36,0,0,0,0.29
Ghana,GHA,2022-07-23,36,0,0,0,0.29
Ghana,GHA,2022-07-24,38,2,0,0,0.29
Ghana,GHA,2022-07-25,38,0,0,0,0.29
Ghana,GHA,2022-07-26,38,0,0,0,0.29
Ghana,GHA,2022-07-27,38,0,0,0,0.29
Ghana,GHA,2022-07-28,38,0,0,0,0.29
Ghana,GHA,2022-07-29,38,0,0,0,0.29
Ghana,GHA,2022-07-30,38,0,0,0,0.29
Ghana,GHA,2022-07-31,52,14,1,1,2
Ghana,GHA,2022-08-01,52,0,1,0,2
Ghana,GHA,2022-08-02,52,0,1,0,2
Ghana,GHA,2022-08-03,52,0,1,0,2
Ghana,GHA,2022-08-04,52,0,1,0,2
Ghana,GHA,2022-08-05,52,0,1,0,2
Ghana,GHA,2022-08-06,52,0,1,0,2
Ghana,GHA,2022-08-07,56,4,1,0,0.57
Ghana,GHA,2022-08-08,56,0,1,0,0.57
Ghana,GHA,2022-08-09,56,0,1,0,0.57
Ghana,GHA,2022-08-10,56,0,1,0,0.57
Ghana,GHA,2022-08-11,56,0,1,0,0.57
Ghana,GHA,2022-08-12,56,0,1,0,0.57
Ghana,GHA,2022-08-13,56,0,1,0,0.57
Ghana,GHA,2022-08-14,68,12,1,0,1.71
Ghana,GHA,2022-08-15,68,0,1,0,1.71
Ghana,GHA,2022-08-16,68,0,1,0,1.71
Ghana,GHA,2022-08-17,68,0,1,0,1.71
Ghana,GHA,2022-08-18,68,0,1,0,1.71
Ghana,GHA,2022-08-19,68,0,1,0,1.71
Ghana,GHA,2022-08-20,68,0,1,0,1.71
Ghana,GHA,2022-08-21,79,11,4,3,1.57
Ghana,GHA,2022-08-22,79,0,4,0,1.57
Ghana,GHA,2022-08-23,79,0,4,0,1.57
Ghana,GHA,2022-08-24,79,0,4,0,1.57
Ghana,GHA,2022-08-25,79,0,4,0,1.57
Ghana,GHA,2022-08-26,79,0,4,0,1.57
Ghana,GHA,2022-08-27,79,0,4,0,1.57
Ghana,GHA,2022-08-28,86,7,4,0,1
Ghana,GHA,2022-08-29,86,0,4,0,1
Ghana,GHA,2022-08-30,86,0,4,0,1
Ghana,GHA,2022-08-31,86,0,4,0,1
Ghana,GHA,2022-09-01,86,0,4,0,1
Ghana,GHA,2022-09-02,86,0,4,0,1
Ghana,GHA,2022-09-03,86,0,4,0,1
Ghana,GHA,2022-09-04,89,3,4,0,0.43
Ghana,GHA,2022-09-05,89,0,4,0,0.43
Ghana,GHA,2022-09-06,89,0,4,0,0.43
Ghana,GHA,2022-09-07,89,0,4,0,0.43
Ghana,GHA,2022-09-08,89,0,4,0,0.43
Ghana,GHA,2022-09-09,89,0,4,0,0.43
Ghana,GHA,2022-09-10,89,0,4,0,0.43
Ghana,GHA,2022-09-11,93,4,4,0,0.57
Ghana,GHA,2022-09-12,93,0,4,0,0.57
Ghana,GHA,2022-09-13,93,0,4,0,0.57
Ghana,GHA,2022-09-14,93,0,4,0,0.57
Ghana,GHA,2022-09-15,93,0,4,0,0.57
Ghana,GHA,2022-09-16,93,0,4,0,0.57
Ghana,GHA,2022-09-17,93,0,4,0,0.57
Ghana,GHA,2022-09-18,96,3,4,0,0.43
Ghana,GHA,2022-09-19,96,0,4,0,0.43
Ghana,GHA,2022-09-20,96,0,4,0,0.43
Ghana,GHA,2022-09-21,96,0,4,0,0.43
Ghana,GHA,2022-09-22,96,0,4,0,0.43
Ghana,GHA,2022-09-23,96,0,4,0,0.43
Ghana,GHA,2022-09-24,96,0,4,0,0.43
Ghana,GHA,2022-09-25,101,5,4,0,0.71
Ghana,GHA,2022-09-26,101,0,4,0,0.71
Ghana,GHA,2022-09-27,101,0,4,0,0.71
Ghana,GHA,2022-09-28,101,0,4,0,0.71
Ghana,GHA,2022-09-29,101,0,4,0,0.71
Ghana,GHA,2022-09-30,101,0,4,0,0.71
Ghana,GHA,2022-10-01,101,0,4,0,0.71
Ghana,GHA,2022-10-02,105,4,4,0,0.57
Ghana,GHA,2022-10-03,105,0,4,0,0.57
Ghana,GHA,2022-10-04,105,0,4,0,0.57
Ghana,GHA,2022-10-05,105,0,4,0,0.57
Ghana,GHA,2022-10-06,105,0,4,0,0.57
Ghana,GHA,2022-10-07,105,0,4,0,0.57
Ghana,GHA,2022-10-08,105,0,4,0,0.57
Ghana,GHA,2022-10-09,105,0,4,0,0
Ghana,GHA,2022-10-10,105,0,4,0,0
Ghana,GHA,2022-10-11,105,0,4,0,0
Ghana,GHA,2022-10-12,105,0,4,0,0
Ghana,GHA,2022-10-13,105,0,4,0,0
Ghana,GHA,2022-10-14,105,0,4,0,0
Ghana,GHA,2022-10-15,105,0,4,0,0
Ghana,GHA,2022-10-16,106,1,4,0,0.14
Ghana,GHA,2022-10-17,106,0,4,0,0.14
Ghana,GHA,2022-10-18,106,0,4,0,0.14
Ghana,GHA,2022-10-19,106,0,4,0,0.14
Ghana,GHA,2022-10-20,106,0,4,0,0.14
Ghana,GHA,2022-10-21,106,0,4,0,0.14
Ghana,GHA,2022-10-22,106,0,4,0,0.14
Ghana,GHA,2022-10-23,106,0,4,0,0
Ghana,GHA,2022-10-24,106,0,4,0,0
Ghana,GHA,2022-10-25,106,0,4,0,0
Ghana,GHA,2022-10-26,106,0,4,0,0
Ghana,GHA,2022-10-27,106,0,4,0,0
Ghana,GHA,2022-10-28,106,0,4,0,0
Ghana,GHA,2022-10-29,106,0,4,0,0
Ghana,GHA,2022-10-30,108,2,4,0,0.29
Ghana,GHA,2022-10-31,108,0,4,0,0.29
Ghana,GHA,2022-11-01,108,0,4,0,0.29
Ghana,GHA,2022-11-02,108,0,4,0,0.29
Ghana,GHA,2022-11-03,108,0,4,0,0.29
Ghana,GHA,2022-11-04,108,0,4,0,0.29
Ghana,GHA,2022-11-05,108,0,4,0,0.29
Ghana,GHA,2022-11-06,108,0,4,0,0
Ghana,GHA,2022-11-07,108,0,4,0,0
Ghana,GHA,2022-11-08,108,0,4,0,0
Ghana,GHA,2022-11-09,108,0,4,0,0
Ghana,GHA,2022-11-10,108,0,4,0,0
Ghana,GHA,2022-11-11,108,0,4,0,0
Ghana,GHA,2022-11-12,108,0,4,0,0
Ghana,GHA,2022-11-13,108,0,4,0,0
Ghana,GHA,2022-11-14,108,0,4,0,0
Ghana,GHA,2022-11-15,108,0,4,0,0
Ghana,GHA,2022-11-16,108,0,4,0,0
Ghana,GHA,2022-11-17,108,0,4,0,0
Ghana,GHA,2022-11-18,108,0,4,0,0
Ghana,GHA,2022-11-19,108,0,4,0,0
Ghana,GHA,2022-11-20,108,0,4,0,0
Ghana,GHA,2022-11-21,108,0,4,0,0
Ghana,GHA,2022-11-22,108,0,4,0,0
Ghana,GHA,2022-11-23,108,0,4,0,0
Ghana,GHA,2022-11-24,108,0,4,0,0
Ghana,GHA,2022-11-25,108,0,4,0,0
Ghana,GHA,2022-11-26,108,0,4,0,0
Ghana,GHA,2022-11-27,111,3,4,0,0.43
Ghana,GHA,2022-11-28,111,0,4,0,0.43
Ghana,GHA,2022-11-29,111,0,4,0,0.43
Ghana,GHA,2022-11-30,111,0,4,0,0.43
Ghana,GHA,2022-12-01,111,0,4,0,0.43
Ghana,GHA,2022-12-02,111,0,4,0,0.43
Ghana,GHA,2022-12-03,111,0,4,0,0.43
Ghana,GHA,2022-12-04,111,0,4,0,0
Ghana,GHA,2022-12-05,111,0,4,0,0
Ghana,GHA,2022-12-06,111,0,4,0,0
Ghana,GHA,2022-12-07,111,0,4,0,0
Ghana,GHA,2022-12-08,111,0,4,0,0
Ghana,GHA,2022-12-09,111,0,4,0,0
Ghana,GHA,2022-12-10,111,0,4,0,0
Ghana,GHA,2022-12-11,117,6,4,0,0.86
Ghana,GHA,2022-12-12,117,0,4,0,0.86
Ghana,GHA,2022-12-13,117,0,4,0,0.86
Ghana,GHA,2022-12-14,117,0,4,0,0.86
Ghana,GHA,2022-12-15,117,0,4,0,0.86
Ghana,GHA,2022-12-16,117,0,4,0,0.86
Ghana,GHA,2022-12-17,117,0,4,0,0.86
Ghana,GHA,2022-12-18,117,0,4,0,0
Ghana,GHA,2022-12-19,117,0,4,0,0
Ghana,GHA,2022-12-20,117,0,4,0,0
Ghana,GHA,2022-12-21,117,0,4,0,0
Ghana,GHA,2022-12-22,117,0,4,0,0
Ghana,GHA,2022-12-23,117,0,4,0,0
Ghana,GHA,2022-12-24,117,0,4,0,0
Ghana,GHA,2022-12-25,122,5,4,0,0.71
Ghana,GHA,2022-12-26,122,0,4,0,0.71
Ghana,GHA,2022-12-27,122,0,4,0,0.71
Ghana,GHA,2022-12-28,122,0,4,0,0.71
Ghana,GHA,2022-12-29,122,0,4,0,0.71
Ghana,GHA,2022-12-30,122,0,4,0,0.71
Ghana,GHA,2022-12-31,122,0,4,0,0.71
Ghana,GHA,2023-01-01,122,0,4,0,0
Ghana,GHA,2023-01-02,122,0,4,0,0
Ghana,GHA,2023-01-03,122,0,4,0,0
Ghana,GHA,2023-01-04,122,0,4,0,0
Ghana,GHA,2023-01-05,122,0,4,0,0
Ghana,GHA,2023-01-06,122,0,4,0,0
Ghana,GHA,2023-01-07,122,0,4,0,0
Ghana,GHA,2023-01-08,122,0,4,0,0
Ghana,GHA,2023-01-09,122,0,4,0,0
Ghana,GHA,2023-01-10,122,0,4,0,0
Ghana,GHA,2023-01-11,122,0,4,0,0
Ghana,GHA,2023-01-12,122,0,4,0,0
Ghana,GHA,2023-01-13,122,0,4,0,0
Ghana,GHA,2023-01-14,122,0,4,0,0
Ghana,GHA,2023-01-15,122,0,4,0,0
Ghana,GHA,2023-01-16,122,0,4,0,0
Ghana,GHA,2023-01-17,122,0,4,0,0
Ghana,GHA,2023-01-18,122,0,4,0,0
Ghana,GHA,2023-01-19,122,0,4,0,0
Ghana,GHA,2023-01-20,122,0,4,0,0
Ghana,GHA,2023-01-21,122,0,4,0,0
Ghana,GHA,2023-01-22,124,2,4,0,0.29
Ghana,GHA,2023-01-23,124,0,4,0,0.29
Ghana,GHA,2023-01-24,124,0,4,0,0.29
Ghana,GHA,2023-01-25,124,0,4,0,0.29
Ghana,GHA,2023-01-26,124,0,4,0,0.29
Ghana,GHA,2023-01-27,124,0,4,0,0.29
Ghana,GHA,2023-01-28,124,0,4,0,0.29
Ghana,GHA,2023-01-29,124,0,4,0,0
Ghana,GHA,2023-01-30,124,0,4,0,0
Ghana,GHA,2023-01-31,124,0,4,0,0
Ghana,GHA,2023-02-01,124,0,4,0,0
Ghana,GHA,2023-02-02,124,0,4,0,0
Ghana,GHA,2023-02-03,124,0,4,0,0
Ghana,GHA,2023-02-04,124,0,4,0,0
Ghana,GHA,2023-02-05,124,0,4,0,0
Ghana,GHA,2023-02-06,124,0,4,0,0
Ghana,GHA,2023-02-07,124,0,4,0,0
Ghana,GHA,2023-02-08,124,0,4,0,0
Ghana,GHA,2023-02-09,124,0,4,0,0
Ghana,GHA,2023-02-10,124,0,4,0,0
Ghana,GHA,2023-02-11,124,0,4,0,0
Ghana,GHA,2023-02-12,124,0,4,0,0
Ghana,GHA,2023-02-13,124,0,4,0,0
Ghana,GHA,2023-02-14,124,0,4,0,0
Ghana,GHA,2023-02-15,124,0,4,0,0
Ghana,GHA,2023-02-16,124,0,4,0,0
Ghana,GHA,2023-02-17,124,0,4,0,0
Ghana,GHA,2023-02-18,124,0,4,0,0
Ghana,GHA,2023-02-19,124,0,4,0,0
Ghana,GHA,2023-02-20,124,0,4,0,0
Ghana,GHA,2023-02-21,124,0,4,0,0
Ghana,GHA,2023-02-22,124,0,4,0,0
Ghana,GHA,2023-02-23,124,0,4,0,0
Ghana,GHA,2023-02-24,124,0,4,0,0
Ghana,GHA,2023-02-25,124,0,4,0,0
Ghana,GHA,2023-02-26,124,0,4,0,0
Ghana,GHA,2023-02-27,124,0,4,0,0
Ghana,GHA,2023-02-28,124,0,4,0,0
Ghana,GHA,2023-03-01,124,0,4,0,0
Ghana,GHA,2023-03-02,124,0,4,0,0
Ghana,GHA,2023-03-03,124,0,4,0,0
Ghana,GHA,2023-03-04,124,0,4,0,0
Ghana,GHA,2023-03-05,124,0,4,0,0
Ghana,GHA,2023-03-06,124,0,4,0,0
Ghana,GHA,2023-03-07,124,0,4,0,0
Ghana,GHA,2023-03-08,124,0,4,0,0
Ghana,GHA,2023-03-09,124,0,4,0,0
Ghana,GHA,2023-03-10,124,0,4,0,0
Ghana,GHA,2023-03-11,124,0,4,0,0
Ghana,GHA,2023-03-12,124,0,4,0,0
Ghana,GHA,2023-03-13,124,0,4,0,0
Ghana,GHA,2023-03-14,124,0,4,0,0
Ghana,GHA,2023-03-15,124,0,4,0,0
Ghana,GHA,2023-03-16,124,0,4,0,0
Ghana,GHA,2023-03-17,124,0,4,0,0
Ghana,GHA,2023-03-18,124,0,4,0,0
Ghana,GHA,2023-03-19,125,1,4,0,0.14
Ghana,GHA,2023-03-20,125,0,4,0,0.14
Ghana,GHA,2023-03-21,125,0,4,0,0.14
Ghana,GHA,2023-03-22,125,0,4,0,0.14
Ghana,GHA,2023-03-23,125,0,4,0,0.14
Ghana,GHA,2023-03-24,125,0,4,0,0.14
Ghana,GHA,2023-03-25,125,0,4,0,0.14
Ghana,GHA,2023-03-26,125,0,4,0,0
Ghana,GHA,2023-03-27,125,0,4,0,0
Ghana,GHA,2023-03-28,125,0,4,0,0
Ghana,GHA,2023-03-29,125,0,4,0,0
Ghana,GHA,2023-03-30,125,0,4,0,0
Ghana,GHA,2023-03-31,125,0,4,0,0
Ghana,GHA,2023-04-01,125,0,4,0,0
Ghana,GHA,2023-04-02,125,0,4,0,0
Ghana,GHA,2023-04-03,125,0,4,0,0
Ghana,GHA,2023-04-04,125,0,4,0,0
Ghana,GHA,2023-04-05,125,0,4,0,0
Ghana,GHA,2023-04-06,125,0,4,0,0
Ghana,GHA,2023-04-07,125,0,4,0,0
Ghana,GHA,2023-04-08,125,0,4,0,0
Ghana,GHA,2023-04-09,126,1,4,0,0.14
Ghana,GHA,2023-04-10,126,0,4,0,0.14
Ghana,GHA,2023-04-11,126,0,4,0,0.14
Ghana,GHA,2023-04-12,126,0,4,0,0.14
Ghana,GHA,2023-04-13,126,0,4,0,0.14
Ghana,GHA,2023-04-14,126,0,4,0,0.14
Ghana,GHA,2023-04-15,126,0,4,0,0.14
Ghana,GHA,2023-04-16,126,0,4,0,0
Ghana,GHA,2023-04-17,126,0,4,0,0
Ghana,GHA,2023-04-18,126,0,4,0,0
Ghana,GHA,2023-04-19,126,0,4,0,0
Ghana,GHA,2023-04-20,126,0,4,0,0
Ghana,GHA,2023-04-21,126,0,4,0,0
Ghana,GHA,2023-04-22,126,0,4,0,0
Ghana,GHA,2023-04-23,126,0,4,0,0
Ghana,GHA,2023-04-24,126,0,4,0,0
Ghana,GHA,2023-04-25,126,0,4,0,0
Ghana,GHA,2023-04-26,126,0,4,0,0
Ghana,GHA,2023-04-27,126,0,4,0,0
Ghana,GHA,2023-04-28,126,0,4,0,0
Ghana,GHA,2023-04-29,126,0,4,0,0
Ghana,GHA,2023-04-30,126,0,4,0,0
Ghana,GHA,2023-05-01,126,0,4,0,0
Ghana,GHA,2023-05-02,126,0,4,0,0
Ghana,GHA,2023-05-03,126,0,4,0,0
Ghana,GHA,2023-05-04,126,0,4,0,0
Ghana,GHA,2023-05-05,126,0,4,0,0
Ghana,GHA,2023-05-06,126,0,4,0,0
Ghana,GHA,2023-05-07,127,1,4,0,0.14
Ghana,GHA,2023-05-08,127,0,4,0,0.14
Ghana,GHA,2023-05-09,127,0,4,0,0.14
Ghana,GHA,2023-05-10,127,0,4,0,0.14
Ghana,GHA,2023-05-11,127,0,4,0,0.14
Ghana,GHA,2023-05-12,127,0,4,0,0.14
Ghana,GHA,2023-05-13,127,0,4,0,0.14
Ghana,GHA,2023-05-14,128,1,4,0,0.14
Ghana,GHA,2023-05-15,128,0,4,0,0.14
Ghana,GHA,2023-05-16,128,0,4,0,0.14
Ghana,GHA,2023-05-17,128,0,4,0,0.14
Ghana,GHA,2023-05-18,128,0,4,0,0.14
Ghana,GHA,2023-05-19,128,0,4,0,0.14
Ghana,GHA,2023-05-20,128,0,4,0,0.14
Ghana,GHA,2023-05-21,128,0,4,0,0
Ghana,GHA,2023-05-22,128,0,4,0,0
Ghana,GHA,2023-05-23,128,0,4,0,0
Ghana,GHA,2023-05-24,128,0,4,0,0
Ghana,GHA,2023-05-25,128,0,4,0,0
Ghana,GHA,2023-05-26,128,0,4,0,0
Ghana,GHA,2023-05-27,128,0,4,0,0
Ghana,GHA,2023-05-28,128,0,4,0,0
Ghana,GHA,2023-05-29,128,0,4,0,0
Ghana,GHA,2023-05-30,128,0,4,0,0
Ghana,GHA,2023-05-31,128,0,4,0,0
Ghana,GHA,2023-06-01,128,0,4,0,0
Ghana,GHA,2023-06-02,128,0,4,0,0
Ghana,GHA,2023-06-03,128,0,4,0,0
Ghana,GHA,2023-06-04,128,0,4,0,0
Ghana,GHA,2023-06-05,128,0,4,0,0
Ghana,GHA,2023-06-06,128,0,4,0,0
Ghana,GHA,2023-06-07,128,0,4,0,0
Ghana,GHA,2023-06-08,128,0,4,0,0
Ghana,GHA,2023-06-09,128,0,4,0,0
Ghana,GHA,2023-06-10,128,0,4,0,0
Ghana,GHA,2023-06-11,128,0,4,0,0
Ghana,GHA,2023-06-12,128,0,4,0,0
Ghana,GHA,2023-06-13,128,0,4,0,0
Ghana,GHA,2023-06-14,128,0,4,0,0
Ghana,GHA,2023-06-15,128,0,4,0,0
Ghana,GHA,2023-06-16,128,0,4,0,0
Ghana,GHA,2023-06-17,128,0,4,0,0
Ghana,GHA,2023-06-18,128,0,4,0,0
Ghana,GHA,2023-06-19,128,0,4,0,0
Ghana,GHA,2023-06-20,128,0,4,0,0
Ghana,GHA,2023-06-21,128,0,4,0,0
Ghana,GHA,2023-06-22,128,0,4,0,0
Ghana,GHA,2023-06-23,128,0,4,0,0
Ghana,GHA,2023-06-24,128,0,4,0,0
Ghana,GHA,2023-06-25,128,0,4,0,0
Ghana,GHA,2023-06-26,128,0,4,0,0
Ghana,GHA,2023-06-27,128,0,4,0,0
Ghana,GHA,2023-06-28,128,0,4,0,0
Ghana,GHA,2023-06-29,128,0,4,0,0
Ghana,GHA,2023-06-30,128,0,4,0,0
Ghana,GHA,2023-07-01,128,0,4,0,0
Ghana,GHA,2023-07-02,128,0,4,0,0
Ghana,GHA,2023-07-03,128,0,4,0,0
Ghana,GHA,2023-07-04,128,0,4,0,0
Ghana,GHA,2023-07-05,128,0,4,0,0
Ghana,GHA,2023-07-06,128,0,4,0,0
Ghana,GHA,2023-07-07,128,0,4,0,0
Ghana,GHA,2023-07-08,128,0,4,0,0
Ghana,GHA,2023-07-09,128,0,4,0,0
Ghana,GHA,2023-07-10,128,0,4,0,0
Ghana,GHA,2023-07-11,128,0,4,0,0
Ghana,GHA,2023-07-12,128,0,4,0,0
Ghana,GHA,2023-07-13,128,0,4,0,0
Ghana,GHA,2023-07-14,128,0,4,0,0
Ghana,GHA,2023-07-15,128,0,4,0,0
Ghana,GHA,2023-07-16,128,0,4,0,0
Ghana,GHA,2023-07-17,128,0,4,0,0
Ghana,GHA,2023-07-18,128,0,4,0,0
Ghana,GHA,2023-07-19,128,0,4,0,0
Ghana,GHA,2023-07-20,128,0,4,0,0
Ghana,GHA,2023-07-21,128,0,4,0,0
Ghana,GHA,2023-07-22,128,0,4,0,0
Ghana,GHA,2023-07-23,128,0,4,0,0
Ghana,GHA,2023-07-24,128,0,4,0,0
Ghana,GHA,2023-07-25,128,0,4,0,0
Ghana,GHA,2023-07-26,128,0,4,0,0
Ghana,GHA,2023-07-27,128,0,4,0,0
Ghana,GHA,2023-07-28,128,0,4,0,0
Ghana,GHA,2023-07-29,128,0,4,0,0
Ghana,GHA,2023-07-30,128,0,4,0,0
Ghana,GHA,2023-07-31,128,0,4,0,0
Ghana,GHA,2023-08-01,128,0,4,0,0
Ghana,GHA,2023-08-02,128,0,4,0,0
Ghana,GHA,2023-08-03,128,0,4,0,0
Ghana,GHA,2023-08-04,128,0,4,0,0
Ghana,GHA,2023-08-05,128,0,4,0,0
Ghana,GHA,2023-08-06,128,0,4,0,0
Ghana,GHA,2023-08-07,128,0,4,0,0
Ghana,GHA,2023-08-08,128,0,4,0,0
Ghana,GHA,2023-08-09,128,0,4,0,0
Ghana,GHA,2023-08-10,128,0,4,0,0
Ghana,GHA,2023-08-11,128,0,4,0,0
Ghana,GHA,2023-08-12,128,0,4,0,0
Ghana,GHA,2023-08-13,128,0,4,0,0
Ghana,GHA,2023-08-14,128,0,4,0,0
Ghana,GHA,2023-08-15,128,0,4,0,0
Ghana,GHA,2023-08-16,128,0,4,0,0
Ghana,GHA,2023-08-17,128,0,4,0,0
Ghana,GHA,2023-08-18,128,0,4,0,0
Ghana,GHA,2023-08-19,128,0,4,0,0
Ghana,GHA,2023-08-20,128,0,4,0,0
Ghana,GHA,2023-08-21,128,0,4,0,0
Ghana,GHA,2023-08-22,128,0,4,0,0
Ghana,GHA,2023-08-23,128,0,4,0,0
Ghana,GHA,2023-08-24,128,0,4,0,0
Ghana,GHA,2023-08-25,128,0,4,0,0
Ghana,GHA,2023-08-26,128,0,4,0,0
Ghana,GHA,2023-08-27,128,0,4,0,0
Ghana,GHA,2023-08-28,128,0,4,0,0
Ghana,GHA,2023-08-29,128,0,4,0,0
Ghana,GHA,2023-08-30,128,0,4,0,0
Ghana,GHA,2023-08-31,128,0,4,0,0
Ghana,GHA,2023-09-01,128,0,4,0,0
Ghana,GHA,2023-09-02,128,0,4,0,0
Ghana,GHA,2023-09-03,128,0,4,0,0
Ghana,GHA,2023-09-04,128,0,4,0,0
Ghana,GHA,2023-09-05,128,0,4,0,0
Ghana,GHA,2023-09-06,128,0,4,0,0
Ghana,GHA,2023-09-07,128,0,4,0,0
Ghana,GHA,2023-09-08,128,0,4,0,0
Ghana,GHA,2023-09-09,128,0,4,0,0
Ghana,GHA,2023-09-10,128,0,4,0,0
Ghana,GHA,2023-09-11,128,0,4,0,0
Ghana,GHA,2023-09-12,128,0,4,0,0
Ghana,GHA,2023-09-13,128,0,4,0,0
Ghana,GHA,2023-09-14,128,0,4,0,0
Ghana,GHA,2023-09-15,128,0,4,0,0
Ghana,GHA,2023-09-16,128,0,4,0,0
Ghana,GHA,2023-09-17,128,0,4,0,0
Ghana,GHA,2023-09-18,128,0,4,0,0
Ghana,GHA,2023-09-19,128,0,4,0,0
Ghana,GHA,2023-09-20,128,0,4,0,0
Ghana,GHA,2023-09-21,128,0,4,0,0
Ghana,GHA,2023-09-22,128,0,4,0,0
Ghana,GHA,2023-09-23,128,0,4,0,0
Ghana,GHA,2023-09-24,128,0,4,0,0
Ghana,GHA,2023-09-25,128,0,4,0,0
Ghana,GHA,2023-09-26,128,0,4,0,0
Ghana,GHA,2023-09-27,128,0,4,0,0
Ghana,GHA,2023-09-28,128,0,4,0,0
Ghana,GHA,2023-09-29,128,0,4,0,0
Ghana,GHA,2023-09-30,128,0,4,0,0
Ghana,GHA,2023-10-01,128,0,4,0,0
Ghana,GHA,2023-10-02,128,0,4,0,0
Ghana,GHA,2023-10-03,128,0,4,0,0
Ghana,GHA,2023-10-04,128,0,4,0,0
Ghana,GHA,2023-10-05,128,0,4,0,0
Ghana,GHA,2023-10-06,128,0,4,0,0
Ghana,GHA,2023-10-07,128,0,4,0,0
Ghana,GHA,2023-10-08,128,0,4,0,0
Ghana,GHA,2023-10-09,128,0,4,0,0
Ghana,GHA,2023-10-10,128,0,4,0,0
Ghana,GHA,2023-10-11,128,0,4,0,0
Ghana,GHA,2023-10-12,128,0,4,0,0
Ghana,GHA,2023-10-13,128,0,4,0,0
Ghana,GHA,2023-10-14,128,0,4,0,0
Ghana,GHA,2023-10-15,128,0,4,0,0
Ghana,GHA,2023-10-16,128,0,4,0,0
Ghana,GHA,2023-10-17,128,0,4,0,0
Ghana,GHA,2023-10-18,128,0,4,0,0
Ghana,GHA,2023-10-19,128,0,4,0,0
Ghana,GHA,2023-10-20,128,0,4,0,0
Ghana,GHA,2023-10-21,128,0,4,0,0
Ghana,GHA,2023-10-22,128,0,4,0,0
Ghana,GHA,2023-10-23,128,0,4,0,0
Ghana,GHA,2023-10-24,128,0,4,0,0
Ghana,GHA,2023-10-25,128,0,4,0,0
Ghana,GHA,2023-10-26,128,0,4,0,0
Ghana,GHA,2023-10-27,128,0,4,0,0
Ghana,GHA,2023-10-28,128,0,4,0,0
Ghana,GHA,2023-10-29,128,0,4,0,0
Ghana,GHA,2023-10-30,128,0,4,0,0
Ghana,GHA,2023-10-31,128,0,4,0,0
Ghana,GHA,2023-11-01,128,0,4,0,0
Ghana,GHA,2023-11-02,128,0,4,0,0
Ghana,GHA,2023-11-03,128,0,4,0,0
Ghana,GHA,2023-11-04,128,0,4,0,0
Ghana,GHA,2023-11-05,128,0,4,0,0
Ghana,GHA,2023-11-06,128,0,4,0,0
Ghana,GHA,2023-11-07,128,0,4,0,0
Ghana,GHA,2023-11-08,128,0,4,0,0
Ghana,GHA,2023-11-09,128,0,4,0,0
Ghana,GHA,2023-11-10,128,0,4,0,0
Ghana,GHA,2023-11-11,128,0,4,0,0
Ghana,GHA,2023-11-12,128,0,4,0,0
Ghana,GHA,2023-11-13,128,0,4,0,0
Ghana,GHA,2023-11-14,128,0,4,0,0
Ghana,GHA,2023-11-15,128,0,4,0,0
Ghana,GHA,2023-11-16,128,0,4,0,0
Ghana,GHA,2023-11-17,128,0,4,0,0
Ghana,GHA,2023-11-18,128,0,4,0,0
Ghana,GHA,2023-11-19,128,0,4,0,0
Ghana,GHA,2023-11-20,128,0,4,0,0
Ghana,GHA,2023-11-21,128,0,4,0,0
Ghana,GHA,2023-11-22,128,0,4,0,0
Ghana,GHA,2023-11-23,128,0,4,0,0
Ghana,GHA,2023-11-24,128,0,4,0,0
Ghana,GHA,2023-11-25,128,0,4,0,0
Ghana,GHA,2023-11-26,128,0,4,0,0
Ghana,GHA,2023-11-27,128,0,4,0,0
Ghana,GHA,2023-11-28,128,0,4,0,0
Ghana,GHA,2023-11-29,128,0,4,0,0
Ghana,GHA,2023-11-30,128,0,4,0,0
Ghana,GHA,2023-12-01,128,0,4,0,0
Ghana,GHA,2023-12-02,128,0,4,0,0
Ghana,GHA,2023-12-03,128,0,4,0,0
Ghana,GHA,2023-12-04,128,0,4,0,0
Ghana,GHA,2023-12-05,128,0,4,0,0
Ghana,GHA,2023-12-06,128,0,4,0,0
Ghana,GHA,2023-12-07,128,0,4,0,0
Ghana,GHA,2023-12-08,128,0,4,0,0
Ghana,GHA,2023-12-09,128,0,4,0,0
Ghana,GHA,2023-12-10,128,0,4,0,0
Ghana,GHA,2023-12-11,128,0,4,0,0
Ghana,GHA,2023-12-12,128,0,4,0,0
Ghana,GHA,2023-12-13,128,0,4,0,0
Ghana,GHA,2023-12-14,128,0,4,0,0
Ghana,GHA,2023-12-15,128,0,4,0,0
Ghana,GHA,2023-12-16,128,0,4,0,0
Ghana,GHA,2023-12-17,128,0,4,0,0
Ghana,GHA,2023-12-18,128,0,4,0,0
Ghana,GHA,2023-12-19,128,0,4,0,0
Ghana,GHA,2023-12-20,128,0,4,0,0
Ghana,GHA,2023-12-21,128,0,4,0,0
Ghana,GHA,2023-12-22,128,0,4,0,0
Ghana,GHA,2023-12-23,128,0,4,0,0
Ghana,GHA,2023-12-24,128,0,4,0,0
Ghana,GHA,2023-12-25,128,0,4,0,0
Ghana,GHA,2023-12-26,128,0,4,0,0
Ghana,GHA,2023-12-27,128,0,4,0,0
Ghana,GHA,2023-12-28,128,0,4,0,0
Ghana,GHA,2023-12-29,128,0,4,0,0
Ghana,GHA,2023-12-30,128,0,4,0,0
Ghana,GHA,2023-12-31,128,0,4,0,0
Ghana,GHA,2024-01-01,128,0,4,0,0
Ghana,GHA,2024-01-02,128,0,4,0,0
Ghana,GHA,2024-01-03,128,0,4,0,0
Ghana,GHA,2024-01-04,128,0,4,0,0
Ghana,GHA,2024-01-05,128,0,4,0,0
Ghana,GHA,2024-01-06,128,0,4,0,0
Ghana,GHA,2024-01-07,128,0,4,0,0
Ghana,GHA,2024-01-08,128,0,4,0,0
Ghana,GHA,2024-01-09,128,0,4,0,0
Ghana,GHA,2024-01-10,128,0,4,0,0
Ghana,GHA,2024-01-11,128,0,4,0,0
Ghana,GHA,2024-01-12,128,0,4,0,0
Ghana,GHA,2024-01-13,128,0,4,0,0
Ghana,GHA,2024-01-14,128,0,4,0,0
Ghana,GHA,2024-01-15,128,0,4,0,0
Ghana,GHA,2024-01-16,128,0,4,0,0
Ghana,GHA,2024-01-17,128,0,4,0,0
Ghana,GHA,2024-01-18,128,0,4,0,0
Ghana,GHA,2024-01-19,128,0,4,0,0
Ghana,GHA,2024-01-20,128,0,4,0,0
Ghana,GHA,2024-01-21,128,0,4,0,0
Ghana,GHA,2024-01-22,128,0,4,0,0
Ghana,GHA,2024-01-23,128,0,4,0,0
Ghana,GHA,2024-01-24,128,0,4,0,0
Ghana,GHA,2024-01-25,128,0,4,0,0
Ghana,GHA,2024-01-26,128,0,4,0,0
Ghana,GHA,2024-01-27,128,0,4,0,0
Ghana,GHA,2024-01-28,128,0,4,0,0
Ghana,GHA,2024-01-29,128,0,4,0,0
Ghana,GHA,2024-01-30,128,0,4,0,0
Ghana,GHA,2024-01-31,128,0,4,0,0
Ghana,GHA,2024-02-01,128,0,4,0,0
Ghana,GHA,2024-02-02,128,0,4,0,0
Ghana,GHA,2024-02-03,128,0,4,0,0
Ghana,GHA,2024-02-04,128,0,4,0,0
Ghana,GHA,2024-02-05,128,0,4,0,0
Ghana,GHA,2024-02-06,128,0,4,0,0
Ghana,GHA,2024-02-07,128,0,4,0,0
Ghana,GHA,2024-02-08,128,0,4,0,0
Ghana,GHA,2024-02-09,128,0,4,0,0
Ghana,GHA,2024-02-10,128,0,4,0,0
Ghana,GHA,2024-02-11,128,0,4,0,0
Ghana,GHA,2024-02-12,128,0,4,0,0
Ghana,GHA,2024-02-13,128,0,4,0,0
Ghana,GHA,2024-02-14,128,0,4,0,0
Ghana,GHA,2024-02-15,128,0,4,0,0
Ghana,GHA,2024-02-16,128,0,4,0,0
Ghana,GHA,2024-02-17,128,0,4,0,0
Ghana,GHA,2024-02-18,128,0,4,0,0
Ghana,GHA,2024-02-19,128,0,4,0,0
Ghana,GHA,2024-02-20,128,0,4,0,0
Ghana,GHA,2024-02-21,128,0,4,0,0
Ghana,GHA,2024-02-22,128,0,4,0,0
Ghana,GHA,2024-02-23,128,0,4,0,0
Ghana,GHA,2024-02-24,128,0,4,0,0
Ghana,GHA,2024-02-25,128,0,4,0,0
Ghana,GHA,2024-02-26,128,0,4,0,0
Ghana,GHA,2024-02-27,128,0,4,0,0
Ghana,GHA,2024-02-28,128,0,4,0,0
Ghana,GHA,2024-02-29,128,0,4,0,0
Ghana,GHA,2024-03-01,128,0,4,0,0
Ghana,GHA,2024-03-02,128,0,4,0,0
Ghana,GHA,2024-03-03,128,0,4,0,0
Ghana,GHA,2024-03-04,128,0,4,0,0
Ghana,GHA,2024-03-05,128,0,4,0,0
Ghana,GHA,2024-03-06,128,0,4,0,0
Ghana,GHA,2024-03-07,128,0,4,0,0
Ghana,GHA,2024-03-08,128,0,4,0,0
Ghana,GHA,2024-03-09,128,0,4,0,0
Ghana,GHA,2024-03-10,128,0,4,0,0
Ghana,GHA,2024-03-11,128,0,4,0,0
Ghana,GHA,2024-03-12,128,0,4,0,0
Ghana,GHA,2024-03-13,128,0,4,0,0
Ghana,GHA,2024-03-14,128,0,4,0,0
Ghana,GHA,2024-03-15,128,0,4,0,0
Ghana,GHA,2024-03-16,128,0,4,0,0
Ghana,GHA,2024-03-17,128,0,4,0,0
Ghana,GHA,2024-03-18,128,0,4,0,0
Ghana,GHA,2024-03-19,128,0,4,0,0
Ghana,GHA,2024-03-20,128,0,4,0,0
Ghana,GHA,2024-03-21,128,0,4,0,0
Ghana,GHA,2024-03-22,128,0,4,0,0
Ghana,GHA,2024-03-23,128,0,4,0,0
Ghana,GHA,2024-03-24,128,0,4,0,0
Ghana,GHA,2024-03-25,128,0,4,0,0
Ghana,GHA,2024-03-26,128,0,4,0,0
Ghana,GHA,2024-03-27,128,0,4,0,0
Ghana,GHA,2024-03-28,128,0,4,0,0
Ghana,GHA,2024-03-29,128,0,4,0,0
Ghana,GHA,2024-03-30,128,0,4,0,0
Ghana,GHA,2024-03-31,128,0,4,0,0
Ghana,GHA,2024-04-01,128,0,4,0,0
Ghana,GHA,2024-04-02,128,0,4,0,0
Ghana,GHA,2024-04-03,128,0,4,0,0
Ghana,GHA,2024-04-04,128,0,4,0,0
Ghana,GHA,2024-04-05,128,0,4,0,0
Ghana,GHA,2024-04-06,128,0,4,0,0
Ghana,GHA,2024-04-07,128,0,4,0,0
Ghana,GHA,2024-04-08,128,0,4,0,0
Ghana,GHA,2024-04-09,128,0,4,0,0
Ghana,GHA,2024-04-10,128,0,4,0,0
Ghana,GHA,2024-04-11,128,0,4,0,0
Ghana,GHA,2024-04-12,128,0,4,0,0
Ghana,GHA,2024-04-13,128,0,4,0,0
Ghana,GHA,2024-04-14,128,0,4,0,0
Ghana,GHA,2024-04-15,128,0,4,0,0
Ghana,GHA,2024-04-16,128,0,4,0,0
Ghana,GHA,2024-04-17,128,0,4,0,0
Ghana,GHA,2024-04-18,128,0,4,0,0
Ghana,GHA,2024-04-19,128,0,4,0,0
Ghana,GHA,2024-04-20,128,0,4,0,0
Ghana,GHA,2024-04-21,128,0,4,0,0
Ghana,GHA,2024-04-22,128,0,4,0,0
Ghana,GHA,2024-04-23,128,0,4,0,0
Ghana,GHA,2024-04-24,128,0,4,0,0
Ghana,GHA,2024-04-25,128,0,4,0,0
Ghana,GHA,2024-04-26,128,0,4,0,0
Ghana,GHA,2024-04-27,128,0,4,0,0
Ghana,GHA,2024-04-28,128,0,4,0,0
Ghana,GHA,2024-04-29,128,0,4,0,0
Ghana,GHA,2024-04-30,128,0,4,0,0
Ghana,GHA,2024-05-01,128,0,4,0,0
Ghana,GHA,2024-05-02,128,0,4,0,0
Ghana,GHA,2024-05-03,128,0,4,0,0
Ghana,GHA,2024-05-04,128,0,4,0,0
Ghana,GHA,2024-05-05,128,0,4,0,0
Ghana,GHA,2024-05-06,128,0,4,0,0
Ghana,GHA,2024-05-07,128,0,4,0,0
Ghana,GHA,2024-05-08,128,0,4,0,0
Ghana,GHA,2024-05-09,128,0,4,0,0
Ghana,GHA,2024-05-10,128,0,4,0,0
Ghana,GHA,2024-05-11,128,0,4,0,0
Ghana,GHA,2024-05-12,128,0,4,0,0
Ghana,GHA,2024-05-13,128,0,4,0,0
Ghana,GHA,2024-05-14,128,0,4,0,0
Ghana,GHA,2024-05-15,128,0,4,0,0
Ghana,GHA,2024-05-16,128,0,4,0,0
Ghana,GHA,2024-05-17,128,0,4,0,0
Ghana,GHA,2024-05-18,128,0,4,0,0
Ghana,GHA,2024-05-19,128,0,4,0,0
Ghana,GHA,2024-05-20,128,0,4,0,0
Ghana,GHA,2024-05-21,128,0,4,0,0
Ghana,GHA,2024-05-22,128,0,4,0,0
Ghana,GHA,2024-05-23,128,0,4,0,0
Ghana,GHA,2024-05-24,128,0,4,0,0
Ghana,GHA,2024-05-25,128,0,4,0,0
Ghana,GHA,2024-05-26,128,0,4,0,0
Ghana,GHA,2024-05-27,128,0,4,0,0
Ghana,GHA,2024-05-28,128,0,4,0,0
Ghana,GHA,2024-05-29,128,0,4,0,0
Ghana,GHA,2024-05-30,128,0,4,0,0
Ghana,GHA,2024-05-31,128,0,4,0,0
Ghana,GHA,2024-06-01,128,0,4,0,0
Ghana,GHA,2024-06-02,128,0,4,0,0
Ghana,GHA,2024-06-03,128,0,4,0,0
Ghana,GHA,2024-06-04,128,0,4,0,0
Ghana,GHA,2024-06-05,128,0,4,0,0
Ghana,GHA,2024-06-06,128,0,4,0,0
Ghana,GHA,2024-06-07,128,0,4,0,0
Ghana,GHA,2024-06-08,128,0,4,0,0
Ghana,GHA,2024-06-09,128,0,4,0,0
Ghana,GHA,2024-06-10,128,0,4,0,0
Ghana,GHA,2024-06-11,128,0,4,0,0
Ghana,GHA,2024-06-12,128,0,4,0,0
Ghana,GHA,2024-06-13,128,0,4,0,0
Ghana,GHA,2024-06-14,128,0,4,0,0
Ghana,GHA,2024-06-15,128,0,4,0,0
Ghana,GHA,2024-06-16,128,0,4,0,0
Ghana,GHA,2024-06-17,128,0,4,0,0
Ghana,GHA,2024-06-18,128,0,4,0,0
Ghana,GHA,2024-06-19,128,0,4,0,0
Ghana,GHA,2024-06-20,128,0,4,0,0
Ghana,GHA,2024-06-21,128,0,4,0,0
Ghana,GHA,2024-06-22,128,0,4,0,0
Ghana,GHA,2024-06-23,128,0,4,0,0
Ghana,GHA,2024-06-24,128,0,4,0,0
Ghana,GHA,2024-06-25,128,0,4,0,0
Ghana,GHA,2024-06-26,128,0,4,0,0
Ghana,GHA,2024-06-27,128,0,4,0,0
Ghana,GHA,2024-06-28,128,0,4,0,0
Ghana,GHA,2024-06-29,128,0,4,0,0
Ghana,GHA,2024-06-30,128,0,4,0,0
Ghana,GHA,2024-07-01,128,0,4,0,0
Ghana,GHA,2024-07-02,128,0,4,0,0
Ghana,GHA,2024-07-03,128,0,4,0,0
Ghana,GHA,2024-07-04,128,0,4,0,0
Ghana,GHA,2024-07-05,128,0,4,0,0
Ghana,GHA,2024-07-06,128,0,4,0,0
Ghana,GHA,2024-07-07,128,0,4,0,0
Ghana,GHA,2024-07-08,128,0,4,0,0
Ghana,GHA,2024-07-09,128,0,4,0,0
Ghana,GHA,2024-07-10,128,0,4,0,0
Ghana,GHA,2024-07-11,128,0,4,0,0
Ghana,GHA,2024-07-12,128,0,4,0,0
Ghana,GHA,2024-07-13,128,0,4,0,0
Ghana,GHA,2024-07-14,128,0,4,0,0
Ghana,GHA,2024-07-15,128,0,4,0,0
Ghana,GHA,2024-07-16,128,0,4,0,0
Ghana,GHA,2024-07-17,128,0,4,0,0
Ghana,GHA,2024-07-18,128,0,4,0,0
Ghana,GHA,2024-07-19,128,0,4,0,0
Ghana,GHA,2024-07-20,128,0,4,0,0
Ghana,GHA,2024-07-21,128,0,4,0,0
Ghana,GHA,2024-07-22,128,0,4,0,0
Ghana,GHA,2024-07-23,128,0,4,0,0
Ghana,GHA,2024-07-24,128,0,4,0,0
Ghana,GHA,2024-07-25,128,0,4,0,0
Ghana,GHA,2024-07-26,128,0,4,0,0
Ghana,GHA,2024-07-27,128,0,4,0,0
Ghana,GHA,2024-07-28,128,0,4,0,0
Ghana,GHA,2024-07-29,128,0,4,0,0
Ghana,GHA,2024-07-30,128,0,4,0,0
Ghana,GHA,2024-07-31,128,0,4,0,0
Ghana,GHA,2024-08-01,128,0,4,0,0
Ghana,GHA,2024-08-02,128,0,4,0,0
Ghana,GHA,2024-08-03,128,0,4,0,0
Ghana,GHA,2024-08-04,128,0,4,0,0
Ghana,GHA,2024-08-05,128,0,4,0,0
Ghana,GHA,2024-08-06,128,0,4,0,0
Ghana,GHA,2024-08-07,128,0,4,0,0
Ghana,GHA,2024-08-08,128,0,4,0,0
Ghana,GHA,2024-08-09,128,0,4,0,0
Ghana,GHA,2024-08-10,128,0,4,0,0
Ghana,GHA,2024-08-11,128,0,4,0,0
Ghana,GHA,2024-08-12,128,0,4,0,0
Ghana,GHA,2024-08-13,128,0,4,0,0
Ghana,GHA,2024-08-14,128,0,4,0,0
Ghana,GHA,2024-08-15,128,0,4,0,0
Ghana,GHA,2024-08-16,128,0,4,0,0
Ghana,GHA,2024-08-17,128,0,4,0,0
Ghana,GHA,2024-08-18,128,0,4,0,0
Ghana,GHA,2024-08-19,128,0,4,0,0
Ghana,GHA,2024-08-20,128,0,4,0,0
Ghana,GHA,2024-08-21,128,0,4,0,0
Ghana,GHA,2024-08-22,128,0,4,0,0
Ghana,GHA,2024-08-23,128,0,4,0,0
Ghana,GHA,2024-08-24,128,0,4,0,0
Ghana,GHA,2024-08-25,128,0,4,0,0
Ghana,GHA,2024-08-26,128,0,4,0,0
Ghana,GHA,2024-08-27,128,0,4,0,0
Ghana,GHA,2024-08-28,128,0,4,0,0
Ghana,GHA,2024-08-29,128,0,4,0,0
Ghana,GHA,2024-08-30,128,0,4,0,0
Ghana,GHA,2024-08-31,128,0,4,0,0
Ghana,GHA,2024-09-01,128,0,4,0,0
Ghana,GHA,2024-09-02,128,0,4,0,0
Ghana,GHA,2024-09-03,128,0,4,0,0
Ghana,GHA,2024-09-04,128,0,4,0,0
Ghana,GHA,2024-09-05,128,0,4,0,0
Ghana,GHA,2024-09-06,128,0,4,0,0
Ghana,GHA,2024-09-07,128,0,4,0,0
Ghana,GHA,2024-09-08,128,0,4,0,0
Ghana,GHA,2024-09-09,128,0,4,0,0
Ghana,GHA,2024-09-10,128,0,4,0,0
Ghana,GHA,2024-09-11,128,0,4,0,0
Ghana,GHA,2024-09-12,128,0,4,0,0
Ghana,GHA,2024-09-13,128,0,4,0,0
Ghana,GHA,2024-09-14,128,0,4,0,0
Ghana,GHA,2024-09-15,128,0,4,0,0
Ghana,GHA,2024-09-16,128,0,4,0,0
Ghana,GHA,2024-09-17,128,0,4,0,0
Ghana,GHA,2024-09-18,128,0,4,0,0
Ghana,GHA,2024-09-19,128,0,4,0,0
Ghana,GHA,2024-09-20,128,0,4,0,0
Ghana,GHA,2024-09-21,128,0,4,0,0
Ghana,GHA,2024-09-22,129,1,4,0,0.14
Ghana,GHA,2024-09-23,129,0,4,0,0.14
Ghana,GHA,2024-09-24,129,0,4,0,0.14
Ghana,GHA,2024-09-25,129,0,4,0,0.14
Ghana,GHA,2024-09-26,129,0,4,0,0.14
Ghana,GHA,2024-09-27,129,0,4,0,0.14
Ghana,GHA,2024-09-28,129,0,4,0,0.14
Ghana,GHA,2024-09-29,130,1,4,0,0.14
Ghana,GHA,2024-09-30,130,0,4,0,0.14
Ghana,GHA,2024-10-01,130,0,4,0,0.14
Ghana,GHA,2024-10-02,130,0,4,0,0.14
Ghana,GHA,2024-10-03,130,0,4,0,0.14
Ghana,GHA,2024-10-04,130,0,4,0,0.14
Ghana,GHA,2024-10-05,130,0,4,0,0.14
Ghana,GHA,2024-10-06,130,0,4,0,0
Ghana,GHA,2024-10-07,130,0,4,0,0
Ghana,GHA,2024-10-08,130,0,4,0,0
Ghana,GHA,2024-10-09,130,0,4,0,0
Ghana,GHA,2024-10-10,130,0,4,0,0
Ghana,GHA,2024-10-11,130,0,4,0,0
Ghana,GHA,2024-10-12,130,0,4,0,0
Ghana,GHA,2024-10-13,130,0,4,0,0
Ghana,GHA,2024-10-14,130,0,4,0,0
Ghana,GHA,2024-10-15,130,0,4,0,0
Ghana,GHA,2024-10-16,130,0,4,0,0
Ghana,GHA,2024-10-17,130,0,4,0,0
Ghana,GHA,2024-10-18,130,0,4,0,0
Ghana,GHA,2024-10-19,130,0,4,0,0
Ghana,GHA,2024-10-20,130,0,4,0,0
Ghana,GHA,2024-10-21,130,0,4,0,0
Ghana,GHA,2024-10-22,130,0,4,0,0
Ghana,GHA,2024-10-23,130,0,4,0,0
Ghana,GHA,2024-10-24,130,0,4,0,0
Ghana,GHA,2024-10-25,130,0,4,0,0
Ghana,GHA,2024-10-26,130,0,4,0,0
Ghana,GHA,2024-10-27,131,1,4,0,0.14
Ghana,GHA,2024-10-28,131,0,4,0,0.14
Ghana,GHA,2024-10-29,131,0,4,0,0.14
Ghana,GHA,2024-10-30,131,0,4,0,0.14
Ghana,GHA,2024-10-31,131,0,4,0,0.14
Ghana,GHA,2024-11-01,131,0,4,0,0.14
Ghana,GHA,2024-11-02,131,0,4,0,0.14
Ghana,GHA,2024-11-03,131,0,4,0,0
Ghana,GHA,2024-11-04,131,0,4,0,0
Ghana,GHA,2024-11-05,131,0,4,0,0
Ghana,GHA,2024-11-06,131,0,4,0,0
Ghana,GHA,2024-11-07,131,0,4,0,0
Ghana,GHA,2024-11-08,131,0,4,0,0
Ghana,GHA,2024-11-09,131,0,4,0,0
Ghana,GHA,2024-11-10,131,0,4,0,0
Ghana,GHA,2024-11-11,131,0,4,0,0
Ghana,GHA,2024-11-12,131,0,4,0,0
Ghana,GHA,2024-11-13,131,0,4,0,0
Ghana,GHA,2024-11-14,131,0,4,0,0
Ghana,GHA,2024-11-15,131,0,4,0,0
Ghana,GHA,2024-11-16,131,0,4,0,0
Ghana,GHA,2024-11-17,132,1,4,0,0.14
Ghana,GHA,2024-11-18,132,0,4,0,0.14
Ghana,GHA,2024-11-19,132,0,4,0,0.14
Ghana,GHA,2024-11-20,132,0,4,0,0.14
Ghana,GHA,2024-11-21,132,0,4,0,0.14
Ghana,GHA,2024-11-22,132,0,4,0,0.14
Ghana,GHA,2024-11-23,132,0,4,0,0.14
Ghana,GHA,2024-11-24,133,1,4,0,0.14
Ghana,GHA,2024-11-25,133,0,4,0,0.14
Ghana,GHA,2024-11-26,133,0,4,0,0.14
Ghana,GHA,2024-11-27,133,0,4,0,0.14
Ghana,GHA,2024-11-28,133,0,4,0,0.14
Ghana,GHA,2024-11-29,133,0,4,0,0.14
Ghana,GHA,2024-11-30,133,0,4,0,0.14
Ghana,GHA,2024-12-01,133,0,4,0,0
Ghana,GHA,2024-12-02,133,0,4,0,0
Ghana,GHA,2024-12-03,133,0,4,0,0
Ghana,GHA,2024-12-04,133,0,4,0,0
Ghana,GHA,2024-12-05,133,0,4,0,0
Ghana,GHA,2024-12-06,133,0,4,0,0
Ghana,GHA,2024-12-07,133,0,4,0,0
Ghana,GHA,2024-12-08,133,0,4,0,0
Ghana,GHA,2024-12-09,133,0,4,0,0
Ghana,GHA,2024-12-10,133,0,4,0,0
Ghana,GHA,2024-12-11,133,0,4,0,0
Ghana,GHA,2024-12-12,133,0,4,0,0
Ghana,GHA,2024-12-13,133,0,4,0,0
Ghana,GHA,2024-12-14,133,0,4,0,0
Ghana,GHA,2024-12-15,133,0,4,0,0
Ghana,GHA,2024-12-16,133,0,4,0,0
Ghana,GHA,2024-12-17,133,0,4,0,0
Ghana,GHA,2024-12-18,133,0,4,0,0
Ghana,GHA,2024-12-19,133,0,4,0,0
Ghana,GHA,2024-12-20,133,0,4,0,0
Ghana,GHA,2024-12-21,133,0,4,0,0
Ghana,GHA,2024-12-22,133,0,4,0,0
Ghana,GHA,2024-12-23,133,0,4,0,0
Ghana,GHA,2024-12-24,133,0,4,0,0
Ghana,GHA,2024-12-25,133,0,4,0,0
Ghana,GHA,2024-12-26,133,0,4,0,0
Ghana,GHA,2024-12-27,133,0,4,0,0
Ghana,GHA,2024-12-28,133,0,4,0,0
Ghana,GHA,2024-12-29,133,0,4,0,0
Ghana,GHA,2024-12-30,133,0,4,0,0
Ghana,GHA,2024-12-31,133,0,4,0,0
Ghana,GHA,2025-01-01,133,0,4,0,0
Ghana,GHA,2025-01-02,133,0,4,0,0
Ghana,GHA,2025-01-03,133,0,4,0,0
Ghana,GHA,2025-01-04,133,0,4,0,0
Ghana,GHA,2025-01-05,133,0,4,0,0
Ghana,GHA,2025-01-06,133,0,4,0,0
Ghana,GHA,2025-01-07,133,0,4,0,0
Ghana,GHA,2025-01-08,133,0,4,0,0
Ghana,GHA,2025-01-09,133,0,4,0,0
Ghana,GHA,2025-01-10,133,0,4,0,0
Ghana,GHA,2025-01-11,133,0,4,0,0
Ghana,GHA,2025-01-12,133,0,4,0,0
Ghana,GHA,2025-01-13,133,0,4,0,0
Ghana,GHA,2025-01-14,133,0,4,0,0
Ghana,GHA,2025-01-15,133,0,4,0,0
Ghana,GHA,2025-01-16,133,0,4,0,0
Ghana,GHA,2025-01-17,133,0,4,0,0
Ghana,GHA,2025-01-18,133,0,4,0,0
Ghana,GHA,2025-01-19,133,0,4,0,0
Ghana,GHA,2025-01-20,133,0,4,0,0
Ghana,GHA,2025-01-21,133,0,4,0,0
Ghana,GHA,2025-01-22,133,0,4,0,0
Ghana,GHA,2025-01-23,133,0,4,0,0
Ghana,GHA,2025-01-24,133,0,4,0,0
Ghana,GHA,2025-01-25,133,0,4,0,0
Ghana,GHA,2025-01-26,133,0,4,0,0
Ghana,GHA,2025-01-27,133,0,4,0,0
Ghana,GHA,2025-01-28,133,0,4,0,0
Ghana,GHA,2025-01-29,133,0,4,0,0
Ghana,GHA,2025-01-30,133,0,4,0,0
Ghana,GHA,2025-01-31,133,0,4,0,0
Ghana,GHA,2025-02-01,133,0,4,0,0
Ghana,GHA,2025-02-02,133,0,4,0,0
Ghana,GHA,2025-02-03,133,0,4,0,0
Ghana,GHA,2025-02-04,133,0,4,0,0
Ghana,GHA,2025-02-05,133,0,4,0,0
Ghana,GHA,2025-02-06,133,0,4,0,0
Ghana,GHA,2025-02-07,133,0,4,0,0
Ghana,GHA,2025-02-08,133,0,4,0,0
Ghana,GHA,2025-02-09,133,0,4,0,0
Ghana,GHA,2025-02-10,133,0,4,0,0
Ghana,GHA,2025-02-11,133,0,4,0,0
Ghana,GHA,2025-02-12,133,0,4,0,0
Ghana,GHA,2025-02-13,133,0,4,0,0
Ghana,GHA,2025-02-14,133,0,4,0,0
Ghana,GHA,2025-02-15,133,0,4,0,0
Ghana,GHA,2025-02-16,133,0,4,0,0
Ghana,GHA,2025-02-17,133,0,4,0,0
Ghana,GHA,2025-02-18,133,0,4,0,0
Ghana,GHA,2025-02-19,133,0,4,0,0
Ghana,GHA,2025-02-20,133,0,4,0,0
Ghana,GHA,2025-02-21,133,0,4,0,0
Ghana,GHA,2025-02-22,133,0,4,0,0
Ghana,GHA,2025-02-23,134,1,4,0,0.14
Ghana,GHA,2025-02-24,134,0,4,0,0.14
Ghana,GHA,2025-02-25,134,0,4,0,0.14
Ghana,GHA,2025-02-26,134,0,4,0,0.14
Ghana,GHA,2025-02-27,134,0,4,0,0.14
Ghana,GHA,2025-02-28,134,0,4,0,0.14
Ghana,GHA,2025-03-01,134,0,4,0,0.14
Ghana,GHA,2025-03-02,134,0,4,0,0
Ghana,GHA,2025-03-03,134,0,4,0,0
Ghana,GHA,2025-03-04,134,0,4,0,0
Ghana,GHA,2025-03-05,134,0,4,0,0
Ghana,GHA,2025-03-06,134,0,4,0,0
Ghana,GHA,2025-03-07,134,0,4,0,0
Ghana,GHA,2025-03-08,134,0,4,0,0
Ghana,GHA,2025-03-09,134,0,4,0,0
Ghana,GHA,2025-03-10,134,0,4,0,0
Ghana,GHA,2025-03-11,134,0,4,0,0
Ghana,GHA,2025-03-12,134,0,4,0,0
Ghana,GHA,2025-03-13,134,0,4,0,0
Ghana,GHA,2025-03-14,134,0,4,0,0
Ghana,GHA,2025-03-15,134,0,4,0,0
Ghana,GHA,2025-03-16,134,0,4,0,0
Ghana,GHA,2025-03-17,134,0,4,0,0
Ghana,GHA,2025-03-18,134,0,4,0,0
Ghana,GHA,2025-03-19,134,0,4,0,0
Ghana,GHA,2025-03-20,134,0,4,0,0
Ghana,GHA,2025-03-21,134,0,4,0,0
Ghana,GHA,2025-03-22,134,0,4,0,0
Ghana,GHA,2025-03-23,134,0,4,0,0
Ghana,GHA,2025-03-24,134,0,4,0,0
Ghana,GHA,2025-03-25,134,0,4,0,0
Ghana,GHA,2025-03-26,134,0,4,0,0
Ghana,GHA,2025-03-27,134,0,4,0,0
Ghana,GHA,2025-03-28,134,0,4,0,0
Ghana,GHA,2025-03-29,134,0,4,0,0
Ghana,GHA,2025-03-30,134,0,4,0,0
Ghana,GHA,2025-03-31,134,0,4,0,0
Ghana,GHA,2025-04-01,134,0,4,0,0
Ghana,GHA,2025-04-02,134,0,4,0,0
Ghana,GHA,2025-04-03,134,0,4,0,0
Ghana,GHA,2025-04-04,134,0,4,0,0
Ghana,GHA,2025-04-05,134,0,4,0,0
Ghana,GHA,2025-04-06,134,0,4,0,0
Ghana,GHA,2025-04-07,134,0,4,0,0
Ghana,GHA,2025-04-08,134,0,4,0,0
Ghana,GHA,2025-04-09,134,0,4,0,0
Ghana,GHA,2025-04-10,134,0,4,0,0
Ghana,GHA,2025-04-11,134,0,4,0,0
Ghana,GHA,2025-04-12,134,0,4,0,0
Ghana,GHA,2025-04-13,134,0,4,0,0
Ghana,GHA,2025-04-14,134,0,4,0,0
Ghana,GHA,2025-04-15,134,0,4,0,0
Ghana,GHA,2025-04-16,134,0,4,0,0
Ghana,GHA,2025-04-17,134,0,4,0,0
Ghana,GHA,2025-04-18,134,0,4,0,0
Ghana,GHA,2025-04-19,134,0,4,0,0
Ghana,GHA,2025-04-20,135,1,4,0,0.14
Ghana,GHA,2025-04-21,135,0,4,0,0.14
Ghana,GHA,2025-04-22,135,0,4,0,0.14
Ghana,GHA,2025-04-23,135,0,4,0,0.14
Ghana,GHA,2025-04-24,135,0,4,0,0.14
Ghana,GHA,2025-04-25,135,0,4,0,0.14
Ghana,GHA,2025-04-26,135,0,4,0,0.14
Ghana,GHA,2025-04-27,136,1,4,0,0.14
Ghana,GHA,2025-04-28,136,0,4,0,0.14
Ghana,GHA,2025-04-29,136,0,4,0,0.14
Ghana,GHA,2025-04-30,136,0,4,0,0.14
Ghana,GHA,2025-05-01,136,0,4,0,0.14
Ghana,GHA,2025-05-02,136,0,4,0,0.14
Ghana,GHA,2025-05-03,136,0,4,0,0.14
Ghana,GHA,2025-05-04,138,2,4,0,0.29
Ghana,GHA,2025-05-05,138,0,4,0,0.29
Ghana,GHA,2025-05-06,138,0,4,0,0.29
Ghana,GHA,2025-05-07,138,0,4,0,0.29
Ghana,GHA,2025-05-08,138,0,4,0,0.29
Ghana,GHA,2025-05-09,138,0,4,0,0.29
Ghana,GHA,2025-05-10,138,0,4,0,0.29
Ghana,GHA,2025-05-11,148,10,4,0,1.43
Ghana,GHA,2025-05-12,148,0,4,0,1.43
Ghana,GHA,2025-05-13,148,0,4,0,1.43
Ghana,GHA,2025-05-14,148,0,4,0,1.43
Ghana,GHA,2025-05-15,148,0,4,0,1.43
Ghana,GHA,2025-05-16,148,0,4,0,1.43
Ghana,GHA,2025-05-17,148,0,4,0,1.43
Ghana,GHA,2025-05-18,167,19,4,0,2.71
Ghana,GHA,2025-05-19,167,0,4,0,2.71
Ghana,GHA,2025-05-20,167,0,4,0,2.71
Ghana,GHA,2025-05-21,167,0,4,0,2.71
Ghana,GHA,2025-05-22,167,0,4,0,2.71
Ghana,GHA,2025-05-23,167,0,4,0,2.71
Ghana,GHA,2025-05-24,167,0,4,0,2.71
Ghana,GHA,2025-05-25,188,21,4,0,3
Ghana,GHA,2025-05-26,188,0,4,0,3
Ghana,GHA,2025-05-27,188,0,4,0,3
Ghana,GHA,2025-05-28,188,0,4,0,3
Ghana,GHA,2025-05-29,188,0,4,0,3
Ghana,GHA,2025-05-30,188,0,4,0,3
Ghana,GHA,2025-05-31,224,36,4,0,8.14
Ghana,GHA,2025-06-01,224,0,4,0,5.14
Ghana,GHA,2025-06-02,224,0,4,0,5.14
Ghana,GHA,2025-06-03,224,0,4,0,5.14
Ghana,GHA,2025-06-04,224,0,4,0,5.14
Ghana,GHA,2025-06-05,224,0,4,0,5.14
Ghana,GHA,2025-06-06,224,0,4,0,5.14
Ghana,GHA,2025-06-07,224,0,4,0,0
Ghana,GHA,2025-06-08,239,15,4,0,2.14
Ghana,GHA,2025-06-09,239,0,4,0,2.14
Ghana,GHA,2025-06-10,239,0,4,0,2.14
Ghana,GHA,2025-06-11,239,0,4,0,2.14
Ghana,GHA,2025-06-12,239,0,4,0,2.14
Ghana,GHA,2025-06-13,239,0,4,0,2.14
Ghana,GHA,2025-06-14,239,0,4,0,2.14
Ghana,GHA,2025-06-15,264,25,4,0,3.57
Ghana,GHA,2025-06-16,264,0,4,0,3.57
Ghana,GHA,2025-06-17,264,0,4,0,3.57
Ghana,GHA,2025-06-18,264,0,4,0,3.57
Ghana,GHA,2025-06-19,264,0,4,0,3.57
Ghana,GHA,2025-06-20,264,0,4,0,3.57
Ghana,GHA,2025-06-21,264,0,4,0,3.57
Ghana,GHA,2025-06-22,301,37,4,0,5.29
Ghana,GHA,2025-06-23,301,0,4,0,5.29
Ghana,GHA,2025-06-24,301,0,4,0,5.29
Ghana,GHA,2025-06-25,301,0,4,0,5.29
Ghana,GHA,2025-06-26,301,0,4,0,5.29
Ghana,GHA,2025-06-27,301,0,4,0,5.29
Ghana,GHA,2025-06-28,301,0,4,0,5.29
Ghana,GHA,2025-06-29,325,24,4,0,3.43
Ghana,GHA,2025-06-30,325,0,4,0,3.43
Ghana,GHA,2025-07-01,325,0,4,0,3.43
Ghana,GHA,2025-07-02,325,0,4,0,3.43
Ghana,GHA,2025-07-03,325,0,4,0,3.43
Ghana,GHA,2025-07-04,325,0,4,0,3.43
Ghana,GHA,2025-07-05,325,0,4,0,3.43
Ghana,GHA,2025-07-06,356,31,4,0,4.43
Ghana,GHA,2025-07-07,356,0,4,0,4.43
Ghana,GHA,2025-07-08,356,0,4,0,4.43
Ghana,GHA,2025-07-09,356,0,4,0,4.43
Ghana,GHA,2025-07-10,356,0,4,0,4.43
Ghana,GHA,2025-07-11,356,0,4,0,4.43
Ghana,GHA,2025-07-12,356,0,4,0,4.43
Ghana,GHA,2025-07-13,383,27,5,1,3.86
Ghana,GHA,2025-07-14,383,0,5,0,3.86
Ghana,GHA,2025-07-15,383,0,5,0,3.86
Ghana,GHA,2025-07-16,383,0,5,0,3.86
Ghana,GHA,2025-07-17,383,0,5,0,3.86
Ghana,GHA,2025-07-18,383,0,5,0,3.86
Ghana,GHA,2025-07-19,383,0,5,0,3.86
Ghana,GHA,2025-07-20,401,18,5,0,2.57
Ghana,GHA,2025-07-21,401,0,5,0,2.57
Ghana,GHA,2025-07-22,401,0,5,0,2.57
Ghana,GHA,2025-07-23,401,0,5,0,2.57
Ghana,GHA,2025-07-24,401,0,5,0,2.57
Ghana,GHA,2025-07-25,401,0,5,0,2.57
Ghana,GHA,2025-07-26,401,0,5,0,2.57
Ghana,GHA,2025-07-27,433,32,5,0,4.57
Ghana,GHA,2025-07-28,433,0,5,0,4.57
Ghana,GHA,2025-07-29,433,0,5,0,4.57
Ghana,GHA,2025-07-30,433,0,5,0,4.57
Ghana,GHA,2025-07-31,433,0,5,0,4.57
Ghana,GHA,2025-08-01,433,0,5,0,4.57
Ghana,GHA,2025-08-02,433,0,5,0,4.57
Ghana,GHA,2025-08-03,456,23,5,0,3.29
Ghana,GHA,2025-08-04,456,0,5,0,3.29
Ghana,GHA,2025-08-05,456,0,5,0,3.29
Ghana,GHA,2025-08-06,456,0,5,0,3.29
Ghana,GHA,2025-08-07,456,0,5,0,3.29
Ghana,GHA,2025-08-08,456,0,5,0,3.29
Ghana,GHA,2025-08-09,456,0,5,0,3.29
Ghana,GHA,2025-08-10,500,44,5,0,6.29
Ghana,GHA,2025-08-11,500,0,5,0,6.29
Ghana,GHA,2025-08-12,500,0,5,0,6.29
Ghana,GHA,2025-08-13,500,0,5,0,6.29
Ghana,GHA,2025-08-14,500,0,5,0,6.29
Ghana,GHA,2025-08-15,500,0,5,0,6.29
Ghana,GHA,2025-08-16,500,0,5,0,6.29
Ghana,GHA,2025-08-17,537,37,5,0,5.29
Ghana,GHA,2025-08-18,537,0,5,0,5.29
Ghana,GHA,2025-08-19,537,0,5,0,5.29
Ghana,GHA,2025-08-20,537,0,5,0,5.29
Ghana,GHA,2025-08-21,537,0,5,0,5.29
Ghana,GHA,2025-08-22,537,0,5,0,5.29
Ghana,GHA,2025-08-23,537,0,5,0,5.29
Ghana,GHA,2025-08-24,572,35,5,0,5
Ghana,GHA,2025-08-25,572,0,5,0,5
Ghana,GHA,2025-08-26,572,0,5,0,5
Ghana,GHA,2025-08-27,572,0,5,0,5
Ghana,GHA,2025-08-28,572,0,5,0,5
Ghana,GHA,2025-08-29,572,0,5,0,5
Ghana,GHA,2025-08-30,572,0,5,0,5
Ghana,GHA,2025-08-31,620,48,5,0,6.86
Ghana,GHA,2025-09-01,620,0,5,0,6.86
Ghana,GHA,2025-09-02,620,0,5,0,6.86
Ghana,GHA,2025-09-03,620,0,5,0,6.86
Ghana,GHA,2025-09-04,620,0,5,0,6.86
Ghana,GHA,2025-09-05,620,0,5,0,6.86
Ghana,GHA,2025-09-06,620,0,5,0,6.86
Ghana,GHA,2025-09-07,648,28,5,0,4
Ghana,GHA,2025-09-08,648,0,5,0,4
Ghana,GHA,2025-09-09,648,0,5,0,4
Ghana,GHA,2025-09-10,648,0,5,0,4
Ghana,GHA,2025-09-11,648,0,5,0,4
Ghana,GHA,2025-09-12,648,0,5,0,4
Ghana,GHA,2025-09-13,648,0,5,0,4
Ghana,GHA,2025-09-14,683,35,6,1,5
Ghana,GHA,2025-09-15,683,0,6,0,5
Ghana,GHA,2025-09-16,683,0,6,0,5
Ghana,GHA,2025-09-17,683,0,6,0,5
Ghana,GHA,2025-09-18,683,0,6,0,5
Ghana,GHA,2025-09-19,683,0,6,0,5
Ghana,GHA,2025-09-20,683,0,6,0,5
Ghana,GHA,2025-09-21,711,28,6,0,4
Ghana,GHA,2025-09-22,711,0,6,0,4
Ghana,GHA,2025-09-23,711,0,6,0,4
Ghana,GHA,2025-09-24,711,0,6,0,4
Ghana,GHA,2025-09-25,711,0,6,0,4
Ghana,GHA,2025-09-26,711,0,6,0,4
Ghana,GHA,2025-09-27,711,0,6,0,4
Ghana,GHA,2025-09-28,749,38,7,1,5.43
Ghana,GHA,2025-09-29,749,0,7,0,5.43
Ghana,GHA,2025-09-30,749,0,7,0,5.43
Ghana,GHA,2025-10-01,749,0,7,0,5.43
Ghana,GHA,2025-10-02,749,0,7,0,5.43
Ghana,GHA,2025-10-03,749,0,7,0,5.43
Ghana,GHA,2025-10-04,749,0,7,0,5.43
Ghana,GHA,2025-10-05,793,44,7,0,6.29
Ghana,GHA,2025-10-06,793,0,7,0,6.29
Ghana,GHA,2025-10-07,793,0,7,0,6.29
Ghana,GHA,2025-10-08,793,0,7,0,6.29
Ghana,GHA,2025-10-09,793,0,7,0,6.29
Ghana,GHA,2025-10-10,793,0,7,0,6.29
Ghana,GHA,2025-10-11,793,0,7,0,6.29
Ghana,GHA,2025-10-12,831,38,7,0,5.43
Ghana,GHA,2025-10-13,831,0,7,0,5.43
Ghana,GHA,2025-10-14,831,0,7,0,5.43
Ghana,GHA,2025-10-15,831,0,7,0,5.43
Ghana,GHA,2025-10-16,831,0,7,0,5.43
Ghana,GHA,2025-10-17,831,0,7,0,5.43
Ghana,GHA,2025-10-18,831,0,7,0,5.43
Ghana,GHA,2025-10-19,863,32,7,0,4.57
Ghana,GHA,2025-10-20,863,0,7,0,4.57
Ghana,GHA,2025-10-21,863,0,7,0,4.57
Ghana,GHA,2025-10-22,863,0,7,0,4.57
Ghana,GHA,2025-10-23,863,0,7,0,4.57
Ghana,GHA,2025-10-24,863,0,7,0,4.57
Ghana,GHA,2025-10-25,863,0,7,0,4.57
Ghana,GHA,2025-10-26,887,24,7,0,3.43
Ghana,GHA,2025-10-27,887,0,7,0,3.43
Ghana,GHA,2025-10-28,887,0,7,0,3.43
Ghana,GHA,2025-10-29,887,0,7,0,3.43
Ghana,GHA,2025-10-30,887,0,7,0,3.43
Ghana,GHA,2025-10-31,887,0,7,0,3.43
Ghana,GHA,2025-11-01,887,0,7,0,3.43
Ghana,GHA,2025-11-02,919,32,7,0,4.57
Ghana,GHA,2025-11-03,919,0,7,0,4.57
Ghana,GHA,2025-11-04,919,0,7,0,4.57
Ghana,GHA,2025-11-05,919,0,7,0,4.57
Ghana,GHA,2025-11-06,919,0,7,0,4.57
Ghana,GHA,2025-11-07,919,0,7,0,4.57
Ghana,GHA,2025-11-08,919,0,7,0,4.57
Ghana,GHA,2025-11-09,947,28,7,0,4
Ghana,GHA,2025-11-10,947,0,7,0,4
Ghana,GHA,2025-11-11,947,0,7,0,4
Ghana,GHA,2025-11-12,947,0,7,0,4
Ghana,GHA,2025-11-13,947,0,7,0,4
Ghana,GHA,2025-11-14,947,0,7,0,4
Ghana,GHA,2025-11-15,947,0,7,0,4
Ghana,GHA,2025-11-16,973,26,7,0,3.71
Ghana,GHA,2025-11-17,973,0,7,0,3.71
Ghana,GHA,2025-11-18,973,0,7,0,3.71
Ghana,GHA,2025-11-19,973,0,7,0,3.71
Ghana,GHA,2025-11-20,973,0,7,0,3.71
Ghana,GHA,2025-11-21,973,0,7,0,3.71
Ghana,GHA,2025-11-22,973,0,7,0,3.71
Ghana,GHA,2025-11-23,994,21,7,0,3
Ghana,GHA,2025-11-24,994,0,7,0,3
Ghana,GHA,2025-11-25,994,0,7,0,3
Ghana,GHA,2025-11-26,994,0,7,0,3
Ghana,GHA,2025-11-27,994,0,7,0,3
Ghana,GHA,2025-11-28,994,0,7,0,3
Ghana,GHA,2025-11-29,994,0,7,0,3
Ghana,GHA,2025-11-30,1011,17,8,1,2.43
Ghana,GHA,2025-12-01,1011,0,8,0,2.43
Ghana,GHA,2025-12-02,1011,0,8,0,2.43
Ghana,GHA,2025-12-03,1011,0,8,0,2.43
Ghana,GHA,2025-12-04,1011,0,8,0,2.43
Ghana,GHA,2025-12-05,1011,0,8,0,2.43
Ghana,GHA,2025-12-06,1011,0,8,0,2.43
Ghana,GHA,2025-12-07,1033,22,8,0,3.14
Ghana,GHA,2025-12-08,1033,0,8,0,3.14
Ghana,GHA,2025-12-09,1033,0,8,0,3.14
Ghana,GHA,2025-12-10,1033,0,8,0,3.14
Ghana,GHA,2025-12-11,1033,0,8,0,3.14
Ghana,GHA,2025-12-12,1033,0,8,0,3.14
Ghana,GHA,2025-12-13,1033,0,8,0,3.14
Ghana,GHA,2025-12-14,1050,17,8,0,2.43
Ghana,GHA,2025-12-15,1050,0,8,0,2.43
Ghana,GHA,2025-12-16,1050,0,8,0,2.43
Ghana,GHA,2025-12-17,1050,0,8,0,2.43
Ghana,GHA,2025-12-18,1050,0,8,0,2.43
Ghana,GHA,2025-12-19,1050,0,8,0,2.43
Ghana,GHA,2025-12-20,1050,0,8,0,2.43
Ghana,GHA,2025-12-21,1063,13,10,2,1.86
Ghana,GHA,2025-12-22,1063,0,10,0,1.86
Ghana,GHA,2025-12-23,1063,0,10,0,1.86
Ghana,GHA,2025-12-24,1063,0,10,0,1.86
Ghana,GHA,2025-12-25,1063,0,10,0,1.86
Ghana,GHA,2025-12-26,1063,0,10,0,1.86
Ghana,GHA,2025-12-27,1063,0,10,0,1.86
Ghana,GHA,2025-12-28,1076,13,11,1,1.86
Ghana,GHA,2025-12-29,1076,0,11,0,1.86
Ghana,GHA,2025-12-30,1076,0,11,0,1.86
Ghana,GHA,2025-12-31,1076,0,11,0,1.86
Ghana,GHA,2026-01-01,1076,0,11,0,1.86
Ghana,GHA,2026-01-02,1076,0,11,0,1.86
Ghana,GHA,2026-01-03,1076,0,11,0,1.86
Ghana,GHA,2026-01-04,1090,14,11,0,2
Ghana,GHA,2026-01-05,1090,0,11,0,2
Ghana,GHA,2026-01-06,1090,0,11,0,2
Ghana,GHA,2026-01-07,1090,0,11,0,2
Ghana,GHA,2026-01-08,1090,0,11,0,2
Ghana,GHA,2026-01-09,1090,0,11,0,2
Ghana,GHA,2026-01-10,1090,0,11,0,2
Ghana,GHA,2026-01-11,1113,23,11,0,3.29
Ghana,GHA,2026-01-12,1113,0,11,0,3.29
Ghana,GHA,2026-01-13,1113,0,11,0,3.29
Ghana,GHA,2026-01-14,1113,0,11,0,3.29
Ghana,GHA,2026-01-15,1113,0,11,0,3.29
Ghana,GHA,2026-01-16,1113,0,11,0,3.29
Ghana,GHA,2026-01-17,1113,0,11,0,3.29
Ghana,GHA,2026-01-18,1126,13,11,0,1.86
Ghana,GHA,2026-01-19,1126,0,11,0,1.86
Ghana,GHA,2026-01-20,1126,0,11,0,1.86
Ghana,GHA,2026-01-21,1126,0,11,0,1.86
Ghana,GHA,2026-01-22,1126,0,11,0,1.86
Ghana,GHA,2026-01-23,1126,0,11,0,1.86
Ghana,GHA,2026-01-24,1126,0,11,0,1.86
Ghana,GHA,2026-01-25,1126,0,11,0,0
Ghana,GHA,2026-01-26,1126,0,11,0,0
Ghana,GHA,2026-01-27,1126,0,11,0,0
Ghana,GHA,2026-01-28,1126,0,11,0,0
Ghana,GHA,2026-01-29,1126,0,11,0,0
Ghana,GHA,2026-01-30,1126,0,11,0,0
Ghana,GHA,2026-01-31,1126,0,11,0,0
Ghana,GHA,2026-02-01,1132,6,11,0,0.86
Ghana,GHA,2026-02-02,1132,0,11,0,0.86
Ghana,GHA,2026-02-03,1132,0,11,0,0.86
Ghana,GHA,2026-02-04,1132,0,11,0,0.86
Ghana,GHA,2026-02-05,1132,0,11,0,0.86
Ghana,GHA,2026-02-06,1132,0,11,0,0.86
Ghana,GHA,2026-02-07,1132,0,11,0,0.86
Ghana,GHA,2026-02-08,1132,0,11,0,0
Ghana,GHA,2026-02-09,1132,0,11,0,0
Ghana,GHA,2026-02-10,1132,0,11,0,0
Ghana,GHA,2026-02-11,1132,0,11,0,0
Ghana,GHA,2026-02-12,1132,0,11,0,0
Ghana,GHA,2026-02-13,1132,0,11,0,0
Ghana,GHA,2026-02-14,1132,0,11,0,0
Ghana,GHA,2026-02-15,1132,0,11,0,0
Ghana,GHA,2026-02-16,1132,0,11,0,0
Ghana,GHA,2026-02-17,1132,0,11,0,0
Ghana,GHA,2026-02-18,1132,0,11,0,0
Ghana,GHA,2026-02-19,1132,0,11,0,0
Ghana,GHA,2026-02-20,1132,0,11,0,0
Ghana,GHA,2026-02-21,1132,0,11,0,0
Ghana,GHA,2026-02-22,1132,0,11,0,0
Guinea,GIN,2024-07-28,0,0,0,0,0
Guinea,GIN,2024-07-29,0,0,0,0,0
Guinea,GIN,2024-07-30,0,0,0,0,0
Guinea,GIN,2024-07-31,0,0,0,0,0
Guinea,GIN,2024-08-01,0,0,0,0,0
Guinea,GIN,2024-08-02,0,0,0,0,0
Guinea,GIN,2024-08-03,0,0,0,0,0
Guinea,GIN,2024-08-04,0,0,0,0,0
Guinea,GIN,2024-08-05,0,0,0,0,0
Guinea,GIN,2024-08-06,0,0,0,0,0
Guinea,GIN,2024-08-07,0,0,0,0,0
Guinea,GIN,2024-08-08,0,0,0,0,0
Guinea,GIN,2024-08-09,0,0,0,0,0
Guinea,GIN,2024-08-10,0,0,0,0,0
Guinea,GIN,2024-08-11,0,0,0,0,0
Guinea,GIN,2024-08-12,0,0,0,0,0
Guinea,GIN,2024-08-13,0,0,0,0,0
Guinea,GIN,2024-08-14,0,0,0,0,0
Guinea,GIN,2024-08-15,0,0,0,0,0
Guinea,GIN,2024-08-16,0,0,0,0,0
Guinea,GIN,2024-08-17,0,0,0,0,0
Guinea,GIN,2024-08-18,0,0,0,0,0
Guinea,GIN,2024-08-19,0,0,0,0,0
Guinea,GIN,2024-08-20,0,0,0,0,0
Guinea,GIN,2024-08-21,0,0,0,0,0
Guinea,GIN,2024-08-22,0,0,0,0,0
Guinea,GIN,2024-08-23,0,0,0,0,0
Guinea,GIN,2024-08-24,0,0,0,0,0
Guinea,GIN,2024-08-25,0,0,0,0,0
Guinea,GIN,2024-08-26,0,0,0,0,0
Guinea,GIN,2024-08-27,0,0,0,0,0
Guinea,GIN,2024-08-28,0,0,0,0,0
Guinea,GIN,2024-08-29,0,0,0,0,0
Guinea,GIN,2024-08-30,0,0,0,0,0
Guinea,GIN,2024-08-31,0,0,0,0,0
Guinea,GIN,2024-09-01,1,1,0,0,0.14
Guinea,GIN,2024-09-02,1,0,0,0,0.14
Guinea,GIN,2024-09-03,1,0,0,0,0.14
Guinea,GIN,2024-09-04,1,0,0,0,0.14
Guinea,GIN,2024-09-05,1,0,0,0,0.14
Guinea,GIN,2024-09-06,1,0,0,0,0.14
Guinea,GIN,2024-09-07,1,0,0,0,0.14
Guinea,GIN,2024-09-08,1,0,0,0,0
Guinea,GIN,2024-09-09,1,0,0,0,0
Guinea,GIN,2024-09-10,1,0,0,0,0
Guinea,GIN,2024-09-11,1,0,0,0,0
Guinea,GIN,2024-09-12,1,0,0,0,0
Guinea,GIN,2024-09-13,1,0,0,0,0
Guinea,GIN,2024-09-14,1,0,0,0,0
Guinea,GIN,2024-09-15,1,0,0,0,0
Guinea,GIN,2024-09-16,1,0,0,0,0
Guinea,GIN,2024-09-17,1,0,0,0,0
Guinea,GIN,2024-09-18,1,0,0,0,0
Guinea,GIN,2024-09-19,1,0,0,0,0
Guinea,GIN,2024-09-20,1,0,0,0,0
Guinea,GIN,2024-09-21,1,0,0,0,0
Guinea,GIN,2024-09-22,1,0,0,0,0
Guinea,GIN,2024-09-23,1,0,0,0,0
Guinea,GIN,2024-09-24,1,0,0,0,0
Guinea,GIN,2024-09-25,1,0,0,0,0
Guinea,GIN,2024-09-26,1,0,0,0,0
Guinea,GIN,2024-09-27,1,0,0,0,0
Guinea,GIN,2024-09-28,1,0,0,0,0
Guinea,GIN,2024-09-29,1,0,0,0,0
Guinea,GIN,2024-09-30,1,0,0,0,0
Guinea,GIN,2024-10-01,1,0,0,0,0
Guinea,GIN,2024-10-02,1,0,0,0,0
Guinea,GIN,2024-10-03,1,0,0,0,0
Guinea,GIN,2024-10-04,1,0,0,0,0
Guinea,GIN,2024-10-05,1,0,0,0,0
Guinea,GIN,2024-10-06,1,0,0,0,0
Guinea,GIN,2024-10-07,1,0,0,0,0
Guinea,GIN,2024-10-08,1,0,0,0,0
Guinea,GIN,2024-10-09,1,0,0,0,0
Guinea,GIN,2024-10-10,1,0,0,0,0
Guinea,GIN,2024-10-11,1,0,0,0,0
Guinea,GIN,2024-10-12,1,0,0,0,0
Guinea,GIN,2024-10-13,1,0,0,0,0
Guinea,GIN,2024-10-14,1,0,0,0,0
Guinea,GIN,2024-10-15,1,0,0,0,0
Guinea,GIN,2024-10-16,1,0,0,0,0
Guinea,GIN,2024-10-17,1,0,0,0,0
Guinea,GIN,2024-10-18,1,0,0,0,0
Guinea,GIN,2024-10-19,1,0,0,0,0
Guinea,GIN,2024-10-20,1,0,0,0,0
Guinea,GIN,2024-10-21,1,0,0,0,0
Guinea,GIN,2024-10-22,1,0,0,0,0
Guinea,GIN,2024-10-23,1,0,0,0,0
Guinea,GIN,2024-10-24,1,0,0,0,0
Guinea,GIN,2024-10-25,1,0,0,0,0
Guinea,GIN,2024-10-26,1,0,0,0,0
Guinea,GIN,2024-10-27,1,0,0,0,0
Guinea,GIN,2024-10-28,1,0,0,0,0
Guinea,GIN,2024-10-29,1,0,0,0,0
Guinea,GIN,2024-10-30,1,0,0,0,0
Guinea,GIN,2024-10-31,1,0,0,0,0
Guinea,GIN,2024-11-01,1,0,0,0,0
Guinea,GIN,2024-11-02,1,0,0,0,0
Guinea,GIN,2024-11-03,1,0,0,0,0
Guinea,GIN,2024-11-04,1,0,0,0,0
Guinea,GIN,2024-11-05,1,0,0,0,0
Guinea,GIN,2024-11-06,1,0,0,0,0
Guinea,GIN,2024-11-07,1,0,0,0,0
Guinea,GIN,2024-11-08,1,0,0,0,0
Guinea,GIN,2024-11-09,1,0,0,0,0
Guinea,GIN,2024-11-10,1,0,0,0,0
Guinea,GIN,2024-11-11,1,0,0,0,0
Guinea,GIN,2024-11-12,1,0,0,0,0
Guinea,GIN,2024-11-13,1,0,0,0,0
Guinea,GIN,2024-11-14,1,0,0,0,0
Guinea,GIN,2024-11-15,1,0,0,0,0
Guinea,GIN,2024-11-16,1,0,0,0,0
Guinea,GIN,2024-11-17,1,0,0,0,0
Guinea,GIN,2024-11-18,1,0,0,0,0
Guinea,GIN,2024-11-19,1,0,0,0,0
Guinea,GIN,2024-11-20,1,0,0,0,0
Guinea,GIN,2024-11-21,1,0,0,0,0
Guinea,GIN,2024-11-22,1,0,0,0,0
Guinea,GIN,2024-11-23,1,0,0,0,0
Guinea,GIN,2024-11-24,1,0,0,0,0
Guinea,GIN,2024-11-25,1,0,0,0,0
Guinea,GIN,2024-11-26,1,0,0,0,0
Guinea,GIN,2024-11-27,1,0,0,0,0
Guinea,GIN,2024-11-28,1,0,0,0,0
Guinea,GIN,2024-11-29,1,0,0,0,0
Guinea,GIN,2024-11-30,1,0,0,0,0
Guinea,GIN,2024-12-01,1,0,0,0,0
Guinea,GIN,2024-12-02,1,0,0,0,0
Guinea,GIN,2024-12-03,1,0,0,0,0
Guinea,GIN,2024-12-04,1,0,0,0,0
Guinea,GIN,2024-12-05,1,0,0,0,0
Guinea,GIN,2024-12-06,1,0,0,0,0
Guinea,GIN,2024-12-07,1,0,0,0,0
Guinea,GIN,2024-12-08,2,1,0,0,0.14
Guinea,GIN,2024-12-09,2,0,0,0,0.14
Guinea,GIN,2024-12-10,2,0,0,0,0.14
Guinea,GIN,2024-12-11,2,0,0,0,0.14
Guinea,GIN,2024-12-12,2,0,0,0,0.14
Guinea,GIN,2024-12-13,2,0,0,0,0.14
Guinea,GIN,2024-12-14,2,0,0,0,0.14
Guinea,GIN,2024-12-15,2,0,0,0,0
Guinea,GIN,2024-12-16,2,0,0,0,0
Guinea,GIN,2024-12-17,2,0,0,0,0
Guinea,GIN,2024-12-18,2,0,0,0,0
Guinea,GIN,2024-12-19,2,0,0,0,0
Guinea,GIN,2024-12-20,2,0,0,0,0
Guinea,GIN,2024-12-21,2,0,0,0,0
Guinea,GIN,2024-12-22,2,0,0,0,0
Guinea,GIN,2024-12-23,2,0,0,0,0
Guinea,GIN,2024-12-24,2,0,0,0,0
Guinea,GIN,2024-12-25,2,0,0,0,0
Guinea,GIN,2024-12-26,2,0,0,0,0
Guinea,GIN,2024-12-27,2,0,0,0,0
Guinea,GIN,2024-12-28,2,0,0,0,0
Guinea,GIN,2024-12-29,2,0,0,0,0
Guinea,GIN,2024-12-30,2,0,0,0,0
Guinea,GIN,2024-12-31,2,0,0,0,0
Guinea,GIN,2025-01-01,2,0,0,0,0
Guinea,GIN,2025-01-02,2,0,0,0,0
Guinea,GIN,2025-01-03,2,0,0,0,0
Guinea,GIN,2025-01-04,2,0,0,0,0
Guinea,GIN,2025-01-05,2,0,0,0,0
Guinea,GIN,2025-01-06,2,0,0,0,0
Guinea,GIN,2025-01-07,2,0,0,0,0
Guinea,GIN,2025-01-08,2,0,0,0,0
Guinea,GIN,2025-01-09,2,0,0,0,0
Guinea,GIN,2025-01-10,2,0,0,0,0
Guinea,GIN,2025-01-11,2,0,0,0,0
Guinea,GIN,2025-01-12,2,0,0,0,0
Guinea,GIN,2025-01-13,2,0,0,0,0
Guinea,GIN,2025-01-14,2,0,0,0,0
Guinea,GIN,2025-01-15,2,0,0,0,0
Guinea,GIN,2025-01-16,2,0,0,0,0
Guinea,GIN,2025-01-17,2,0,0,0,0
Guinea,GIN,2025-01-18,2,0,0,0,0
Guinea,GIN,2025-01-19,2,0,0,0,0
Guinea,GIN,2025-01-20,2,0,0,0,0
Guinea,GIN,2025-01-21,2,0,0,0,0
Guinea,GIN,2025-01-22,2,0,0,0,0
Guinea,GIN,2025-01-23,2,0,0,0,0
Guinea,GIN,2025-01-24,2,0,0,0,0
Guinea,GIN,2025-01-25,2,0,0,0,0
Guinea,GIN,2025-01-26,2,0,0,0,0
Guinea,GIN,2025-01-27,2,0,0,0,0
Guinea,GIN,2025-01-28,2,0,0,0,0
Guinea,GIN,2025-01-29,2,0,0,0,0
Guinea,GIN,2025-01-30,2,0,0,0,0
Guinea,GIN,2025-01-31,2,0,0,0,0
Guinea,GIN,2025-02-01,2,0,0,0,0
Guinea,GIN,2025-02-02,2,0,0,0,0
Guinea,GIN,2025-02-03,2,0,0,0,0
Guinea,GIN,2025-02-04,2,0,0,0,0
Guinea,GIN,2025-02-05,2,0,0,0,0
Guinea,GIN,2025-02-06,2,0,0,0,0
Guinea,GIN,2025-02-07,2,0,0,0,0
Guinea,GIN,2025-02-08,2,0,0,0,0
Guinea,GIN,2025-02-09,2,0,0,0,0
Guinea,GIN,2025-02-10,2,0,0,0,0
Guinea,GIN,2025-02-11,2,0,0,0,0
Guinea,GIN,2025-02-12,2,0,0,0,0
Guinea,GIN,2025-02-13,2,0,0,0,0
Guinea,GIN,2025-02-14,2,0,0,0,0
Guinea,GIN,2025-02-15,2,0,0,0,0
Guinea,GIN,2025-02-16,2,0,0,0,0
Guinea,GIN,2025-02-17,2,0,0,0,0
Guinea,GIN,2025-02-18,2,0,0,0,0
Guinea,GIN,2025-02-19,2,0,0,0,0
Guinea,GIN,2025-02-20,2,0,0,0,0
Guinea,GIN,2025-02-21,2,0,0,0,0
Guinea,GIN,2025-02-22,2,0,0,0,0
Guinea,GIN,2025-02-23,2,0,0,0,0
Guinea,GIN,2025-02-24,2,0,0,0,0
Guinea,GIN,2025-02-25,2,0,0,0,0
Guinea,GIN,2025-02-26,2,0,0,0,0
Guinea,GIN,2025-02-27,2,0,0,0,0
Guinea,GIN,2025-02-28,2,0,0,0,0
Guinea,GIN,2025-03-01,2,0,0,0,0
Guinea,GIN,2025-03-02,2,0,0,0,0
Guinea,GIN,2025-03-03,2,0,0,0,0
Guinea,GIN,2025-03-04,2,0,0,0,0
Guinea,GIN,2025-03-05,2,0,0,0,0
Guinea,GIN,2025-03-06,2,0,0,0,0
Guinea,GIN,2025-03-07,2,0,0,0,0
Guinea,GIN,2025-03-08,2,0,0,0,0
Guinea,GIN,2025-03-09,2,0,0,0,0
Guinea,GIN,2025-03-10,2,0,0,0,0
Guinea,GIN,2025-03-11,2,0,0,0,0
Guinea,GIN,2025-03-12,2,0,0,0,0
Guinea,GIN,2025-03-13,2,0,0,0,0
Guinea,GIN,2025-03-14,2,0,0,0,0
Guinea,GIN,2025-03-15,2,0,0,0,0
Guinea,GIN,2025-03-16,2,0,0,0,0
Guinea,GIN,2025-03-17,2,0,0,0,0
Guinea,GIN,2025-03-18,2,0,0,0,0
Guinea,GIN,2025-03-19,2,0,0,0,0
Guinea,GIN,2025-03-20,2,0,0,0,0
Guinea,GIN,2025-03-21,2,0,0,0,0
Guinea,GIN,2025-03-22,2,0,0,0,0
Guinea,GIN,2025-03-23,2,0,0,0,0
Guinea,GIN,2025-03-24,2,0,0,0,0
Guinea,GIN,2025-03-25,2,0,0,0,0
Guinea,GIN,2025-03-26,2,0,0,0,0
Guinea,GIN,2025-03-27,2,0,0,0,0
Guinea,GIN,2025-03-28,2,0,0,0,0
Guinea,GIN,2025-03-29,2,0,0,0,0
Guinea,GIN,2025-03-30,2,0,0,0,0
Guinea,GIN,2025-03-31,2,0,0,0,0
Guinea,GIN,2025-04-01,2,0,0,0,0
Guinea,GIN,2025-04-02,2,0,0,0,0
Guinea,GIN,2025-04-03,2,0,0,0,0
Guinea,GIN,2025-04-04,2,0,0,0,0
Guinea,GIN,2025-04-05,2,0,0,0,0
Guinea,GIN,2025-04-06,2,0,0,0,0
Guinea,GIN,2025-04-07,2,0,0,0,0
Guinea,GIN,2025-04-08,2,0,0,0,0
Guinea,GIN,2025-04-09,2,0,0,0,0
Guinea,GIN,2025-04-10,2,0,0,0,0
Guinea,GIN,2025-04-11,2,0,0,0,0
Guinea,GIN,2025-04-12,2,0,0,0,0
Guinea,GIN,2025-04-13,2,0,0,0,0
Guinea,GIN,2025-04-14,2,0,0,0,0
Guinea,GIN,2025-04-15,2,0,0,0,0
Guinea,GIN,2025-04-16,2,0,0,0,0
Guinea,GIN,2025-04-17,2,0,0,0,0
Guinea,GIN,2025-04-18,2,0,0,0,0
Guinea,GIN,2025-04-19,2,0,0,0,0
Guinea,GIN,2025-04-20,2,0,0,0,0
Guinea,GIN,2025-04-21,2,0,0,0,0
Guinea,GIN,2025-04-22,2,0,0,0,0
Guinea,GIN,2025-04-23,2,0,0,0,0
Guinea,GIN,2025-04-24,2,0,0,0,0
Guinea,GIN,2025-04-25,2,0,0,0,0
Guinea,GIN,2025-04-26,2,0,0,0,0
Guinea,GIN,2025-04-27,2,0,0,0,0
Guinea,GIN,2025-04-28,2,0,0,0,0
Guinea,GIN,2025-04-29,2,0,0,0,0
Guinea,GIN,2025-04-30,2,0,0,0,0
Guinea,GIN,2025-05-01,2,0,0,0,0
Guinea,GIN,2025-05-02,2,0,0,0,0
Guinea,GIN,2025-05-03,2,0,0,0,0
Guinea,GIN,2025-05-04,2,0,0,0,0
Guinea,GIN,2025-05-05,2,0,0,0,0
Guinea,GIN,2025-05-06,2,0,0,0,0
Guinea,GIN,2025-05-07,2,0,0,0,0
Guinea,GIN,2025-05-08,2,0,0,0,0
Guinea,GIN,2025-05-09,2,0,0,0,0
Guinea,GIN,2025-05-10,2,0,0,0,0
Guinea,GIN,2025-05-11,2,0,0,0,0
Guinea,GIN,2025-05-12,2,0,0,0,0
Guinea,GIN,2025-05-13,2,0,0,0,0
Guinea,GIN,2025-05-14,2,0,0,0,0
Guinea,GIN,2025-05-15,2,0,0,0,0
Guinea,GIN,2025-05-16,2,0,0,0,0
Guinea,GIN,2025-05-17,2,0,0,0,0
Guinea,GIN,2025-05-18,2,0,0,0,0
Guinea,GIN,2025-05-19,2,0,0,0,0
Guinea,GIN,2025-05-20,2,0,0,0,0
Guinea,GIN,2025-05-21,2,0,0,0,0
Guinea,GIN,2025-05-22,2,0,0,0,0
Guinea,GIN,2025-05-23,2,0,0,0,0
Guinea,GIN,2025-05-24,2,0,0,0,0
Guinea,GIN,2025-05-25,2,0,0,0,0
Guinea,GIN,2025-05-26,2,0,0,0,0
Guinea,GIN,2025-05-27,2,0,0,0,0
Guinea,GIN,2025-05-28,2,0,0,0,0
Guinea,GIN,2025-05-29,2,0,0,0,0
Guinea,GIN,2025-05-30,2,0,0,0,0
Guinea,GIN,2025-05-31,2,0,0,0,0
Guinea,GIN,2025-06-01,2,0,0,0,0
Guinea,GIN,2025-06-02,2,0,0,0,0
Guinea,GIN,2025-06-03,2,0,0,0,0
Guinea,GIN,2025-06-04,2,0,0,0,0
Guinea,GIN,2025-06-05,2,0,0,0,0
Guinea,GIN,2025-06-06,2,0,0,0,0
Guinea,GIN,2025-06-07,2,0,0,0,0
Guinea,GIN,2025-06-08,6,4,0,0,0.57
Guinea,GIN,2025-06-09,6,0,0,0,0.57
Guinea,GIN,2025-06-10,6,0,0,0,0.57
Guinea,GIN,2025-06-11,6,0,0,0,0.57
Guinea,GIN,2025-06-12,6,0,0,0,0.57
Guinea,GIN,2025-06-13,6,0,0,0,0.57
Guinea,GIN,2025-06-14,6,0,0,0,0.57
Guinea,GIN,2025-06-15,11,5,0,0,0.71
Guinea,GIN,2025-06-16,11,0,0,0,0.71
Guinea,GIN,2025-06-17,11,0,0,0,0.71
Guinea,GIN,2025-06-18,11,0,0,0,0.71
Guinea,GIN,2025-06-19,11,0,0,0,0.71
Guinea,GIN,2025-06-20,11,0,0,0,0.71
Guinea,GIN,2025-06-21,11,0,0,0,0.71
Guinea,GIN,2025-06-22,24,13,0,0,1.86
Guinea,GIN,2025-06-23,24,0,0,0,1.86
Guinea,GIN,2025-06-24,24,0,0,0,1.86
Guinea,GIN,2025-06-25,24,0,0,0,1.86
Guinea,GIN,2025-06-26,24,0,0,0,1.86
Guinea,GIN,2025-06-27,24,0,0,0,1.86
Guinea,GIN,2025-06-28,24,0,0,0,1.86
Guinea,GIN,2025-06-29,46,22,0,0,3.14
Guinea,GIN,2025-06-30,46,0,0,0,3.14
Guinea,GIN,2025-07-01,46,0,0,0,3.14
Guinea,GIN,2025-07-02,46,0,0,0,3.14
Guinea,GIN,2025-07-03,46,0,0,0,3.14
Guinea,GIN,2025-07-04,46,0,0,0,3.14
Guinea,GIN,2025-07-05,46,0,0,0,3.14
Guinea,GIN,2025-07-06,111,65,0,0,9.29
Guinea,GIN,2025-07-07,111,0,0,0,9.29
Guinea,GIN,2025-07-08,111,0,0,0,9.29
Guinea,GIN,2025-07-09,111,0,0,0,9.29
Guinea,GIN,2025-07-10,111,0,0,0,9.29
Guinea,GIN,2025-07-11,111,0,0,0,9.29
Guinea,GIN,2025-07-12,111,0,0,0,9.29
Guinea,GIN,2025-07-13,192,81,0,0,11.57
Guinea,GIN,2025-07-14,192,0,0,0,11.57
Guinea,GIN,2025-07-15,192,0,0,0,11.57
Guinea,GIN,2025-07-16,192,0,0,0,11.57
Guinea,GIN,2025-07-17,192,0,0,0,11.57
Guinea,GIN,2025-07-18,192,0,0,0,11.57
Guinea,GIN,2025-07-19,192,0,0,0,11.57
Guinea,GIN,2025-07-20,313,121,2,2,17.29
Guinea,GIN,2025-07-21,313,0,2,0,17.29
Guinea,GIN,2025-07-22,313,0,2,0,17.29
Guinea,GIN,2025-07-23,313,0,2,0,17.29
Guinea,GIN,2025-07-24,313,0,2,0,17.29
Guinea,GIN,2025-07-25,313,0,2,0,17.29
Guinea,GIN,2025-07-26,313,0,2,0,17.29
Guinea,GIN,2025-07-27,438,125,2,0,17.86
Guinea,GIN,2025-07-28,438,0,2,0,17.86
Guinea,GIN,2025-07-29,438,0,2,0,17.86
Guinea,GIN,2025-07-30,438,0,2,0,17.86
Guinea,GIN,2025-07-31,438,0,2,0,17.86
Guinea,GIN,2025-08-01,438,0,2,0,17.86
Guinea,GIN,2025-08-02,438,0,2,0,17.86
Guinea,GIN,2025-08-03,513,75,2,0,10.71
Guinea,GIN,2025-08-04,513,0,2,0,10.71
Guinea,GIN,2025-08-05,513,0,2,0,10.71
Guinea,GIN,2025-08-06,513,0,2,0,10.71
Guinea,GIN,2025-08-07,513,0,2,0,10.71
Guinea,GIN,2025-08-08,513,0,2,0,10.71
Guinea,GIN,2025-08-09,513,0,2,0,10.71
Guinea,GIN,2025-08-10,631,118,2,0,16.86
Guinea,GIN,2025-08-11,631,0,2,0,16.86
Guinea,GIN,2025-08-12,631,0,2,0,16.86
Guinea,GIN,2025-08-13,631,0,2,0,16.86
Guinea,GIN,2025-08-14,631,0,2,0,16.86
Guinea,GIN,2025-08-15,631,0,2,0,16.86
Guinea,GIN,2025-08-16,631,0,2,0,16.86
Guinea,GIN,2025-08-17,733,102,2,0,14.57
Guinea,GIN,2025-08-18,733,0,2,0,14.57
Guinea,GIN,2025-08-19,733,0,2,0,14.57
Guinea,GIN,2025-08-20,733,0,2,0,14.57
Guinea,GIN,2025-08-21,733,0,2,0,14.57
Guinea,GIN,2025-08-22,733,0,2,0,14.57
Guinea,GIN,2025-08-23,733,0,2,0,14.57
Guinea,GIN,2025-08-24,797,64,2,0,9.14
Guinea,GIN,2025-08-25,797,0,2,0,9.14
Guinea,GIN,2025-08-26,797,0,2,0,9.14
Guinea,GIN,2025-08-27,797,0,2,0,9.14
Guinea,GIN,2025-08-28,797,0,2,0,9.14
Guinea,GIN,2025-08-29,797,0,2,0,9.14
Guinea,GIN,2025-08-30,797,0,2,0,9.14
Guinea,GIN,2025-08-31,844,47,2,0,6.71
Guinea,GIN,2025-09-01,844,0,2,0,6.71
Guinea,GIN,2025-09-02,844,0,2,0,6.71
Guinea,GIN,2025-09-03,844,0,2,0,6.71
Guinea,GIN,2025-09-04,844,0,2,0,6.71
Guinea,GIN,2025-09-05,844,0,2,0,6.71
Guinea,GIN,2025-09-06,844,0,2,0,6.71
Guinea,GIN,2025-09-07,900,56,2,0,8
Guinea,GIN,2025-09-08,900,0,2,0,8
Guinea,GIN,2025-09-09,900,0,2,0,8
Guinea,GIN,2025-09-10,900,0,2,0,8
Guinea,GIN,2025-09-11,900,0,2,0,8
Guinea,GIN,2025-09-12,900,0,2,0,8
Guinea,GIN,2025-09-13,900,0,2,0,8
Guinea,GIN,2025-09-14,965,65,4,2,9.29
Guinea,GIN,2025-09-15,965,0,4,0,9.29
Guinea,GIN,2025-09-16,965,0,4,0,9.29
Guinea,GIN,2025-09-17,965,0,4,0,9.29
Guinea,GIN,2025-09-18,965,0,4,0,9.29
Guinea,GIN,2025-09-19,965,0,4,0,9.29
Guinea,GIN,2025-09-20,965,0,4,0,9.29
Guinea,GIN,2025-09-21,1030,65,5,1,9.29
Guinea,GIN,2025-09-22,1030,0,5,0,9.29
Guinea,GIN,2025-09-23,1030,0,5,0,9.29
Guinea,GIN,2025-09-24,1030,0,5,0,9.29
Guinea,GIN,2025-09-25,1030,0,5,0,9.29
Guinea,GIN,2025-09-26,1030,0,5,0,9.29
Guinea,GIN,2025-09-27,1030,0,5,0,9.29
Guinea,GIN,2025-09-28,1093,63,5,0,9
Guinea,GIN,2025-09-29,1093,0,5,0,9
Guinea,GIN,2025-09-30,1093,0,5,0,9
Guinea,GIN,2025-10-01,1093,0,5,0,9
Guinea,GIN,2025-10-02,1093,0,5,0,9
Guinea,GIN,2025-10-03,1093,0,5,0,9
Guinea,GIN,2025-10-04,1093,0,5,0,9
Guinea,GIN,2025-10-05,1168,75,5,0,10.71
Guinea,GIN,2025-10-06,1168,0,5,0,10.71
Guinea,GIN,2025-10-07,1168,0,5,0,10.71
Guinea,GIN,2025-10-08,1168,0,5,0,10.71
Guinea,GIN,2025-10-09,1168,0,5,0,10.71
Guinea,GIN,2025-10-10,1168,0,5,0,10.71
Guinea,GIN,2025-10-11,1168,0,5,0,10.71
Guinea,GIN,2025-10-12,1267,99,6,1,14.14
Guinea,GIN,2025-10-13,1267,0,6,0,14.14
Guinea,GIN,2025-10-14,1267,0,6,0,14.14
Guinea,GIN,2025-10-15,1267,0,6,0,14.14
Guinea,GIN,2025-10-16,1267,0,6,0,14.14
Guinea,GIN,2025-10-17,1267,0,6,0,14.14
Guinea,GIN,2025-10-18,1267,0,6,0,14.14
Guinea,GIN,2025-10-19,1350,83,6,0,11.86
Guinea,GIN,2025-10-20,1350,0,6,0,11.86
Guinea,GIN,2025-10-21,1350,0,6,0,11.86
Guinea,GIN,2025-10-22,1350,0,6,0,11.86
Guinea,GIN,2025-10-23,1350,0,6,0,11.86
Guinea,GIN,2025-10-24,1350,0,6,0,11.86
Guinea,GIN,2025-10-25,1350,0,6,0,11.86
Guinea,GIN,2025-10-26,1439,89,6,0,12.71
Guinea,GIN,2025-10-27,1439,0,6,0,12.71
Guinea,GIN,2025-10-28,1439,0,6,0,12.71
Guinea,GIN,2025-10-29,1439,0,6,0,12.71
Guinea,GIN,2025-10-30,1439,0,6,0,12.71
Guinea,GIN,2025-10-31,1439,0,6,0,12.71
Guinea,GIN,2025-11-01,1439,0,6,0,12.71
Guinea,GIN,2025-11-02,1516,77,6,0,11
Guinea,GIN,2025-11-03,1516,0,6,0,11
Guinea,GIN,2025-11-04,1516,0,6,0,11
Guinea,GIN,2025-11-05,1516,0,6,0,11
Guinea,GIN,2025-11-06,1516,0,6,0,11
Guinea,GIN,2025-11-07,1516,0,6,0,11
Guinea,GIN,2025-11-08,1516,0,6,0,11
Guinea,GIN,2025-11-09,1604,88,6,0,12.57
Guinea,GIN,2025-11-10,1604,0,6,0,12.57
Guinea,GIN,2025-11-11,1604,0,6,0,12.57
Guinea,GIN,2025-11-12,1604,0,6,0,12.57
Guinea,GIN,2025-11-13,1604,0,6,0,12.57
Guinea,GIN,2025-11-14,1604,0,6,0,12.57
Guinea,GIN,2025-11-15,1604,0,6,0,12.57
Guinea,GIN,2025-11-16,1676,72,6,0,10.29
Guinea,GIN,2025-11-17,1676,0,6,0,10.29
Guinea,GIN,2025-11-18,1676,0,6,0,10.29
Guinea,GIN,2025-11-19,1676,0,6,0,10.29
Guinea,GIN,2025-11-20,1676,0,6,0,10.29
Guinea,GIN,2025-11-21,1676,0,6,0,10.29
Guinea,GIN,2025-11-22,1676,0,6,0,10.29
Guinea,GIN,2025-11-23,1728,52,6,0,7.43
Guinea,GIN,2025-11-24,1728,0,6,0,7.43
Guinea,GIN,2025-11-25,1728,0,6,0,7.43
Guinea,GIN,2025-11-26,1728,0,6,0,7.43
Guinea,GIN,2025-11-27,1728,0,6,0,7.43
Guinea,GIN,2025-11-28,1728,0,6,0,7.43
Guinea,GIN,2025-11-29,1728,0,6,0,7.43
Guinea,GIN,2025-11-30,1781,53,6,0,7.57
Guinea,GIN,2025-12-01,1781,0,6,0,7.57
Guinea,GIN,2025-12-02,1781,0,6,0,7.57
Guinea,GIN,2025-12-03,1781,0,6,0,7.57
Guinea,GIN,2025-12-04,1781,0,6,0,7.57
Guinea,GIN,2025-12-05,1781,0,6,0,7.57
Guinea,GIN,2025-12-06,1781,0,6,0,7.57
Guinea,GIN,2025-12-07,1826,45,6,0,6.43
Guinea,GIN,2025-12-08,1826,0,6,0,6.43
Guinea,GIN,2025-12-09,1826,0,6,0,6.43
Guinea,GIN,2025-12-10,1826,0,6,0,6.43
Guinea,GIN,2025-12-11,1826,0,6,0,6.43
Guinea,GIN,2025-12-12,1826,0,6,0,6.43
Guinea,GIN,2025-12-13,1826,0,6,0,6.43
Guinea,GIN,2025-12-14,1860,34,6,0,4.86
Guinea,GIN,2025-12-15,1860,0,6,0,4.86
Guinea,GIN,2025-12-16,1860,0,6,0,4.86
Guinea,GIN,2025-12-17,1860,0,6,0,4.86
Guinea,GIN,2025-12-18,1860,0,6,0,4.86
Guinea,GIN,2025-12-19,1860,0,6,0,4.86
Guinea,GIN,2025-12-20,1860,0,6,0,4.86
Guinea,GIN,2025-12-21,1926,66,6,0,9.43
Guinea,GIN,2025-12-22,1926,0,6,0,9.43
Guinea,GIN,2025-12-23,1926,0,6,0,9.43
Guinea,GIN,2025-12-24,1926,0,6,0,9.43
Guinea,GIN,2025-12-25,1926,0,6,0,9.43
Guinea,GIN,2025-12-26,1926,0,6,0,9.43
Guinea,GIN,2025-12-27,1926,0,6,0,9.43
Guinea,GIN,2025-12-28,1964,38,6,0,5.43
Guinea,GIN,2025-12-29,1964,0,6,0,5.43
Guinea,GIN,2025-12-30,1964,0,6,0,5.43
Guinea,GIN,2025-12-31,1964,0,6,0,5.43
Guinea,GIN,2026-01-01,1964,0,6,0,5.43
Guinea,GIN,2026-01-02,1964,0,6,0,5.43
Guinea,GIN,2026-01-03,1964,0,6,0,5.43
Guinea,GIN,2026-01-04,1997,33,6,0,4.71
Guinea,GIN,2026-01-05,1997,0,6,0,4.71
Guinea,GIN,2026-01-06,1997,0,6,0,4.71
Guinea,GIN,2026-01-07,1997,0,6,0,4.71
Guinea,GIN,2026-01-08,1997,0,6,0,4.71
Guinea,GIN,2026-01-09,1997,0,6,0,4.71
Guinea,GIN,2026-01-10,1997,0,6,0,4.71
Guinea,GIN,2026-01-11,2030,33,6,0,4.71
Guinea,GIN,2026-01-12,2030,0,6,0,4.71
Guinea,GIN,2026-01-13,2030,0,6,0,4.71
Guinea,GIN,2026-01-14,2030,0,6,0,4.71
Guinea,GIN,2026-01-15,2030,0,6,0,4.71
Guinea,GIN,2026-01-16,2030,0,6,0,4.71
Guinea,GIN,2026-01-17,2030,0,6,0,4.71
Guinea,GIN,2026-01-18,2055,25,6,0,3.57
Guinea,GIN,2026-01-19,2055,0,6,0,3.57
Guinea,GIN,2026-01-20,2055,0,6,0,3.57
Guinea,GIN,2026-01-21,2055,0,6,0,3.57
Guinea,GIN,2026-01-22,2055,0,6,0,3.57
Guinea,GIN,2026-01-23,2055,0,6,0,3.57
Guinea,GIN,2026-01-24,2055,0,6,0,3.57
Guinea,GIN,2026-01-25,2090,35,7,1,5
Guinea,GIN,2026-01-26,2090,0,7,0,5
Guinea,GIN,2026-01-27,2090,0,7,0,5
Guinea,GIN,2026-01-28,2090,0,7,0,5
Guinea,GIN,2026-01-29,2090,0,7,0,5
Guinea,GIN,2026-01-30,2090,0,7,0,5
Guinea,GIN,2026-01-31,2090,0,7,0,5
Guinea,GIN,2026-02-01,2106,16,7,0,2.29
Guinea,GIN,2026-02-02,2106,0,7,0,2.29
Guinea,GIN,2026-02-03,2106,0,7,0,2.29
Guinea,GIN,2026-02-04,2106,0,7,0,2.29
Guinea,GIN,2026-02-05,2106,0,7,0,2.29
Guinea,GIN,2026-02-06,2106,0,7,0,2.29
Guinea,GIN,2026-02-07,2106,0,7,0,2.29
Guinea,GIN,2026-02-08,2130,24,7,0,3.43
Guinea,GIN,2026-02-09,2130,0,7,0,3.43
Guinea,GIN,2026-02-10,2130,0,7,0,3.43
Guinea,GIN,2026-02-11,2130,0,7,0,3.43
Guinea,GIN,2026-02-12,2130,0,7,0,3.43
Guinea,GIN,2026-02-13,2130,0,7,0,3.43
Guinea,GIN,2026-02-14,2130,0,7,0,3.43
Guinea,GIN,2026-02-15,2150,20,7,0,2.86
Guinea,GIN,2026-02-16,2150,0,7,0,2.86
Guinea,GIN,2026-02-17,2150,0,7,0,2.86
Guinea,GIN,2026-02-18,2150,0,7,0,2.86
Guinea,GIN,2026-02-19,2150,0,7,0,2.86
Guinea,GIN,2026-02-20,2150,0,7,0,2.86
Guinea,GIN,2026-02-21,2150,0,7,0,2.86
Guinea,GIN,2026-02-22,2183,33,7,0,4.71
Guinea,GIN,2026-02-23,2183,0,7,0,4.71
Guinea,GIN,2026-02-24,2183,0,7,0,4.71
Guinea,GIN,2026-02-25,2183,0,7,0,4.71
Guinea,GIN,2026-02-26,2183,0,7,0,4.71
Guinea,GIN,2026-02-27,2183,0,7,0,4.71
Guinea,GIN,2026-02-28,2183,0,7,0,4.71
Guinea,GIN,2026-03-01,2209,26,7,0,3.71
Guinea,GIN,2026-03-02,2209,0,7,0,3.71
Guinea,GIN,2026-03-03,2209,0,7,0,3.71
Guinea,GIN,2026-03-04,2209,0,7,0,3.71
Guinea,GIN,2026-03-05,2209,0,7,0,3.71
Guinea,GIN,2026-03-06,2209,0,7,0,3.71
Guinea,GIN,2026-03-07,2209,0,7,0,3.71
Guinea,GIN,2026-03-08,2237,28,7,0,4
Guinea,GIN,2026-03-09,2237,0,7,0,4
Guinea,GIN,2026-03-10,2237,0,7,0,4
Guinea,GIN,2026-03-11,2237,0,7,0,4
Guinea,GIN,2026-03-12,2237,0,7,0,4
Guinea,GIN,2026-03-13,2237,0,7,0,4
Guinea,GIN,2026-03-14,2237,0,7,0,4
Guinea,GIN,2026-03-15,2244,7,7,0,1
Guinea,GIN,2026-03-16,2244,0,7,0,1
Guinea,GIN,2026-03-17,2244,0,7,0,1
Guinea,GIN,2026-03-18,2244,0,7,0,1
Guinea,GIN,2026-03-19,2244,0,7,0,1
Guinea,GIN,2026-03-20,2244,0,7,0,1
Guinea,GIN,2026-03-21,2244,0,7,0,1
Guinea,GIN,2026-03-22,2255,11,7,0,1.57
Guinea,GIN,2026-03-23,2255,0,7,0,1.57
Guinea,GIN,2026-03-24,2255,0,7,0,1.57
Guinea,GIN,2026-03-25,2255,0,7,0,1.57
Guinea,GIN,2026-03-26,2255,0,7,0,1.57
Guinea,GIN,2026-03-27,2255,0,7,0,1.57
Guinea,GIN,2026-03-28,2255,0,7,0,1.57
Guinea,GIN,2026-03-29,2267,12,7,0,1.71
Guinea,GIN,2026-03-30,2267,0,7,0,1.71
Guinea,GIN,2026-03-31,2267,0,7,0,1.71
Guinea,GIN,2026-04-01,2267,0,7,0,1.71
Guinea,GIN,2026-04-02,2267,0,7,0,1.71
Guinea,GIN,2026-04-03,2267,0,7,0,1.71
Guinea,GIN,2026-04-04,2267,0,7,0,1.71
Guinea,GIN,2026-04-05,2277,10,7,0,1.43
Guinea,GIN,2026-04-06,2277,0,7,0,1.43
Guinea,GIN,2026-04-07,2277,0,7,0,1.43
Guinea,GIN,2026-04-08,2277,0,7,0,1.43
Guinea,GIN,2026-04-09,2277,0,7,0,1.43
Guinea,GIN,2026-04-10,2277,0,7,0,1.43
Guinea,GIN,2026-04-11,2277,0,7,0,1.43
Guinea,GIN,2026-04-12,2289,12,7,0,1.71
Kenya,KEN,2024-07-21,0,0,0,0,0
Kenya,KEN,2024-07-22,0,0,0,0,0
Kenya,KEN,2024-07-23,0,0,0,0,0
Kenya,KEN,2024-07-24,0,0,0,0,0
Kenya,KEN,2024-07-25,0,0,0,0,0
Kenya,KEN,2024-07-26,0,0,0,0,0
Kenya,KEN,2024-07-27,0,0,0,0,0
Kenya,KEN,2024-07-28,0,0,0,0,0
Kenya,KEN,2024-07-29,0,0,0,0,0
Kenya,KEN,2024-07-30,0,0,0,0,0
Kenya,KEN,2024-07-31,0,0,0,0,0
Kenya,KEN,2024-08-01,0,0,0,0,0
Kenya,KEN,2024-08-02,0,0,0,0,0
Kenya,KEN,2024-08-03,0,0,0,0,0
Kenya,KEN,2024-08-04,1,1,0,0,0.14
Kenya,KEN,2024-08-05,1,0,0,0,0.14
Kenya,KEN,2024-08-06,1,0,0,0,0.14
Kenya,KEN,2024-08-07,1,0,0,0,0.14
Kenya,KEN,2024-08-08,1,0,0,0,0.14
Kenya,KEN,2024-08-09,1,0,0,0,0.14
Kenya,KEN,2024-08-10,1,0,0,0,0.14
Kenya,KEN,2024-08-11,1,0,0,0,0
Kenya,KEN,2024-08-12,1,0,0,0,0
Kenya,KEN,2024-08-13,1,0,0,0,0
Kenya,KEN,2024-08-14,1,0,0,0,0
Kenya,KEN,2024-08-15,1,0,0,0,0
Kenya,KEN,2024-08-16,1,0,0,0,0
Kenya,KEN,2024-08-17,1,0,0,0,0
Kenya,KEN,2024-08-18,1,0,0,0,0
Kenya,KEN,2024-08-19,1,0,0,0,0
Kenya,KEN,2024-08-20,1,0,0,0,0
Kenya,KEN,2024-08-21,1,0,0,0,0
Kenya,KEN,2024-08-22,1,0,0,0,0
Kenya,KEN,2024-08-23,1,0,0,0,0
Kenya,KEN,2024-08-24,1,0,0,0,0
Kenya,KEN,2024-08-25,2,1,0,0,0.14
Kenya,KEN,2024-08-26,2,0,0,0,0.14
Kenya,KEN,2024-08-27,2,0,0,0,0.14
Kenya,KEN,2024-08-28,2,0,0,0,0.14
Kenya,KEN,2024-08-29,2,0,0,0,0.14
Kenya,KEN,2024-08-30,2,0,0,0,0.14
Kenya,KEN,2024-08-31,2,0,0,0,0.14
Kenya,KEN,2024-09-01,4,2,0,0,0.29
Kenya,KEN,2024-09-02,4,0,0,0,0.29
Kenya,KEN,2024-09-03,4,0,0,0,0.29
Kenya,KEN,2024-09-04,4,0,0,0,0.29
Kenya,KEN,2024-09-05,4,0,0,0,0.29
Kenya,KEN,2024-09-06,4,0,0,0,0.29
Kenya,KEN,2024-09-07,4,0,0,0,0.29
Kenya,KEN,2024-09-08,5,1,0,0,0.14
Kenya,KEN,2024-09-09,5,0,0,0,0.14
Kenya,KEN,2024-09-10,5,0,0,0,0.14
Kenya,KEN,2024-09-11,5,0,0,0,0.14
Kenya,KEN,2024-09-12,5,0,0,0,0.14
Kenya,KEN,2024-09-13,5,0,0,0,0.14
Kenya,KEN,2024-09-14,5,0,0,0,0.14
Kenya,KEN,2024-09-15,5,0,0,0,0
Kenya,KEN,2024-09-16,5,0,0,0,0
Kenya,KEN,2024-09-17,5,0,0,0,0
Kenya,KEN,2024-09-18,5,0,0,0,0
Kenya,KEN,2024-09-19,5,0,0,0,0
Kenya,KEN,2024-09-20,5,0,0,0,0
Kenya,KEN,2024-09-21,5,0,0,0,0
Kenya,KEN,2024-09-22,5,0,0,0,0
Kenya,KEN,2024-09-23,5,0,0,0,0
Kenya,KEN,2024-09-24,5,0,0,0,0
Kenya,KEN,2024-09-25,5,0,0,0,0
Kenya,KEN,2024-09-26,5,0,0,0,0
Kenya,KEN,2024-09-27,5,0,0,0,0
Kenya,KEN,2024-09-28,5,0,0,0,0
Kenya,KEN,2024-09-29,9,4,1,1,0.57
Kenya,KEN,2024-09-30,9,0,1,0,0.57
Kenya,KEN,2024-10-01,9,0,1,0,0.57
Kenya,KEN,2024-10-02,9,0,1,0,0.57
Kenya,KEN,2024-10-03,9,0,1,0,0.57
Kenya,KEN,2024-10-04,9,0,1,0,0.57
Kenya,KEN,2024-10-05,9,0,1,0,0.57
Kenya,KEN,2024-10-06,12,3,1,0,0.43
Kenya,KEN,2024-10-07,12,0,1,0,0.43
Kenya,KEN,2024-10-08,12,0,1,0,0.43
Kenya,KEN,2024-10-09,12,0,1,0,0.43
Kenya,KEN,2024-10-10,12,0,1,0,0.43
Kenya,KEN,2024-10-11,12,0,1,0,0.43
Kenya,KEN,2024-10-12,12,0,1,0,0.43
Kenya,KEN,2024-10-13,13,1,1,0,0.14
Kenya,KEN,2024-10-14,13,0,1,0,0.14
Kenya,KEN,2024-10-15,13,0,1,0,0.14
Kenya,KEN,2024-10-16,13,0,1,0,0.14
Kenya,KEN,2024-10-17,13,0,1,0,0.14
Kenya,KEN,2024-10-18,13,0,1,0,0.14
Kenya,KEN,2024-10-19,13,0,1,0,0.14
Kenya,KEN,2024-10-20,14,1,1,0,0.14
Kenya,KEN,2024-10-21,14,0,1,0,0.14
Kenya,KEN,2024-10-22,14,0,1,0,0.14
Kenya,KEN,2024-10-23,14,0,1,0,0.14
Kenya,KEN,2024-10-24,14,0,1,0,0.14
Kenya,KEN,2024-10-25,14,0,1,0,0.14
Kenya,KEN,2024-10-26,14,0,1,0,0.14
Kenya,KEN,2024-10-27,14,0,1,0,0
Kenya,KEN,2024-10-28,14,0,1,0,0
Kenya,KEN,2024-10-29,14,0,1,0,0
Kenya,KEN,2024-10-30,14,0,1,0,0
Kenya,KEN,2024-10-31,14,0,1,0,0
Kenya,KEN,2024-11-01,14,0,1,0,0
Kenya,KEN,2024-11-02,14,0,1,0,0
Kenya,KEN,2024-11-03,14,0,1,0,0
Kenya,KEN,2024-11-04,14,0,1,0,0
Kenya,KEN,2024-11-05,14,0,1,0,0
Kenya,KEN,2024-11-06,14,0,1,0,0
Kenya,KEN,2024-11-07,14,0,1,0,0
Kenya,KEN,2024-11-08,14,0,1,0,0
Kenya,KEN,2024-11-09,14,0,1,0,0
Kenya,KEN,2024-11-10,14,0,1,0,0
Kenya,KEN,2024-11-11,14,0,1,0,0
Kenya,KEN,2024-11-12,14,0,1,0,0
Kenya,KEN,2024-11-13,14,0,1,0,0
Kenya,KEN,2024-11-14,14,0,1,0,0
Kenya,KEN,2024-11-15,14,0,1,0,0
Kenya,KEN,2024-11-16,14,0,1,0,0
Kenya,KEN,2024-11-17,17,3,1,0,0.43
Kenya,KEN,2024-11-18,17,0,1,0,0.43
Kenya,KEN,2024-11-19,17,0,1,0,0.43
Kenya,KEN,2024-11-20,17,0,1,0,0.43
Kenya,KEN,2024-11-21,17,0,1,0,0.43
Kenya,KEN,2024-11-22,17,0,1,0,0.43
Kenya,KEN,2024-11-23,17,0,1,0,0.43
Kenya,KEN,2024-11-24,19,2,1,0,0.29
Kenya,KEN,2024-11-25,19,0,1,0,0.29
Kenya,KEN,2024-11-26,19,0,1,0,0.29
Kenya,KEN,2024-11-27,19,0,1,0,0.29
Kenya,KEN,2024-11-28,19,0,1,0,0.29
Kenya,KEN,2024-11-29,19,0,1,0,0.29
Kenya,KEN,2024-11-30,19,0,1,0,0.29
Kenya,KEN,2024-12-01,23,4,1,0,0.57
Kenya,KEN,2024-12-02,23,0,1,0,0.57
Kenya,KEN,2024-12-03,23,0,1,0,0.57
Kenya,KEN,2024-12-04,23,0,1,0,0.57
Kenya,KEN,2024-12-05,23,0,1,0,0.57
Kenya,KEN,2024-12-06,23,0,1,0,0.57
Kenya,KEN,2024-12-07,23,0,1,0,0.57
Kenya,KEN,2024-12-08,28,5,1,0,0.71
Kenya,KEN,2024-12-09,28,0,1,0,0.71
Kenya,KEN,2024-12-10,28,0,1,0,0.71
Kenya,KEN,2024-12-11,28,0,1,0,0.71
Kenya,KEN,2024-12-12,28,0,1,0,0.71
Kenya,KEN,2024-12-13,28,0,1,0,0.71
Kenya,KEN,2024-12-14,28,0,1,0,0.71
Kenya,KEN,2024-12-15,29,1,1,0,0.14
Kenya,KEN,2024-12-16,29,0,1,0,0.14
Kenya,KEN,2024-12-17,29,0,1,0,0.14
Kenya,KEN,2024-12-18,29,0,1,0,0.14
Kenya,KEN,2024-12-19,29,0,1,0,0.14
Kenya,KEN,2024-12-20,29,0,1,0,0.14
Kenya,KEN,2024-12-21,29,0,1,0,0.14
Kenya,KEN,2024-12-22,29,0,1,0,0
Kenya,KEN,2024-12-23,29,0,1,0,0
Kenya,KEN,2024-12-24,29,0,1,0,0
Kenya,KEN,2024-12-25,29,0,1,0,0
Kenya,KEN,2024-12-26,29,0,1,0,0
Kenya,KEN,2024-12-27,29,0,1,0,0
Kenya,KEN,2024-12-28,29,0,1,0,0
Kenya,KEN,2024-12-29,31,2,1,0,0.29
Kenya,KEN,2024-12-30,31,0,1,0,0.29
Kenya,KEN,2024-12-31,31,0,1,0,0.29
Kenya,KEN,2025-01-01,31,0,1,0,0.29
Kenya,KEN,2025-01-02,31,0,1,0,0.29
Kenya,KEN,2025-01-03,31,0,1,0,0.29
Kenya,KEN,2025-01-04,31,0,1,0,0.29
Kenya,KEN,2025-01-05,31,0,1,0,0
Kenya,KEN,2025-01-06,31,0,1,0,0
Kenya,KEN,2025-01-07,31,0,1,0,0
Kenya,KEN,2025-01-08,31,0,1,0,0
Kenya,KEN,2025-01-09,31,0,1,0,0
Kenya,KEN,2025-01-10,31,0,1,0,0
Kenya,KEN,2025-01-11,31,0,1,0,0
Kenya,KEN,2025-01-12,31,0,1,0,0
Kenya,KEN,2025-01-13,31,0,1,0,0
Kenya,KEN,2025-01-14,31,0,1,0,0
Kenya,KEN,2025-01-15,31,0,1,0,0
Kenya,KEN,2025-01-16,31,0,1,0,0
Kenya,KEN,2025-01-17,31,0,1,0,0
Kenya,KEN,2025-01-18,31,0,1,0,0
Kenya,KEN,2025-01-19,37,6,1,0,0.86
Kenya,KEN,2025-01-20,37,0,1,0,0.86
Kenya,KEN,2025-01-21,37,0,1,0,0.86
Kenya,KEN,2025-01-22,37,0,1,0,0.86
Kenya,KEN,2025-01-23,37,0,1,0,0.86
Kenya,KEN,2025-01-24,37,0,1,0,0.86
Kenya,KEN,2025-01-25,37,0,1,0,0.86
Kenya,KEN,2025-01-26,38,1,1,0,0.14
Kenya,KEN,2025-01-27,38,0,1,0,0.14
Kenya,KEN,2025-01-28,38,0,1,0,0.14
Kenya,KEN,2025-01-29,38,0,1,0,0.14
Kenya,KEN,2025-01-30,38,0,1,0,0.14
Kenya,KEN,2025-01-31,38,0,1,0,0.14
Kenya,KEN,2025-02-01,38,0,1,0,0.14
Kenya,KEN,2025-02-02,38,0,1,0,0
Kenya,KEN,2025-02-03,38,0,1,0,0
Kenya,KEN,2025-02-04,38,0,1,0,0
Kenya,KEN,2025-02-05,38,0,1,0,0
Kenya,KEN,2025-02-06,38,0,1,0,0
Kenya,KEN,2025-02-07,38,0,1,0,0
Kenya,KEN,2025-02-08,38,0,1,0,0
Kenya,KEN,2025-02-09,39,1,1,0,0.14
Kenya,KEN,2025-02-10,39,0,1,0,0.14
Kenya,KEN,2025-02-11,39,0,1,0,0.14
Kenya,KEN,2025-02-12,39,0,1,0,0.14
Kenya,KEN,2025-02-13,39,0,1,0,0.14
Kenya,KEN,2025-02-14,39,0,1,0,0.14
Kenya,KEN,2025-02-15,39,0,1,0,0.14
Kenya,KEN,2025-02-16,45,6,1,0,0.86
Kenya,KEN,2025-02-17,45,0,1,0,0.86
Kenya,KEN,2025-02-18,45,0,1,0,0.86
Kenya,KEN,2025-02-19,45,0,1,0,0.86
Kenya,KEN,2025-02-20,45,0,1,0,0.86
Kenya,KEN,2025-02-21,45,0,1,0,0.86
Kenya,KEN,2025-02-22,45,0,1,0,0.86
Kenya,KEN,2025-02-23,51,6,1,0,0.86
Kenya,KEN,2025-02-24,51,0,1,0,0.86
Kenya,KEN,2025-02-25,51,0,1,0,0.86
Kenya,KEN,2025-02-26,51,0,1,0,0.86
Kenya,KEN,2025-02-27,51,0,1,0,0.86
Kenya,KEN,2025-02-28,51,0,1,0,0.86
Kenya,KEN,2025-03-01,51,0,1,0,0.86
Kenya,KEN,2025-03-02,54,3,1,0,0.43
Kenya,KEN,2025-03-03,54,0,1,0,0.43
Kenya,KEN,2025-03-04,54,0,1,0,0.43
Kenya,KEN,2025-03-05,54,0,1,0,0.43
Kenya,KEN,2025-03-06,54,0,1,0,0.43
Kenya,KEN,2025-03-07,54,0,1,0,0.43
Kenya,KEN,2025-03-08,54,0,1,0,0.43
Kenya,KEN,2025-03-09,56,2,1,0,0.29
Kenya,KEN,2025-03-10,56,0,1,0,0.29
Kenya,KEN,2025-03-11,56,0,1,0,0.29
Kenya,KEN,2025-03-12,56,0,1,0,0.29
Kenya,KEN,2025-03-13,56,0,1,0,0.29
Kenya,KEN,2025-03-14,56,0,1,0,0.29
Kenya,KEN,2025-03-15,56,0,1,0,0.29
Kenya,KEN,2025-03-16,59,3,1,0,0.43
Kenya,KEN,2025-03-17,59,0,1,0,0.43
Kenya,KEN,2025-03-18,59,0,1,0,0.43
Kenya,KEN,2025-03-19,59,0,1,0,0.43
Kenya,KEN,2025-03-20,59,0,1,0,0.43
Kenya,KEN,2025-03-21,59,0,1,0,0.43
Kenya,KEN,2025-03-22,59,0,1,0,0.43
Kenya,KEN,2025-03-23,63,4,1,0,0.57
Kenya,KEN,2025-03-24,63,0,1,0,0.57
Kenya,KEN,2025-03-25,63,0,1,0,0.57
Kenya,KEN,2025-03-26,63,0,1,0,0.57
Kenya,KEN,2025-03-27,63,0,1,0,0.57
Kenya,KEN,2025-03-28,63,0,1,0,0.57
Kenya,KEN,2025-03-29,63,0,1,0,0.57
Kenya,KEN,2025-03-30,67,4,1,0,0.57
Kenya,KEN,2025-03-31,67,0,1,0,0.57
Kenya,KEN,2025-04-01,67,0,1,0,0.57
Kenya,KEN,2025-04-02,67,0,1,0,0.57
Kenya,KEN,2025-04-03,67,0,1,0,0.57
Kenya,KEN,2025-04-04,67,0,1,0,0.57
Kenya,KEN,2025-04-05,67,0,1,0,0.57
Kenya,KEN,2025-04-06,72,5,1,0,0.71
Kenya,KEN,2025-04-07,72,0,1,0,0.71
Kenya,KEN,2025-04-08,72,0,1,0,0.71
Kenya,KEN,2025-04-09,72,0,1,0,0.71
Kenya,KEN,2025-04-10,72,0,1,0,0.71
Kenya,KEN,2025-04-11,72,0,1,0,0.71
Kenya,KEN,2025-04-12,72,0,1,0,0.71
Kenya,KEN,2025-04-13,77,5,1,0,0.71
Kenya,KEN,2025-04-14,77,0,1,0,0.71
Kenya,KEN,2025-04-15,77,0,1,0,0.71
Kenya,KEN,2025-04-16,77,0,1,0,0.71
Kenya,KEN,2025-04-17,77,0,1,0,0.71
Kenya,KEN,2025-04-18,77,0,1,0,0.71
Kenya,KEN,2025-04-19,77,0,1,0,0.71
Kenya,KEN,2025-04-20,82,5,1,0,0.71
Kenya,KEN,2025-04-21,82,0,1,0,0.71
Kenya,KEN,2025-04-22,82,0,1,0,0.71
Kenya,KEN,2025-04-23,82,0,1,0,0.71
Kenya,KEN,2025-04-24,82,0,1,0,0.71
Kenya,KEN,2025-04-25,82,0,1,0,0.71
Kenya,KEN,2025-04-26,82,0,1,0,0.71
Kenya,KEN,2025-04-27,93,11,1,0,1.57
Kenya,KEN,2025-04-28,93,0,1,0,1.57
Kenya,KEN,2025-04-29,93,0,1,0,1.57
Kenya,KEN,2025-04-30,93,0,1,0,1.57
Kenya,KEN,2025-05-01,93,0,1,0,1.57
Kenya,KEN,2025-05-02,93,0,1,0,1.57
Kenya,KEN,2025-05-03,93,0,1,0,1.57
Kenya,KEN,2025-05-04,97,4,2,1,0.57
Kenya,KEN,2025-05-05,97,0,2,0,0.57
Kenya,KEN,2025-05-06,97,0,2,0,0.57
Kenya,KEN,2025-05-07,97,0,2,0,0.57
Kenya,KEN,2025-05-08,97,0,2,0,0.57
Kenya,KEN,2025-05-09,97,0,2,0,0.57
Kenya,KEN,2025-05-10,97,0,2,0,0.57
Kenya,KEN,2025-05-11,110,13,2,0,1.86
Kenya,KEN,2025-05-12,110,0,2,0,1.86
Kenya,KEN,2025-05-13,110,0,2,0,1.86
Kenya,KEN,2025-05-14,110,0,2,0,1.86
Kenya,KEN,2025-05-15,110,0,2,0,1.86
Kenya,KEN,2025-05-16,110,0,2,0,1.86
Kenya,KEN,2025-05-17,110,0,2,0,1.86
Kenya,KEN,2025-05-18,116,6,2,0,0.86
Kenya,KEN,2025-05-19,116,0,2,0,0.86
Kenya,KEN,2025-05-20,116,0,2,0,0.86
Kenya,KEN,2025-05-21,116,0,2,0,0.86
Kenya,KEN,2025-05-22,116,0,2,0,0.86
Kenya,KEN,2025-05-23,116,0,2,0,0.86
Kenya,KEN,2025-05-24,116,0,2,0,0.86
Kenya,KEN,2025-05-25,129,13,2,0,1.86
Kenya,KEN,2025-05-26,129,0,2,0,1.86
Kenya,KEN,2025-05-27,129,0,2,0,1.86
Kenya,KEN,2025-05-28,129,0,2,0,1.86
Kenya,KEN,2025-05-29,129,0,2,0,1.86
Kenya,KEN,2025-05-30,129,0,2,0,1.86
Kenya,KEN,2025-05-31,137,8,2,0,3
Kenya,KEN,2025-06-01,137,0,2,0,1.14
Kenya,KEN,2025-06-02,137,0,2,0,1.14
Kenya,KEN,2025-06-03,137,0,2,0,1.14
Kenya,KEN,2025-06-04,137,0,2,0,1.14
Kenya,KEN,2025-06-05,137,0,2,0,1.14
Kenya,KEN,2025-06-06,137,0,2,0,1.14
Kenya,KEN,2025-06-07,137,0,2,0,0
Kenya,KEN,2025-06-08,151,14,2,0,2
Kenya,KEN,2025-06-09,151,0,2,0,2
Kenya,KEN,2025-06-10,151,0,2,0,2
Kenya,KEN,2025-06-11,151,0,2,0,2
Kenya,KEN,2025-06-12,151,0,2,0,2
Kenya,KEN,2025-06-13,151,0,2,0,2
Kenya,KEN,2025-06-14,151,0,2,0,2
Kenya,KEN,2025-06-15,163,12,2,0,1.71
Kenya,KEN,2025-06-16,163,0,2,0,1.71
Kenya,KEN,2025-06-17,163,0,2,0,1.71
Kenya,KEN,2025-06-18,163,0,2,0,1.71
Kenya,KEN,2025-06-19,163,0,2,0,1.71
Kenya,KEN,2025-06-20,163,0,2,0,1.71
Kenya,KEN,2025-06-21,163,0,2,0,1.71
Kenya,KEN,2025-06-22,177,14,3,1,2
Kenya,KEN,2025-06-23,177,0,3,0,2
Kenya,KEN,2025-06-24,177,0,3,0,2
Kenya,KEN,2025-06-25,177,0,3,0,2
Kenya,KEN,2025-06-26,177,0,3,0,2
Kenya,KEN,2025-06-27,177,0,3,0,2
Kenya,KEN,2025-06-28,177,0,3,0,2
Kenya,KEN,2025-06-29,197,20,4,1,2.86
Kenya,KEN,2025-06-30,197,0,4,0,2.86
Kenya,KEN,2025-07-01,197,0,4,0,2.86
Kenya,KEN,2025-07-02,197,0,4,0,2.86
Kenya,KEN,2025-07-03,197,0,4,0,2.86
Kenya,KEN,2025-07-04,197,0,4,0,2.86
Kenya,KEN,2025-07-05,197,0,4,0,2.86
Kenya,KEN,2025-07-06,213,16,4,0,2.29
Kenya,KEN,2025-07-07,213,0,4,0,2.29
Kenya,KEN,2025-07-08,213,0,4,0,2.29
Kenya,KEN,2025-07-09,213,0,4,0,2.29
Kenya,KEN,2025-07-10,213,0,4,0,2.29
Kenya,KEN,2025-07-11,213,0,4,0,2.29
Kenya,KEN,2025-07-12,213,0,4,0,2.29
Kenya,KEN,2025-07-13,240,27,5,1,3.86
Kenya,KEN,2025-07-14,240,0,5,0,3.86
Kenya,KEN,2025-07-15,240,0,5,0,3.86
Kenya,KEN,2025-07-16,240,0,5,0,3.86
Kenya,KEN,2025-07-17,240,0,5,0,3.86
Kenya,KEN,2025-07-18,240,0,5,0,3.86
Kenya,KEN,2025-07-19,240,0,5,0,3.86
Kenya,KEN,2025-07-20,256,16,5,0,2.29
Kenya,KEN,2025-07-21,256,0,5,0,2.29
Kenya,KEN,2025-07-22,256,0,5,0,2.29
Kenya,KEN,2025-07-23,256,0,5,0,2.29
Kenya,KEN,2025-07-24,256,0,5,0,2.29
Kenya,KEN,2025-07-25,256,0,5,0,2.29
Kenya,KEN,2025-07-26,256,0,5,0,2.29
Kenya,KEN,2025-07-27,281,25,5,0,3.57
Kenya,KEN,2025-07-28,281,0,5,0,3.57
Kenya,KEN,2025-07-29,281,0,5,0,3.57
Kenya,KEN,2025-07-30,281,0,5,0,3.57
Kenya,KEN,2025-07-31,281,0,5,0,3.57
Kenya,KEN,2025-08-01,281,0,5,0,3.57
Kenya,KEN,2025-08-02,281,0,5,0,3.57
Kenya,KEN,2025-08-03,314,33,6,1,4.71
Kenya,KEN,2025-08-04,314,0,6,0,4.71
Kenya,KEN,2025-08-05,314,0,6,0,4.71
Kenya,KEN,2025-08-06,314,0,6,0,4.71
Kenya,KEN,2025-08-07,314,0,6,0,4.71
Kenya,KEN,2025-08-08,314,0,6,0,4.71
Kenya,KEN,2025-08-09,314,0,6,0,4.71
Kenya,KEN,2025-08-10,350,36,6,0,5.14
Kenya,KEN,2025-08-11,350,0,6,0,5.14
Kenya,KEN,2025-08-12,350,0,6,0,5.14
Kenya,KEN,2025-08-13,350,0,6,0,5.14
Kenya,KEN,2025-08-14,350,0,6,0,5.14
Kenya,KEN,2025-08-15,350,0,6,0,5.14
Kenya,KEN,2025-08-16,350,0,6,0,5.14
Kenya,KEN,2025-08-17,370,20,6,0,2.86
Kenya,KEN,2025-08-18,370,0,6,0,2.86
Kenya,KEN,2025-08-19,370,0,6,0,2.86
Kenya,KEN,2025-08-20,370,0,6,0,2.86
Kenya,KEN,2025-08-21,370,0,6,0,2.86
Kenya,KEN,2025-08-22,370,0,6,0,2.86
Kenya,KEN,2025-08-23,370,0,6,0,2.86
Kenya,KEN,2025-08-24,401,31,6,0,4.43
Kenya,KEN,2025-08-25,401,0,6,0,4.43
Kenya,KEN,2025-08-26,401,0,6,0,4.43
Kenya,KEN,2025-08-27,401,0,6,0,4.43
Kenya,KEN,2025-08-28,401,0,6,0,4.43
Kenya,KEN,2025-08-29,401,0,6,0,4.43
Kenya,KEN,2025-08-30,401,0,6,0,4.43
Kenya,KEN,2025-08-31,431,30,7,1,4.29
Kenya,KEN,2025-09-01,431,0,7,0,4.29
Kenya,KEN,2025-09-02,431,0,7,0,4.29
Kenya,KEN,2025-09-03,431,0,7,0,4.29
Kenya,KEN,2025-09-04,431,0,7,0,4.29
Kenya,KEN,2025-09-05,431,0,7,0,4.29
Kenya,KEN,2025-09-06,431,0,7,0,4.29
Kenya,KEN,2025-09-07,454,23,7,0,3.29
Kenya,KEN,2025-09-08,454,0,7,0,3.29
Kenya,KEN,2025-09-09,454,0,7,0,3.29
Kenya,KEN,2025-09-10,454,0,7,0,3.29
Kenya,KEN,2025-09-11,454,0,7,0,3.29
Kenya,KEN,2025-09-12,454,0,7,0,3.29
Kenya,KEN,2025-09-13,454,0,7,0,3.29
Kenya,KEN,2025-09-14,506,52,9,2,7.43
Kenya,KEN,2025-09-15,506,0,9,0,7.43
Kenya,KEN,2025-09-16,506,0,9,0,7.43
Kenya,KEN,2025-09-17,506,0,9,0,7.43
Kenya,KEN,2025-09-18,506,0,9,0,7.43
Kenya,KEN,2025-09-19,506,0,9,0,7.43
Kenya,KEN,2025-09-20,506,0,9,0,7.43
Kenya,KEN,2025-09-21,566,60,9,0,8.57
Kenya,KEN,2025-09-22,566,0,9,0,8.57
Kenya,KEN,2025-09-23,566,0,9,0,8.57
Kenya,KEN,2025-09-24,566,0,9,0,8.57
Kenya,KEN,2025-09-25,566,0,9,0,8.57
Kenya,KEN,2025-09-26,566,0,9,0,8.57
Kenya,KEN,2025-09-27,566,0,9,0,8.57
Kenya,KEN,2025-09-28,624,58,10,1,8.29
Kenya,KEN,2025-09-29,624,0,10,0,8.29
Kenya,KEN,2025-09-30,624,0,10,0,8.29
Kenya,KEN,2025-10-01,624,0,10,0,8.29
Kenya,KEN,2025-10-02,624,0,10,0,8.29
Kenya,KEN,2025-10-03,624,0,10,0,8.29
Kenya,KEN,2025-10-04,624,0,10,0,8.29
Kenya,KEN,2025-10-05,659,35,10,0,5
Kenya,KEN,2025-10-06,659,0,10,0,5
Kenya,KEN,2025-10-07,659,0,10,0,5
Kenya,KEN,2025-10-08,659,0,10,0,5
Kenya,KEN,2025-10-09,659,0,10,0,5
Kenya,KEN,2025-10-10,659,0,10,0,5
Kenya,KEN,2025-10-11,659,0,10,0,5
Kenya,KEN,2025-10-12,710,51,10,0,7.29
Kenya,KEN,2025-10-13,710,0,10,0,7.29
Kenya,KEN,2025-10-14,710,0,10,0,7.29
Kenya,KEN,2025-10-15,710,0,10,0,7.29
Kenya,KEN,2025-10-16,710,0,10,0,7.29
Kenya,KEN,2025-10-17,710,0,10,0,7.29
Kenya,KEN,2025-10-18,710,0,10,0,7.29
Kenya,KEN,2025-10-19,739,29,10,0,4.14
Kenya,KEN,2025-10-20,739,0,10,0,4.14
Kenya,KEN,2025-10-21,739,0,10,0,4.14
Kenya,KEN,2025-10-22,739,0,10,0,4.14
Kenya,KEN,2025-10-23,739,0,10,0,4.14
Kenya,KEN,2025-10-24,739,0,10,0,4.14
Kenya,KEN,2025-10-25,739,0,10,0,4.14
Kenya,KEN,2025-10-26,765,26,10,0,3.71
Kenya,KEN,2025-10-27,765,0,10,0,3.71
Kenya,KEN,2025-10-28,765,0,10,0,3.71
Kenya,KEN,2025-10-29,765,0,10,0,3.71
Kenya,KEN,2025-10-30,765,0,10,0,3.71
Kenya,KEN,2025-10-31,765,0,10,0,3.71
Kenya,KEN,2025-11-01,765,0,10,0,3.71
Kenya,KEN,2025-11-02,774,9,12,2,1.29
Kenya,KEN,2025-11-03,774,0,12,0,1.29
Kenya,KEN,2025-11-04,774,0,12,0,1.29
Kenya,KEN,2025-11-05,774,0,12,0,1.29
Kenya,KEN,2025-11-06,774,0,12,0,1.29
Kenya,KEN,2025-11-07,774,0,12,0,1.29
Kenya,KEN,2025-11-08,774,0,12,0,1.29
Kenya,KEN,2025-11-09,818,44,12,0,6.29
Kenya,KEN,2025-11-10,818,0,12,0,6.29
Kenya,KEN,2025-11-11,818,0,12,0,6.29
Kenya,KEN,2025-11-12,818,0,12,0,6.29
Kenya,KEN,2025-11-13,818,0,12,0,6.29
Kenya,KEN,2025-11-14,818,0,12,0,6.29
Kenya,KEN,2025-11-15,818,0,12,0,6.29
Kenya,KEN,2025-11-16,849,31,13,1,4.43
Kenya,KEN,2025-11-17,849,0,13,0,4.43
Kenya,KEN,2025-11-18,849,0,13,0,4.43
Kenya,KEN,2025-11-19,849,0,13,0,4.43
Kenya,KEN,2025-11-20,849,0,13,0,4.43
Kenya,KEN,2025-11-21,849,0,13,0,4.43
Kenya,KEN,2025-11-22,849,0,13,0,4.43
Kenya,KEN,2025-11-23,863,14,13,0,2
Kenya,KEN,2025-11-24,863,0,13,0,2
Kenya,KEN,2025-11-25,863,0,13,0,2
Kenya,KEN,2025-11-26,863,0,13,0,2
Kenya,KEN,2025-11-27,863,0,13,0,2
Kenya,KEN,2025-11-28,863,0,13,0,2
Kenya,KEN,2025-11-29,863,0,13,0,2
Kenya,KEN,2025-11-30,894,31,13,0,4.43
Kenya,KEN,2025-12-01,894,0,13,0,4.43
Kenya,KEN,2025-12-02,894,0,13,0,4.43
Kenya,KEN,2025-12-03,894,0,13,0,4.43
Kenya,KEN,2025-12-04,894,0,13,0,4.43
Kenya,KEN,2025-12-05,894,0,13,0,4.43
Kenya,KEN,2025-12-06,894,0,13,0,4.43
Kenya,KEN,2025-12-07,905,11,13,0,1.57
Kenya,KEN,2025-12-08,905,0,13,0,1.57
Kenya,KEN,2025-12-09,905,0,13,0,1.57
Kenya,KEN,2025-12-10,905,0,13,0,1.57
Kenya,KEN,2025-12-11,905,0,13,0,1.57
Kenya,KEN,2025-12-12,905,0,13,0,1.57
Kenya,KEN,2025-12-13,905,0,13,0,1.57
Kenya,KEN,2025-12-14,916,11,13,0,1.57
Kenya,KEN,2025-12-15,916,0,13,0,1.57
Kenya,KEN,2025-12-16,916,0,13,0,1.57
Kenya,KEN,2025-12-17,916,0,13,0,1.57
Kenya,KEN,2025-12-18,916,0,13,0,1.57
Kenya,KEN,2025-12-19,916,0,13,0,1.57
Kenya,KEN,2025-12-20,916,0,13,0,1.57
Kenya,KEN,2025-12-21,942,26,13,0,3.71
Kenya,KEN,2025-12-22,942,0,13,0,3.71
Kenya,KEN,2025-12-23,942,0,13,0,3.71
Kenya,KEN,2025-12-24,942,0,13,0,3.71
Kenya,KEN,2025-12-25,942,0,13,0,3.71
Kenya,KEN,2025-12-26,942,0,13,0,3.71
Kenya,KEN,2025-12-27,942,0,13,0,3.71
Kenya,KEN,2025-12-28,949,7,13,0,1
Kenya,KEN,2025-12-29,949,0,13,0,1
Kenya,KEN,2025-12-30,949,0,13,0,1
Kenya,KEN,2025-12-31,949,0,13,0,1
Kenya,KEN,2026-01-01,949,0,13,0,1
Kenya,KEN,2026-01-02,949,0,13,0,1
Kenya,KEN,2026-01-03,949,0,13,0,1
Kenya,KEN,2026-01-04,953,4,13,0,0.57
Kenya,KEN,2026-01-05,953,0,13,0,0.57
Kenya,KEN,2026-01-06,953,0,13,0,0.57
Kenya,KEN,2026-01-07,953,0,13,0,0.57
Kenya,KEN,2026-01-08,953,0,13,0,0.57
Kenya,KEN,2026-01-09,953,0,13,0,0.57
Kenya,KEN,2026-01-10,953,0,13,0,0.57
Kenya,KEN,2026-01-11,965,12,14,1,1.71
Kenya,KEN,2026-01-12,965,0,14,0,1.71
Kenya,KEN,2026-01-13,965,0,14,0,1.71
Kenya,KEN,2026-01-14,965,0,14,0,1.71
Kenya,KEN,2026-01-15,965,0,14,0,1.71
Kenya,KEN,2026-01-16,965,0,14,0,1.71
Kenya,KEN,2026-01-17,965,0,14,0,1.71
Kenya,KEN,2026-01-18,976,11,14,0,1.57
Kenya,KEN,2026-01-19,976,0,14,0,1.57
Kenya,KEN,2026-01-20,976,0,14,0,1.57
Kenya,KEN,2026-01-21,976,0,14,0,1.57
Kenya,KEN,2026-01-22,976,0,14,0,1.57
Kenya,KEN,2026-01-23,976,0,14,0,1.57
Kenya,KEN,2026-01-24,976,0,14,0,1.57
Kenya,KEN,2026-01-25,984,8,14,0,1.14
Kenya,KEN,2026-01-26,984,0,14,0,1.14
Kenya,KEN,2026-01-27,984,0,14,0,1.14
Kenya,KEN,2026-01-28,984,0,14,0,1.14
Kenya,KEN,2026-01-29,984,0,14,0,1.14
Kenya,KEN,2026-01-30,984,0,14,0,1.14
Kenya,KEN,2026-01-31,984,0,14,0,1.14
Kenya,KEN,2026-02-01,996,12,15,1,1.71
Kenya,KEN,2026-02-02,996,0,15,0,1.71
Kenya,KEN,2026-02-03,996,0,15,0,1.71
Kenya,KEN,2026-02-04,996,0,15,0,1.71
Kenya,KEN,2026-02-05,996,0,15,0,1.71
Kenya,KEN,2026-02-06,996,0,15,0,1.71
Kenya,KEN,2026-02-07,996,0,15,0,1.71
Kenya,KEN,2026-02-08,1007,11,15,0,1.57
Kenya,KEN,2026-02-09,1007,0,15,0,1.57
Kenya,KEN,2026-02-10,1007,0,15,0,1.57
Kenya,KEN,2026-02-11,1007,0,15,0,1.57
Kenya,KEN,2026-02-12,1007,0,15,0,1.57
Kenya,KEN,2026-02-13,1007,0,15,0,1.57
Kenya,KEN,2026-02-14,1007,0,15,0,1.57
Kenya,KEN,2026-02-15,1034,27,15,0,3.86
Kenya,KEN,2026-02-16,1034,0,15,0,3.86
Kenya,KEN,2026-02-17,1034,0,15,0,3.86
Kenya,KEN,2026-02-18,1034,0,15,0,3.86
Kenya,KEN,2026-02-19,1034,0,15,0,3.86
Kenya,KEN,2026-02-20,1034,0,15,0,3.86
Kenya,KEN,2026-02-21,1034,0,15,0,3.86
Kenya,KEN,2026-02-22,1045,11,16,1,1.57
Kenya,KEN,2026-02-23,1045,0,16,0,1.57
Kenya,KEN,2026-02-24,1045,0,16,0,1.57
Kenya,KEN,2026-02-25,1045,0,16,0,1.57
Kenya,KEN,2026-02-26,1045,0,16,0,1.57
Kenya,KEN,2026-02-27,1045,0,16,0,1.57
Kenya,KEN,2026-02-28,1045,0,16,0,1.57
Kenya,KEN,2026-03-01,1058,13,18,2,1.86
Kenya,KEN,2026-03-02,1058,0,18,0,1.86
Kenya,KEN,2026-03-03,1058,0,18,0,1.86
Kenya,KEN,2026-03-04,1058,0,18,0,1.86
Kenya,KEN,2026-03-05,1058,0,18,0,1.86
Kenya,KEN,2026-03-06,1058,0,18,0,1.86
Kenya,KEN,2026-03-07,1058,0,18,0,1.86
Kenya,KEN,2026-03-08,1074,16,19,1,2.29
Kenya,KEN,2026-03-09,1074,0,19,0,2.29
Kenya,KEN,2026-03-10,1074,0,19,0,2.29
Kenya,KEN,2026-03-11,1074,0,19,0,2.29
Kenya,KEN,2026-03-12,1074,0,19,0,2.29
Kenya,KEN,2026-03-13,1074,0,19,0,2.29
Kenya,KEN,2026-03-14,1074,0,19,0,2.29
Kenya,KEN,2026-03-15,1074,0,19,0,0
Kenya,KEN,2026-03-16,1074,0,19,0,0
Kenya,KEN,2026-03-17,1074,0,19,0,0
Kenya,KEN,2026-03-18,1074,0,19,0,0
Kenya,KEN,2026-03-19,1074,0,19,0,0
Kenya,KEN,2026-03-20,1074,0,19,0,0
Kenya,KEN,2026-03-21,1074,0,19,0,0
Kenya,KEN,2026-03-22,1087,13,19,0,1.86
Kenya,KEN,2026-03-23,1087,0,19,0,1.86
Kenya,KEN,2026-03-24,1087,0,19,0,1.86
Kenya,KEN,2026-03-25,1087,0,19,0,1.86
Kenya,KEN,2026-03-26,1087,0,19,0,1.86
Kenya,KEN,2026-03-27,1087,0,19,0,1.86
Kenya,KEN,2026-03-28,1087,0,19,0,1.86
Kenya,KEN,2026-03-29,1093,6,19,0,0.86
Kenya,KEN,2026-03-30,1093,0,19,0,0.86
Kenya,KEN,2026-03-31,1093,0,19,0,0.86
Kenya,KEN,2026-04-01,1093,0,19,0,0.86
Kenya,KEN,2026-04-02,1093,0,19,0,0.86
Kenya,KEN,2026-04-03,1093,0,19,0,0.86
Kenya,KEN,2026-04-04,1093,0,19,0,0.86
Kenya,KEN,2026-04-05,1097,4,19,0,0.57
Kenya,KEN,2026-04-06,1097,0,19,0,0.57
Kenya,KEN,2026-04-07,1097,0,19,0,0.57
Kenya,KEN,2026-04-08,1097,0,19,0,0.57
Kenya,KEN,2026-04-09,1097,0,19,0,0.57
Kenya,KEN,2026-04-10,1097,0,19,0,0.57
Kenya,KEN,2026-04-11,1097,0,19,0,0.57
Kenya,KEN,2026-04-12,1100,3,19,0,0.43
Kenya,KEN,2026-04-13,1100,0,19,0,0.43
Kenya,KEN,2026-04-14,1100,0,19,0,0.43
Kenya,KEN,2026-04-15,1100,0,19,0,0.43
Kenya,KEN,2026-04-16,1100,0,19,0,0.43
Kenya,KEN,2026-04-17,1100,0,19,0,0.43
Kenya,KEN,2026-04-18,1100,0,19,0,0.43
Kenya,KEN,2026-04-19,1106,6,19,0,0.86
Kenya,KEN,2026-04-20,1106,0,19,0,0.86
Kenya,KEN,2026-04-21,1106,0,19,0,0.86
Kenya,KEN,2026-04-22,1106,0,19,0,0.86
Kenya,KEN,2026-04-23,1106,0,19,0,0.86
Kenya,KEN,2026-04-24,1106,0,19,0,0.86
Kenya,KEN,2026-04-25,1106,0,19,0,0.86
Kenya,KEN,2026-04-26,1112,6,19,0,0.86
Liberia,LBR,2022-05-01,0,0,0,0,0
Liberia,LBR,2022-05-02,0,0,0,0,0
Liberia,LBR,2022-05-03,0,0,0,0,0
Liberia,LBR,2022-05-04,0,0,0,0,0
Liberia,LBR,2022-05-05,0,0,0,0,0
Liberia,LBR,2022-05-06,0,0,0,0,0
Liberia,LBR,2022-05-07,0,0,0,0,0
Liberia,LBR,2022-05-08,0,0,0,0,0
Liberia,LBR,2022-05-09,0,0,0,0,0
Liberia,LBR,2022-05-10,0,0,0,0,0
Liberia,LBR,2022-05-11,0,0,0,0,0
Liberia,LBR,2022-05-12,0,0,0,0,0
Liberia,LBR,2022-05-13,0,0,0,0,0
Liberia,LBR,2022-05-14,0,0,0,0,0
Liberia,LBR,2022-05-15,0,0,0,0,0
Liberia,LBR,2022-05-16,0,0,0,0,0
Liberia,LBR,2022-05-17,0,0,0,0,0
Liberia,LBR,2022-05-18,0,0,0,0,0
Liberia,LBR,2022-05-19,0,0,0,0,0
Liberia,LBR,2022-05-20,0,0,0,0,0
Liberia,LBR,2022-05-21,0,0,0,0,0
Liberia,LBR,2022-05-22,0,0,0,0,0
Liberia,LBR,2022-05-23,0,0,0,0,0
Liberia,LBR,2022-05-24,0,0,0,0,0
Liberia,LBR,2022-05-25,0,0,0,0,0
Liberia,LBR,2022-05-26,0,0,0,0,0
Liberia,LBR,2022-05-27,0,0,0,0,0
Liberia,LBR,2022-05-28,0,0,0,0,0
Liberia,LBR,2022-05-29,0,0,0,0,0
Liberia,LBR,2022-05-30,0,0,0,0,0
Liberia,LBR,2022-05-31,0,0,0,0,0
Liberia,LBR,2022-06-01,0,0,0,0,0
Liberia,LBR,2022-06-02,0,0,0,0,0
Liberia,LBR,2022-06-03,0,0,0,0,0
Liberia,LBR,2022-06-04,0,0,0,0,0
Liberia,LBR,2022-06-05,0,0,0,0,0
Liberia,LBR,2022-06-06,0,0,0,0,0
Liberia,LBR,2022-06-07,0,0,0,0,0
Liberia,LBR,2022-06-08,0,0,0,0,0
Liberia,LBR,2022-06-09,0,0,0,0,0
Liberia,LBR,2022-06-10,0,0,0,0,0
Liberia,LBR,2022-06-11,0,0,0,0,0
Liberia,LBR,2022-06-12,0,0,0,0,0
Liberia,LBR,2022-06-13,0,0,0,0,0
Liberia,LBR,2022-06-14,0,0,0,0,0
Liberia,LBR,2022-06-15,0,0,0,0,0
Liberia,LBR,2022-06-16,0,0,0,0,0
Liberia,LBR,2022-06-17,0,0,0,0,0
Liberia,LBR,2022-06-18,0,0,0,0,0
Liberia,LBR,2022-06-19,0,0,0,0,0
Liberia,LBR,2022-06-20,0,0,0,0,0
Liberia,LBR,2022-06-21,0,0,0,0,0
Liberia,LBR,2022-06-22,0,0,0,0,0
Liberia,LBR,2022-06-23,0,0,0,0,0
Liberia,LBR,2022-06-24,0,0,0,0,0
Liberia,LBR,2022-06-25,0,0,0,0,0
Liberia,LBR,2022-06-26,0,0,0,0,0
Liberia,LBR,2022-06-27,0,0,0,0,0
Liberia,LBR,2022-06-28,0,0,0,0,0
Liberia,LBR,2022-06-29,0,0,0,0,0
Liberia,LBR,2022-06-30,0,0,0,0,0
Liberia,LBR,2022-07-01,0,0,0,0,0
Liberia,LBR,2022-07-02,0,0,0,0,0
Liberia,LBR,2022-07-03,0,0,0,0,0
Liberia,LBR,2022-07-04,0,0,0,0,0
Liberia,LBR,2022-07-05,0,0,0,0,0
Liberia,LBR,2022-07-06,0,0,0,0,0
Liberia,LBR,2022-07-07,0,0,0,0,0
Liberia,LBR,2022-07-08,0,0,0,0,0
Liberia,LBR,2022-07-09,0,0,0,0,0
Liberia,LBR,2022-07-10,0,0,0,0,0
Liberia,LBR,2022-07-11,0,0,0,0,0
Liberia,LBR,2022-07-12,0,0,0,0,0
Liberia,LBR,2022-07-13,0,0,0,0,0
Liberia,LBR,2022-07-14,0,0,0,0,0
Liberia,LBR,2022-07-15,0,0,0,0,0
Liberia,LBR,2022-07-16,0,0,0,0,0
Liberia,LBR,2022-07-17,0,0,0,0,0
Liberia,LBR,2022-07-18,0,0,0,0,0
Liberia,LBR,2022-07-19,0,0,0,0,0
Liberia,LBR,2022-07-20,0,0,0,0,0
Liberia,LBR,2022-07-21,0,0,0,0,0
Liberia,LBR,2022-07-22,0,0,0,0,0
Liberia,LBR,2022-07-23,0,0,0,0,0
Liberia,LBR,2022-07-24,0,0,0,0,0
Liberia,LBR,2022-07-25,0,0,0,0,0
Liberia,LBR,2022-07-26,0,0,0,0,0
Liberia,LBR,2022-07-27,0,0,0,0,0
Liberia,LBR,2022-07-28,0,0,0,0,0
Liberia,LBR,2022-07-29,0,0,0,0,0
Liberia,LBR,2022-07-30,0,0,0,0,0
Liberia,LBR,2022-07-31,1,1,0,0,0.14
Liberia,LBR,2022-08-01,1,0,0,0,0.14
Liberia,LBR,2022-08-02,1,0,0,0,0.14
Liberia,LBR,2022-08-03,1,0,0,0,0.14
Liberia,LBR,2022-08-04,1,0,0,0,0.14
Liberia,LBR,2022-08-05,1,0,0,0,0.14
Liberia,LBR,2022-08-06,1,0,0,0,0.14
Liberia,LBR,2022-08-07,2,1,0,0,0.14
Liberia,LBR,2022-08-08,2,0,0,0,0.14
Liberia,LBR,2022-08-09,2,0,0,0,0.14
Liberia,LBR,2022-08-10,2,0,0,0,0.14
Liberia,LBR,2022-08-11,2,0,0,0,0.14
Liberia,LBR,2022-08-12,2,0,0,0,0.14
Liberia,LBR,2022-08-13,2,0,0,0,0.14
Liberia,LBR,2022-08-14,3,1,0,0,0.14
Liberia,LBR,2022-08-15,3,0,0,0,0.14
Liberia,LBR,2022-08-16,3,0,0,0,0.14
Liberia,LBR,2022-08-17,3,0,0,0,0.14
Liberia,LBR,2022-08-18,3,0,0,0,0.14
Liberia,LBR,2022-08-19,3,0,0,0,0.14
Liberia,LBR,2022-08-20,3,0,0,0,0.14
Liberia,LBR,2022-08-21,3,0,0,0,0
Liberia,LBR,2022-08-22,3,0,0,0,0
Liberia,LBR,2022-08-23,3,0,0,0,0
Liberia,LBR,2022-08-24,3,0,0,0,0
Liberia,LBR,2022-08-25,3,0,0,0,0
Liberia,LBR,2022-08-26,3,0,0,0,0
Liberia,LBR,2022-08-27,3,0,0,0,0
Liberia,LBR,2022-08-28,3,0,0,0,0
Liberia,LBR,2022-08-29,3,0,0,0,0
Liberia,LBR,2022-08-30,3,0,0,0,0
Liberia,LBR,2022-08-31,3,0,0,0,0
Liberia,LBR,2022-09-01,3,0,0,0,0
Liberia,LBR,2022-09-02,3,0,0,0,0
Liberia,LBR,2022-09-03,3,0,0,0,0
Liberia,LBR,2022-09-04,3,0,0,0,0
Liberia,LBR,2022-09-05,3,0,0,0,0
Liberia,LBR,2022-09-06,3,0,0,0,0
Liberia,LBR,2022-09-07,3,0,0,0,0
Liberia,LBR,2022-09-08,3,0,0,0,0
Liberia,LBR,2022-09-09,3,0,0,0,0
Liberia,LBR,2022-09-10,3,0,0,0,0
Liberia,LBR,2022-09-11,3,0,0,0,0
Liberia,LBR,2022-09-12,3,0,0,0,0
Liberia,LBR,2022-09-13,3,0,0,0,0
Liberia,LBR,2022-09-14,3,0,0,0,0
Liberia,LBR,2022-09-15,3,0,0,0,0
Liberia,LBR,2022-09-16,3,0,0,0,0
Liberia,LBR,2022-09-17,3,0,0,0,0
Liberia,LBR,2022-09-18,3,0,0,0,0
Liberia,LBR,2022-09-19,3,0,0,0,0
Liberia,LBR,2022-09-20,3,0,0,0,0
Liberia,LBR,2022-09-21,3,0,0,0,0
Liberia,LBR,2022-09-22,3,0,0,0,0
Liberia,LBR,2022-09-23,3,0,0,0,0
Liberia,LBR,2022-09-24,3,0,0,0,0
Liberia,LBR,2022-09-25,3,0,0,0,0
Liberia,LBR,2022-09-26,3,0,0,0,0
Liberia,LBR,2022-09-27,3,0,0,0,0
Liberia,LBR,2022-09-28,3,0,0,0,0
Liberia,LBR,2022-09-29,3,0,0,0,0
Liberia,LBR,2022-09-30,3,0,0,0,0
Liberia,LBR,2022-10-01,3,0,0,0,0
Liberia,LBR,2022-10-02,3,0,0,0,0
Liberia,LBR,2022-10-03,3,0,0,0,0
Liberia,LBR,2022-10-04,3,0,0,0,0
Liberia,LBR,2022-10-05,3,0,0,0,0
Liberia,LBR,2022-10-06,3,0,0,0,0
Liberia,LBR,2022-10-07,3,0,0,0,0
Liberia,LBR,2022-10-08,3,0,0,0,0
Liberia,LBR,2022-10-09,3,0,0,0,0
Liberia,LBR,2022-10-10,3,0,0,0,0
Liberia,LBR,2022-10-11,3,0,0,0,0
Liberia,LBR,2022-10-12,3,0,0,0,0
Liberia,LBR,2022-10-13,3,0,0,0,0
Liberia,LBR,2022-10-14,3,0,0,0,0
Liberia,LBR,2022-10-15,3,0,0,0,0
Liberia,LBR,2022-10-16,3,0,0,0,0
Liberia,LBR,2022-10-17,3,0,0,0,0
Liberia,LBR,2022-10-18,3,0,0,0,0
Liberia,LBR,2022-10-19,3,0,0,0,0
Liberia,LBR,2022-10-20,3,0,0,0,0
Liberia,LBR,2022-10-21,3,0,0,0,0
Liberia,LBR,2022-10-22,3,0,0,0,0
Liberia,LBR,2022-10-23,3,0,0,0,0
Liberia,LBR,2022-10-24,3,0,0,0,0
Liberia,LBR,2022-10-25,3,0,0,0,0
Liberia,LBR,2022-10-26,3,0,0,0,0
Liberia,LBR,2022-10-27,3,0,0,0,0
Liberia,LBR,2022-10-28,3,0,0,0,0
Liberia,LBR,2022-10-29,3,0,0,0,0
Liberia,LBR,2022-10-30,3,0,0,0,0
Liberia,LBR,2022-10-31,3,0,0,0,0
Liberia,LBR,2022-11-01,3,0,0,0,0
Liberia,LBR,2022-11-02,3,0,0,0,0
Liberia,LBR,2022-11-03,3,0,0,0,0
Liberia,LBR,2022-11-04,3,0,0,0,0
Liberia,LBR,2022-11-05,3,0,0,0,0
Liberia,LBR,2022-11-06,3,0,0,0,0
Liberia,LBR,2022-11-07,3,0,0,0,0
Liberia,LBR,2022-11-08,3,0,0,0,0
Liberia,LBR,2022-11-09,3,0,0,0,0
Liberia,LBR,2022-11-10,3,0,0,0,0
Liberia,LBR,2022-11-11,3,0,0,0,0
Liberia,LBR,2022-11-12,3,0,0,0,0
Liberia,LBR,2022-11-13,3,0,0,0,0
Liberia,LBR,2022-11-14,3,0,0,0,0
Liberia,LBR,2022-11-15,3,0,0,0,0
Liberia,LBR,2022-11-16,3,0,0,0,0
Liberia,LBR,2022-11-17,3,0,0,0,0
Liberia,LBR,2022-11-18,3,0,0,0,0
Liberia,LBR,2022-11-19,3,0,0,0,0
Liberia,LBR,2022-11-20,3,0,0,0,0
Liberia,LBR,2022-11-21,3,0,0,0,0
Liberia,LBR,2022-11-22,3,0,0,0,0
Liberia,LBR,2022-11-23,3,0,0,0,0
Liberia,LBR,2022-11-24,3,0,0,0,0
Liberia,LBR,2022-11-25,3,0,0,0,0
Liberia,LBR,2022-11-26,3,0,0,0,0
Liberia,LBR,2022-11-27,4,1,0,0,0.14
Liberia,LBR,2022-11-28,4,0,0,0,0.14
Liberia,LBR,2022-11-29,4,0,0,0,0.14
Liberia,LBR,2022-11-30,4,0,0,0,0.14
Liberia,LBR,2022-12-01,4,0,0,0,0.14
Liberia,LBR,2022-12-02,4,0,0,0,0.14
Liberia,LBR,2022-12-03,4,0,0,0,0.14
Liberia,LBR,2022-12-04,4,0,0,0,0
Liberia,LBR,2022-12-05,4,0,0,0,0
Liberia,LBR,2022-12-06,4,0,0,0,0
Liberia,LBR,2022-12-07,4,0,0,0,0
Liberia,LBR,2022-12-08,4,0,0,0,0
Liberia,LBR,2022-12-09,4,0,0,0,0
Liberia,LBR,2022-12-10,4,0,0,0,0
Liberia,LBR,2022-12-11,6,2,0,0,0.29
Liberia,LBR,2022-12-12,6,0,0,0,0.29
Liberia,LBR,2022-12-13,6,0,0,0,0.29
Liberia,LBR,2022-12-14,6,0,0,0,0.29
Liberia,LBR,2022-12-15,6,0,0,0,0.29
Liberia,LBR,2022-12-16,6,0,0,0,0.29
Liberia,LBR,2022-12-17,6,0,0,0,0.29
Liberia,LBR,2022-12-18,6,0,0,0,0
Liberia,LBR,2022-12-19,6,0,0,0,0
Liberia,LBR,2022-12-20,6,0,0,0,0
Liberia,LBR,2022-12-21,6,0,0,0,0
Liberia,LBR,2022-12-22,6,0,0,0,0
Liberia,LBR,2022-12-23,6,0,0,0,0
Liberia,LBR,2022-12-24,6,0,0,0,0
Liberia,LBR,2022-12-25,6,0,0,0,0
Liberia,LBR,2022-12-26,6,0,0,0,0
Liberia,LBR,2022-12-27,6,0,0,0,0
Liberia,LBR,2022-12-28,6,0,0,0,0
Liberia,LBR,2022-12-29,6,0,0,0,0
Liberia,LBR,2022-12-30,6,0,0,0,0
Liberia,LBR,2022-12-31,6,0,0,0,0
Liberia,LBR,2023-01-01,6,0,0,0,0
Liberia,LBR,2023-01-02,6,0,0,0,0
Liberia,LBR,2023-01-03,6,0,0,0,0
Liberia,LBR,2023-01-04,6,0,0,0,0
Liberia,LBR,2023-01-05,6,0,0,0,0
Liberia,LBR,2023-01-06,6,0,0,0,0
Liberia,LBR,2023-01-07,6,0,0,0,0
Liberia,LBR,2023-01-08,6,0,0,0,0
Liberia,LBR,2023-01-09,6,0,0,0,0
Liberia,LBR,2023-01-10,6,0,0,0,0
Liberia,LBR,2023-01-11,6,0,0,0,0
Liberia,LBR,2023-01-12,6,0,0,0,0
Liberia,LBR,2023-01-13,6,0,0,0,0
Liberia,LBR,2023-01-14,6,0,0,0,0
Liberia,LBR,2023-01-15,6,0,0,0,0
Liberia,LBR,2023-01-16,6,0,0,0,0
Liberia,LBR,2023-01-17,6,0,0,0,0
Liberia,LBR,2023-01-18,6,0,0,0,0
Liberia,LBR,2023-01-19,6,0,0,0,0
Liberia,LBR,2023-01-20,6,0,0,0,0
Liberia,LBR,2023-01-21,6,0,0,0,0
Liberia,LBR,2023-01-22,6,0,0,0,0
Liberia,LBR,2023-01-23,6,0,0,0,0
Liberia,LBR,2023-01-24,6,0,0,0,0
Liberia,LBR,2023-01-25,6,0,0,0,0
Liberia,LBR,2023-01-26,6,0,0,0,0
Liberia,LBR,2023-01-27,6,0,0,0,0
Liberia,LBR,2023-01-28,6,0,0,0,0
Liberia,LBR,2023-01-29,7,1,0,0,0.14
Liberia,LBR,2023-01-30,7,0,0,0,0.14
Liberia,LBR,2023-01-31,7,0,0,0,0.14
Liberia,LBR,2023-02-01,7,0,0,0,0.14
Liberia,LBR,2023-02-02,7,0,0,0,0.14
Liberia,LBR,2023-02-03,7,0,0,0,0.14
Liberia,LBR,2023-02-04,7,0,0,0,0.14
Liberia,LBR,2023-02-05,7,0,0,0,0
Liberia,LBR,2023-02-06,7,0,0,0,0
Liberia,LBR,2023-02-07,7,0,0,0,0
Liberia,LBR,2023-02-08,7,0,0,0,0
Liberia,LBR,2023-02-09,7,0,0,0,0
Liberia,LBR,2023-02-10,7,0,0,0,0
Liberia,LBR,2023-02-11,7,0,0,0,0
Liberia,LBR,2023-02-12,7,0,0,0,0
Liberia,LBR,2023-02-13,7,0,0,0,0
Liberia,LBR,2023-02-14,7,0,0,0,0
Liberia,LBR,2023-02-15,7,0,0,0,0
Liberia,LBR,2023-02-16,7,0,0,0,0
Liberia,LBR,2023-02-17,7,0,0,0,0
Liberia,LBR,2023-02-18,7,0,0,0,0
Liberia,LBR,2023-02-19,8,1,0,0,0.14
Liberia,LBR,2023-02-20,8,0,0,0,0.14
Liberia,LBR,2023-02-21,8,0,0,0,0.14
Liberia,LBR,2023-02-22,8,0,0,0,0.14
Liberia,LBR,2023-02-23,8,0,0,0,0.14
Liberia,LBR,2023-02-24,8,0,0,0,0.14
Liberia,LBR,2023-02-25,8,0,0,0,0.14
Liberia,LBR,2023-02-26,8,0,0,0,0
Liberia,LBR,2023-02-27,8,0,0,0,0
Liberia,LBR,2023-02-28,8,0,0,0,0
Liberia,LBR,2023-03-01,8,0,0,0,0
Liberia,LBR,2023-03-02,8,0,0,0,0
Liberia,LBR,2023-03-03,8,0,0,0,0
Liberia,LBR,2023-03-04,8,0,0,0,0
Liberia,LBR,2023-03-05,9,1,0,0,0.14
Liberia,LBR,2023-03-06,9,0,0,0,0.14
Liberia,LBR,2023-03-07,9,0,0,0,0.14
Liberia,LBR,2023-03-08,9,0,0,0,0.14
Liberia,LBR,2023-03-09,9,0,0,0,0.14
Liberia,LBR,2023-03-10,9,0,0,0,0.14
Liberia,LBR,2023-03-11,9,0,0,0,0.14
Liberia,LBR,2023-03-12,9,0,0,0,0
Liberia,LBR,2023-03-13,9,0,0,0,0
Liberia,LBR,2023-03-14,9,0,0,0,0
Liberia,LBR,2023-03-15,9,0,0,0,0
Liberia,LBR,2023-03-16,9,0,0,0,0
Liberia,LBR,2023-03-17,9,0,0,0,0
Liberia,LBR,2023-03-18,9,0,0,0,0
Liberia,LBR,2023-03-19,10,1,0,0,0.14
Liberia,LBR,2023-03-20,10,0,0,0,0.14
Liberia,LBR,2023-03-21,10,0,0,0,0.14
Liberia,LBR,2023-03-22,10,0,0,0,0.14
Liberia,LBR,2023-03-23,10,0,0,0,0.14
Liberia,LBR,2023-03-24,10,0,0,0,0.14
Liberia,LBR,2023-03-25,10,0,0,0,0.14
Liberia,LBR,2023-03-26,10,0,0,0,0
Liberia,LBR,2023-03-27,10,0,0,0,0
Liberia,LBR,2023-03-28,10,0,0,0,0
Liberia,LBR,2023-03-29,10,0,0,0,0
Liberia,LBR,2023-03-30,10,0,0,0,0
Liberia,LBR,2023-03-31,10,0,0,0,0
Liberia,LBR,2023-04-01,10,0,0,0,0
Liberia,LBR,2023-04-02,10,0,0,0,0
Liberia,LBR,2023-04-03,10,0,0,0,0
Liberia,LBR,2023-04-04,10,0,0,0,0
Liberia,LBR,2023-04-05,10,0,0,0,0
Liberia,LBR,2023-04-06,10,0,0,0,0
Liberia,LBR,2023-04-07,10,0,0,0,0
Liberia,LBR,2023-04-08,10,0,0,0,0
Liberia,LBR,2023-04-09,10,0,0,0,0
Liberia,LBR,2023-04-10,10,0,0,0,0
Liberia,LBR,2023-04-11,10,0,0,0,0
Liberia,LBR,2023-04-12,10,0,0,0,0
Liberia,LBR,2023-04-13,10,0,0,0,0
Liberia,LBR,2023-04-14,10,0,0,0,0
Liberia,LBR,2023-04-15,10,0,0,0,0
Liberia,LBR,2023-04-16,10,0,0,0,0
Liberia,LBR,2023-04-17,10,0,0,0,0
Liberia,LBR,2023-04-18,10,0,0,0,0
Liberia,LBR,2023-04-19,10,0,0,0,0
Liberia,LBR,2023-04-20,10,0,0,0,0
Liberia,LBR,2023-04-21,10,0,0,0,0
Liberia,LBR,2023-04-22,10,0,0,0,0
Liberia,LBR,2023-04-23,12,2,0,0,0.29
Liberia,LBR,2023-04-24,12,0,0,0,0.29
Liberia,LBR,2023-04-25,12,0,0,0,0.29
Liberia,LBR,2023-04-26,12,0,0,0,0.29
Liberia,LBR,2023-04-27,12,0,0,0,0.29
Liberia,LBR,2023-04-28,12,0,0,0,0.29
Liberia,LBR,2023-04-29,12,0,0,0,0.29
Liberia,LBR,2023-04-30,12,0,0,0,0
Liberia,LBR,2023-05-01,12,0,0,0,0
Liberia,LBR,2023-05-02,12,0,0,0,0
Liberia,LBR,2023-05-03,12,0,0,0,0
Liberia,LBR,2023-05-04,12,0,0,0,0
Liberia,LBR,2023-05-05,12,0,0,0,0
Liberia,LBR,2023-05-06,12,0,0,0,0
Liberia,LBR,2023-05-07,12,0,0,0,0
Liberia,LBR,2023-05-08,12,0,0,0,0
Liberia,LBR,2023-05-09,12,0,0,0,0
Liberia,LBR,2023-05-10,12,0,0,0,0
Liberia,LBR,2023-05-11,12,0,0,0,0
Liberia,LBR,2023-05-12,12,0,0,0,0
Liberia,LBR,2023-05-13,12,0,0,0,0
Liberia,LBR,2023-05-14,12,0,0,0,0
Liberia,LBR,2023-05-15,12,0,0,0,0
Liberia,LBR,2023-05-16,12,0,0,0,0
Liberia,LBR,2023-05-17,12,0,0,0,0
Liberia,LBR,2023-05-18,12,0,0,0,0
Liberia,LBR,2023-05-19,12,0,0,0,0
Liberia,LBR,2023-05-20,12,0,0,0,0
Liberia,LBR,2023-05-21,12,0,0,0,0
Liberia,LBR,2023-05-22,12,0,0,0,0
Liberia,LBR,2023-05-23,12,0,0,0,0
Liberia,LBR,2023-05-24,12,0,0,0,0
Liberia,LBR,2023-05-25,12,0,0,0,0
Liberia,LBR,2023-05-26,12,0,0,0,0
Liberia,LBR,2023-05-27,12,0,0,0,0
Liberia,LBR,2023-05-28,12,0,0,0,0
Liberia,LBR,2023-05-29,12,0,0,0,0
Liberia,LBR,2023-05-30,12,0,0,0,0
Liberia,LBR,2023-05-31,12,0,0,0,0
Liberia,LBR,2023-06-01,12,0,0,0,0
Liberia,LBR,2023-06-02,12,0,0,0,0
Liberia,LBR,2023-06-03,12,0,0,0,0
Liberia,LBR,2023-06-04,12,0,0,0,0
Liberia,LBR,2023-06-05,12,0,0,0,0
Liberia,LBR,2023-06-06,12,0,0,0,0
Liberia,LBR,2023-06-07,12,0,0,0,0
Liberia,LBR,2023-06-08,12,0,0,0,0
Liberia,LBR,2023-06-09,12,0,0,0,0
Liberia,LBR,2023-06-10,12,0,0,0,0
Liberia,LBR,2023-06-11,12,0,0,0,0
Liberia,LBR,2023-06-12,12,0,0,0,0
Liberia,LBR,2023-06-13,12,0,0,0,0
Liberia,LBR,2023-06-14,12,0,0,0,0
Liberia,LBR,2023-06-15,12,0,0,0,0
Liberia,LBR,2023-06-16,12,0,0,0,0
Liberia,LBR,2023-06-17,12,0,0,0,0
Liberia,LBR,2023-06-18,12,0,0,0,0
Liberia,LBR,2023-06-19,12,0,0,0,0
Liberia,LBR,2023-06-20,12,0,0,0,0
Liberia,LBR,2023-06-21,12,0,0,0,0
Liberia,LBR,2023-06-22,12,0,0,0,0
Liberia,LBR,2023-06-23,12,0,0,0,0
Liberia,LBR,2023-06-24,12,0,0,0,0
Liberia,LBR,2023-06-25,12,0,0,0,0
Liberia,LBR,2023-06-26,12,0,0,0,0
Liberia,LBR,2023-06-27,12,0,0,0,0
Liberia,LBR,2023-06-28,12,0,0,0,0
Liberia,LBR,2023-06-29,12,0,0,0,0
Liberia,LBR,2023-06-30,12,0,0,0,0
Liberia,LBR,2023-07-01,12,0,0,0,0
Liberia,LBR,2023-07-02,12,0,0,0,0
Liberia,LBR,2023-07-03,12,0,0,0,0
Liberia,LBR,2023-07-04,12,0,0,0,0
Liberia,LBR,2023-07-05,12,0,0,0,0
Liberia,LBR,2023-07-06,12,0,0,0,0
Liberia,LBR,2023-07-07,12,0,0,0,0
Liberia,LBR,2023-07-08,12,0,0,0,0
Liberia,LBR,2023-07-09,12,0,0,0,0
Liberia,LBR,2023-07-10,12,0,0,0,0
Liberia,LBR,2023-07-11,12,0,0,0,0
Liberia,LBR,2023-07-12,12,0,0,0,0
Liberia,LBR,2023-07-13,12,0,0,0,0
Liberia,LBR,2023-07-14,12,0,0,0,0
Liberia,LBR,2023-07-15,12,0,0,0,0
Liberia,LBR,2023-07-16,12,0,0,0,0
Liberia,LBR,2023-07-17,12,0,0,0,0
Liberia,LBR,2023-07-18,12,0,0,0,0
Liberia,LBR,2023-07-19,12,0,0,0,0
Liberia,LBR,2023-07-20,12,0,0,0,0
Liberia,LBR,2023-07-21,12,0,0,0,0
Liberia,LBR,2023-07-22,12,0,0,0,0
Liberia,LBR,2023-07-23,12,0,0,0,0
Liberia,LBR,2023-07-24,12,0,0,0,0
Liberia,LBR,2023-07-25,12,0,0,0,0
Liberia,LBR,2023-07-26,12,0,0,0,0
Liberia,LBR,2023-07-27,12,0,0,0,0
Liberia,LBR,2023-07-28,12,0,0,0,0
Liberia,LBR,2023-07-29,12,0,0,0,0
Liberia,LBR,2023-07-30,12,0,0,0,0
Liberia,LBR,2023-07-31,12,0,0,0,0
Liberia,LBR,2023-08-01,12,0,0,0,0
Liberia,LBR,2023-08-02,12,0,0,0,0
Liberia,LBR,2023-08-03,12,0,0,0,0
Liberia,LBR,2023-08-04,12,0,0,0,0
Liberia,LBR,2023-08-05,12,0,0,0,0
Liberia,LBR,2023-08-06,12,0,0,0,0
Liberia,LBR,2023-08-07,12,0,0,0,0
Liberia,LBR,2023-08-08,12,0,0,0,0
Liberia,LBR,2023-08-09,12,0,0,0,0
Liberia,LBR,2023-08-10,12,0,0,0,0
Liberia,LBR,2023-08-11,12,0,0,0,0
Liberia,LBR,2023-08-12,12,0,0,0,0
Liberia,LBR,2023-08-13,12,0,0,0,0
Liberia,LBR,2023-08-14,12,0,0,0,0
Liberia,LBR,2023-08-15,12,0,0,0,0
Liberia,LBR,2023-08-16,12,0,0,0,0
Liberia,LBR,2023-08-17,12,0,0,0,0
Liberia,LBR,2023-08-18,12,0,0,0,0
Liberia,LBR,2023-08-19,12,0,0,0,0
Liberia,LBR,2023-08-20,12,0,0,0,0
Liberia,LBR,2023-08-21,12,0,0,0,0
Liberia,LBR,2023-08-22,12,0,0,0,0
Liberia,LBR,2023-08-23,12,0,0,0,0
Liberia,LBR,2023-08-24,12,0,0,0,0
Liberia,LBR,2023-08-25,12,0,0,0,0
Liberia,LBR,2023-08-26,12,0,0,0,0
Liberia,LBR,2023-08-27,12,0,0,0,0
Liberia,LBR,2023-08-28,12,0,0,0,0
Liberia,LBR,2023-08-29,12,0,0,0,0
Liberia,LBR,2023-08-30,12,0,0,0,0
Liberia,LBR,2023-08-31,12,0,0,0,0
Liberia,LBR,2023-09-01,12,0,0,0,0
Liberia,LBR,2023-09-02,12,0,0,0,0
Liberia,LBR,2023-09-03,12,0,0,0,0
Liberia,LBR,2023-09-04,12,0,0,0,0
Liberia,LBR,2023-09-05,12,0,0,0,0
Liberia,LBR,2023-09-06,12,0,0,0,0
Liberia,LBR,2023-09-07,12,0,0,0,0
Liberia,LBR,2023-09-08,12,0,0,0,0
Liberia,LBR,2023-09-09,12,0,0,0,0
Liberia,LBR,2023-09-10,12,0,0,0,0
Liberia,LBR,2023-09-11,12,0,0,0,0
Liberia,LBR,2023-09-12,12,0,0,0,0
Liberia,LBR,2023-09-13,12,0,0,0,0
Liberia,LBR,2023-09-14,12,0,0,0,0
Liberia,LBR,2023-09-15,12,0,0,0,0
Liberia,LBR,2023-09-16,12,0,0,0,0
Liberia,LBR,2023-09-17,12,0,0,0,0
Liberia,LBR,2023-09-18,12,0,0,0,0
Liberia,LBR,2023-09-19,12,0,0,0,0
Liberia,LBR,2023-09-20,12,0,0,0,0
Liberia,LBR,2023-09-21,12,0,0,0,0
Liberia,LBR,2023-09-22,12,0,0,0,0
Liberia,LBR,2023-09-23,12,0,0,0,0
Liberia,LBR,2023-09-24,12,0,0,0,0
Liberia,LBR,2023-09-25,12,0,0,0,0
Liberia,LBR,2023-09-26,12,0,0,0,0
Liberia,LBR,2023-09-27,12,0,0,0,0
Liberia,LBR,2023-09-28,12,0,0,0,0
Liberia,LBR,2023-09-29,12,0,0,0,0
Liberia,LBR,2023-09-30,12,0,0,0,0
Liberia,LBR,2023-10-01,12,0,0,0,0
Liberia,LBR,2023-10-02,12,0,0,0,0
Liberia,LBR,2023-10-03,12,0,0,0,0
Liberia,LBR,2023-10-04,12,0,0,0,0
Liberia,LBR,2023-10-05,12,0,0,0,0
Liberia,LBR,2023-10-06,12,0,0,0,0
Liberia,LBR,2023-10-07,12,0,0,0,0
Liberia,LBR,2023-10-08,12,0,0,0,0
Liberia,LBR,2023-10-09,12,0,0,0,0
Liberia,LBR,2023-10-10,12,0,0,0,0
Liberia,LBR,2023-10-11,12,0,0,0,0
Liberia,LBR,2023-10-12,12,0,0,0,0
Liberia,LBR,2023-10-13,12,0,0,0,0
Liberia,LBR,2023-10-14,12,0,0,0,0
Liberia,LBR,2023-10-15,12,0,0,0,0
Liberia,LBR,2023-10-16,12,0,0,0,0
Liberia,LBR,2023-10-17,12,0,0,0,0
Liberia,LBR,2023-10-18,12,0,0,0,0
Liberia,LBR,2023-10-19,12,0,0,0,0
Liberia,LBR,2023-10-20,12,0,0,0,0
Liberia,LBR,2023-10-21,12,0,0,0,0
Liberia,LBR,2023-10-22,12,0,0,0,0
Liberia,LBR,2023-10-23,12,0,0,0,0
Liberia,LBR,2023-10-24,12,0,0,0,0
Liberia,LBR,2023-10-25,12,0,0,0,0
Liberia,LBR,2023-10-26,12,0,0,0,0
Liberia,LBR,2023-10-27,12,0,0,0,0
Liberia,LBR,2023-10-28,12,0,0,0,0
Liberia,LBR,2023-10-29,12,0,0,0,0
Liberia,LBR,2023-10-30,12,0,0,0,0
Liberia,LBR,2023-10-31,12,0,0,0,0
Liberia,LBR,2023-11-01,12,0,0,0,0
Liberia,LBR,2023-11-02,12,0,0,0,0
Liberia,LBR,2023-11-03,12,0,0,0,0
Liberia,LBR,2023-11-04,12,0,0,0,0
Liberia,LBR,2023-11-05,12,0,0,0,0
Liberia,LBR,2023-11-06,12,0,0,0,0
Liberia,LBR,2023-11-07,12,0,0,0,0
Liberia,LBR,2023-11-08,12,0,0,0,0
Liberia,LBR,2023-11-09,12,0,0,0,0
Liberia,LBR,2023-11-10,12,0,0,0,0
Liberia,LBR,2023-11-11,12,0,0,0,0
Liberia,LBR,2023-11-12,12,0,0,0,0
Liberia,LBR,2023-11-13,12,0,0,0,0
Liberia,LBR,2023-11-14,12,0,0,0,0
Liberia,LBR,2023-11-15,12,0,0,0,0
Liberia,LBR,2023-11-16,12,0,0,0,0
Liberia,LBR,2023-11-17,12,0,0,0,0
Liberia,LBR,2023-11-18,12,0,0,0,0
Liberia,LBR,2023-11-19,14,2,0,0,0.29
Liberia,LBR,2023-11-20,14,0,0,0,0.29
Liberia,LBR,2023-11-21,14,0,0,0,0.29
Liberia,LBR,2023-11-22,14,0,0,0,0.29
Liberia,LBR,2023-11-23,14,0,0,0,0.29
Liberia,LBR,2023-11-24,14,0,0,0,0.29
Liberia,LBR,2023-11-25,14,0,0,0,0.29
Liberia,LBR,2023-11-26,15,1,0,0,0.14
Liberia,LBR,2023-11-27,15,0,0,0,0.14
Liberia,LBR,2023-11-28,15,0,0,0,0.14
Liberia,LBR,2023-11-29,15,0,0,0,0.14
Liberia,LBR,2023-11-30,15,0,0,0,0.14
Liberia,LBR,2023-12-01,15,0,0,0,0.14
Liberia,LBR,2023-12-02,15,0,0,0,0.14
Liberia,LBR,2023-12-03,17,2,0,0,0.29
Liberia,LBR,2023-12-04,17,0,0,0,0.29
Liberia,LBR,2023-12-05,17,0,0,0,0.29
Liberia,LBR,2023-12-06,17,0,0,0,0.29
Liberia,LBR,2023-12-07,17,0,0,0,0.29
Liberia,LBR,2023-12-08,17,0,0,0,0.29
Liberia,LBR,2023-12-09,17,0,0,0,0.29
Liberia,LBR,2023-12-10,17,0,0,0,0
Liberia,LBR,2023-12-11,17,0,0,0,0
Liberia,LBR,2023-12-12,17,0,0,0,0
Liberia,LBR,2023-12-13,17,0,0,0,0
Liberia,LBR,2023-12-14,17,0,0,0,0
Liberia,LBR,2023-12-15,17,0,0,0,0
Liberia,LBR,2023-12-16,17,0,0,0,0
Liberia,LBR,2023-12-17,17,0,0,0,0
Liberia,LBR,2023-12-18,17,0,0,0,0
Liberia,LBR,2023-12-19,17,0,0,0,0
Liberia,LBR,2023-12-20,17,0,0,0,0
Liberia,LBR,2023-12-21,17,0,0,0,0
Liberia,LBR,2023-12-22,17,0,0,0,0
Liberia,LBR,2023-12-23,17,0,0,0,0
Liberia,LBR,2023-12-24,17,0,0,0,0
Liberia,LBR,2023-12-25,17,0,0,0,0
Liberia,LBR,2023-12-26,17,0,0,0,0
Liberia,LBR,2023-12-27,17,0,0,0,0
Liberia,LBR,2023-12-28,17,0,0,0,0
Liberia,LBR,2023-12-29,17,0,0,0,0
Liberia,LBR,2023-12-30,17,0,0,0,0
Liberia,LBR,2023-12-31,17,0,0,0,0
Liberia,LBR,2024-01-01,17,0,0,0,0
Liberia,LBR,2024-01-02,17,0,0,0,0
Liberia,LBR,2024-01-03,17,0,0,0,0
Liberia,LBR,2024-01-04,17,0,0,0,0
Liberia,LBR,2024-01-05,17,0,0,0,0
Liberia,LBR,2024-01-06,17,0,0,0,0
Liberia,LBR,2024-01-07,17,0,0,0,0
Liberia,LBR,2024-01-08,17,0,0,0,0
Liberia,LBR,2024-01-09,17,0,0,0,0
Liberia,LBR,2024-01-10,17,0,0,0,0
Liberia,LBR,2024-01-11,17,0,0,0,0
Liberia,LBR,2024-01-12,17,0,0,0,0
Liberia,LBR,2024-01-13,17,0,0,0,0
Liberia,LBR,2024-01-14,18,1,0,0,0.14
Liberia,LBR,2024-01-15,18,0,0,0,0.14
Liberia,LBR,2024-01-16,18,0,0,0,0.14
Liberia,LBR,2024-01-17,18,0,0,0,0.14
Liberia,LBR,2024-01-18,18,0,0,0,0.14
Liberia,LBR,2024-01-19,18,0,0,0,0.14
Liberia,LBR,2024-01-20,18,0,0,0,0.14
Liberia,LBR,2024-01-21,18,0,0,0,0
Liberia,LBR,2024-01-22,18,0,0,0,0
Liberia,LBR,2024-01-23,18,0,0,0,0
Liberia,LBR,2024-01-24,18,0,0,0,0
Liberia,LBR,2024-01-25,18,0,0,0,0
Liberia,LBR,2024-01-26,18,0,0,0,0
Liberia,LBR,2024-01-27,18,0,0,0,0
Liberia,LBR,2024-01-28,18,0,0,0,0
Liberia,LBR,2024-01-29,18,0,0,0,0
Liberia,LBR,2024-01-30,18,0,0,0,0
Liberia,LBR,2024-01-31,18,0,0,0,0
Liberia,LBR,2024-02-01,18,0,0,0,0
Liberia,LBR,2024-02-02,18,0,0,0,0
Liberia,LBR,2024-02-03,18,0,0,0,0
Liberia,LBR,2024-02-04,18,0,0,0,0
Liberia,LBR,2024-02-05,18,0,0,0,0
Liberia,LBR,2024-02-06,18,0,0,0,0
Liberia,LBR,2024-02-07,18,0,0,0,0
Liberia,LBR,2024-02-08,18,0,0,0,0
Liberia,LBR,2024-02-09,18,0,0,0,0
Liberia,LBR,2024-02-10,18,0,0,0,0
Liberia,LBR,2024-02-11,18,0,0,0,0
Liberia,LBR,2024-02-12,18,0,0,0,0
Liberia,LBR,2024-02-13,18,0,0,0,0
Liberia,LBR,2024-02-14,18,0,0,0,0
Liberia,LBR,2024-02-15,18,0,0,0,0
Liberia,LBR,2024-02-16,18,0,0,0,0
Liberia,LBR,2024-02-17,18,0,0,0,0
Liberia,LBR,2024-02-18,19,1,0,0,0.14
Liberia,LBR,2024-02-19,19,0,0,0,0.14
Liberia,LBR,2024-02-20,19,0,0,0,0.14
Liberia,LBR,2024-02-21,19,0,0,0,0.14
Liberia,LBR,2024-02-22,19,0,0,0,0.14
Liberia,LBR,2024-02-23,19,0,0,0,0.14
Liberia,LBR,2024-02-24,19,0,0,0,0.14
Liberia,LBR,2024-02-25,19,0,0,0,0
Liberia,LBR,2024-02-26,19,0,0,0,0
Liberia,LBR,2024-02-27,19,0,0,0,0
Liberia,LBR,2024-02-28,19,0,0,0,0
Liberia,LBR,2024-02-29,19,0,0,0,0
Liberia,LBR,2024-03-01,19,0,0,0,0
Liberia,LBR,2024-03-02,19,0,0,0,0
Liberia,LBR,2024-03-03,19,0,0,0,0
Liberia,LBR,2024-03-04,19,0,0,0,0
Liberia,LBR,2024-03-05,19,0,0,0,0
Liberia,LBR,2024-03-06,19,0,0,0,0
Liberia,LBR,2024-03-07,19,0,0,0,0
Liberia,LBR,2024-03-08,19,0,0,0,0
Liberia,LBR,2024-03-09,19,0,0,0,0
Liberia,LBR,2024-03-10,19,0,0,0,0
Liberia,LBR,2024-03-11,19,0,0,0,0
Liberia,LBR,2024-03-12,19,0,0,0,0
Liberia,LBR,2024-03-13,19,0,0,0,0
Liberia,LBR,2024-03-14,19,0,0,0,0
Liberia,LBR,2024-03-15,19,0,0,0,0
Liberia,LBR,2024-03-16,19,0,0,0,0
Liberia,LBR,2024-03-17,21,2,0,0,0.29
Liberia,LBR,2024-03-18,21,0,0,0,0.29
Liberia,LBR,2024-03-19,21,0,0,0,0.29
Liberia,LBR,2024-03-20,21,0,0,0,0.29
Liberia,LBR,2024-03-21,21,0,0,0,0.29
Liberia,LBR,2024-03-22,21,0,0,0,0.29
Liberia,LBR,2024-03-23,21,0,0,0,0.29
Liberia,LBR,2024-03-24,21,0,0,0,0
Liberia,LBR,2024-03-25,21,0,0,0,0
Liberia,LBR,2024-03-26,21,0,0,0,0
Liberia,LBR,2024-03-27,21,0,0,0,0
Liberia,LBR,2024-03-28,21,0,0,0,0
Liberia,LBR,2024-03-29,21,0,0,0,0
Liberia,LBR,2024-03-30,21,0,0,0,0
Liberia,LBR,2024-03-31,21,0,0,0,0
Liberia,LBR,2024-04-01,21,0,0,0,0
Liberia,LBR,2024-04-02,21,0,0,0,0
Liberia,LBR,2024-04-03,21,0,0,0,0
Liberia,LBR,2024-04-04,21,0,0,0,0
Liberia,LBR,2024-04-05,21,0,0,0,0
Liberia,LBR,2024-04-06,21,0,0,0,0
Liberia,LBR,2024-04-07,21,0,0,0,0
Liberia,LBR,2024-04-08,21,0,0,0,0
Liberia,LBR,2024-04-09,21,0,0,0,0
Liberia,LBR,2024-04-10,21,0,0,0,0
Liberia,LBR,2024-04-11,21,0,0,0,0
Liberia,LBR,2024-04-12,21,0,0,0,0
Liberia,LBR,2024-04-13,21,0,0,0,0
Liberia,LBR,2024-04-14,21,0,0,0,0
Liberia,LBR,2024-04-15,21,0,0,0,0
Liberia,LBR,2024-04-16,21,0,0,0,0
Liberia,LBR,2024-04-17,21,0,0,0,0
Liberia,LBR,2024-04-18,21,0,0,0,0
Liberia,LBR,2024-04-19,21,0,0,0,0
Liberia,LBR,2024-04-20,21,0,0,0,0
Liberia,LBR,2024-04-21,21,0,0,0,0
Liberia,LBR,2024-04-22,21,0,0,0,0
Liberia,LBR,2024-04-23,21,0,0,0,0
Liberia,LBR,2024-04-24,21,0,0,0,0
Liberia,LBR,2024-04-25,21,0,0,0,0
Liberia,LBR,2024-04-26,21,0,0,0,0
Liberia,LBR,2024-04-27,21,0,0,0,0
Liberia,LBR,2024-04-28,21,0,0,0,0
Liberia,LBR,2024-04-29,21,0,0,0,0
Liberia,LBR,2024-04-30,21,0,0,0,0
Liberia,LBR,2024-05-01,21,0,0,0,0
Liberia,LBR,2024-05-02,21,0,0,0,0
Liberia,LBR,2024-05-03,21,0,0,0,0
Liberia,LBR,2024-05-04,21,0,0,0,0
Liberia,LBR,2024-05-05,21,0,0,0,0
Liberia,LBR,2024-05-06,21,0,0,0,0
Liberia,LBR,2024-05-07,21,0,0,0,0
Liberia,LBR,2024-05-08,21,0,0,0,0
Liberia,LBR,2024-05-09,21,0,0,0,0
Liberia,LBR,2024-05-10,21,0,0,0,0
Liberia,LBR,2024-05-11,21,0,0,0,0
Liberia,LBR,2024-05-12,22,1,0,0,0.14
Liberia,LBR,2024-05-13,22,0,0,0,0.14
Liberia,LBR,2024-05-14,22,0,0,0,0.14
Liberia,LBR,2024-05-15,22,0,0,0,0.14
Liberia,LBR,2024-05-16,22,0,0,0,0.14
Liberia,LBR,2024-05-17,22,0,0,0,0.14
Liberia,LBR,2024-05-18,22,0,0,0,0.14
Liberia,LBR,2024-05-19,22,0,0,0,0
Liberia,LBR,2024-05-20,22,0,0,0,0
Liberia,LBR,2024-05-21,22,0,0,0,0
Liberia,LBR,2024-05-22,22,0,0,0,0
Liberia,LBR,2024-05-23,22,0,0,0,0
Liberia,LBR,2024-05-24,22,0,0,0,0
Liberia,LBR,2024-05-25,22,0,0,0,0
Liberia,LBR,2024-05-26,22,0,0,0,0
Liberia,LBR,2024-05-27,22,0,0,0,0
Liberia,LBR,2024-05-28,22,0,0,0,0
Liberia,LBR,2024-05-29,22,0,0,0,0
Liberia,LBR,2024-05-30,22,0,0,0,0
Liberia,LBR,2024-05-31,22,0,0,0,0
Liberia,LBR,2024-06-01,22,0,0,0,0
Liberia,LBR,2024-06-02,22,0,0,0,0
Liberia,LBR,2024-06-03,22,0,0,0,0
Liberia,LBR,2024-06-04,22,0,0,0,0
Liberia,LBR,2024-06-05,22,0,0,0,0
Liberia,LBR,2024-06-06,22,0,0,0,0
Liberia,LBR,2024-06-07,22,0,0,0,0
Liberia,LBR,2024-06-08,22,0,0,0,0
Liberia,LBR,2024-06-09,22,0,0,0,0
Liberia,LBR,2024-06-10,22,0,0,0,0
Liberia,LBR,2024-06-11,22,0,0,0,0
Liberia,LBR,2024-06-12,22,0,0,0,0
Liberia,LBR,2024-06-13,22,0,0,0,0
Liberia,LBR,2024-06-14,22,0,0,0,0
Liberia,LBR,2024-06-15,22,0,0,0,0
Liberia,LBR,2024-06-16,22,0,0,0,0
Liberia,LBR,2024-06-17,22,0,0,0,0
Liberia,LBR,2024-06-18,22,0,0,0,0
Liberia,LBR,2024-06-19,22,0,0,0,0
Liberia,LBR,2024-06-20,22,0,0,0,0
Liberia,LBR,2024-06-21,22,0,0,0,0
Liberia,LBR,2024-06-22,22,0,0,0,0
Liberia,LBR,2024-06-23,22,0,0,0,0
Liberia,LBR,2024-06-24,22,0,0,0,0
Liberia,LBR,2024-06-25,22,0,0,0,0
Liberia,LBR,2024-06-26,22,0,0,0,0
Liberia,LBR,2024-06-27,22,0,0,0,0
Liberia,LBR,2024-06-28,22,0,0,0,0
Liberia,LBR,2024-06-29,22,0,0,0,0
Liberia,LBR,2024-06-30,22,0,0,0,0
Liberia,LBR,2024-07-01,22,0,0,0,0
Liberia,LBR,2024-07-02,22,0,0,0,0
Liberia,LBR,2024-07-03,22,0,0,0,0
Liberia,LBR,2024-07-04,22,0,0,0,0
Liberia,LBR,2024-07-05,22,0,0,0,0
Liberia,LBR,2024-07-06,22,0,0,0,0
Liberia,LBR,2024-07-07,23,1,0,0,0.14
Liberia,LBR,2024-07-08,23,0,0,0,0.14
Liberia,LBR,2024-07-09,23,0,0,0,0.14
Liberia,LBR,2024-07-10,23,0,0,0,0.14
Liberia,LBR,2024-07-11,23,0,0,0,0.14
Liberia,LBR,2024-07-12,23,0,0,0,0.14
Liberia,LBR,2024-07-13,23,0,0,0,0.14
Liberia,LBR,2024-07-14,23,0,0,0,0
Liberia,LBR,2024-07-15,23,0,0,0,0
Liberia,LBR,2024-07-16,23,0,0,0,0
Liberia,LBR,2024-07-17,23,0,0,0,0
Liberia,LBR,2024-07-18,23,0,0,0,0
Liberia,LBR,2024-07-19,23,0,0,0,0
Liberia,LBR,2024-07-20,23,0,0,0,0
Liberia,LBR,2024-07-21,23,0,0,0,0
Liberia,LBR,2024-07-22,23,0,0,0,0
Liberia,LBR,2024-07-23,23,0,0,0,0
Liberia,LBR,2024-07-24,23,0,0,0,0
Liberia,LBR,2024-07-25,23,0,0,0,0
Liberia,LBR,2024-07-26,23,0,0,0,0
Liberia,LBR,2024-07-27,23,0,0,0,0
Liberia,LBR,2024-07-28,23,0,0,0,0
Liberia,LBR,2024-07-29,23,0,0,0,0
Liberia,LBR,2024-07-30,23,0,0,0,0
Liberia,LBR,2024-07-31,23,0,0,0,0
Liberia,LBR,2024-08-01,23,0,0,0,0
Liberia,LBR,2024-08-02,23,0,0,0,0
Liberia,LBR,2024-08-03,23,0,0,0,0
Liberia,LBR,2024-08-04,23,0,0,0,0
Liberia,LBR,2024-08-05,23,0,0,0,0
Liberia,LBR,2024-08-06,23,0,0,0,0
Liberia,LBR,2024-08-07,23,0,0,0,0
Liberia,LBR,2024-08-08,23,0,0,0,0
Liberia,LBR,2024-08-09,23,0,0,0,0
Liberia,LBR,2024-08-10,23,0,0,0,0
Liberia,LBR,2024-08-11,23,0,0,0,0
Liberia,LBR,2024-08-12,23,0,0,0,0
Liberia,LBR,2024-08-13,23,0,0,0,0
Liberia,LBR,2024-08-14,23,0,0,0,0
Liberia,LBR,2024-08-15,23,0,0,0,0
Liberia,LBR,2024-08-16,23,0,0,0,0
Liberia,LBR,2024-08-17,23,0,0,0,0
Liberia,LBR,2024-08-18,23,0,0,0,0
Liberia,LBR,2024-08-19,23,0,0,0,0
Liberia,LBR,2024-08-20,23,0,0,0,0
Liberia,LBR,2024-08-21,23,0,0,0,0
Liberia,LBR,2024-08-22,23,0,0,0,0
Liberia,LBR,2024-08-23,23,0,0,0,0
Liberia,LBR,2024-08-24,23,0,0,0,0
Liberia,LBR,2024-08-25,24,1,0,0,0.14
Liberia,LBR,2024-08-26,24,0,0,0,0.14
Liberia,LBR,2024-08-27,24,0,0,0,0.14
Liberia,LBR,2024-08-28,24,0,0,0,0.14
Liberia,LBR,2024-08-29,24,0,0,0,0.14
Liberia,LBR,2024-08-30,24,0,0,0,0.14
Liberia,LBR,2024-08-31,24,0,0,0,0.14
Liberia,LBR,2024-09-01,25,1,0,0,0.14
Liberia,LBR,2024-09-02,25,0,0,0,0.14
Liberia,LBR,2024-09-03,25,0,0,0,0.14
Liberia,LBR,2024-09-04,25,0,0,0,0.14
Liberia,LBR,2024-09-05,25,0,0,0,0.14
Liberia,LBR,2024-09-06,25,0,0,0,0.14
Liberia,LBR,2024-09-07,25,0,0,0,0.14
Liberia,LBR,2024-09-08,28,3,0,0,0.43
Liberia,LBR,2024-09-09,28,0,0,0,0.43
Liberia,LBR,2024-09-10,28,0,0,0,0.43
Liberia,LBR,2024-09-11,28,0,0,0,0.43
Liberia,LBR,2024-09-12,28,0,0,0,0.43
Liberia,LBR,2024-09-13,28,0,0,0,0.43
Liberia,LBR,2024-09-14,28,0,0,0,0.43
Liberia,LBR,2024-09-15,29,1,0,0,0.14
Liberia,LBR,2024-09-16,29,0,0,0,0.14
Liberia,LBR,2024-09-17,29,0,0,0,0.14
Liberia,LBR,2024-09-18,29,0,0,0,0.14
Liberia,LBR,2024-09-19,29,0,0,0,0.14
Liberia,LBR,2024-09-20,29,0,0,0,0.14
Liberia,LBR,2024-09-21,29,0,0,0,0.14
Liberia,LBR,2024-09-22,29,0,0,0,0
Liberia,LBR,2024-09-23,29,0,0,0,0
Liberia,LBR,2024-09-24,29,0,0,0,0
Liberia,LBR,2024-09-25,29,0,0,0,0
Liberia,LBR,2024-09-26,29,0,0,0,0
Liberia,LBR,2024-09-27,29,0,0,0,0
Liberia,LBR,2024-09-28,29,0,0,0,0
Liberia,LBR,2024-09-29,31,2,0,0,0.29
Liberia,LBR,2024-09-30,31,0,0,0,0.29
Liberia,LBR,2024-10-01,31,0,0,0,0.29
Liberia,LBR,2024-10-02,31,0,0,0,0.29
Liberia,LBR,2024-10-03,31,0,0,0,0.29
Liberia,LBR,2024-10-04,31,0,0,0,0.29
Liberia,LBR,2024-10-05,31,0,0,0,0.29
Liberia,LBR,2024-10-06,31,0,0,0,0
Liberia,LBR,2024-10-07,31,0,0,0,0
Liberia,LBR,2024-10-08,31,0,0,0,0
Liberia,LBR,2024-10-09,31,0,0,0,0
Liberia,LBR,2024-10-10,31,0,0,0,0
Liberia,LBR,2024-10-11,31,0,0,0,0
Liberia,LBR,2024-10-12,31,0,0,0,0
Liberia,LBR,2024-10-13,35,4,0,0,0.57
Liberia,LBR,2024-10-14,35,0,0,0,0.57
Liberia,LBR,2024-10-15,35,0,0,0,0.57
Liberia,LBR,2024-10-16,35,0,0,0,0.57
Liberia,LBR,2024-10-17,35,0,0,0,0.57
Liberia,LBR,2024-10-18,35,0,0,0,0.57
Liberia,LBR,2024-10-19,35,0,0,0,0.57
Liberia,LBR,2024-10-20,36,1,0,0,0.14
Liberia,LBR,2024-10-21,36,0,0,0,0.14
Liberia,LBR,2024-10-22,36,0,0,0,0.14
Liberia,LBR,2024-10-23,36,0,0,0,0.14
Liberia,LBR,2024-10-24,36,0,0,0,0.14
Liberia,LBR,2024-10-25,36,0,0,0,0.14
Liberia,LBR,2024-10-26,36,0,0,0,0.14
Liberia,LBR,2024-10-27,39,3,0,0,0.43
Liberia,LBR,2024-10-28,39,0,0,0,0.43
Liberia,LBR,2024-10-29,39,0,0,0,0.43
Liberia,LBR,2024-10-30,39,0,0,0,0.43
Liberia,LBR,2024-10-31,39,0,0,0,0.43
Liberia,LBR,2024-11-01,39,0,0,0,0.43
Liberia,LBR,2024-11-02,39,0,0,0,0.43
Liberia,LBR,2024-11-03,55,16,0,0,2.29
Liberia,LBR,2024-11-04,55,0,0,0,2.29
Liberia,LBR,2024-11-05,55,0,0,0,2.29
Liberia,LBR,2024-11-06,55,0,0,0,2.29
Liberia,LBR,2024-11-07,55,0,0,0,2.29
Liberia,LBR,2024-11-08,55,0,0,0,2.29
Liberia,LBR,2024-11-09,55,0,0,0,2.29
Liberia,LBR,2024-11-10,58,3,0,0,0.43
Liberia,LBR,2024-11-11,58,0,0,0,0.43
Liberia,LBR,2024-11-12,58,0,0,0,0.43
Liberia,LBR,2024-11-13,58,0,0,0,0.43
Liberia,LBR,2024-11-14,58,0,0,0,0.43
Liberia,LBR,2024-11-15,58,0,0,0,0.43
Liberia,LBR,2024-11-16,58,0,0,0,0.43
Liberia,LBR,2024-11-17,68,10,0,0,1.43
Liberia,LBR,2024-11-18,68,0,0,0,1.43
Liberia,LBR,2024-11-19,68,0,0,0,1.43
Liberia,LBR,2024-11-20,68,0,0,0,1.43
Liberia,LBR,2024-11-21,68,0,0,0,1.43
Liberia,LBR,2024-11-22,68,0,0,0,1.43
Liberia,LBR,2024-11-23,68,0,0,0,1.43
Liberia,LBR,2024-11-24,78,10,0,0,1.43
Liberia,LBR,2024-11-25,78,0,0,0,1.43
Liberia,LBR,2024-11-26,78,0,0,0,1.43
Liberia,LBR,2024-11-27,78,0,0,0,1.43
Liberia,LBR,2024-11-28,78,0,0,0,1.43
Liberia,LBR,2024-11-29,78,0,0,0,1.43
Liberia,LBR,2024-11-30,78,0,0,0,1.43
Liberia,LBR,2024-12-01,80,2,0,0,0.29
Liberia,LBR,2024-12-02,80,0,0,0,0.29
Liberia,LBR,2024-12-03,80,0,0,0,0.29
Liberia,LBR,2024-12-04,80,0,0,0,0.29
Liberia,LBR,2024-12-05,80,0,0,0,0.29
Liberia,LBR,2024-12-06,80,0,0,0,0.29
Liberia,LBR,2024-12-07,80,0,0,0,0.29
Liberia,LBR,2024-12-08,80,0,0,0,0
Liberia,LBR,2024-12-09,80,0,0,0,0
Liberia,LBR,2024-12-10,80,0,0,0,0
Liberia,LBR,2024-12-11,80,0,0,0,0
Liberia,LBR,2024-12-12,80,0,0,0,0
Liberia,LBR,2024-12-13,80,0,0,0,0
Liberia,LBR,2024-12-14,80,0,0,0,0
Liberia,LBR,2024-12-15,80,0,0,0,0
Liberia,LBR,2024-12-16,80,0,0,0,0
Liberia,LBR,2024-12-17,80,0,0,0,0
Liberia,LBR,2024-12-18,80,0,0,0,0
Liberia,LBR,2024-12-19,80,0,0,0,0
Liberia,LBR,2024-12-20,80,0,0,0,0
Liberia,LBR,2024-12-21,80,0,0,0,0
Liberia,LBR,2024-12-22,80,0,0,0,0
Liberia,LBR,2024-12-23,80,0,0,0,0
Liberia,LBR,2024-12-24,80,0,0,0,0
Liberia,LBR,2024-12-25,80,0,0,0,0
Liberia,LBR,2024-12-26,80,0,0,0,0
Liberia,LBR,2024-12-27,80,0,0,0,0
Liberia,LBR,2024-12-28,80,0,0,0,0
Liberia,LBR,2024-12-29,80,0,0,0,0
Liberia,LBR,2024-12-30,80,0,0,0,0
Liberia,LBR,2024-12-31,80,0,0,0,0
Liberia,LBR,2025-01-01,80,0,0,0,0
Liberia,LBR,2025-01-02,80,0,0,0,0
Liberia,LBR,2025-01-03,80,0,0,0,0
Liberia,LBR,2025-01-04,80,0,0,0,0
Liberia,LBR,2025-01-05,80,0,0,0,0
Liberia,LBR,2025-01-06,80,0,0,0,0
Liberia,LBR,2025-01-07,80,0,0,0,0
Liberia,LBR,2025-01-08,80,0,0,0,0
Liberia,LBR,2025-01-09,80,0,0,0,0
Liberia,LBR,2025-01-10,80,0,0,0,0
Liberia,LBR,2025-01-11,80,0,0,0,0
Liberia,LBR,2025-01-12,80,0,0,0,0
Liberia,LBR,2025-01-13,80,0,0,0,0
Liberia,LBR,2025-01-14,80,0,0,0,0
Liberia,LBR,2025-01-15,80,0,0,0,0
Liberia,LBR,2025-01-16,80,0,0,0,0
Liberia,LBR,2025-01-17,80,0,0,0,0
Liberia,LBR,2025-01-18,80,0,0,0,0
Liberia,LBR,2025-01-19,81,1,0,0,0.14
Liberia,LBR,2025-01-20,81,0,0,0,0.14
Liberia,LBR,2025-01-21,81,0,0,0,0.14
Liberia,LBR,2025-01-22,81,0,0,0,0.14
Liberia,LBR,2025-01-23,81,0,0,0,0.14
Liberia,LBR,2025-01-24,81,0,0,0,0.14
Liberia,LBR,2025-01-25,81,0,0,0,0.14
Liberia,LBR,2025-01-26,84,3,0,0,0.43
Liberia,LBR,2025-01-27,84,0,0,0,0.43
Liberia,LBR,2025-01-28,84,0,0,0,0.43
Liberia,LBR,2025-01-29,84,0,0,0,0.43
Liberia,LBR,2025-01-30,84,0,0,0,0.43
Liberia,LBR,2025-01-31,84,0,0,0,0.43
Liberia,LBR,2025-02-01,84,0,0,0,0.43
Liberia,LBR,2025-02-02,85,1,0,0,0.14
Liberia,LBR,2025-02-03,85,0,0,0,0.14
Liberia,LBR,2025-02-04,85,0,0,0,0.14
Liberia,LBR,2025-02-05,85,0,0,0,0.14
Liberia,LBR,2025-02-06,85,0,0,0,0.14
Liberia,LBR,2025-02-07,85,0,0,0,0.14
Liberia,LBR,2025-02-08,85,0,0,0,0.14
Liberia,LBR,2025-02-09,87,2,0,0,0.29
Liberia,LBR,2025-02-10,87,0,0,0,0.29
Liberia,LBR,2025-02-11,87,0,0,0,0.29
Liberia,LBR,2025-02-12,87,0,0,0,0.29
Liberia,LBR,2025-02-13,87,0,0,0,0.29
Liberia,LBR,2025-02-14,87,0,0,0,0.29
Liberia,LBR,2025-02-15,87,0,0,0,0.29
Liberia,LBR,2025-02-16,87,0,0,0,0
Liberia,LBR,2025-02-17,87,0,0,0,0
Liberia,LBR,2025-02-18,87,0,0,0,0
Liberia,LBR,2025-02-19,87,0,0,0,0
Liberia,LBR,2025-02-20,87,0,0,0,0
Liberia,LBR,2025-02-21,87,0,0,0,0
Liberia,LBR,2025-02-22,87,0,0,0,0
Liberia,LBR,2025-02-23,87,0,0,0,0
Liberia,LBR,2025-02-24,87,0,0,0,0
Liberia,LBR,2025-02-25,87,0,0,0,0
Liberia,LBR,2025-02-26,87,0,0,0,0
Liberia,LBR,2025-02-27,87,0,0,0,0
Liberia,LBR,2025-02-28,87,0,0,0,0
Liberia,LBR,2025-03-01,87,0,0,0,0
Liberia,LBR,2025-03-02,87,0,0,0,0
Liberia,LBR,2025-03-03,87,0,0,0,0
Liberia,LBR,2025-03-04,87,0,0,0,0
Liberia,LBR,2025-03-05,87,0,0,0,0
Liberia,LBR,2025-03-06,87,0,0,0,0
Liberia,LBR,2025-03-07,87,0,0,0,0
Liberia,LBR,2025-03-08,87,0,0,0,0
Liberia,LBR,2025-03-09,87,0,0,0,0
Liberia,LBR,2025-03-10,87,0,0,0,0
Liberia,LBR,2025-03-11,87,0,0,0,0
Liberia,LBR,2025-03-12,87,0,0,0,0
Liberia,LBR,2025-03-13,87,0,0,0,0
Liberia,LBR,2025-03-14,87,0,0,0,0
Liberia,LBR,2025-03-15,87,0,0,0,0
Liberia,LBR,2025-03-16,87,0,0,0,0
Liberia,LBR,2025-03-17,87,0,0,0,0
Liberia,LBR,2025-03-18,87,0,0,0,0
Liberia,LBR,2025-03-19,87,0,0,0,0
Liberia,LBR,2025-03-20,87,0,0,0,0
Liberia,LBR,2025-03-21,87,0,0,0,0
Liberia,LBR,2025-03-22,87,0,0,0,0
Liberia,LBR,2025-03-23,87,0,0,0,0
Liberia,LBR,2025-03-24,87,0,0,0,0
Liberia,LBR,2025-03-25,87,0,0,0,0
Liberia,LBR,2025-03-26,87,0,0,0,0
Liberia,LBR,2025-03-27,87,0,0,0,0
Liberia,LBR,2025-03-28,87,0,0,0,0
Liberia,LBR,2025-03-29,87,0,0,0,0
Liberia,LBR,2025-03-30,87,0,0,0,0
Liberia,LBR,2025-03-31,87,0,0,0,0
Liberia,LBR,2025-04-01,87,0,0,0,0
Liberia,LBR,2025-04-02,87,0,0,0,0
Liberia,LBR,2025-04-03,87,0,0,0,0
Liberia,LBR,2025-04-04,87,0,0,0,0
Liberia,LBR,2025-04-05,87,0,0,0,0
Liberia,LBR,2025-04-06,87,0,0,0,0
Liberia,LBR,2025-04-07,87,0,0,0,0
Liberia,LBR,2025-04-08,87,0,0,0,0
Liberia,LBR,2025-04-09,87,0,0,0,0
Liberia,LBR,2025-04-10,87,0,0,0,0
Liberia,LBR,2025-04-11,87,0,0,0,0
Liberia,LBR,2025-04-12,87,0,0,0,0
Liberia,LBR,2025-04-13,88,1,0,0,0.14
Liberia,LBR,2025-04-14,88,0,0,0,0.14
Liberia,LBR,2025-04-15,88,0,0,0,0.14
Liberia,LBR,2025-04-16,88,0,0,0,0.14
Liberia,LBR,2025-04-17,88,0,0,0,0.14
Liberia,LBR,2025-04-18,88,0,0,0,0.14
Liberia,LBR,2025-04-19,88,0,0,0,0.14
Liberia,LBR,2025-04-20,91,3,0,0,0.43
Liberia,LBR,2025-04-21,91,0,0,0,0.43
Liberia,LBR,2025-04-22,91,0,0,0,0.43
Liberia,LBR,2025-04-23,91,0,0,0,0.43
Liberia,LBR,2025-04-24,91,0,0,0,0.43
Liberia,LBR,2025-04-25,91,0,0,0,0.43
Liberia,LBR,2025-04-26,91,0,0,0,0.43
Liberia,LBR,2025-04-27,91,0,0,0,0
Liberia,LBR,2025-04-28,91,0,0,0,0
Liberia,LBR,2025-04-29,91,0,0,0,0
Liberia,LBR,2025-04-30,91,0,0,0,0
Liberia,LBR,2025-05-01,91,0,0,0,0
Liberia,LBR,2025-05-02,91,0,0,0,0
Liberia,LBR,2025-05-03,91,0,0,0,0
Liberia,LBR,2025-05-04,92,1,0,0,0.14
Liberia,LBR,2025-05-05,92,0,0,0,0.14
Liberia,LBR,2025-05-06,92,0,0,0,0.14
Liberia,LBR,2025-05-07,92,0,0,0,0.14
Liberia,LBR,2025-05-08,92,0,0,0,0.14
Liberia,LBR,2025-05-09,92,0,0,0,0.14
Liberia,LBR,2025-05-10,92,0,0,0,0.14
Liberia,LBR,2025-05-11,96,4,0,0,0.57
Liberia,LBR,2025-05-12,96,0,0,0,0.57
Liberia,LBR,2025-05-13,96,0,0,0,0.57
Liberia,LBR,2025-05-14,96,0,0,0,0.57
Liberia,LBR,2025-05-15,96,0,0,0,0.57
Liberia,LBR,2025-05-16,96,0,0,0,0.57
Liberia,LBR,2025-05-17,96,0,0,0,0.57
Liberia,LBR,2025-05-18,99,3,0,0,0.43
Liberia,LBR,2025-05-19,99,0,0,0,0.43
Liberia,LBR,2025-05-20,99,0,0,0,0.43
Liberia,LBR,2025-05-21,99,0,0,0,0.43
Liberia,LBR,2025-05-22,99,0,0,0,0.43
Liberia,LBR,2025-05-23,99,0,0,0,0.43
Liberia,LBR,2025-05-24,99,0,0,0,0.43
Liberia,LBR,2025-05-25,129,30,0,0,4.29
Liberia,LBR,2025-05-26,129,0,0,0,4.29
Liberia,LBR,2025-05-27,129,0,0,0,4.29
Liberia,LBR,2025-05-28,129,0,0,0,4.29
Liberia,LBR,2025-05-29,129,0,0,0,4.29
Liberia,LBR,2025-05-30,129,0,0,0,4.29
Liberia,LBR,2025-05-31,170,41,0,0,10.14
Liberia,LBR,2025-06-01,170,0,0,0,5.86
Liberia,LBR,2025-06-02,170,0,0,0,5.86
Liberia,LBR,2025-06-03,170,0,0,0,5.86
Liberia,LBR,2025-06-04,170,0,0,0,5.86
Liberia,LBR,2025-06-05,170,0,0,0,5.86
Liberia,LBR,2025-06-06,170,0,0,0,5.86
Liberia,LBR,2025-06-07,170,0,0,0,0
Liberia,LBR,2025-06-08,183,13,0,0,1.86
Liberia,LBR,2025-06-09,183,0,0,0,1.86
Liberia,LBR,2025-06-10,183,0,0,0,1.86
Liberia,LBR,2025-06-11,183,0,0,0,1.86
Liberia,LBR,2025-06-12,183,0,0,0,1.86
Liberia,LBR,2025-06-13,183,0,0,0,1.86
Liberia,LBR,2025-06-14,183,0,0,0,1.86
Liberia,LBR,2025-06-15,192,9,0,0,1.29
Liberia,LBR,2025-06-16,192,0,0,0,1.29
Liberia,LBR,2025-06-17,192,0,0,0,1.29
Liberia,LBR,2025-06-18,192,0,0,0,1.29
Liberia,LBR,2025-06-19,192,0,0,0,1.29
Liberia,LBR,2025-06-20,192,0,0,0,1.29
Liberia,LBR,2025-06-21,192,0,0,0,1.29
Liberia,LBR,2025-06-22,203,11,0,0,1.57
Liberia,LBR,2025-06-23,203,0,0,0,1.57
Liberia,LBR,2025-06-24,203,0,0,0,1.57
Liberia,LBR,2025-06-25,203,0,0,0,1.57
Liberia,LBR,2025-06-26,203,0,0,0,1.57
Liberia,LBR,2025-06-27,203,0,0,0,1.57
Liberia,LBR,2025-06-28,203,0,0,0,1.57
Liberia,LBR,2025-06-29,230,27,0,0,3.86
Liberia,LBR,2025-06-30,230,0,0,0,3.86
Liberia,LBR,2025-07-01,230,0,0,0,3.86
Liberia,LBR,2025-07-02,230,0,0,0,3.86
Liberia,LBR,2025-07-03,230,0,0,0,3.86
Liberia,LBR,2025-07-04,230,0,0,0,3.86
Liberia,LBR,2025-07-05,230,0,0,0,3.86
Liberia,LBR,2025-07-06,288,58,0,0,8.29
Liberia,LBR,2025-07-07,288,0,0,0,8.29
Liberia,LBR,2025-07-08,288,0,0,0,8.29
Liberia,LBR,2025-07-09,288,0,0,0,8.29
Liberia,LBR,2025-07-10,288,0,0,0,8.29
Liberia,LBR,2025-07-11,288,0,0,0,8.29
Liberia,LBR,2025-07-12,288,0,0,0,8.29
Liberia,LBR,2025-07-13,352,64,0,0,9.14
Liberia,LBR,2025-07-14,352,0,0,0,9.14
Liberia,LBR,2025-07-15,352,0,0,0,9.14
Liberia,LBR,2025-07-16,352,0,0,0,9.14
Liberia,LBR,2025-07-17,352,0,0,0,9.14
Liberia,LBR,2025-07-18,352,0,0,0,9.14
Liberia,LBR,2025-07-19,352,0,0,0,9.14
Liberia,LBR,2025-07-20,395,43,0,0,6.14
Liberia,LBR,2025-07-21,395,0,0,0,6.14
Liberia,LBR,2025-07-22,395,0,0,0,6.14
Liberia,LBR,2025-07-23,395,0,0,0,6.14
Liberia,LBR,2025-07-24,395,0,0,0,6.14
Liberia,LBR,2025-07-25,395,0,0,0,6.14
Liberia,LBR,2025-07-26,395,0,0,0,6.14
Liberia,LBR,2025-07-27,433,38,0,0,5.43
Liberia,LBR,2025-07-28,433,0,0,0,5.43
Liberia,LBR,2025-07-29,433,0,0,0,5.43
Liberia,LBR,2025-07-30,433,0,0,0,5.43
Liberia,LBR,2025-07-31,433,0,0,0,5.43
Liberia,LBR,2025-08-01,433,0,0,0,5.43
Liberia,LBR,2025-08-02,433,0,0,0,5.43
Liberia,LBR,2025-08-03,479,46,0,0,6.57
Liberia,LBR,2025-08-04,479,0,0,0,6.57
Liberia,LBR,2025-08-05,479,0,0,0,6.57
Liberia,LBR,2025-08-06,479,0,0,0,6.57
Liberia,LBR,2025-08-07,479,0,0,0,6.57
Liberia,LBR,2025-08-08,479,0,0,0,6.57
Liberia,LBR,2025-08-09,479,0,0,0,6.57
Liberia,LBR,2025-08-10,529,50,0,0,7.14
Liberia,LBR,2025-08-11,529,0,0,0,7.14
Liberia,LBR,2025-08-12,529,0,0,0,7.14
Liberia,LBR,2025-08-13,529,0,0,0,7.14
Liberia,LBR,2025-08-14,529,0,0,0,7.14
Liberia,LBR,2025-08-15,529,0,0,0,7.14
Liberia,LBR,2025-08-16,529,0,0,0,7.14
Liberia,LBR,2025-08-17,579,50,1,1,7.14
Liberia,LBR,2025-08-18,579,0,1,0,7.14
Liberia,LBR,2025-08-19,579,0,1,0,7.14
Liberia,LBR,2025-08-20,579,0,1,0,7.14
Liberia,LBR,2025-08-21,579,0,1,0,7.14
Liberia,LBR,2025-08-22,579,0,1,0,7.14
Liberia,LBR,2025-08-23,579,0,1,0,7.14
Liberia,LBR,2025-08-24,617,38,1,0,5.43
Liberia,LBR,2025-08-25,617,0,1,0,5.43
Liberia,LBR,2025-08-26,617,0,1,0,5.43
Liberia,LBR,2025-08-27,617,0,1,0,5.43
Liberia,LBR,2025-08-28,617,0,1,0,5.43
Liberia,LBR,2025-08-29,617,0,1,0,5.43
Liberia,LBR,2025-08-30,617,0,1,0,5.43
Liberia,LBR,2025-08-31,685,68,1,0,9.71
Liberia,LBR,2025-09-01,685,0,1,0,9.71
Liberia,LBR,2025-09-02,685,0,1,0,9.71
Liberia,LBR,2025-09-03,685,0,1,0,9.71
Liberia,LBR,2025-09-04,685,0,1,0,9.71
Liberia,LBR,2025-09-05,685,0,1,0,9.71
Liberia,LBR,2025-09-06,685,0,1,0,9.71
Liberia,LBR,2025-09-07,750,65,2,1,9.29
Liberia,LBR,2025-09-08,750,0,2,0,9.29
Liberia,LBR,2025-09-09,750,0,2,0,9.29
Liberia,LBR,2025-09-10,750,0,2,0,9.29
Liberia,LBR,2025-09-11,750,0,2,0,9.29
Liberia,LBR,2025-09-12,750,0,2,0,9.29
Liberia,LBR,2025-09-13,750,0,2,0,9.29
Liberia,LBR,2025-09-14,801,51,2,0,7.29
Liberia,LBR,2025-09-15,801,0,2,0,7.29
Liberia,LBR,2025-09-16,801,0,2,0,7.29
Liberia,LBR,2025-09-17,801,0,2,0,7.29
Liberia,LBR,2025-09-18,801,0,2,0,7.29
Liberia,LBR,2025-09-19,801,0,2,0,7.29
Liberia,LBR,2025-09-20,801,0,2,0,7.29
Liberia,LBR,2025-09-21,865,64,3,1,9.14
Liberia,LBR,2025-09-22,865,0,3,0,9.14
Liberia,LBR,2025-09-23,865,0,3,0,9.14
Liberia,LBR,2025-09-24,865,0,3,0,9.14
Liberia,LBR,2025-09-25,865,0,3,0,9.14
Liberia,LBR,2025-09-26,865,0,3,0,9.14
Liberia,LBR,2025-09-27,865,0,3,0,9.14
Liberia,LBR,2025-09-28,940,75,4,1,10.71
Liberia,LBR,2025-09-29,940,0,4,0,10.71
Liberia,LBR,2025-09-30,940,0,4,0,10.71
Liberia,LBR,2025-10-01,940,0,4,0,10.71
Liberia,LBR,2025-10-02,940,0,4,0,10.71
Liberia,LBR,2025-10-03,940,0,4,0,10.71
Liberia,LBR,2025-10-04,940,0,4,0,10.71
Liberia,LBR,2025-10-05,1041,101,4,0,14.43
Liberia,LBR,2025-10-06,1041,0,4,0,14.43
Liberia,LBR,2025-10-07,1041,0,4,0,14.43
Liberia,LBR,2025-10-08,1041,0,4,0,14.43
Liberia,LBR,2025-10-09,1041,0,4,0,14.43
Liberia,LBR,2025-10-10,1041,0,4,0,14.43
Liberia,LBR,2025-10-11,1041,0,4,0,14.43
Liberia,LBR,2025-10-12,1100,59,4,0,8.43
Liberia,LBR,2025-10-13,1100,0,4,0,8.43
Liberia,LBR,2025-10-14,1100,0,4,0,8.43
Liberia,LBR,2025-10-15,1100,0,4,0,8.43
Liberia,LBR,2025-10-16,1100,0,4,0,8.43
Liberia,LBR,2025-10-17,1100,0,4,0,8.43
Liberia,LBR,2025-10-18,1100,0,4,0,8.43
Liberia,LBR,2025-10-19,1186,86,6,2,12.29
Liberia,LBR,2025-10-20,1186,0,6,0,12.29
Liberia,LBR,2025-10-21,1186,0,6,0,12.29
Liberia,LBR,2025-10-22,1186,0,6,0,12.29
Liberia,LBR,2025-10-23,1260,74,6,0,22.86
Liberia,LBR,2025-10-24,1260,0,6,0,22.86
Liberia,LBR,2025-10-25,1260,0,6,0,22.86
Liberia,LBR,2025-10-26,1260,0,6,0,10.57
Liberia,LBR,2025-10-27,1260,0,6,0,10.57
Liberia,LBR,2025-10-28,1260,0,6,0,10.57
Liberia,LBR,2025-10-29,1260,0,6,0,10.57
Liberia,LBR,2025-10-30,1260,0,6,0,0
Liberia,LBR,2025-10-31,1260,0,6,0,0
Liberia,LBR,2025-11-01,1260,0,6,0,0
Liberia,LBR,2025-11-02,1325,65,6,0,9.29
Liberia,LBR,2025-11-03,1325,0,6,0,9.29
Liberia,LBR,2025-11-04,1325,0,6,0,9.29
Liberia,LBR,2025-11-05,1325,0,6,0,9.29
Liberia,LBR,2025-11-06,1325,0,6,0,9.29
Liberia,LBR,2025-11-07,1325,0,6,0,9.29
Liberia,LBR,2025-11-08,1325,0,6,0,9.29
Liberia,LBR,2025-11-09,1367,42,6,0,6
Liberia,LBR,2025-11-10,1367,0,6,0,6
Liberia,LBR,2025-11-11,1367,0,6,0,6
Liberia,LBR,2025-11-12,1367,0,6,0,6
Liberia,LBR,2025-11-13,1367,0,6,0,6
Liberia,LBR,2025-11-14,1367,0,6,0,6
Liberia,LBR,2025-11-15,1367,0,6,0,6
Liberia,LBR,2025-11-16,1415,48,6,0,6.86
Liberia,LBR,2025-11-17,1415,0,6,0,6.86
Liberia,LBR,2025-11-18,1415,0,6,0,6.86
Liberia,LBR,2025-11-19,1415,0,6,0,6.86
Liberia,LBR,2025-11-20,1415,0,6,0,6.86
Liberia,LBR,2025-11-21,1415,0,6,0,6.86
Liberia,LBR,2025-11-22,1415,0,6,0,6.86
Liberia,LBR,2025-11-23,1439,24,6,0,3.43
Liberia,LBR,2025-11-24,1439,0,6,0,3.43
Liberia,LBR,2025-11-25,1439,0,6,0,3.43
Liberia,LBR,2025-11-26,1439,0,6,0,3.43
Liberia,LBR,2025-11-27,1439,0,6,0,3.43
Liberia,LBR,2025-11-28,1439,0,6,0,3.43
Liberia,LBR,2025-11-29,1439,0,6,0,3.43
Liberia,LBR,2025-11-30,1456,17,6,0,2.43
Liberia,LBR,2025-12-01,1456,0,6,0,2.43
Liberia,LBR,2025-12-02,1456,0,6,0,2.43
Liberia,LBR,2025-12-03,1456,0,6,0,2.43
Liberia,LBR,2025-12-04,1456,0,6,0,2.43
Liberia,LBR,2025-12-05,1456,0,6,0,2.43
Liberia,LBR,2025-12-06,1456,0,6,0,2.43
Liberia,LBR,2025-12-07,1472,16,6,0,2.29
Liberia,LBR,2025-12-08,1472,0,6,0,2.29
Liberia,LBR,2025-12-09,1472,0,6,0,2.29
Liberia,LBR,2025-12-10,1472,0,6,0,2.29
Liberia,LBR,2025-12-11,1472,0,6,0,2.29
Liberia,LBR,2025-12-12,1472,0,6,0,2.29
Liberia,LBR,2025-12-13,1472,0,6,0,2.29
Liberia,LBR,2025-12-14,1501,29,8,2,4.14
Liberia,LBR,2025-12-15,1501,0,8,0,4.14
Liberia,LBR,2025-12-16,1501,0,8,0,4.14
Liberia,LBR,2025-12-17,1501,0,8,0,4.14
Liberia,LBR,2025-12-18,1501,0,8,0,4.14
Liberia,LBR,2025-12-19,1501,0,8,0,4.14
Liberia,LBR,2025-12-20,1501,0,8,0,4.14
Liberia,LBR,2025-12-21,1514,13,8,0,1.86
Liberia,LBR,2025-12-22,1514,0,8,0,1.86
Liberia,LBR,2025-12-23,1514,0,8,0,1.86
Liberia,LBR,2025-12-24,1514,0,8,0,1.86
Liberia,LBR,2025-12-25,1514,0,8,0,1.86
Liberia,LBR,2025-12-26,1514,0,8,0,1.86
Liberia,LBR,2025-12-27,1514,0,8,0,1.86
Liberia,LBR,2025-12-28,1531,17,8,0,2.43
Liberia,LBR,2025-12-29,1531,0,8,0,2.43
Liberia,LBR,2025-12-30,1531,0,8,0,2.43
Liberia,LBR,2025-12-31,1531,0,8,0,2.43
Liberia,LBR,2026-01-01,1531,0,8,0,2.43
Liberia,LBR,2026-01-02,1531,0,8,0,2.43
Liberia,LBR,2026-01-03,1531,0,8,0,2.43
Liberia,LBR,2026-01-04,1543,12,8,0,1.71
Liberia,LBR,2026-01-05,1543,0,8,0,1.71
Liberia,LBR,2026-01-06,1543,0,8,0,1.71
Liberia,LBR,2026-01-07,1543,0,8,0,1.71
Liberia,LBR,2026-01-08,1543,0,8,0,1.71
Liberia,LBR,2026-01-09,1543,0,8,0,1.71
Liberia,LBR,2026-01-10,1543,0,8,0,1.71
Liberia,LBR,2026-01-11,1558,15,8,0,2.14
Liberia,LBR,2026-01-12,1558,0,8,0,2.14
Liberia,LBR,2026-01-13,1558,0,8,0,2.14
Liberia,LBR,2026-01-14,1558,0,8,0,2.14
Liberia,LBR,2026-01-15,1558,0,8,0,2.14
Liberia,LBR,2026-01-16,1558,0,8,0,2.14
Liberia,LBR,2026-01-17,1558,0,8,0,2.14
Liberia,LBR,2026-01-18,1592,34,8,0,4.86
Liberia,LBR,2026-01-19,1592,0,8,0,4.86
Liberia,LBR,2026-01-20,1592,0,8,0,4.86
Liberia,LBR,2026-01-21,1592,0,8,0,4.86
Liberia,LBR,2026-01-22,1592,0,8,0,4.86
Liberia,LBR,2026-01-23,1592,0,8,0,4.86
Liberia,LBR,2026-01-24,1592,0,8,0,4.86
Liberia,LBR,2026-01-25,1616,24,8,0,3.43
Liberia,LBR,2026-01-26,1616,0,8,0,3.43
Liberia,LBR,2026-01-27,1616,0,8,0,3.43
Liberia,LBR,2026-01-28,1616,0,8,0,3.43
Liberia,LBR,2026-01-29,1616,0,8,0,3.43
Liberia,LBR,2026-01-30,1616,0,8,0,3.43
Liberia,LBR,2026-01-31,1616,0,8,0,3.43
Liberia,LBR,2026-02-01,1630,14,8,0,2
Liberia,LBR,2026-02-02,1630,0,8,0,2
Liberia,LBR,2026-02-03,1630,0,8,0,2
Liberia,LBR,2026-02-04,1630,0,8,0,2
Liberia,LBR,2026-02-05,1630,0,8,0,2
Liberia,LBR,2026-02-06,1630,0,8,0,2
Liberia,LBR,2026-02-07,1630,0,8,0,2
Liberia,LBR,2026-02-08,1640,10,8,0,1.43
Liberia,LBR,2026-02-09,1640,0,8,0,1.43
Liberia,LBR,2026-02-10,1640,0,8,0,1.43
Liberia,LBR,2026-02-11,1640,0,8,0,1.43
Liberia,LBR,2026-02-12,1640,0,8,0,1.43
Liberia,LBR,2026-02-13,1640,0,8,0,1.43
Liberia,LBR,2026-02-14,1640,0,8,0,1.43
Liberia,LBR,2026-02-15,1644,4,8,0,0.57
Liberia,LBR,2026-02-16,1644,0,8,0,0.57
Liberia,LBR,2026-02-17,1644,0,8,0,0.57
Liberia,LBR,2026-02-18,1644,0,8,0,0.57
Liberia,LBR,2026-02-19,1644,0,8,0,0.57
Liberia,LBR,2026-02-20,1644,0,8,0,0.57
Liberia,LBR,2026-02-21,1644,0,8,0,0.57
Liberia,LBR,2026-02-22,1647,3,8,0,0.43
Liberia,LBR,2026-02-23,1647,0,8,0,0.43
Liberia,LBR,2026-02-24,1647,0,8,0,0.43
Liberia,LBR,2026-02-25,1647,0,8,0,0.43
Liberia,LBR,2026-02-26,1647,0,8,0,0.43
Liberia,LBR,2026-02-27,1647,0,8,0,0.43
Liberia,LBR,2026-02-28,1647,0,8,0,0.43
Liberia,LBR,2026-03-01,1651,4,8,0,0.57
Liberia,LBR,2026-03-02,1651,0,8,0,0.57
Liberia,LBR,2026-03-03,1651,0,8,0,0.57
Liberia,LBR,2026-03-04,1651,0,8,0,0.57
Liberia,LBR,2026-03-05,1651,0,8,0,0.57
Liberia,LBR,2026-03-06,1651,0,8,0,0.57
Liberia,LBR,2026-03-07,1651,0,8,0,0.57
Liberia,LBR,2026-03-08,1654,3,8,0,0.43
Liberia,LBR,2026-03-09,1654,0,8,0,0.43
Liberia,LBR,2026-03-10,1654,0,8,0,0.43
Liberia,LBR,2026-03-11,1654,0,8,0,0.43
Liberia,LBR,2026-03-12,1654,0,8,0,0.43
Liberia,LBR,2026-03-13,1654,0,8,0,0.43
Liberia,LBR,2026-03-14,1654,0,8,0,0.43
Liberia,LBR,2026-03-15,1659,5,8,0,0.71
Liberia,LBR,2026-03-16,1659,0,8,0,0.71
Liberia,LBR,2026-03-17,1659,0,8,0,0.71
Liberia,LBR,2026-03-18,1659,0,8,0,0.71
Liberia,LBR,2026-03-19,1659,0,8,0,0.71
Liberia,LBR,2026-03-20,1659,0,8,0,0.71
Liberia,LBR,2026-03-21,1659,0,8,0,0.71
Liberia,LBR,2026-03-22,1663,4,8,0,0.57
Liberia,LBR,2026-03-23,1663,0,8,0,0.57
Liberia,LBR,2026-03-24,1663,0,8,0,0.57
Liberia,LBR,2026-03-25,1663,0,8,0,0.57
Liberia,LBR,2026-03-26,1663,0,8,0,0.57
Liberia,LBR,2026-03-27,1663,0,8,0,0.57
Liberia,LBR,2026-03-28,1663,0,8,0,0.57
Liberia,LBR,2026-03-29,1670,7,8,0,1
Liberia,LBR,2026-03-30,1670,0,8,0,1
Liberia,LBR,2026-03-31,1670,0,8,0,1
Liberia,LBR,2026-04-01,1670,0,8,0,1
Liberia,LBR,2026-04-02,1670,0,8,0,1
Liberia,LBR,2026-04-03,1670,0,8,0,1
Liberia,LBR,2026-04-04,1670,0,8,0,1
Liberia,LBR,2026-04-05,1673,3,8,0,0.43
Liberia,LBR,2026-04-06,1673,0,8,0,0.43
Liberia,LBR,2026-04-07,1673,0,8,0,0.43
Liberia,LBR,2026-04-08,1673,0,8,0,0.43
Liberia,LBR,2026-04-09,1673,0,8,0,0.43
Liberia,LBR,2026-04-10,1673,0,8,0,0.43
Liberia,LBR,2026-04-11,1673,0,8,0,0.43
Liberia,LBR,2026-04-12,1682,9,8,0,1.29
Liberia,LBR,2026-04-13,1682,0,8,0,1.29
Liberia,LBR,2026-04-14,1682,0,8,0,1.29
Liberia,LBR,2026-04-15,1682,0,8,0,1.29
Liberia,LBR,2026-04-16,1682,0,8,0,1.29
Liberia,LBR,2026-04-17,1682,0,8,0,1.29
Liberia,LBR,2026-04-18,1682,0,8,0,1.29
Liberia,LBR,2026-04-19,1685,3,8,0,0.43
Liberia,LBR,2026-04-20,1685,0,8,0,0.43
Liberia,LBR,2026-04-21,1685,0,8,0,0.43
Liberia,LBR,2026-04-22,1685,0,8,0,0.43
Liberia,LBR,2026-04-23,1688,3,8,0,0.86
Madagascar,MDG,2025-12-14,0,0,0,0,0
Madagascar,MDG,2025-12-15,0,0,0,0,0
Madagascar,MDG,2025-12-16,0,0,0,0,0
Madagascar,MDG,2025-12-17,0,0,0,0,0
Madagascar,MDG,2025-12-18,0,0,0,0,0
Madagascar,MDG,2025-12-19,0,0,0,0,0
Madagascar,MDG,2025-12-20,0,0,0,0,0
Madagascar,MDG,2025-12-21,5,5,0,0,0.71
Madagascar,MDG,2025-12-22,5,0,0,0,0.71
Madagascar,MDG,2025-12-23,5,0,0,0,0.71
Madagascar,MDG,2025-12-24,5,0,0,0,0.71
Madagascar,MDG,2025-12-25,5,0,0,0,0.71
Madagascar,MDG,2025-12-26,5,0,0,0,0.71
Madagascar,MDG,2025-12-27,5,0,0,0,0.71
Madagascar,MDG,2025-12-28,13,8,0,0,1.14
Madagascar,MDG,2025-12-29,13,0,0,0,1.14
Madagascar,MDG,2025-12-30,13,0,0,0,1.14
Madagascar,MDG,2025-12-31,13,0,0,0,1.14
Madagascar,MDG,2026-01-01,13,0,0,0,1.14
Madagascar,MDG,2026-01-02,13,0,0,0,1.14
Madagascar,MDG,2026-01-03,13,0,0,0,1.14
Madagascar,MDG,2026-01-04,19,6,0,0,0.86
Madagascar,MDG,2026-01-05,19,0,0,0,0.86
Madagascar,MDG,2026-01-06,19,0,0,0,0.86
Madagascar,MDG,2026-01-07,19,0,0,0,0.86
Madagascar,MDG,2026-01-08,19,0,0,0,0.86
Madagascar,MDG,2026-01-09,19,0,0,0,0.86
Madagascar,MDG,2026-01-10,19,0,0,0,0.86
Madagascar,MDG,2026-01-11,22,3,0,0,0.43
Madagascar,MDG,2026-01-12,22,0,0,0,0.43
Madagascar,MDG,2026-01-13,22,0,0,0,0.43
Madagascar,MDG,2026-01-14,22,0,0,0,0.43
Madagascar,MDG,2026-01-15,22,0,0,0,0.43
Madagascar,MDG,2026-01-16,22,0,0,0,0.43
Madagascar,MDG,2026-01-17,22,0,0,0,0.43
Madagascar,MDG,2026-01-18,93,71,0,0,10.14
Madagascar,MDG,2026-01-19,93,0,0,0,10.14
Madagascar,MDG,2026-01-20,93,0,0,0,10.14
Madagascar,MDG,2026-01-21,93,0,0,0,10.14
Madagascar,MDG,2026-01-22,93,0,0,0,10.14
Madagascar,MDG,2026-01-23,93,0,0,0,10.14
Madagascar,MDG,2026-01-24,93,0,0,0,10.14
Madagascar,MDG,2026-01-25,180,87,0,0,12.43
Madagascar,MDG,2026-01-26,180,0,0,0,12.43
Madagascar,MDG,2026-01-27,180,0,0,0,12.43
Madagascar,MDG,2026-01-28,180,0,0,0,12.43
Madagascar,MDG,2026-01-29,180,0,0,0,12.43
Madagascar,MDG,2026-01-30,180,0,0,0,12.43
Madagascar,MDG,2026-01-31,180,0,0,0,12.43
Madagascar,MDG,2026-02-01,228,48,0,0,6.86
Madagascar,MDG,2026-02-02,228,0,0,0,6.86
Madagascar,MDG,2026-02-03,228,0,0,0,6.86
Madagascar,MDG,2026-02-04,228,0,0,0,6.86
Madagascar,MDG,2026-02-05,228,0,0,0,6.86
Madagascar,MDG,2026-02-06,228,0,0,0,6.86
Madagascar,MDG,2026-02-07,228,0,0,0,6.86
Madagascar,MDG,2026-02-08,269,41,0,0,5.86
Madagascar,MDG,2026-02-09,269,0,0,0,5.86
Madagascar,MDG,2026-02-10,269,0,0,0,5.86
Madagascar,MDG,2026-02-11,269,0,0,0,5.86
Madagascar,MDG,2026-02-12,269,0,0,0,5.86
Madagascar,MDG,2026-02-13,269,0,0,0,5.86
Madagascar,MDG,2026-02-14,269,0,0,0,5.86
Madagascar,MDG,2026-02-15,332,63,0,0,9
Madagascar,MDG,2026-02-16,332,0,0,0,9
Madagascar,MDG,2026-02-17,332,0,0,0,9
Madagascar,MDG,2026-02-18,332,0,0,0,9
Madagascar,MDG,2026-02-19,332,0,0,0,9
Madagascar,MDG,2026-02-20,332,0,0,0,9
Madagascar,MDG,2026-02-21,332,0,0,0,9
Madagascar,MDG,2026-02-22,387,55,0,0,7.86
Madagascar,MDG,2026-02-23,387,0,0,0,7.86
Madagascar,MDG,2026-02-24,387,0,0,0,7.86
Madagascar,MDG,2026-02-25,387,0,0,0,7.86
Madagascar,MDG,2026-02-26,387,0,0,0,7.86
Madagascar,MDG,2026-02-27,387,0,0,0,7.86
Madagascar,MDG,2026-02-28,387,0,0,0,7.86
Madagascar,MDG,2026-03-01,457,70,1,1,10
Madagascar,MDG,2026-03-02,457,0,1,0,10
Madagascar,MDG,2026-03-03,457,0,1,0,10
Madagascar,MDG,2026-03-04,457,0,1,0,10
Madagascar,MDG,2026-03-05,457,0,1,0,10
Madagascar,MDG,2026-03-06,457,0,1,0,10
Madagascar,MDG,2026-03-07,457,0,1,0,10
Madagascar,MDG,2026-03-08,538,81,1,0,11.57
Madagascar,MDG,2026-03-09,538,0,1,0,11.57
Madagascar,MDG,2026-03-10,538,0,1,0,11.57
Madagascar,MDG,2026-03-11,538,0,1,0,11.57
Madagascar,MDG,2026-03-12,538,0,1,0,11.57
Madagascar,MDG,2026-03-13,538,0,1,0,11.57
Madagascar,MDG,2026-03-14,538,0,1,0,11.57
Madagascar,MDG,2026-03-15,595,57,1,0,8.14
Madagascar,MDG,2026-03-16,595,0,1,0,8.14
Madagascar,MDG,2026-03-17,595,0,1,0,8.14
Madagascar,MDG,2026-03-18,595,0,1,0,8.14
Madagascar,MDG,2026-03-19,595,0,1,0,8.14
Madagascar,MDG,2026-03-20,595,0,1,0,8.14
Madagascar,MDG,2026-03-21,595,0,1,0,8.14
Madagascar,MDG,2026-03-22,679,84,1,0,12
Madagascar,MDG,2026-03-23,679,0,1,0,12
Madagascar,MDG,2026-03-24,679,0,1,0,12
Madagascar,MDG,2026-03-25,679,0,1,0,12
Madagascar,MDG,2026-03-26,679,0,1,0,12
Madagascar,MDG,2026-03-27,679,0,1,0,12
Madagascar,MDG,2026-03-28,679,0,1,0,12
Madagascar,MDG,2026-03-29,741,62,2,1,8.86
Madagascar,MDG,2026-03-30,741,0,2,0,8.86
Madagascar,MDG,2026-03-31,741,0,2,0,8.86
Madagascar,MDG,2026-04-01,741,0,2,0,8.86
Madagascar,MDG,2026-04-02,741,0,2,0,8.86
Madagascar,MDG,2026-04-03,741,0,2,0,8.86
Madagascar,MDG,2026-04-04,741,0,2,0,8.86
Madagascar,MDG,2026-04-05,828,87,2,0,12.43
Madagascar,MDG,2026-04-06,828,0,2,0,12.43
Madagascar,MDG,2026-04-07,828,0,2,0,12.43
Madagascar,MDG,2026-04-08,828,0,2,0,12.43
Madagascar,MDG,2026-04-09,828,0,2,0,12.43
Madagascar,MDG,2026-04-10,828,0,2,0,12.43
Madagascar,MDG,2026-04-11,828,0,2,0,12.43
Madagascar,MDG,2026-04-12,923,95,3,1,13.57
Madagascar,MDG,2026-04-13,923,0,3,0,13.57
Madagascar,MDG,2026-04-14,923,0,3,0,13.57
Madagascar,MDG,2026-04-15,923,0,3,0,13.57
Madagascar,MDG,2026-04-16,923,0,3,0,13.57
Madagascar,MDG,2026-04-17,923,0,3,0,13.57
Madagascar,MDG,2026-04-18,923,0,3,0,13.57
Madagascar,MDG,2026-04-19,1092,169,3,0,24.14
Madagascar,MDG,2026-04-20,1092,0,3,0,24.14
Madagascar,MDG,2026-04-21,1092,0,3,0,24.14
Madagascar,MDG,2026-04-22,1092,0,3,0,24.14
Madagascar,MDG,2026-04-23,1092,0,3,0,24.14
Madagascar,MDG,2026-04-24,1092,0,3,0,24.14
Madagascar,MDG,2026-04-25,1092,0,3,0,24.14
Madagascar,MDG,2026-04-26,1210,118,3,0,16.86
Malawi,MWI,2025-04-13,0,0,0,0,0
Malawi,MWI,2025-04-14,0,0,0,0,0
Malawi,MWI,2025-04-15,0,0,0,0,0
Malawi,MWI,2025-04-16,0,0,0,0,0
Malawi,MWI,2025-04-17,0,0,0,0,0
Malawi,MWI,2025-04-18,0,0,0,0,0
Malawi,MWI,2025-04-19,0,0,0,0,0
Malawi,MWI,2025-04-20,4,4,0,0,0.57
Malawi,MWI,2025-04-21,4,0,0,0,0.57
Malawi,MWI,2025-04-22,4,0,0,0,0.57
Malawi,MWI,2025-04-23,4,0,0,0,0.57
Malawi,MWI,2025-04-24,4,0,0,0,0.57
Malawi,MWI,2025-04-25,4,0,0,0,0.57
Malawi,MWI,2025-04-26,4,0,0,0,0.57
Malawi,MWI,2025-04-27,4,0,0,0,0
Malawi,MWI,2025-04-28,4,0,0,0,0
Malawi,MWI,2025-04-29,4,0,0,0,0
Malawi,MWI,2025-04-30,4,0,0,0,0
Malawi,MWI,2025-05-01,4,0,0,0,0
Malawi,MWI,2025-05-02,4,0,0,0,0
Malawi,MWI,2025-05-03,4,0,0,0,0
Malawi,MWI,2025-05-04,6,2,0,0,0.29
Malawi,MWI,2025-05-05,6,0,0,0,0.29
Malawi,MWI,2025-05-06,6,0,0,0,0.29
Malawi,MWI,2025-05-07,6,0,0,0,0.29
Malawi,MWI,2025-05-08,6,0,0,0,0.29
Malawi,MWI,2025-05-09,6,0,0,0,0.29
Malawi,MWI,2025-05-10,6,0,0,0,0.29
Malawi,MWI,2025-05-11,6,0,0,0,0
Malawi,MWI,2025-05-12,6,0,0,0,0
Malawi,MWI,2025-05-13,6,0,0,0,0
Malawi,MWI,2025-05-14,6,0,0,0,0
Malawi,MWI,2025-05-15,6,0,0,0,0
Malawi,MWI,2025-05-16,6,0,0,0,0
Malawi,MWI,2025-05-17,6,0,0,0,0
Malawi,MWI,2025-05-18,9,3,0,0,0.43
Malawi,MWI,2025-05-19,9,0,0,0,0.43
Malawi,MWI,2025-05-20,9,0,0,0,0.43
Malawi,MWI,2025-05-21,9,0,0,0,0.43
Malawi,MWI,2025-05-22,9,0,0,0,0.43
Malawi,MWI,2025-05-23,9,0,0,0,0.43
Malawi,MWI,2025-05-24,9,0,0,0,0.43
Malawi,MWI,2025-05-25,11,2,0,0,0.29
Malawi,MWI,2025-05-26,11,0,0,0,0.29
Malawi,MWI,2025-05-27,11,0,0,0,0.29
Malawi,MWI,2025-05-28,11,0,0,0,0.29
Malawi,MWI,2025-05-29,11,0,0,0,0.29
Malawi,MWI,2025-05-30,11,0,0,0,0.29
Malawi,MWI,2025-05-31,11,0,0,0,0.29
Malawi,MWI,2025-06-01,18,7,0,0,1
Malawi,MWI,2025-06-02,18,0,0,0,1
Malawi,MWI,2025-06-03,18,0,0,0,1
Malawi,MWI,2025-06-04,18,0,0,0,1
Malawi,MWI,2025-06-05,18,0,0,0,1
Malawi,MWI,2025-06-06,18,0,0,0,1
Malawi,MWI,2025-06-07,18,0,0,0,1
Malawi,MWI,2025-06-08,26,8,0,0,1.14
Malawi,MWI,2025-06-09,26,0,0,0,1.14
Malawi,MWI,2025-06-10,26,0,0,0,1.14
Malawi,MWI,2025-06-11,26,0,0,0,1.14
Malawi,MWI,2025-06-12,26,0,0,0,1.14
Malawi,MWI,2025-06-13,26,0,0,0,1.14
Malawi,MWI,2025-06-14,26,0,0,0,1.14
Malawi,MWI,2025-06-15,32,6,0,0,0.86
Malawi,MWI,2025-06-16,32,0,0,0,0.86
Malawi,MWI,2025-06-17,32,0,0,0,0.86
Malawi,MWI,2025-06-18,32,0,0,0,0.86
Malawi,MWI,2025-06-19,32,0,0,0,0.86
Malawi,MWI,2025-06-20,32,0,0,0,0.86
Malawi,MWI,2025-06-21,32,0,0,0,0.86
Malawi,MWI,2025-06-22,37,5,0,0,0.71
Malawi,MWI,2025-06-23,37,0,0,0,0.71
Malawi,MWI,2025-06-24,37,0,0,0,0.71
Malawi,MWI,2025-06-25,37,0,0,0,0.71
Malawi,MWI,2025-06-26,37,0,0,0,0.71
Malawi,MWI,2025-06-27,37,0,0,0,0.71
Malawi,MWI,2025-06-28,37,0,0,0,0.71
Malawi,MWI,2025-06-29,40,3,0,0,0.43
Malawi,MWI,2025-06-30,40,0,0,0,0.43
Malawi,MWI,2025-07-01,40,0,0,0,0.43
Malawi,MWI,2025-07-02,40,0,0,0,0.43
Malawi,MWI,2025-07-03,40,0,0,0,0.43
Malawi,MWI,2025-07-04,40,0,0,0,0.43
Malawi,MWI,2025-07-05,40,0,0,0,0.43
Malawi,MWI,2025-07-06,46,6,0,0,0.86
Malawi,MWI,2025-07-07,46,0,0,0,0.86
Malawi,MWI,2025-07-08,46,0,0,0,0.86
Malawi,MWI,2025-07-09,46,0,0,0,0.86
Malawi,MWI,2025-07-10,46,0,0,0,0.86
Malawi,MWI,2025-07-11,46,0,0,0,0.86
Malawi,MWI,2025-07-12,46,0,0,0,0.86
Malawi,MWI,2025-07-13,49,3,0,0,0.43
Malawi,MWI,2025-07-14,49,0,0,0,0.43
Malawi,MWI,2025-07-15,49,0,0,0,0.43
Malawi,MWI,2025-07-16,49,0,0,0,0.43
Malawi,MWI,2025-07-17,49,0,0,0,0.43
Malawi,MWI,2025-07-18,49,0,0,0,0.43
Malawi,MWI,2025-07-19,49,0,0,0,0.43
Malawi,MWI,2025-07-20,58,9,0,0,1.29
Malawi,MWI,2025-07-21,58,0,0,0,1.29
Malawi,MWI,2025-07-22,58,0,0,0,1.29
Malawi,MWI,2025-07-23,58,0,0,0,1.29
Malawi,MWI,2025-07-24,58,0,0,0,1.29
Malawi,MWI,2025-07-25,58,0,0,0,1.29
Malawi,MWI,2025-07-26,58,0,0,0,1.29
Malawi,MWI,2025-07-27,60,2,0,0,0.29
Malawi,MWI,2025-07-28,60,0,0,0,0.29
Malawi,MWI,2025-07-29,60,0,0,0,0.29
Malawi,MWI,2025-07-30,60,0,0,0,0.29
Malawi,MWI,2025-07-31,60,0,0,0,0.29
Malawi,MWI,2025-08-01,60,0,0,0,0.29
Malawi,MWI,2025-08-02,60,0,0,0,0.29
Malawi,MWI,2025-08-03,61,1,0,0,0.14
Malawi,MWI,2025-08-04,61,0,0,0,0.14
Malawi,MWI,2025-08-05,61,0,0,0,0.14
Malawi,MWI,2025-08-06,61,0,0,0,0.14
Malawi,MWI,2025-08-07,61,0,0,0,0.14
Malawi,MWI,2025-08-08,61,0,0,0,0.14
Malawi,MWI,2025-08-09,61,0,0,0,0.14
Malawi,MWI,2025-08-10,66,5,1,1,0.71
Malawi,MWI,2025-08-11,66,0,1,0,0.71
Malawi,MWI,2025-08-12,66,0,1,0,0.71
Malawi,MWI,2025-08-13,66,0,1,0,0.71
Malawi,MWI,2025-08-14,66,0,1,0,0.71
Malawi,MWI,2025-08-15,66,0,1,0,0.71
Malawi,MWI,2025-08-16,66,0,1,0,0.71
Malawi,MWI,2025-08-17,70,4,1,0,0.57
Malawi,MWI,2025-08-18,70,0,1,0,0.57
Malawi,MWI,2025-08-19,70,0,1,0,0.57
Malawi,MWI,2025-08-20,70,0,1,0,0.57
Malawi,MWI,2025-08-21,70,0,1,0,0.57
Malawi,MWI,2025-08-22,70,0,1,0,0.57
Malawi,MWI,2025-08-23,70,0,1,0,0.57
Malawi,MWI,2025-08-24,80,10,1,0,1.43
Malawi,MWI,2025-08-25,80,0,1,0,1.43
Malawi,MWI,2025-08-26,80,0,1,0,1.43
Malawi,MWI,2025-08-27,80,0,1,0,1.43
Malawi,MWI,2025-08-28,80,0,1,0,1.43
Malawi,MWI,2025-08-29,80,0,1,0,1.43
Malawi,MWI,2025-08-30,80,0,1,0,1.43
Malawi,MWI,2025-08-31,89,9,1,0,1.29
Malawi,MWI,2025-09-01,89,0,1,0,1.29
Malawi,MWI,2025-09-02,89,0,1,0,1.29
Malawi,MWI,2025-09-03,89,0,1,0,1.29
Malawi,MWI,2025-09-04,89,0,1,0,1.29
Malawi,MWI,2025-09-05,89,0,1,0,1.29
Malawi,MWI,2025-09-06,89,0,1,0,1.29
Malawi,MWI,2025-09-07,95,6,1,0,0.86
Malawi,MWI,2025-09-08,95,0,1,0,0.86
Malawi,MWI,2025-09-09,95,0,1,0,0.86
Malawi,MWI,2025-09-10,95,0,1,0,0.86
Malawi,MWI,2025-09-11,95,0,1,0,0.86
Malawi,MWI,2025-09-12,95,0,1,0,0.86
Malawi,MWI,2025-09-13,95,0,1,0,0.86
Malawi,MWI,2025-09-14,111,16,1,0,2.29
Malawi,MWI,2025-09-15,111,0,1,0,2.29
Malawi,MWI,2025-09-16,111,0,1,0,2.29
Malawi,MWI,2025-09-17,111,0,1,0,2.29
Malawi,MWI,2025-09-18,111,0,1,0,2.29
Malawi,MWI,2025-09-19,111,0,1,0,2.29
Malawi,MWI,2025-09-20,111,0,1,0,2.29
Malawi,MWI,2025-09-21,112,1,1,0,0.14
Malawi,MWI,2025-09-22,112,0,1,0,0.14
Malawi,MWI,2025-09-23,112,0,1,0,0.14
Malawi,MWI,2025-09-24,112,0,1,0,0.14
Malawi,MWI,2025-09-25,112,0,1,0,0.14
Malawi,MWI,2025-09-26,112,0,1,0,0.14
Malawi,MWI,2025-09-27,112,0,1,0,0.14
Malawi,MWI,2025-09-28,124,12,1,0,1.71
Malawi,MWI,2025-09-29,124,0,1,0,1.71
Malawi,MWI,2025-09-30,124,0,1,0,1.71
Malawi,MWI,2025-10-01,124,0,1,0,1.71
Malawi,MWI,2025-10-02,124,0,1,0,1.71
Malawi,MWI,2025-10-03,124,0,1,0,1.71
Malawi,MWI,2025-10-04,124,0,1,0,1.71
Malawi,MWI,2025-10-05,128,4,1,0,0.57
Malawi,MWI,2025-10-06,128,0,1,0,0.57
Malawi,MWI,2025-10-07,128,0,1,0,0.57
Malawi,MWI,2025-10-08,128,0,1,0,0.57
Malawi,MWI,2025-10-09,128,0,1,0,0.57
Malawi,MWI,2025-10-10,128,0,1,0,0.57
Malawi,MWI,2025-10-11,128,0,1,0,0.57
Malawi,MWI,2025-10-12,132,4,1,0,0.57
Malawi,MWI,2025-10-13,132,0,1,0,0.57
Malawi,MWI,2025-10-14,132,0,1,0,0.57
Malawi,MWI,2025-10-15,132,0,1,0,0.57
Malawi,MWI,2025-10-16,132,0,1,0,0.57
Malawi,MWI,2025-10-17,132,0,1,0,0.57
Malawi,MWI,2025-10-18,132,0,1,0,0.57
Malawi,MWI,2025-10-19,137,5,1,0,0.71
Malawi,MWI,2025-10-20,137,0,1,0,0.71
Malawi,MWI,2025-10-21,137,0,1,0,0.71
Malawi,MWI,2025-10-22,137,0,1,0,0.71
Malawi,MWI,2025-10-23,137,0,1,0,0.71
Malawi,MWI,2025-10-24,137,0,1,0,0.71
Malawi,MWI,2025-10-25,137,0,1,0,0.71
Malawi,MWI,2025-10-26,141,4,1,0,0.57
Malawi,MWI,2025-10-27,141,0,1,0,0.57
Malawi,MWI,2025-10-28,141,0,1,0,0.57
Malawi,MWI,2025-10-29,141,0,1,0,0.57
Malawi,MWI,2025-10-30,141,0,1,0,0.57
Malawi,MWI,2025-10-31,141,0,1,0,0.57
Malawi,MWI,2025-11-01,141,0,1,0,0.57
Malawi,MWI,2025-11-02,141,0,1,0,0
Malawi,MWI,2025-11-03,141,0,1,0,0
Malawi,MWI,2025-11-04,141,0,1,0,0
Malawi,MWI,2025-11-05,141,0,1,0,0
Malawi,MWI,2025-11-06,141,0,1,0,0
Malawi,MWI,2025-11-07,141,0,1,0,0
Malawi,MWI,2025-11-08,141,0,1,0,0
Malawi,MWI,2025-11-09,141,0,1,0,0
Malawi,MWI,2025-11-10,141,0,1,0,0
Malawi,MWI,2025-11-11,141,0,1,0,0
Malawi,MWI,2025-11-12,141,0,1,0,0
Malawi,MWI,2025-11-13,141,0,1,0,0
Malawi,MWI,2025-11-14,141,0,1,0,0
Malawi,MWI,2025-11-15,141,0,1,0,0
Malawi,MWI,2025-11-16,143,2,1,0,0.29
Malawi,MWI,2025-11-17,143,0,1,0,0.29
Malawi,MWI,2025-11-18,143,0,1,0,0.29
Malawi,MWI,2025-11-19,143,0,1,0,0.29
Malawi,MWI,2025-11-20,143,0,1,0,0.29
Malawi,MWI,2025-11-21,143,0,1,0,0.29
Malawi,MWI,2025-11-22,143,0,1,0,0.29
Malawi,MWI,2025-11-23,145,2,1,0,0.29
Malawi,MWI,2025-11-24,145,0,1,0,0.29
Malawi,MWI,2025-11-25,145,0,1,0,0.29
Malawi,MWI,2025-11-26,145,0,1,0,0.29
Malawi,MWI,2025-11-27,145,0,1,0,0.29
Malawi,MWI,2025-11-28,145,0,1,0,0.29
Malawi,MWI,2025-11-29,145,0,1,0,0.29
Malawi,MWI,2025-11-30,147,2,1,0,0.29
Malawi,MWI,2025-12-01,147,0,1,0,0.29
Malawi,MWI,2025-12-02,147,0,1,0,0.29
Malawi,MWI,2025-12-03,147,0,1,0,0.29
Malawi,MWI,2025-12-04,147,0,1,0,0.29
Malawi,MWI,2025-12-05,147,0,1,0,0.29
Malawi,MWI,2025-12-06,147,0,1,0,0.29
Malawi,MWI,2025-12-07,148,1,1,0,0.14
Malawi,MWI,2025-12-08,148,0,1,0,0.14
Malawi,MWI,2025-12-09,148,0,1,0,0.14
Malawi,MWI,2025-12-10,148,0,1,0,0.14
Malawi,MWI,2025-12-11,148,0,1,0,0.14
Malawi,MWI,2025-12-12,148,0,1,0,0.14
Malawi,MWI,2025-12-13,148,0,1,0,0.14
Malawi,MWI,2025-12-14,149,1,1,0,0.14
Malawi,MWI,2025-12-15,149,0,1,0,0.14
Malawi,MWI,2025-12-16,149,0,1,0,0.14
Malawi,MWI,2025-12-17,149,0,1,0,0.14
Malawi,MWI,2025-12-18,149,0,1,0,0.14
Malawi,MWI,2025-12-19,149,0,1,0,0.14
Malawi,MWI,2025-12-20,149,0,1,0,0.14
Malawi,MWI,2025-12-21,149,0,1,0,0
Malawi,MWI,2025-12-22,149,0,1,0,0
Malawi,MWI,2025-12-23,149,0,1,0,0
Malawi,MWI,2025-12-24,149,0,1,0,0
Malawi,MWI,2025-12-25,149,0,1,0,0
Malawi,MWI,2025-12-26,149,0,1,0,0
Malawi,MWI,2025-12-27,149,0,1,0,0
Malawi,MWI,2025-12-28,149,0,1,0,0
Malawi,MWI,2025-12-29,149,0,1,0,0
Malawi,MWI,2025-12-30,149,0,1,0,0
Malawi,MWI,2025-12-31,149,0,1,0,0
Malawi,MWI,2026-01-01,149,0,1,0,0
Malawi,MWI,2026-01-02,149,0,1,0,0
Malawi,MWI,2026-01-03,149,0,1,0,0
Malawi,MWI,2026-01-04,151,2,1,0,0.29
Malawi,MWI,2026-01-05,151,0,1,0,0.29
Malawi,MWI,2026-01-06,151,0,1,0,0.29
Malawi,MWI,2026-01-07,151,0,1,0,0.29
Malawi,MWI,2026-01-08,151,0,1,0,0.29
Malawi,MWI,2026-01-09,151,0,1,0,0.29
Malawi,MWI,2026-01-10,151,0,1,0,0.29
Malawi,MWI,2026-01-11,152,1,1,0,0.14
Malawi,MWI,2026-01-12,152,0,1,0,0.14
Malawi,MWI,2026-01-13,152,0,1,0,0.14
Malawi,MWI,2026-01-14,152,0,1,0,0.14
Malawi,MWI,2026-01-15,152,0,1,0,0.14
Malawi,MWI,2026-01-16,152,0,1,0,0.14
Malawi,MWI,2026-01-17,152,0,1,0,0.14
Malawi,MWI,2026-01-18,152,0,1,0,0
Malawi,MWI,2026-01-19,152,0,1,0,0
Malawi,MWI,2026-01-20,152,0,1,0,0
Malawi,MWI,2026-01-21,152,0,1,0,0
Malawi,MWI,2026-01-22,152,0,1,0,0
Malawi,MWI,2026-01-23,152,0,1,0,0
Malawi,MWI,2026-01-24,152,0,1,0,0
Malawi,MWI,2026-01-25,152,0,1,0,0
Malawi,MWI,2026-01-26,152,0,1,0,0
Malawi,MWI,2026-01-27,152,0,1,0,0
Malawi,MWI,2026-01-28,152,0,1,0,0
Malawi,MWI,2026-01-29,152,0,1,0,0
Malawi,MWI,2026-01-30,152,0,1,0,0
Malawi,MWI,2026-01-31,152,0,1,0,0
Malawi,MWI,2026-02-01,152,0,1,0,0
Malawi,MWI,2026-02-02,152,0,1,0,0
Malawi,MWI,2026-02-03,152,0,1,0,0
Malawi,MWI,2026-02-04,152,0,1,0,0
Malawi,MWI,2026-02-05,152,0,1,0,0
Malawi,MWI,2026-02-06,152,0,1,0,0
Malawi,MWI,2026-02-07,152,0,1,0,0
Malawi,MWI,2026-02-08,152,0,1,0,0
Malawi,MWI,2026-02-09,152,0,1,0,0
Malawi,MWI,2026-02-10,152,0,1,0,0
Malawi,MWI,2026-02-11,152,0,1,0,0
Malawi,MWI,2026-02-12,152,0,1,0,0
Malawi,MWI,2026-02-13,152,0,1,0,0
Malawi,MWI,2026-02-14,152,0,1,0,0
Malawi,MWI,2026-02-15,154,2,1,0,0.29
Malawi,MWI,2026-02-16,154,0,1,0,0.29
Malawi,MWI,2026-02-17,154,0,1,0,0.29
Malawi,MWI,2026-02-18,154,0,1,0,0.29
Malawi,MWI,2026-02-19,154,0,1,0,0.29
Malawi,MWI,2026-02-20,154,0,1,0,0.29
Malawi,MWI,2026-02-21,154,0,1,0,0.29
Malawi,MWI,2026-02-22,155,1,1,0,0.14
Malawi,MWI,2026-02-23,155,0,1,0,0.14
Malawi,MWI,2026-02-24,155,0,1,0,0.14
Malawi,MWI,2026-02-25,155,0,1,0,0.14
Malawi,MWI,2026-02-26,155,0,1,0,0.14
Malawi,MWI,2026-02-27,155,0,1,0,0.14
Malawi,MWI,2026-02-28,155,0,1,0,0.14
Malawi,MWI,2026-03-01,156,1,1,0,0.14
Malawi,MWI,2026-03-02,156,0,1,0,0.14
Malawi,MWI,2026-03-03,156,0,1,0,0.14
Malawi,MWI,2026-03-04,156,0,1,0,0.14
Malawi,MWI,2026-03-05,156,0,1,0,0.14
Malawi,MWI,2026-03-06,156,0,1,0,0.14
Malawi,MWI,2026-03-07,156,0,1,0,0.14
Malawi,MWI,2026-03-08,157,1,1,0,0.14
Malawi,MWI,2026-03-09,157,0,1,0,0.14
Malawi,MWI,2026-03-10,157,0,1,0,0.14
Malawi,MWI,2026-03-11,157,0,1,0,0.14
Malawi,MWI,2026-03-12,157,0,1,0,0.14
Malawi,MWI,2026-03-13,157,0,1,0,0.14
Malawi,MWI,2026-03-14,157,0,1,0,0.14
Malawi,MWI,2026-03-15,159,2,1,0,0.29
Malawi,MWI,2026-03-16,159,0,1,0,0.29
Malawi,MWI,2026-03-17,159,0,1,0,0.29
Malawi,MWI,2026-03-18,159,0,1,0,0.29
Malawi,MWI,2026-03-19,159,0,1,0,0.29
Malawi,MWI,2026-03-20,159,0,1,0,0.29
Malawi,MWI,2026-03-21,159,0,1,0,0.29
Malawi,MWI,2026-03-22,159,0,1,0,0
Mali,MLI,2025-11-09,0,0,0,0,0
Mali,MLI,2025-11-10,0,0,0,0,0
Mali,MLI,2025-11-11,0,0,0,0,0
Mali,MLI,2025-11-12,0,0,0,0,0
Mali,MLI,2025-11-13,0,0,0,0,0
Mali,MLI,2025-11-14,0,0,0,0,0
Mali,MLI,2025-11-15,0,0,0,0,0
Mali,MLI,2025-11-16,0,0,0,0,0
Mali,MLI,2025-11-17,0,0,0,0,0
Mali,MLI,2025-11-18,0,0,0,0,0
Mali,MLI,2025-11-19,0,0,0,0,0
Mali,MLI,2025-11-20,0,0,0,0,0
Mali,MLI,2025-11-21,0,0,0,0,0
Mali,MLI,2025-11-22,0,0,0,0,0
Mali,MLI,2025-11-23,1,1,0,0,0.14
Mali,MLI,2025-11-24,1,0,0,0,0.14
Mali,MLI,2025-11-25,1,0,0,0,0.14
Mali,MLI,2025-11-26,1,0,0,0,0.14
Mali,MLI,2025-11-27,1,0,0,0,0.14
Mali,MLI,2025-11-28,1,0,0,0,0.14
Mali,MLI,2025-11-29,1,0,0,0,0.14
Mali,MLI,2025-11-30,3,2,0,0,0.29
Mali,MLI,2025-12-01,3,0,0,0,0.29
Mali,MLI,2025-12-02,3,0,0,0,0.29
Mali,MLI,2025-12-03,3,0,0,0,0.29
Mali,MLI,2025-12-04,3,0,0,0,0.29
Mali,MLI,2025-12-05,3,0,0,0,0.29
Mali,MLI,2025-12-06,3,0,0,0,0.29
Mali,MLI,2025-12-07,6,3,0,0,0.43
Mali,MLI,2025-12-08,6,0,0,0,0.43
Mali,MLI,2025-12-09,6,0,0,0,0.43
Mali,MLI,2025-12-10,6,0,0,0,0.43
Mali,MLI,2025-12-11,6,0,0,0,0.43
Mali,MLI,2025-12-12,6,0,0,0,0.43
Mali,MLI,2025-12-13,6,0,0,0,0.43
Mali,MLI,2025-12-14,10,4,1,1,0.57
Mali,MLI,2025-12-15,10,0,1,0,0.57
Mali,MLI,2025-12-16,10,0,1,0,0.57
Mali,MLI,2025-12-17,10,0,1,0,0.57
Mali,MLI,2025-12-18,10,0,1,0,0.57
Mali,MLI,2025-12-19,10,0,1,0,0.57
Mali,MLI,2025-12-20,10,0,1,0,0.57
Mali,MLI,2025-12-21,11,1,1,0,0.14
Mali,MLI,2025-12-22,11,0,1,0,0.14
Mali,MLI,2025-12-23,11,0,1,0,0.14
Mali,MLI,2025-12-24,11,0,1,0,0.14
Mali,MLI,2025-12-25,11,0,1,0,0.14
Mali,MLI,2025-12-26,11,0,1,0,0.14
Mali,MLI,2025-12-27,11,0,1,0,0.14
Mali,MLI,2025-12-28,11,0,1,0,0
Mali,MLI,2025-12-29,11,0,1,0,0
Mali,MLI,2025-12-30,11,0,1,0,0
Mali,MLI,2025-12-31,11,0,1,0,0
Mali,MLI,2026-01-01,11,0,1,0,0
Mali,MLI,2026-01-02,11,0,1,0,0
Mali,MLI,2026-01-03,11,0,1,0,0
Mali,MLI,2026-01-04,11,0,1,0,0
Mali,MLI,2026-01-05,11,0,1,0,0
Mali,MLI,2026-01-06,11,0,1,0,0
Mali,MLI,2026-01-07,11,0,1,0,0
Mali,MLI,2026-01-08,11,0,1,0,0
Mali,MLI,2026-01-09,11,0,1,0,0
Mali,MLI,2026-01-10,11,0,1,0,0
Mali,MLI,2026-01-11,12,1,1,0,0.14
Mali,MLI,2026-01-12,12,0,1,0,0.14
Mali,MLI,2026-01-13,12,0,1,0,0.14
Mali,MLI,2026-01-14,12,0,1,0,0.14
Mali,MLI,2026-01-15,12,0,1,0,0.14
Mali,MLI,2026-01-16,12,0,1,0,0.14
Mali,MLI,2026-01-17,12,0,1,0,0.14
Mali,MLI,2026-01-18,15,3,2,1,0.43
Mali,MLI,2026-01-19,15,0,2,0,0.43
Mali,MLI,2026-01-20,15,0,2,0,0.43
Mali,MLI,2026-01-21,15,0,2,0,0.43
Mali,MLI,2026-01-22,15,0,2,0,0.43
Mali,MLI,2026-01-23,15,0,2,0,0.43
Mali,MLI,2026-01-24,15,0,2,0,0.43
Mali,MLI,2026-01-25,16,1,2,0,0.14
Mali,MLI,2026-01-26,16,0,2,0,0.14
Mali,MLI,2026-01-27,16,0,2,0,0.14
Mali,MLI,2026-01-28,16,0,2,0,0.14
Mali,MLI,2026-01-29,16,0,2,0,0.14
Mali,MLI,2026-01-30,16,0,2,0,0.14
Mali,MLI,2026-01-31,16,0,2,0,0.14
Mali,MLI,2026-02-01,16,0,2,0,0
Mali,MLI,2026-02-02,16,0,2,0,0
Mali,MLI,2026-02-03,16,0,2,0,0
Mali,MLI,2026-02-04,16,0,2,0,0
Mali,MLI,2026-02-05,16,0,2,0,0
Mali,MLI,2026-02-06,16,0,2,0,0
Mali,MLI,2026-02-07,16,0,2,0,0
Mali,MLI,2026-02-08,18,2,2,0,0.29
Mali,MLI,2026-02-09,18,0,2,0,0.29
Mali,MLI,2026-02-10,18,0,2,0,0.29
Mali,MLI,2026-02-11,18,0,2,0,0.29
Mali,MLI,2026-02-12,18,0,2,0,0.29
Mali,MLI,2026-02-13,18,0,2,0,0.29
Mali,MLI,2026-02-14,18,0,2,0,0.29
Mali,MLI,2026-02-15,18,0,2,0,0
Mali,MLI,2026-02-16,18,0,2,0,0
Mali,MLI,2026-02-17,18,0,2,0,0
Mali,MLI,2026-02-18,18,0,2,0,0
Mali,MLI,2026-02-19,18,0,2,0,0
Mali,MLI,2026-02-20,18,0,2,0,0
Mali,MLI,2026-02-21,18,0,2,0,0
Mali,MLI,2026-02-22,24,6,2,0,0.86
Mali,MLI,2026-02-23,24,0,2,0,0.86
Mali,MLI,2026-02-24,24,0,2,0,0.86
Mali,MLI,2026-02-25,24,0,2,0,0.86
Mali,MLI,2026-02-26,24,0,2,0,0.86
Mali,MLI,2026-02-27,24,0,2,0,0.86
Mali,MLI,2026-02-28,24,0,2,0,0.86
Mali,MLI,2026-03-01,26,2,2,0,0.29
Mali,MLI,2026-03-02,26,0,2,0,0.29
Mali,MLI,2026-03-03,26,0,2,0,0.29
Mali,MLI,2026-03-04,26,0,2,0,0.29
Mali,MLI,2026-03-05,26,0,2,0,0.29
Mali,MLI,2026-03-06,26,0,2,0,0.29
Mali,MLI,2026-03-07,26,0,2,0,0.29
Mali,MLI,2026-03-08,29,3,2,0,0.43
Mali,MLI,2026-03-09,29,0,2,0,0.43
Mali,MLI,2026-03-10,29,0,2,0,0.43
Mali,MLI,2026-03-11,29,0,2,0,0.43
Mali,MLI,2026-03-12,29,0,2,0,0.43
Mali,MLI,2026-03-13,29,0,2,0,0.43
Mali,MLI,2026-03-14,29,0,2,0,0.43
Mali,MLI,2026-03-15,29,0,2,0,0
Mali,MLI,2026-03-16,29,0,2,0,0
Mali,MLI,2026-03-17,29,0,2,0,0
Mali,MLI,2026-03-18,29,0,2,0,0
Mali,MLI,2026-03-19,29,0,2,0,0
Mali,MLI,2026-03-20,29,0,2,0,0
Mali,MLI,2026-03-21,29,0,2,0,0
Mali,MLI,2026-03-22,31,2,2,0,0.29
Mali,MLI,2026-03-23,31,0,2,0,0.29
Mali,MLI,2026-03-24,31,0,2,0,0.29
Mali,MLI,2026-03-25,31,0,2,0,0.29
Mali,MLI,2026-03-26,31,0,2,0,0.29
Mali,MLI,2026-03-27,31,0,2,0,0.29
Mali,MLI,2026-03-28,31,0,2,0,0.29
Mali,MLI,2026-03-29,31,0,2,0,0
Mali,MLI,2026-03-30,31,0,2,0,0
Mali,MLI,2026-03-31,31,0,2,0,0
Mali,MLI,2026-04-01,31,0,2,0,0
Mali,MLI,2026-04-02,31,0,2,0,0
Mali,MLI,2026-04-03,31,0,2,0,0
Mali,MLI,2026-04-04,31,0,2,0,0
Mali,MLI,2026-04-05,31,0,2,0,0
Mali,MLI,2026-04-06,31,0,2,0,0
Mali,MLI,2026-04-07,31,0,2,0,0
Mali,MLI,2026-04-08,31,0,2,0,0
Mali,MLI,2026-04-09,31,0,2,0,0
Mali,MLI,2026-04-10,31,0,2,0,0
Mali,MLI,2026-04-11,31,0,2,0,0
Mali,MLI,2026-04-12,31,0,2,0,0
Mali,MLI,2026-04-13,31,0,2,0,0
Mali,MLI,2026-04-14,31,0,2,0,0
Mali,MLI,2026-04-15,31,0,2,0,0
Mali,MLI,2026-04-16,31,0,2,0,0
Mali,MLI,2026-04-17,31,0,2,0,0
Mali,MLI,2026-04-18,31,0,2,0,0
Mali,MLI,2026-04-19,31,0,2,0,0
Mauritius,MUS,2024-10-20,0,0,0,0,0
Mauritius,MUS,2024-10-21,0,0,0,0,0
Mauritius,MUS,2024-10-22,0,0,0,0,0
Mauritius,MUS,2024-10-23,0,0,0,0,0
Mauritius,MUS,2024-10-24,0,0,0,0,0
Mauritius,MUS,2024-10-25,0,0,0,0,0
Mauritius,MUS,2024-10-26,0,0,0,0,0
Mauritius,MUS,2024-10-27,1,1,0,0,0.14
Mauritius,MUS,2024-10-28,1,0,0,0,0.14
Mauritius,MUS,2024-10-29,1,0,0,0,0.14
Mauritius,MUS,2024-10-30,1,0,0,0,0.14
Mauritius,MUS,2024-10-31,1,0,0,0,0.14
Mauritius,MUS,2024-11-01,1,0,0,0,0.14
Mauritius,MUS,2024-11-02,1,0,0,0,0.14
Mauritius,MUS,2024-11-03,1,0,0,0,0
Mauritius,MUS,2024-11-04,1,0,0,0,0
Mauritius,MUS,2024-11-05,1,0,0,0,0
Mauritius,MUS,2024-11-06,1,0,0,0,0
Mauritius,MUS,2024-11-07,1,0,0,0,0
Mauritius,MUS,2024-11-08,1,0,0,0,0
Mauritius,MUS,2024-11-09,1,0,0,0,0
Mauritius,MUS,2024-11-10,1,0,0,0,0
Mauritius,MUS,2024-11-11,1,0,0,0,0
Mauritius,MUS,2024-11-12,1,0,0,0,0
Mauritius,MUS,2024-11-13,1,0,0,0,0
Mauritius,MUS,2024-11-14,1,0,0,0,0
Mauritius,MUS,2024-11-15,1,0,0,0,0
Mauritius,MUS,2024-11-16,1,0,0,0,0
Mauritius,MUS,2024-11-17,1,0,0,0,0
Mauritius,MUS,2024-11-18,1,0,0,0,0
Mauritius,MUS,2024-11-19,1,0,0,0,0
Mauritius,MUS,2024-11-20,1,0,0,0,0
Mauritius,MUS,2024-11-21,1,0,0,0,0
Mauritius,MUS,2024-11-22,1,0,0,0,0
Mauritius,MUS,2024-11-23,1,0,0,0,0
Mauritius,MUS,2024-11-24,1,0,0,0,0
Mauritius,MUS,2024-11-25,1,0,0,0,0
Mauritius,MUS,2024-11-26,1,0,0,0,0
Mauritius,MUS,2024-11-27,1,0,0,0,0
Mauritius,MUS,2024-11-28,1,0,0,0,0
Mauritius,MUS,2024-11-29,1,0,0,0,0
Mauritius,MUS,2024-11-30,1,0,0,0,0
Mauritius,MUS,2024-12-01,1,0,0,0,0
Mauritius,MUS,2024-12-02,1,0,0,0,0
Mauritius,MUS,2024-12-03,1,0,0,0,0
Mauritius,MUS,2024-12-04,1,0,0,0,0
Mauritius,MUS,2024-12-05,1,0,0,0,0
Mauritius,MUS,2024-12-06,1,0,0,0,0
Mauritius,MUS,2024-12-07,1,0,0,0,0
Mauritius,MUS,2024-12-08,1,0,0,0,0
Mauritius,MUS,2024-12-09,1,0,0,0,0
Mauritius,MUS,2024-12-10,1,0,0,0,0
Mauritius,MUS,2024-12-11,1,0,0,0,0
Mauritius,MUS,2024-12-12,1,0,0,0,0
Mauritius,MUS,2024-12-13,1,0,0,0,0
Mauritius,MUS,2024-12-14,1,0,0,0,0
Mauritius,MUS,2024-12-15,1,0,0,0,0
Mauritius,MUS,2024-12-16,1,0,0,0,0
Mauritius,MUS,2024-12-17,1,0,0,0,0
Mauritius,MUS,2024-12-18,1,0,0,0,0
Mauritius,MUS,2024-12-19,1,0,0,0,0
Mauritius,MUS,2024-12-20,1,0,0,0,0
Mauritius,MUS,2024-12-21,1,0,0,0,0
Mauritius,MUS,2024-12-22,1,0,0,0,0
Mauritius,MUS,2024-12-23,1,0,0,0,0
Mauritius,MUS,2024-12-24,1,0,0,0,0
Mauritius,MUS,2024-12-25,1,0,0,0,0
Mauritius,MUS,2024-12-26,1,0,0,0,0
Mauritius,MUS,2024-12-27,1,0,0,0,0
Mauritius,MUS,2024-12-28,1,0,0,0,0
Mauritius,MUS,2024-12-29,1,0,0,0,0
Mauritius,MUS,2024-12-30,1,0,0,0,0
Mauritius,MUS,2024-12-31,1,0,0,0,0
Mauritius,MUS,2025-01-01,1,0,0,0,0
Mauritius,MUS,2025-01-02,1,0,0,0,0
Mauritius,MUS,2025-01-03,1,0,0,0,0
Mauritius,MUS,2025-01-04,1,0,0,0,0
Mauritius,MUS,2025-01-05,1,0,0,0,0
Mauritius,MUS,2025-01-06,1,0,0,0,0
Mauritius,MUS,2025-01-07,1,0,0,0,0
Mauritius,MUS,2025-01-08,1,0,0,0,0
Mauritius,MUS,2025-01-09,1,0,0,0,0
Mauritius,MUS,2025-01-10,1,0,0,0,0
Mauritius,MUS,2025-01-11,1,0,0,0,0
Mauritius,MUS,2025-01-12,1,0,0,0,0
Mauritius,MUS,2025-01-13,1,0,0,0,0
Mauritius,MUS,2025-01-14,1,0,0,0,0
Mauritius,MUS,2025-01-15,1,0,0,0,0
Mauritius,MUS,2025-01-16,1,0,0,0,0
Mauritius,MUS,2025-01-17,1,0,0,0,0
Mauritius,MUS,2025-01-18,1,0,0,0,0
Mauritius,MUS,2025-01-19,1,0,0,0,0
Mauritius,MUS,2025-01-20,1,0,0,0,0
Mauritius,MUS,2025-01-21,1,0,0,0,0
Mauritius,MUS,2025-01-22,1,0,0,0,0
Mauritius,MUS,2025-01-23,1,0,0,0,0
Mauritius,MUS,2025-01-24,1,0,0,0,0
Mauritius,MUS,2025-01-25,1,0,0,0,0
Mauritius,MUS,2025-01-26,1,0,0,0,0
Mauritius,MUS,2025-01-27,1,0,0,0,0
Mauritius,MUS,2025-01-28,1,0,0,0,0
Mauritius,MUS,2025-01-29,1,0,0,0,0
Mauritius,MUS,2025-01-30,1,0,0,0,0
Mauritius,MUS,2025-01-31,1,0,0,0,0
Mauritius,MUS,2025-02-01,1,0,0,0,0
Mauritius,MUS,2025-02-02,1,0,0,0,0
Mauritius,MUS,2025-02-03,1,0,0,0,0
Mauritius,MUS,2025-02-04,1,0,0,0,0
Mauritius,MUS,2025-02-05,1,0,0,0,0
Mauritius,MUS,2025-02-06,1,0,0,0,0
Mauritius,MUS,2025-02-07,1,0,0,0,0
Mauritius,MUS,2025-02-08,1,0,0,0,0
Mauritius,MUS,2025-02-09,1,0,0,0,0
Mauritius,MUS,2025-02-10,1,0,0,0,0
Mauritius,MUS,2025-02-11,1,0,0,0,0
Mauritius,MUS,2025-02-12,1,0,0,0,0
Mauritius,MUS,2025-02-13,1,0,0,0,0
Mauritius,MUS,2025-02-14,1,0,0,0,0
Mauritius,MUS,2025-02-15,1,0,0,0,0
Mauritius,MUS,2025-02-16,1,0,0,0,0
Mauritius,MUS,2025-02-17,1,0,0,0,0
Mauritius,MUS,2025-02-18,1,0,0,0,0
Mauritius,MUS,2025-02-19,1,0,0,0,0
Mauritius,MUS,2025-02-20,1,0,0,0,0
Mauritius,MUS,2025-02-21,1,0,0,0,0
Mauritius,MUS,2025-02-22,1,0,0,0,0
Mauritius,MUS,2025-02-23,1,0,0,0,0
Mauritius,MUS,2025-02-24,1,0,0,0,0
Mauritius,MUS,2025-02-25,1,0,0,0,0
Mauritius,MUS,2025-02-26,1,0,0,0,0
Mauritius,MUS,2025-02-27,1,0,0,0,0
Mauritius,MUS,2025-02-28,1,0,0,0,0
Mauritius,MUS,2025-03-01,1,0,0,0,0
Mauritius,MUS,2025-03-02,1,0,0,0,0
Mauritius,MUS,2025-03-03,1,0,0,0,0
Mauritius,MUS,2025-03-04,1,0,0,0,0
Mauritius,MUS,2025-03-05,1,0,0,0,0
Mauritius,MUS,2025-03-06,1,0,0,0,0
Mauritius,MUS,2025-03-07,1,0,0,0,0
Mauritius,MUS,2025-03-08,1,0,0,0,0
Mauritius,MUS,2025-03-09,1,0,0,0,0
Mauritius,MUS,2025-03-10,1,0,0,0,0
Mauritius,MUS,2025-03-11,1,0,0,0,0
Mauritius,MUS,2025-03-12,1,0,0,0,0
Mauritius,MUS,2025-03-13,1,0,0,0,0
Mauritius,MUS,2025-03-14,1,0,0,0,0
Mauritius,MUS,2025-03-15,1,0,0,0,0
Mauritius,MUS,2025-03-16,1,0,0,0,0
Mauritius,MUS,2025-03-17,1,0,0,0,0
Mauritius,MUS,2025-03-18,1,0,0,0,0
Mauritius,MUS,2025-03-19,1,0,0,0,0
Mauritius,MUS,2025-03-20,1,0,0,0,0
Mauritius,MUS,2025-03-21,1,0,0,0,0
Mauritius,MUS,2025-03-22,1,0,0,0,0
Mauritius,MUS,2025-03-23,1,0,0,0,0
Mauritius,MUS,2025-03-24,1,0,0,0,0
Mauritius,MUS,2025-03-25,1,0,0,0,0
Mauritius,MUS,2025-03-26,1,0,0,0,0
Mauritius,MUS,2025-03-27,1,0,0,0,0
Mauritius,MUS,2025-03-28,1,0,0,0,0
Mauritius,MUS,2025-03-29,1,0,0,0,0
Mauritius,MUS,2025-03-30,1,0,0,0,0
Mauritius,MUS,2025-03-31,1,0,0,0,0
Mauritius,MUS,2025-04-01,1,0,0,0,0
Mauritius,MUS,2025-04-02,1,0,0,0,0
Mauritius,MUS,2025-04-03,1,0,0,0,0
Mauritius,MUS,2025-04-04,1,0,0,0,0
Mauritius,MUS,2025-04-05,1,0,0,0,0
Mauritius,MUS,2025-04-06,1,0,0,0,0
Mauritius,MUS,2025-04-07,1,0,0,0,0
Mauritius,MUS,2025-04-08,1,0,0,0,0
Mauritius,MUS,2025-04-09,1,0,0,0,0
Mauritius,MUS,2025-04-10,1,0,0,0,0
Mauritius,MUS,2025-04-11,1,0,0,0,0
Mauritius,MUS,2025-04-12,1,0,0,0,0
Mauritius,MUS,2025-04-13,1,0,0,0,0
Mauritius,MUS,2025-04-14,1,0,0,0,0
Mauritius,MUS,2025-04-15,1,0,0,0,0
Mauritius,MUS,2025-04-16,1,0,0,0,0
Mauritius,MUS,2025-04-17,1,0,0,0,0
Mauritius,MUS,2025-04-18,1,0,0,0,0
Mauritius,MUS,2025-04-19,1,0,0,0,0
Mauritius,MUS,2025-04-20,1,0,0,0,0
Mauritius,MUS,2025-04-21,1,0,0,0,0
Mauritius,MUS,2025-04-22,1,0,0,0,0
Mauritius,MUS,2025-04-23,1,0,0,0,0
Mauritius,MUS,2025-04-24,1,0,0,0,0
Mauritius,MUS,2025-04-25,1,0,0,0,0
Mauritius,MUS,2025-04-26,1,0,0,0,0
Mauritius,MUS,2025-04-27,1,0,0,0,0
Mauritius,MUS,2025-04-28,1,0,0,0,0
Mauritius,MUS,2025-04-29,1,0,0,0,0
Mauritius,MUS,2025-04-30,1,0,0,0,0
Mauritius,MUS,2025-05-01,1,0,0,0,0
Mauritius,MUS,2025-05-02,1,0,0,0,0
Mauritius,MUS,2025-05-03,1,0,0,0,0
Mauritius,MUS,2025-05-04,1,0,0,0,0
Mauritius,MUS,2025-05-05,1,0,0,0,0
Mauritius,MUS,2025-05-06,1,0,0,0,0
Mauritius,MUS,2025-05-07,1,0,0,0,0
Mauritius,MUS,2025-05-08,1,0,0,0,0
Mauritius,MUS,2025-05-09,1,0,0,0,0
Mauritius,MUS,2025-05-10,1,0,0,0,0
Mauritius,MUS,2025-05-11,1,0,0,0,0
Mauritius,MUS,2025-05-12,1,0,0,0,0
Mauritius,MUS,2025-05-13,1,0,0,0,0
Mauritius,MUS,2025-05-14,1,0,0,0,0
Mauritius,MUS,2025-05-15,1,0,0,0,0
Mauritius,MUS,2025-05-16,1,0,0,0,0
Mauritius,MUS,2025-05-17,1,0,0,0,0
Mauritius,MUS,2025-05-18,1,0,0,0,0
Mauritius,MUS,2025-05-19,1,0,0,0,0
Mauritius,MUS,2025-05-20,1,0,0,0,0
Mauritius,MUS,2025-05-21,1,0,0,0,0
Mauritius,MUS,2025-05-22,1,0,0,0,0
Mauritius,MUS,2025-05-23,1,0,0,0,0
Mauritius,MUS,2025-05-24,1,0,0,0,0
Mauritius,MUS,2025-05-25,1,0,0,0,0
Mauritius,MUS,2025-05-26,1,0,0,0,0
Mauritius,MUS,2025-05-27,1,0,0,0,0
Mauritius,MUS,2025-05-28,1,0,0,0,0
Mauritius,MUS,2025-05-29,1,0,0,0,0
Mauritius,MUS,2025-05-30,1,0,0,0,0
Mauritius,MUS,2025-05-31,1,0,0,0,0
Mauritius,MUS,2025-06-01,1,0,0,0,0
Mauritius,MUS,2025-06-02,1,0,0,0,0
Mauritius,MUS,2025-06-03,1,0,0,0,0
Mauritius,MUS,2025-06-04,1,0,0,0,0
Mauritius,MUS,2025-06-05,1,0,0,0,0
Mauritius,MUS,2025-06-06,1,0,0,0,0
Mauritius,MUS,2025-06-07,1,0,0,0,0
Mauritius,MUS,2025-06-08,1,0,0,0,0
Mauritius,MUS,2025-06-09,1,0,0,0,0
Mauritius,MUS,2025-06-10,1,0,0,0,0
Mauritius,MUS,2025-06-11,1,0,0,0,0
Mauritius,MUS,2025-06-12,1,0,0,0,0
Mauritius,MUS,2025-06-13,1,0,0,0,0
Mauritius,MUS,2025-06-14,1,0,0,0,0
Mauritius,MUS,2025-06-15,1,0,0,0,0
Mauritius,MUS,2025-06-16,1,0,0,0,0
Mauritius,MUS,2025-06-17,1,0,0,0,0
Mauritius,MUS,2025-06-18,1,0,0,0,0
Mauritius,MUS,2025-06-19,1,0,0,0,0
Mauritius,MUS,2025-06-20,1,0,0,0,0
Mauritius,MUS,2025-06-21,1,0,0,0,0
Mauritius,MUS,2025-06-22,1,0,0,0,0
Mauritius,MUS,2025-06-23,1,0,0,0,0
Mauritius,MUS,2025-06-24,1,0,0,0,0
Mauritius,MUS,2025-06-25,1,0,0,0,0
Mauritius,MUS,2025-06-26,1,0,0,0,0
Mauritius,MUS,2025-06-27,1,0,0,0,0
Mauritius,MUS,2025-06-28,1,0,0,0,0
Mauritius,MUS,2025-06-29,1,0,0,0,0
Mauritius,MUS,2025-06-30,1,0,0,0,0
Mauritius,MUS,2025-07-01,1,0,0,0,0
Mauritius,MUS,2025-07-02,1,0,0,0,0
Mauritius,MUS,2025-07-03,1,0,0,0,0
Mauritius,MUS,2025-07-04,1,0,0,0,0
Mauritius,MUS,2025-07-05,1,0,0,0,0
Mauritius,MUS,2025-07-06,1,0,0,0,0
Mauritius,MUS,2025-07-07,1,0,0,0,0
Mauritius,MUS,2025-07-08,1,0,0,0,0
Mauritius,MUS,2025-07-09,1,0,0,0,0
Mauritius,MUS,2025-07-10,1,0,0,0,0
Mauritius,MUS,2025-07-11,1,0,0,0,0
Mauritius,MUS,2025-07-12,1,0,0,0,0
Mauritius,MUS,2025-07-13,1,0,0,0,0
Mauritius,MUS,2025-07-14,1,0,0,0,0
Mauritius,MUS,2025-07-15,1,0,0,0,0
Mauritius,MUS,2025-07-16,1,0,0,0,0
Mauritius,MUS,2025-07-17,1,0,0,0,0
Mauritius,MUS,2025-07-18,1,0,0,0,0
Mauritius,MUS,2025-07-19,1,0,0,0,0
Mauritius,MUS,2025-07-20,1,0,0,0,0
Mauritius,MUS,2025-07-21,1,0,0,0,0
Mauritius,MUS,2025-07-22,1,0,0,0,0
Mauritius,MUS,2025-07-23,1,0,0,0,0
Mauritius,MUS,2025-07-24,1,0,0,0,0
Mauritius,MUS,2025-07-25,1,0,0,0,0
Mauritius,MUS,2025-07-26,1,0,0,0,0
Mauritius,MUS,2025-07-27,1,0,0,0,0
Mauritius,MUS,2025-07-28,1,0,0,0,0
Mauritius,MUS,2025-07-29,1,0,0,0,0
Mauritius,MUS,2025-07-30,1,0,0,0,0
Mauritius,MUS,2025-07-31,1,0,0,0,0
Mauritius,MUS,2025-08-01,1,0,0,0,0
Mauritius,MUS,2025-08-02,1,0,0,0,0
Mauritius,MUS,2025-08-03,1,0,0,0,0
Mauritius,MUS,2025-08-04,1,0,0,0,0
Mauritius,MUS,2025-08-05,1,0,0,0,0
Mauritius,MUS,2025-08-06,1,0,0,0,0
Mauritius,MUS,2025-08-07,1,0,0,0,0
Mauritius,MUS,2025-08-08,1,0,0,0,0
Mauritius,MUS,2025-08-09,1,0,0,0,0
Mauritius,MUS,2025-08-10,1,0,0,0,0
Mauritius,MUS,2025-08-11,1,0,0,0,0
Mauritius,MUS,2025-08-12,1,0,0,0,0
Mauritius,MUS,2025-08-13,1,0,0,0,0
Mauritius,MUS,2025-08-14,1,0,0,0,0
Mauritius,MUS,2025-08-15,1,0,0,0,0
Mauritius,MUS,2025-08-16,1,0,0,0,0
Mauritius,MUS,2025-08-17,1,0,0,0,0
Mauritius,MUS,2025-08-18,1,0,0,0,0
Mauritius,MUS,2025-08-19,1,0,0,0,0
Mauritius,MUS,2025-08-20,1,0,0,0,0
Mauritius,MUS,2025-08-21,1,0,0,0,0
Mauritius,MUS,2025-08-22,1,0,0,0,0
Mauritius,MUS,2025-08-23,1,0,0,0,0
Mauritius,MUS,2025-08-24,1,0,0,0,0
Mauritius,MUS,2025-08-25,1,0,0,0,0
Mauritius,MUS,2025-08-26,1,0,0,0,0
Mauritius,MUS,2025-08-27,1,0,0,0,0
Mauritius,MUS,2025-08-28,1,0,0,0,0
Mauritius,MUS,2025-08-29,1,0,0,0,0
Mauritius,MUS,2025-08-30,1,0,0,0,0
Mauritius,MUS,2025-08-31,1,0,0,0,0
Mauritius,MUS,2025-09-01,1,0,0,0,0
Mauritius,MUS,2025-09-02,1,0,0,0,0
Mauritius,MUS,2025-09-03,1,0,0,0,0
Mauritius,MUS,2025-09-04,1,0,0,0,0
Mauritius,MUS,2025-09-05,1,0,0,0,0
Mauritius,MUS,2025-09-06,1,0,0,0,0
Mauritius,MUS,2025-09-07,1,0,0,0,0
Mauritius,MUS,2025-09-08,1,0,0,0,0
Mauritius,MUS,2025-09-09,1,0,0,0,0
Mauritius,MUS,2025-09-10,1,0,0,0,0
Mauritius,MUS,2025-09-11,1,0,0,0,0
Mauritius,MUS,2025-09-12,1,0,0,0,0
Mauritius,MUS,2025-09-13,1,0,0,0,0
Mauritius,MUS,2025-09-14,1,0,0,0,0
Mauritius,MUS,2025-09-15,1,0,0,0,0
Mauritius,MUS,2025-09-16,1,0,0,0,0
Mauritius,MUS,2025-09-17,1,0,0,0,0
Mauritius,MUS,2025-09-18,1,0,0,0,0
Mauritius,MUS,2025-09-19,1,0,0,0,0
Mauritius,MUS,2025-09-20,1,0,0,0,0
Mauritius,MUS,2025-09-21,1,0,0,0,0
Mauritius,MUS,2025-09-22,1,0,0,0,0
Mauritius,MUS,2025-09-23,1,0,0,0,0
Mauritius,MUS,2025-09-24,1,0,0,0,0
Mauritius,MUS,2025-09-25,1,0,0,0,0
Mauritius,MUS,2025-09-26,1,0,0,0,0
Mauritius,MUS,2025-09-27,1,0,0,0,0
Mauritius,MUS,2025-09-28,1,0,0,0,0
Mauritius,MUS,2025-09-29,1,0,0,0,0
Mauritius,MUS,2025-09-30,1,0,0,0,0
Mauritius,MUS,2025-10-01,1,0,0,0,0
Mauritius,MUS,2025-10-02,1,0,0,0,0
Mauritius,MUS,2025-10-03,1,0,0,0,0
Mauritius,MUS,2025-10-04,1,0,0,0,0
Mauritius,MUS,2025-10-05,1,0,0,0,0
Mauritius,MUS,2025-10-06,1,0,0,0,0
Mauritius,MUS,2025-10-07,1,0,0,0,0
Mauritius,MUS,2025-10-08,1,0,0,0,0
Mauritius,MUS,2025-10-09,1,0,0,0,0
Mauritius,MUS,2025-10-10,1,0,0,0,0
Mauritius,MUS,2025-10-11,1,0,0,0,0
Mauritius,MUS,2025-10-12,1,0,0,0,0
Mauritius,MUS,2025-10-13,1,0,0,0,0
Mauritius,MUS,2025-10-14,1,0,0,0,0
Mauritius,MUS,2025-10-15,1,0,0,0,0
Mauritius,MUS,2025-10-16,1,0,0,0,0
Mauritius,MUS,2025-10-17,1,0,0,0,0
Mauritius,MUS,2025-10-18,1,0,0,0,0
Mauritius,MUS,2025-10-19,1,0,0,0,0
Mauritius,MUS,2025-10-20,1,0,0,0,0
Mauritius,MUS,2025-10-21,1,0,0,0,0
Mauritius,MUS,2025-10-22,1,0,0,0,0
Mauritius,MUS,2025-10-23,1,0,0,0,0
Mauritius,MUS,2025-10-24,1,0,0,0,0
Mauritius,MUS,2025-10-25,1,0,0,0,0
Mauritius,MUS,2025-10-26,1,0,0,0,0
Mauritius,MUS,2025-10-27,1,0,0,0,0
Mauritius,MUS,2025-10-28,1,0,0,0,0
Mauritius,MUS,2025-10-29,1,0,0,0,0
Mauritius,MUS,2025-10-30,1,0,0,0,0
Mauritius,MUS,2025-10-31,1,0,0,0,0
Mauritius,MUS,2025-11-01,1,0,0,0,0
Mauritius,MUS,2025-11-02,1,0,0,0,0
Mauritius,MUS,2025-11-03,1,0,0,0,0
Mauritius,MUS,2025-11-04,1,0,0,0,0
Mauritius,MUS,2025-11-05,1,0,0,0,0
Mauritius,MUS,2025-11-06,1,0,0,0,0
Mauritius,MUS,2025-11-07,1,0,0,0,0
Mauritius,MUS,2025-11-08,1,0,0,0,0
Mauritius,MUS,2025-11-09,1,0,0,0,0
Mauritius,MUS,2025-11-10,1,0,0,0,0
Mauritius,MUS,2025-11-11,1,0,0,0,0
Mauritius,MUS,2025-11-12,1,0,0,0,0
Mauritius,MUS,2025-11-13,1,0,0,0,0
Mauritius,MUS,2025-11-14,1,0,0,0,0
Mauritius,MUS,2025-11-15,1,0,0,0,0
Mauritius,MUS,2025-11-16,1,0,0,0,0
Mauritius,MUS,2025-11-17,1,0,0,0,0
Mauritius,MUS,2025-11-18,1,0,0,0,0
Mauritius,MUS,2025-11-19,1,0,0,0,0
Mauritius,MUS,2025-11-20,1,0,0,0,0
Mauritius,MUS,2025-11-21,1,0,0,0,0
Mauritius,MUS,2025-11-22,1,0,0,0,0
Mauritius,MUS,2025-11-23,1,0,0,0,0
Mauritius,MUS,2025-11-24,1,0,0,0,0
Mauritius,MUS,2025-11-25,1,0,0,0,0
Mauritius,MUS,2025-11-26,1,0,0,0,0
Mauritius,MUS,2025-11-27,1,0,0,0,0
Mauritius,MUS,2025-11-28,1,0,0,0,0
Mauritius,MUS,2025-11-29,1,0,0,0,0
Mauritius,MUS,2025-11-30,1,0,0,0,0
Mauritius,MUS,2025-12-01,1,0,0,0,0
Mauritius,MUS,2025-12-02,1,0,0,0,0
Mauritius,MUS,2025-12-03,1,0,0,0,0
Mauritius,MUS,2025-12-04,1,0,0,0,0
Mauritius,MUS,2025-12-05,1,0,0,0,0
Mauritius,MUS,2025-12-06,1,0,0,0,0
Mauritius,MUS,2025-12-07,1,0,0,0,0
Mauritius,MUS,2025-12-08,1,0,0,0,0
Mauritius,MUS,2025-12-09,1,0,0,0,0
Mauritius,MUS,2025-12-10,1,0,0,0,0
Mauritius,MUS,2025-12-11,1,0,0,0,0
Mauritius,MUS,2025-12-12,1,0,0,0,0
Mauritius,MUS,2025-12-13,1,0,0,0,0
Mauritius,MUS,2025-12-14,1,0,0,0,0
Mauritius,MUS,2025-12-15,1,0,0,0,0
Mauritius,MUS,2025-12-16,1,0,0,0,0
Mauritius,MUS,2025-12-17,1,0,0,0,0
Mauritius,MUS,2025-12-18,1,0,0,0,0
Mauritius,MUS,2025-12-19,1,0,0,0,0
Mauritius,MUS,2025-12-20,1,0,0,0,0
Mauritius,MUS,2025-12-21,1,0,0,0,0
Mauritius,MUS,2025-12-22,1,0,0,0,0
Mauritius,MUS,2025-12-23,1,0,0,0,0
Mauritius,MUS,2025-12-24,1,0,0,0,0
Mauritius,MUS,2025-12-25,1,0,0,0,0
Mauritius,MUS,2025-12-26,1,0,0,0,0
Mauritius,MUS,2025-12-27,1,0,0,0,0
Mauritius,MUS,2025-12-28,1,0,0,0,0
Mauritius,MUS,2025-12-29,1,0,0,0,0
Mauritius,MUS,2025-12-30,1,0,0,0,0
Mauritius,MUS,2025-12-31,1,0,0,0,0
Mauritius,MUS,2026-01-01,1,0,0,0,0
Mauritius,MUS,2026-01-02,1,0,0,0,0
Mauritius,MUS,2026-01-03,1,0,0,0,0
Mauritius,MUS,2026-01-04,1,0,0,0,0
Mauritius,MUS,2026-01-05,1,0,0,0,0
Mauritius,MUS,2026-01-06,1,0,0,0,0
Mauritius,MUS,2026-01-07,1,0,0,0,0
Mauritius,MUS,2026-01-08,1,0,0,0,0
Mauritius,MUS,2026-01-09,1,0,0,0,0
Mauritius,MUS,2026-01-10,1,0,0,0,0
Mauritius,MUS,2026-01-11,1,0,0,0,0
Mauritius,MUS,2026-01-12,1,0,0,0,0
Mauritius,MUS,2026-01-13,1,0,0,0,0
Mauritius,MUS,2026-01-14,1,0,0,0,0
Mauritius,MUS,2026-01-15,1,0,0,0,0
Mauritius,MUS,2026-01-16,1,0,0,0,0
Mauritius,MUS,2026-01-17,1,0,0,0,0
Mauritius,MUS,2026-01-18,1,0,0,0,0
Mauritius,MUS,2026-01-19,1,0,0,0,0
Mauritius,MUS,2026-01-20,1,0,0,0,0
Mauritius,MUS,2026-01-21,1,0,0,0,0
Mauritius,MUS,2026-01-22,1,0,0,0,0
Mauritius,MUS,2026-01-23,1,0,0,0,0
Mauritius,MUS,2026-01-24,1,0,0,0,0
Mauritius,MUS,2026-01-25,1,0,0,0,0
Mauritius,MUS,2026-01-26,1,0,0,0,0
Mauritius,MUS,2026-01-27,1,0,0,0,0
Mauritius,MUS,2026-01-28,1,0,0,0,0
Mauritius,MUS,2026-01-29,1,0,0,0,0
Mauritius,MUS,2026-01-30,1,0,0,0,0
Mauritius,MUS,2026-01-31,1,0,0,0,0
Mauritius,MUS,2026-02-01,1,0,0,0,0
Mauritius,MUS,2026-02-02,1,0,0,0,0
Mauritius,MUS,2026-02-03,1,0,0,0,0
Mauritius,MUS,2026-02-04,1,0,0,0,0
Mauritius,MUS,2026-02-05,1,0,0,0,0
Mauritius,MUS,2026-02-06,1,0,0,0,0
Mauritius,MUS,2026-02-07,1,0,0,0,0
Mauritius,MUS,2026-02-08,1,0,0,0,0
Mauritius,MUS,2026-02-09,1,0,0,0,0
Mauritius,MUS,2026-02-10,1,0,0,0,0
Mauritius,MUS,2026-02-11,1,0,0,0,0
Mauritius,MUS,2026-02-12,1,0,0,0,0
Mauritius,MUS,2026-02-13,1,0,0,0,0
Mauritius,MUS,2026-02-14,1,0,0,0,0
Mauritius,MUS,2026-02-15,1,0,0,0,0
Mauritius,MUS,2026-02-16,1,0,0,0,0
Mauritius,MUS,2026-02-17,1,0,0,0,0
Mauritius,MUS,2026-02-18,1,0,0,0,0
Mauritius,MUS,2026-02-19,1,0,0,0,0
Mauritius,MUS,2026-02-20,1,0,0,0,0
Mauritius,MUS,2026-02-21,1,0,0,0,0
Mauritius,MUS,2026-02-22,1,0,0,0,0
Mauritius,MUS,2026-02-23,1,0,0,0,0
Mauritius,MUS,2026-02-24,1,0,0,0,0
Mauritius,MUS,2026-02-25,1,0,0,0,0
Mauritius,MUS,2026-02-26,1,0,0,0,0
Mauritius,MUS,2026-02-27,1,0,0,0,0
Mauritius,MUS,2026-02-28,1,0,0,0,0
Mauritius,MUS,2026-03-01,1,0,0,0,0
Mauritius,MUS,2026-03-02,1,0,0,0,0
Mauritius,MUS,2026-03-03,1,0,0,0,0
Mauritius,MUS,2026-03-04,1,0,0,0,0
Mauritius,MUS,2026-03-05,1,0,0,0,0
Mauritius,MUS,2026-03-06,1,0,0,0,0
Mauritius,MUS,2026-03-07,1,0,0,0,0
Mauritius,MUS,2026-03-08,1,0,0,0,0
Mauritius,MUS,2026-03-09,1,0,0,0,0
Mauritius,MUS,2026-03-10,1,0,0,0,0
Mauritius,MUS,2026-03-11,1,0,0,0,0
Mauritius,MUS,2026-03-12,1,0,0,0,0
Mauritius,MUS,2026-03-13,1,0,0,0,0
Mauritius,MUS,2026-03-14,1,0,0,0,0
Mauritius,MUS,2026-03-15,1,0,0,0,0
Mauritius,MUS,2026-03-16,1,0,0,0,0
Mauritius,MUS,2026-03-17,1,0,0,0,0
Mauritius,MUS,2026-03-18,1,0,0,0,0
Mauritius,MUS,2026-03-19,1,0,0,0,0
Mauritius,MUS,2026-03-20,1,0,0,0,0
Mauritius,MUS,2026-03-21,1,0,0,0,0
Mauritius,MUS,2026-03-22,1,0,0,0,0
Mauritius,MUS,2026-03-23,1,0,0,0,0
Mauritius,MUS,2026-03-24,1,0,0,0,0
Mauritius,MUS,2026-03-25,1,0,0,0,0
Mauritius,MUS,2026-03-26,1,0,0,0,0
Mauritius,MUS,2026-03-27,1,0,0,0,0
Mauritius,MUS,2026-03-28,1,0,0,0,0
Mauritius,MUS,2026-03-29,1,0,0,0,0
Mauritius,MUS,2026-03-30,1,0,0,0,0
Mauritius,MUS,2026-03-31,1,0,0,0,0
Mauritius,MUS,2026-04-01,1,0,0,0,0
Mauritius,MUS,2026-04-02,1,0,0,0,0
Mauritius,MUS,2026-04-03,1,0,0,0,0
Mauritius,MUS,2026-04-04,1,0,0,0,0
Mauritius,MUS,2026-04-05,1,0,0,0,0
Mauritius,MUS,2026-04-06,1,0,0,0,0
Mauritius,MUS,2026-04-07,1,0,0,0,0
Mauritius,MUS,2026-04-08,1,0,0,0,0
Mauritius,MUS,2026-04-09,1,0,0,0,0
Mauritius,MUS,2026-04-10,1,0,0,0,0
Mauritius,MUS,2026-04-11,1,0,0,0,0
Mauritius,MUS,2026-04-12,1,0,0,0,0
Mauritius,MUS,2026-04-13,1,0,0,0,0
Mauritius,MUS,2026-04-14,1,0,0,0,0
Mauritius,MUS,2026-04-15,1,0,0,0,0
Mauritius,MUS,2026-04-16,1,0,0,0,0
Mauritius,MUS,2026-04-17,1,0,0,0,0
Mauritius,MUS,2026-04-18,1,0,0,0,0
Mauritius,MUS,2026-04-19,1,0,0,0,0
Mauritius,MUS,2026-04-20,1,0,0,0,0
Mauritius,MUS,2026-04-21,1,0,0,0,0
Mauritius,MUS,2026-04-22,1,0,0,0,0
Mauritius,MUS,2026-04-23,1,0,0,0,0
Mauritius,MUS,2026-04-24,1,0,0,0,0
Mauritius,MUS,2026-04-25,1,0,0,0,0
Mauritius,MUS,2026-04-26,3,2,0,0,0.29
Morocco,MAR,2022-06-02,1,1,0,0,0.14
Morocco,MAR,2022-06-03,1,0,0,0,0.14
Morocco,MAR,2022-06-04,1,0,0,0,0.14
Morocco,MAR,2022-06-05,1,0,0,0,0.14
Morocco,MAR,2022-06-06,1,0,0,0,0.14
Morocco,MAR,2022-06-07,1,0,0,0,0.14
Morocco,MAR,2022-06-08,1,0,0,0,0.14
Morocco,MAR,2022-06-09,1,0,0,0,0
Morocco,MAR,2022-06-10,1,0,0,0,0
Morocco,MAR,2022-06-11,1,0,0,0,0
Morocco,MAR,2022-06-12,1,0,0,0,0
Morocco,MAR,2022-06-13,1,0,0,0,0
Morocco,MAR,2022-06-14,1,0,0,0,0
Morocco,MAR,2022-06-15,1,0,0,0,0
Morocco,MAR,2022-06-16,1,0,0,0,0
Morocco,MAR,2022-06-17,1,0,0,0,0
Morocco,MAR,2022-06-18,1,0,0,0,0
Morocco,MAR,2022-06-19,1,0,0,0,0
Morocco,MAR,2022-06-20,1,0,0,0,0
Morocco,MAR,2022-06-21,1,0,0,0,0
Morocco,MAR,2022-06-22,1,0,0,0,0
Morocco,MAR,2022-06-23,1,0,0,0,0
Morocco,MAR,2022-06-24,1,0,0,0,0
Morocco,MAR,2022-06-25,1,0,0,0,0
Morocco,MAR,2022-06-26,1,0,0,0,0
Morocco,MAR,2022-06-27,1,0,0,0,0
Morocco,MAR,2022-06-28,1,0,0,0,0
Morocco,MAR,2022-06-29,1,0,0,0,0
Morocco,MAR,2022-06-30,1,0,0,0,0
Morocco,MAR,2022-07-01,1,0,0,0,0
Morocco,MAR,2022-07-02,1,0,0,0,0
Morocco,MAR,2022-07-03,1,0,0,0,0
Morocco,MAR,2022-07-04,1,0,0,0,0
Morocco,MAR,2022-07-05,1,0,0,0,0
Morocco,MAR,2022-07-06,1,0,0,0,0
Morocco,MAR,2022-07-07,1,0,0,0,0
Morocco,MAR,2022-07-08,1,0,0,0,0
Morocco,MAR,2022-07-09,1,0,0,0,0
Morocco,MAR,2022-07-10,1,0,0,0,0
Morocco,MAR,2022-07-11,1,0,0,0,0
Morocco,MAR,2022-07-12,1,0,0,0,0
Morocco,MAR,2022-07-13,1,0,0,0,0
Morocco,MAR,2022-07-14,1,0,0,0,0
Morocco,MAR,2022-07-15,1,0,0,0,0
Morocco,MAR,2022-07-16,1,0,0,0,0
Morocco,MAR,2022-07-17,1,0,0,0,0
Morocco,MAR,2022-07-18,1,0,0,0,0
Morocco,MAR,2022-07-19,1,0,0,0,0
Morocco,MAR,2022-07-20,1,0,0,0,0
Morocco,MAR,2022-07-21,1,0,0,0,0
Morocco,MAR,2022-07-22,1,0,0,0,0
Morocco,MAR,2022-07-23,1,0,0,0,0
Morocco,MAR,2022-07-24,1,0,0,0,0
Morocco,MAR,2022-07-25,1,0,0,0,0
Morocco,MAR,2022-07-26,1,0,0,0,0
Morocco,MAR,2022-07-27,1,0,0,0,0
Morocco,MAR,2022-07-28,1,0,0,0,0
Morocco,MAR,2022-07-29,1,0,0,0,0
Morocco,MAR,2022-07-30,1,0,0,0,0
Morocco,MAR,2022-07-31,1,0,0,0,0
Morocco,MAR,2022-08-01,1,0,0,0,0
Morocco,MAR,2022-08-02,1,0,0,0,0
Morocco,MAR,2022-08-03,1,0,0,0,0
Morocco,MAR,2022-08-04,1,0,0,0,0
Morocco,MAR,2022-08-05,1,0,0,0,0
Morocco,MAR,2022-08-06,1,0,0,0,0
Morocco,MAR,2022-08-07,1,0,0,0,0
Morocco,MAR,2022-08-08,1,0,0,0,0
Morocco,MAR,2022-08-09,1,0,0,0,0
Morocco,MAR,2022-08-10,1,0,0,0,0
Morocco,MAR,2022-08-11,1,0,0,0,0
Morocco,MAR,2022-08-12,1,0,0,0,0
Morocco,MAR,2022-08-13,1,0,0,0,0
Morocco,MAR,2022-08-14,1,0,0,0,0
Morocco,MAR,2022-08-15,1,0,0,0,0
Morocco,MAR,2022-08-16,1,0,0,0,0
Morocco,MAR,2022-08-17,1,0,0,0,0
Morocco,MAR,2022-08-18,1,0,0,0,0
Morocco,MAR,2022-08-19,1,0,0,0,0
Morocco,MAR,2022-08-20,1,0,0,0,0
Morocco,MAR,2022-08-21,1,0,0,0,0
Morocco,MAR,2022-08-22,1,0,0,0,0
Morocco,MAR,2022-08-23,1,0,0,0,0
Morocco,MAR,2022-08-24,1,0,0,0,0
Morocco,MAR,2022-08-25,1,0,0,0,0
Morocco,MAR,2022-08-26,1,0,0,0,0
Morocco,MAR,2022-08-27,1,0,0,0,0
Morocco,MAR,2022-08-28,1,0,0,0,0
Morocco,MAR,2022-08-29,3,2,0,0,0.29
Morocco,MAR,2022-08-30,3,0,0,0,0.29
Morocco,MAR,2022-08-31,3,0,0,0,0.29
Morocco,MAR,2022-09-01,3,0,0,0,0.29
Morocco,MAR,2022-09-02,3,0,0,0,0.29
Morocco,MAR,2022-09-03,3,0,0,0,0.29
Morocco,MAR,2022-09-04,3,0,0,0,0.29
Morocco,MAR,2022-09-05,3,0,0,0,0
Morocco,MAR,2022-09-06,3,0,0,0,0
Morocco,MAR,2022-09-07,3,0,0,0,0
Morocco,MAR,2022-09-08,3,0,0,0,0
Morocco,MAR,2022-09-09,3,0,0,0,0
Morocco,MAR,2022-09-10,3,0,0,0,0
Morocco,MAR,2022-09-11,3,0,0,0,0
Morocco,MAR,2022-09-12,3,0,0,0,0
Morocco,MAR,2022-09-13,3,0,0,0,0
Morocco,MAR,2022-09-14,3,0,0,0,0
Morocco,MAR,2022-09-15,3,0,0,0,0
Morocco,MAR,2022-09-16,3,0,0,0,0
Morocco,MAR,2022-09-17,3,0,0,0,0
Morocco,MAR,2022-09-18,3,0,0,0,0
Morocco,MAR,2022-09-19,3,0,0,0,0
Morocco,MAR,2022-09-20,3,0,0,0,0
Morocco,MAR,2022-09-21,3,0,0,0,0
Morocco,MAR,2022-09-22,3,0,0,0,0
Morocco,MAR,2022-09-23,3,0,0,0,0
Morocco,MAR,2022-09-24,3,0,0,0,0
Morocco,MAR,2022-09-25,3,0,0,0,0
Morocco,MAR,2022-09-26,3,0,0,0,0
Morocco,MAR,2022-09-27,3,0,0,0,0
Morocco,MAR,2022-09-28,3,0,0,0,0
Morocco,MAR,2022-09-29,3,0,0,0,0
Morocco,MAR,2022-09-30,3,0,0,0,0
Morocco,MAR,2022-10-01,3,0,0,0,0
Morocco,MAR,2022-10-02,3,0,0,0,0
Morocco,MAR,2022-10-03,3,0,0,0,0
Morocco,MAR,2022-10-04,3,0,0,0,0
Morocco,MAR,2022-10-05,3,0,0,0,0
Morocco,MAR,2022-10-06,3,0,0,0,0
Morocco,MAR,2022-10-07,3,0,0,0,0
Morocco,MAR,2022-10-08,3,0,0,0,0
Morocco,MAR,2022-10-09,3,0,0,0,0
Morocco,MAR,2022-10-10,3,0,0,0,0
Morocco,MAR,2022-10-11,3,0,0,0,0
Morocco,MAR,2022-10-12,3,0,0,0,0
Morocco,MAR,2022-10-13,3,0,0,0,0
Morocco,MAR,2022-10-14,3,0,0,0,0
Morocco,MAR,2022-10-15,3,0,0,0,0
Morocco,MAR,2022-10-16,3,0,0,0,0
Morocco,MAR,2022-10-17,3,0,0,0,0
Morocco,MAR,2022-10-18,3,0,0,0,0
Morocco,MAR,2022-10-19,3,0,0,0,0
Morocco,MAR,2022-10-20,3,0,0,0,0
Morocco,MAR,2022-10-21,3,0,0,0,0
Morocco,MAR,2022-10-22,3,0,0,0,0
Morocco,MAR,2022-10-23,3,0,0,0,0
Morocco,MAR,2022-10-24,3,0,0,0,0
Morocco,MAR,2022-10-25,3,0,0,0,0
Morocco,MAR,2022-10-26,3,0,0,0,0
Morocco,MAR,2022-10-27,3,0,0,0,0
Morocco,MAR,2022-10-28,3,0,0,0,0
Morocco,MAR,2022-10-29,3,0,0,0,0
Morocco,MAR,2022-10-30,3,0,0,0,0
Morocco,MAR,2022-10-31,3,0,0,0,0
Morocco,MAR,2022-11-01,3,0,0,0,0
Morocco,MAR,2022-11-02,3,0,0,0,0
Morocco,MAR,2022-11-03,3,0,0,0,0
Morocco,MAR,2022-11-04,3,0,0,0,0
Morocco,MAR,2022-11-05,3,0,0,0,0
Morocco,MAR,2022-11-06,3,0,0,0,0
Morocco,MAR,2022-11-07,3,0,0,0,0
Morocco,MAR,2022-11-08,3,0,0,0,0
Morocco,MAR,2022-11-09,3,0,0,0,0
Morocco,MAR,2022-11-10,3,0,0,0,0
Morocco,MAR,2022-11-11,3,0,0,0,0
Morocco,MAR,2022-11-12,3,0,0,0,0
Morocco,MAR,2022-11-13,3,0,0,0,0
Morocco,MAR,2022-11-14,3,0,0,0,0
Morocco,MAR,2022-11-15,3,0,0,0,0
Morocco,MAR,2022-11-16,3,0,0,0,0
Morocco,MAR,2022-11-17,3,0,0,0,0
Morocco,MAR,2022-11-18,3,0,0,0,0
Morocco,MAR,2022-11-19,3,0,0,0,0
Morocco,MAR,2022-11-20,3,0,0,0,0
Morocco,MAR,2022-11-21,3,0,0,0,0
Morocco,MAR,2022-11-22,3,0,0,0,0
Morocco,MAR,2022-11-23,3,0,0,0,0
Morocco,MAR,2022-11-24,3,0,0,0,0
Morocco,MAR,2022-11-25,3,0,0,0,0
Morocco,MAR,2022-11-26,3,0,0,0,0
Morocco,MAR,2022-11-27,3,0,0,0,0
Morocco,MAR,2022-11-28,3,0,0,0,0
Morocco,MAR,2022-11-29,3,0,0,0,0
Morocco,MAR,2022-11-30,3,0,0,0,0
Morocco,MAR,2022-12-01,3,0,0,0,0
Morocco,MAR,2022-12-02,3,0,0,0,0
Morocco,MAR,2022-12-03,3,0,0,0,0
Morocco,MAR,2022-12-04,3,0,0,0,0
Morocco,MAR,2022-12-05,3,0,0,0,0
Morocco,MAR,2022-12-06,3,0,0,0,0
Morocco,MAR,2022-12-07,3,0,0,0,0
Morocco,MAR,2022-12-08,3,0,0,0,0
Morocco,MAR,2022-12-09,3,0,0,0,0
Morocco,MAR,2022-12-10,3,0,0,0,0
Morocco,MAR,2022-12-11,3,0,0,0,0
Morocco,MAR,2022-12-12,3,0,0,0,0
Morocco,MAR,2022-12-13,3,0,0,0,0
Morocco,MAR,2022-12-14,3,0,0,0,0
Morocco,MAR,2022-12-15,3,0,0,0,0
Morocco,MAR,2022-12-16,3,0,0,0,0
Morocco,MAR,2022-12-17,3,0,0,0,0
Morocco,MAR,2022-12-18,3,0,0,0,0
Morocco,MAR,2022-12-19,3,0,0,0,0
Morocco,MAR,2022-12-20,3,0,0,0,0
Morocco,MAR,2022-12-21,3,0,0,0,0
Morocco,MAR,2022-12-22,3,0,0,0,0
Morocco,MAR,2022-12-23,3,0,0,0,0
Morocco,MAR,2022-12-24,3,0,0,0,0
Morocco,MAR,2022-12-25,3,0,0,0,0
Morocco,MAR,2022-12-26,3,0,0,0,0
Morocco,MAR,2022-12-27,3,0,0,0,0
Morocco,MAR,2022-12-28,3,0,0,0,0
Morocco,MAR,2022-12-29,3,0,0,0,0
Morocco,MAR,2022-12-30,3,0,0,0,0
Morocco,MAR,2022-12-31,3,0,0,0,0
Morocco,MAR,2023-01-01,3,0,0,0,0
Morocco,MAR,2023-01-02,3,0,0,0,0
Morocco,MAR,2023-01-03,3,0,0,0,0
Morocco,MAR,2023-01-04,3,0,0,0,0
Morocco,MAR,2023-01-05,3,0,0,0,0
Morocco,MAR,2023-01-06,3,0,0,0,0
Morocco,MAR,2023-01-07,3,0,0,0,0
Morocco,MAR,2023-01-08,3,0,0,0,0
Morocco,MAR,2023-01-09,3,0,0,0,0
Morocco,MAR,2023-01-10,3,0,0,0,0
Morocco,MAR,2023-01-11,3,0,0,0,0
Morocco,MAR,2023-01-12,3,0,0,0,0
Morocco,MAR,2023-01-13,3,0,0,0,0
Morocco,MAR,2023-01-14,3,0,0,0,0
Morocco,MAR,2023-01-15,3,0,0,0,0
Morocco,MAR,2023-01-16,3,0,0,0,0
Morocco,MAR,2023-01-17,3,0,0,0,0
Morocco,MAR,2023-01-18,3,0,0,0,0
Morocco,MAR,2023-01-19,3,0,0,0,0
Morocco,MAR,2023-01-20,3,0,0,0,0
Morocco,MAR,2023-01-21,3,0,0,0,0
Morocco,MAR,2023-01-22,3,0,0,0,0
Morocco,MAR,2023-01-23,3,0,0,0,0
Morocco,MAR,2023-01-24,3,0,0,0,0
Morocco,MAR,2023-01-25,3,0,0,0,0
Morocco,MAR,2023-01-26,3,0,0,0,0
Morocco,MAR,2023-01-27,3,0,0,0,0
Morocco,MAR,2023-01-28,3,0,0,0,0
Morocco,MAR,2023-01-29,3,0,0,0,0
Morocco,MAR,2023-01-30,3,0,0,0,0
Morocco,MAR,2023-01-31,3,0,0,0,0
Morocco,MAR,2023-02-01,3,0,0,0,0
Morocco,MAR,2023-02-02,3,0,0,0,0
Morocco,MAR,2023-02-03,3,0,0,0,0
Morocco,MAR,2023-02-04,3,0,0,0,0
Morocco,MAR,2023-02-05,3,0,0,0,0
Morocco,MAR,2023-02-06,3,0,0,0,0
Morocco,MAR,2023-02-07,3,0,0,0,0
Morocco,MAR,2023-02-08,3,0,0,0,0
Morocco,MAR,2023-02-09,3,0,0,0,0
Morocco,MAR,2023-02-10,3,0,0,0,0
Morocco,MAR,2023-02-11,3,0,0,0,0
Morocco,MAR,2023-02-12,3,0,0,0,0
Morocco,MAR,2023-02-13,3,0,0,0,0
Morocco,MAR,2023-02-14,3,0,0,0,0
Morocco,MAR,2023-02-15,3,0,0,0,0
Morocco,MAR,2023-02-16,3,0,0,0,0
Morocco,MAR,2023-02-17,3,0,0,0,0
Morocco,MAR,2023-02-18,3,0,0,0,0
Morocco,MAR,2023-02-19,3,0,0,0,0
Morocco,MAR,2023-02-20,3,0,0,0,0
Morocco,MAR,2023-02-21,3,0,0,0,0
Morocco,MAR,2023-02-22,3,0,0,0,0
Morocco,MAR,2023-02-23,3,0,0,0,0
Morocco,MAR,2023-02-24,3,0,0,0,0
Morocco,MAR,2023-02-25,3,0,0,0,0
Morocco,MAR,2023-02-26,3,0,0,0,0
Morocco,MAR,2023-02-27,3,0,0,0,0
Morocco,MAR,2023-02-28,3,0,0,0,0
Morocco,MAR,2023-03-01,3,0,0,0,0
Morocco,MAR,2023-03-02,3,0,0,0,0
Morocco,MAR,2023-03-03,3,0,0,0,0
Morocco,MAR,2023-03-04,3,0,0,0,0
Morocco,MAR,2023-03-05,3,0,0,0,0
Morocco,MAR,2023-03-06,3,0,0,0,0
Morocco,MAR,2023-03-07,3,0,0,0,0
Morocco,MAR,2023-03-08,3,0,0,0,0
Morocco,MAR,2023-03-09,3,0,0,0,0
Morocco,MAR,2023-03-10,3,0,0,0,0
Morocco,MAR,2023-03-11,3,0,0,0,0
Morocco,MAR,2023-03-12,3,0,0,0,0
Morocco,MAR,2023-03-13,3,0,0,0,0
Morocco,MAR,2023-03-14,3,0,0,0,0
Morocco,MAR,2023-03-15,3,0,0,0,0
Morocco,MAR,2023-03-16,3,0,0,0,0
Morocco,MAR,2023-03-17,3,0,0,0,0
Morocco,MAR,2023-03-18,3,0,0,0,0
Morocco,MAR,2023-03-19,3,0,0,0,0
Morocco,MAR,2023-03-20,3,0,0,0,0
Morocco,MAR,2023-03-21,3,0,0,0,0
Morocco,MAR,2023-03-22,3,0,0,0,0
Morocco,MAR,2023-03-23,3,0,0,0,0
Morocco,MAR,2023-03-24,3,0,0,0,0
Morocco,MAR,2023-03-25,3,0,0,0,0
Morocco,MAR,2023-03-26,3,0,0,0,0
Morocco,MAR,2023-03-27,3,0,0,0,0
Morocco,MAR,2023-03-28,3,0,0,0,0
Morocco,MAR,2023-03-29,3,0,0,0,0
Morocco,MAR,2023-03-30,3,0,0,0,0
Morocco,MAR,2023-03-31,3,0,0,0,0
Morocco,MAR,2023-04-01,3,0,0,0,0
Morocco,MAR,2023-04-02,3,0,0,0,0
Morocco,MAR,2023-04-03,3,0,0,0,0
Morocco,MAR,2023-04-04,3,0,0,0,0
Morocco,MAR,2023-04-05,3,0,0,0,0
Morocco,MAR,2023-04-06,3,0,0,0,0
Morocco,MAR,2023-04-07,3,0,0,0,0
Morocco,MAR,2023-04-08,3,0,0,0,0
Morocco,MAR,2023-04-09,3,0,0,0,0
Morocco,MAR,2023-04-10,3,0,0,0,0
Morocco,MAR,2023-04-11,3,0,0,0,0
Morocco,MAR,2023-04-12,3,0,0,0,0
Morocco,MAR,2023-04-13,3,0,0,0,0
Morocco,MAR,2023-04-14,3,0,0,0,0
Morocco,MAR,2023-04-15,3,0,0,0,0
Morocco,MAR,2023-04-16,3,0,0,0,0
Morocco,MAR,2023-04-17,3,0,0,0,0
Morocco,MAR,2023-04-18,3,0,0,0,0
Morocco,MAR,2023-04-19,3,0,0,0,0
Morocco,MAR,2023-04-20,3,0,0,0,0
Morocco,MAR,2023-04-21,3,0,0,0,0
Morocco,MAR,2023-04-22,3,0,0,0,0
Morocco,MAR,2023-04-23,3,0,0,0,0
Morocco,MAR,2023-04-24,3,0,0,0,0
Morocco,MAR,2023-04-25,3,0,0,0,0
Morocco,MAR,2023-04-26,3,0,0,0,0
Morocco,MAR,2023-04-27,3,0,0,0,0
Morocco,MAR,2023-04-28,3,0,0,0,0
Morocco,MAR,2023-04-29,3,0,0,0,0
Morocco,MAR,2023-04-30,3,0,0,0,0
Morocco,MAR,2023-05-01,3,0,0,0,0
Morocco,MAR,2023-05-02,3,0,0,0,0
Morocco,MAR,2023-05-03,3,0,0,0,0
Morocco,MAR,2023-05-04,3,0,0,0,0
Morocco,MAR,2023-05-05,3,0,0,0,0
Morocco,MAR,2023-05-06,3,0,0,0,0
Morocco,MAR,2023-05-07,3,0,0,0,0
Morocco,MAR,2023-05-08,3,0,0,0,0
Morocco,MAR,2023-05-09,3,0,0,0,0
Morocco,MAR,2023-05-10,3,0,0,0,0
Morocco,MAR,2023-05-11,3,0,0,0,0
Morocco,MAR,2023-05-12,3,0,0,0,0
Morocco,MAR,2023-05-13,3,0,0,0,0
Morocco,MAR,2023-05-14,3,0,0,0,0
Morocco,MAR,2023-05-15,3,0,0,0,0
Morocco,MAR,2023-05-16,3,0,0,0,0
Morocco,MAR,2023-05-17,3,0,0,0,0
Morocco,MAR,2023-05-18,3,0,0,0,0
Morocco,MAR,2023-05-19,3,0,0,0,0
Morocco,MAR,2023-05-20,3,0,0,0,0
Morocco,MAR,2023-05-21,3,0,0,0,0
Morocco,MAR,2023-05-22,3,0,0,0,0
Morocco,MAR,2023-05-23,3,0,0,0,0
Morocco,MAR,2023-05-24,3,0,0,0,0
Morocco,MAR,2023-05-25,3,0,0,0,0
Morocco,MAR,2023-05-26,3,0,0,0,0
Morocco,MAR,2023-05-27,3,0,0,0,0
Morocco,MAR,2023-05-28,3,0,0,0,0
Morocco,MAR,2023-05-29,3,0,0,0,0
Morocco,MAR,2023-05-30,3,0,0,0,0
Morocco,MAR,2023-05-31,3,0,0,0,0
Morocco,MAR,2023-06-01,3,0,0,0,0
Morocco,MAR,2023-06-02,3,0,0,0,0
Morocco,MAR,2023-06-03,3,0,0,0,0
Morocco,MAR,2023-06-04,3,0,0,0,0
Morocco,MAR,2023-06-05,3,0,0,0,0
Morocco,MAR,2023-06-06,3,0,0,0,0
Morocco,MAR,2023-06-07,3,0,0,0,0
Morocco,MAR,2023-06-08,3,0,0,0,0
Morocco,MAR,2023-06-09,3,0,0,0,0
Morocco,MAR,2023-06-10,3,0,0,0,0
Morocco,MAR,2023-06-11,3,0,0,0,0
Morocco,MAR,2023-06-12,3,0,0,0,0
Morocco,MAR,2023-06-13,3,0,0,0,0
Morocco,MAR,2023-06-14,3,0,0,0,0
Morocco,MAR,2023-06-15,3,0,0,0,0
Morocco,MAR,2023-06-16,3,0,0,0,0
Morocco,MAR,2023-06-17,3,0,0,0,0
Morocco,MAR,2023-06-18,3,0,0,0,0
Morocco,MAR,2023-06-19,3,0,0,0,0
Morocco,MAR,2023-06-20,3,0,0,0,0
Morocco,MAR,2023-06-21,3,0,0,0,0
Morocco,MAR,2023-06-22,3,0,0,0,0
Morocco,MAR,2023-06-23,3,0,0,0,0
Morocco,MAR,2023-06-24,3,0,0,0,0
Morocco,MAR,2023-06-25,3,0,0,0,0
Morocco,MAR,2023-06-26,3,0,0,0,0
Morocco,MAR,2023-06-27,3,0,0,0,0
Morocco,MAR,2023-06-28,3,0,0,0,0
Morocco,MAR,2023-06-29,3,0,0,0,0
Morocco,MAR,2023-06-30,3,0,0,0,0
Morocco,MAR,2023-07-01,3,0,0,0,0
Morocco,MAR,2023-07-02,3,0,0,0,0
Morocco,MAR,2023-07-03,3,0,0,0,0
Morocco,MAR,2023-07-04,3,0,0,0,0
Morocco,MAR,2023-07-05,3,0,0,0,0
Morocco,MAR,2023-07-06,3,0,0,0,0
Morocco,MAR,2023-07-07,3,0,0,0,0
Morocco,MAR,2023-07-08,3,0,0,0,0
Morocco,MAR,2023-07-09,3,0,0,0,0
Morocco,MAR,2023-07-10,3,0,0,0,0
Morocco,MAR,2023-07-11,3,0,0,0,0
Morocco,MAR,2023-07-12,3,0,0,0,0
Morocco,MAR,2023-07-13,3,0,0,0,0
Morocco,MAR,2023-07-14,3,0,0,0,0
Morocco,MAR,2023-07-15,3,0,0,0,0
Morocco,MAR,2023-07-16,3,0,0,0,0
Morocco,MAR,2023-07-17,3,0,0,0,0
Morocco,MAR,2023-07-18,3,0,0,0,0
Morocco,MAR,2023-07-19,3,0,0,0,0
Morocco,MAR,2023-07-20,3,0,0,0,0
Morocco,MAR,2023-07-21,3,0,0,0,0
Morocco,MAR,2023-07-22,3,0,0,0,0
Morocco,MAR,2023-07-23,3,0,0,0,0
Morocco,MAR,2023-07-24,3,0,0,0,0
Morocco,MAR,2023-07-25,3,0,0,0,0
Morocco,MAR,2023-07-26,3,0,0,0,0
Morocco,MAR,2023-07-27,3,0,0,0,0
Morocco,MAR,2023-07-28,3,0,0,0,0
Morocco,MAR,2023-07-29,3,0,0,0,0
Morocco,MAR,2023-07-30,3,0,0,0,0
Morocco,MAR,2023-07-31,3,0,0,0,0
Morocco,MAR,2023-08-01,3,0,0,0,0
Morocco,MAR,2023-08-02,3,0,0,0,0
Morocco,MAR,2023-08-03,3,0,0,0,0
Morocco,MAR,2023-08-04,3,0,0,0,0
Morocco,MAR,2023-08-05,3,0,0,0,0
Morocco,MAR,2023-08-06,3,0,0,0,0
Morocco,MAR,2023-08-07,3,0,0,0,0
Morocco,MAR,2023-08-08,3,0,0,0,0
Morocco,MAR,2023-08-09,3,0,0,0,0
Morocco,MAR,2023-08-10,3,0,0,0,0
Morocco,MAR,2023-08-11,3,0,0,0,0
Morocco,MAR,2023-08-12,3,0,0,0,0
Morocco,MAR,2023-08-13,3,0,0,0,0
Morocco,MAR,2023-08-14,3,0,0,0,0
Morocco,MAR,2023-08-15,3,0,0,0,0
Morocco,MAR,2023-08-16,3,0,0,0,0
Morocco,MAR,2023-08-17,3,0,0,0,0
Morocco,MAR,2023-08-18,3,0,0,0,0
Morocco,MAR,2023-08-19,3,0,0,0,0
Morocco,MAR,2023-08-20,3,0,0,0,0
Morocco,MAR,2023-08-21,3,0,0,0,0
Morocco,MAR,2023-08-22,3,0,0,0,0
Morocco,MAR,2023-08-23,3,0,0,0,0
Morocco,MAR,2023-08-24,3,0,0,0,0
Morocco,MAR,2023-08-25,3,0,0,0,0
Morocco,MAR,2023-08-26,3,0,0,0,0
Morocco,MAR,2023-08-27,3,0,0,0,0
Morocco,MAR,2023-08-28,3,0,0,0,0
Morocco,MAR,2023-08-29,3,0,0,0,0
Morocco,MAR,2023-08-30,3,0,0,0,0
Morocco,MAR,2023-08-31,3,0,0,0,0
Morocco,MAR,2023-09-01,3,0,0,0,0
Morocco,MAR,2023-09-02,3,0,0,0,0
Morocco,MAR,2023-09-03,3,0,0,0,0
Morocco,MAR,2023-09-04,3,0,0,0,0
Morocco,MAR,2023-09-05,3,0,0,0,0
Morocco,MAR,2023-09-06,3,0,0,0,0
Morocco,MAR,2023-09-07,3,0,0,0,0
Morocco,MAR,2023-09-08,3,0,0,0,0
Morocco,MAR,2023-09-09,3,0,0,0,0
Morocco,MAR,2023-09-10,3,0,0,0,0
Morocco,MAR,2023-09-11,3,0,0,0,0
Morocco,MAR,2023-09-12,3,0,0,0,0
Morocco,MAR,2023-09-13,3,0,0,0,0
Morocco,MAR,2023-09-14,3,0,0,0,0
Morocco,MAR,2023-09-15,3,0,0,0,0
Morocco,MAR,2023-09-16,3,0,0,0,0
Morocco,MAR,2023-09-17,3,0,0,0,0
Morocco,MAR,2023-09-18,3,0,0,0,0
Morocco,MAR,2023-09-19,3,0,0,0,0
Morocco,MAR,2023-09-20,3,0,0,0,0
Morocco,MAR,2023-09-21,3,0,0,0,0
Morocco,MAR,2023-09-22,3,0,0,0,0
Morocco,MAR,2023-09-23,3,0,0,0,0
Morocco,MAR,2023-09-24,3,0,0,0,0
Morocco,MAR,2023-09-25,3,0,0,0,0
Morocco,MAR,2023-09-26,3,0,0,0,0
Morocco,MAR,2023-09-27,3,0,0,0,0
Morocco,MAR,2023-09-28,3,0,0,0,0
Morocco,MAR,2023-09-29,3,0,0,0,0
Morocco,MAR,2023-09-30,3,0,0,0,0
Morocco,MAR,2023-10-01,3,0,0,0,0
Morocco,MAR,2023-10-02,3,0,0,0,0
Morocco,MAR,2023-10-03,3,0,0,0,0
Morocco,MAR,2023-10-04,3,0,0,0,0
Morocco,MAR,2023-10-05,3,0,0,0,0
Morocco,MAR,2023-10-06,4,1,0,0,0.14
Morocco,MAR,2023-10-07,4,0,0,0,0.14
Morocco,MAR,2023-10-08,4,0,0,0,0.14
Morocco,MAR,2023-10-09,4,0,0,0,0.14
Morocco,MAR,2023-10-10,4,0,0,0,0.14
Morocco,MAR,2023-10-11,4,0,0,0,0.14
Morocco,MAR,2023-10-12,4,0,0,0,0.14
Morocco,MAR,2023-10-13,4,0,0,0,0
Morocco,MAR,2023-10-14,4,0,0,0,0
Morocco,MAR,2023-10-15,4,0,0,0,0
Morocco,MAR,2023-10-16,4,0,0,0,0
Morocco,MAR,2023-10-17,4,0,0,0,0
Morocco,MAR,2023-10-18,4,0,0,0,0
Morocco,MAR,2023-10-19,4,0,0,0,0
Morocco,MAR,2023-10-20,4,0,0,0,0
Morocco,MAR,2023-10-21,4,0,0,0,0
Morocco,MAR,2023-10-22,4,0,0,0,0
Morocco,MAR,2023-10-23,4,0,0,0,0
Morocco,MAR,2023-10-24,4,0,0,0,0
Morocco,MAR,2023-10-25,4,0,0,0,0
Morocco,MAR,2023-10-26,4,0,0,0,0
Morocco,MAR,2023-10-27,4,0,0,0,0
Morocco,MAR,2023-10-28,4,0,0,0,0
Morocco,MAR,2023-10-29,4,0,0,0,0
Morocco,MAR,2023-10-30,4,0,0,0,0
Morocco,MAR,2023-10-31,4,0,0,0,0
Morocco,MAR,2023-11-01,4,0,0,0,0
Morocco,MAR,2023-11-02,4,0,0,0,0
Morocco,MAR,2023-11-03,4,0,0,0,0
Morocco,MAR,2023-11-04,4,0,0,0,0
Morocco,MAR,2023-11-05,4,0,0,0,0
Morocco,MAR,2023-11-06,4,0,0,0,0
Morocco,MAR,2023-11-07,4,0,0,0,0
Morocco,MAR,2023-11-08,4,0,0,0,0
Morocco,MAR,2023-11-09,4,0,0,0,0
Morocco,MAR,2023-11-10,4,0,0,0,0
Morocco,MAR,2023-11-11,4,0,0,0,0
Morocco,MAR,2023-11-12,4,0,0,0,0
Morocco,MAR,2023-11-13,4,0,0,0,0
Morocco,MAR,2023-11-14,4,0,0,0,0
Morocco,MAR,2023-11-15,4,0,0,0,0
Morocco,MAR,2023-11-16,4,0,0,0,0
Morocco,MAR,2023-11-17,4,0,0,0,0
Morocco,MAR,2023-11-18,4,0,0,0,0
Morocco,MAR,2023-11-19,4,0,0,0,0
Morocco,MAR,2023-11-20,4,0,0,0,0
Morocco,MAR,2023-11-21,4,0,0,0,0
Morocco,MAR,2023-11-22,4,0,0,0,0
Morocco,MAR,2023-11-23,4,0,0,0,0
Morocco,MAR,2023-11-24,4,0,0,0,0
Morocco,MAR,2023-11-25,4,0,0,0,0
Morocco,MAR,2023-11-26,4,0,0,0,0
Morocco,MAR,2023-11-27,4,0,0,0,0
Morocco,MAR,2023-11-28,4,0,0,0,0
Morocco,MAR,2023-11-29,4,0,0,0,0
Morocco,MAR,2023-11-30,4,0,0,0,0
Morocco,MAR,2023-12-01,4,0,0,0,0
Morocco,MAR,2023-12-02,4,0,0,0,0
Morocco,MAR,2023-12-03,4,0,0,0,0
Morocco,MAR,2023-12-04,4,0,0,0,0
Morocco,MAR,2023-12-05,4,0,0,0,0
Morocco,MAR,2023-12-06,4,0,0,0,0
Morocco,MAR,2023-12-07,4,0,0,0,0
Morocco,MAR,2023-12-08,4,0,0,0,0
Morocco,MAR,2023-12-09,4,0,0,0,0
Morocco,MAR,2023-12-10,4,0,0,0,0
Morocco,MAR,2023-12-11,4,0,0,0,0
Morocco,MAR,2023-12-12,4,0,0,0,0
Morocco,MAR,2023-12-13,4,0,0,0,0
Morocco,MAR,2023-12-14,4,0,0,0,0
Morocco,MAR,2023-12-15,4,0,0,0,0
Morocco,MAR,2023-12-16,4,0,0,0,0
Morocco,MAR,2023-12-17,4,0,0,0,0
Morocco,MAR,2023-12-18,4,0,0,0,0
Morocco,MAR,2023-12-19,4,0,0,0,0
Morocco,MAR,2023-12-20,4,0,0,0,0
Morocco,MAR,2023-12-21,4,0,0,0,0
Morocco,MAR,2023-12-22,4,0,0,0,0
Morocco,MAR,2023-12-23,4,0,0,0,0
Morocco,MAR,2023-12-24,4,0,0,0,0
Morocco,MAR,2023-12-25,4,0,0,0,0
Morocco,MAR,2023-12-26,4,0,0,0,0
Morocco,MAR,2023-12-27,4,0,0,0,0
Morocco,MAR,2023-12-28,4,0,0,0,0
Morocco,MAR,2023-12-29,4,0,0,0,0
Morocco,MAR,2023-12-30,4,0,0,0,0
Morocco,MAR,2023-12-31,4,0,0,0,0
Morocco,MAR,2024-01-01,4,0,0,0,0
Morocco,MAR,2024-01-02,4,0,0,0,0
Morocco,MAR,2024-01-03,4,0,0,0,0
Morocco,MAR,2024-01-04,4,0,0,0,0
Morocco,MAR,2024-01-05,4,0,0,0,0
Morocco,MAR,2024-01-06,4,0,0,0,0
Morocco,MAR,2024-01-07,4,0,0,0,0
Morocco,MAR,2024-01-08,4,0,0,0,0
Morocco,MAR,2024-01-09,4,0,0,0,0
Morocco,MAR,2024-01-10,4,0,0,0,0
Morocco,MAR,2024-01-11,4,0,0,0,0
Morocco,MAR,2024-01-12,4,0,0,0,0
Morocco,MAR,2024-01-13,4,0,0,0,0
Morocco,MAR,2024-01-14,4,0,0,0,0
Morocco,MAR,2024-01-15,4,0,0,0,0
Morocco,MAR,2024-01-16,4,0,0,0,0
Morocco,MAR,2024-01-17,4,0,0,0,0
Morocco,MAR,2024-01-18,4,0,0,0,0
Morocco,MAR,2024-01-19,4,0,0,0,0
Morocco,MAR,2024-01-20,4,0,0,0,0
Morocco,MAR,2024-01-21,4,0,0,0,0
Morocco,MAR,2024-01-22,4,0,0,0,0
Morocco,MAR,2024-01-23,4,0,0,0,0
Morocco,MAR,2024-01-24,4,0,0,0,0
Morocco,MAR,2024-01-25,4,0,0,0,0
Morocco,MAR,2024-01-26,4,0,0,0,0
Morocco,MAR,2024-01-27,4,0,0,0,0
Morocco,MAR,2024-01-28,4,0,0,0,0
Morocco,MAR,2024-01-29,4,0,0,0,0
Morocco,MAR,2024-01-30,4,0,0,0,0
Morocco,MAR,2024-01-31,4,0,0,0,0
Morocco,MAR,2024-02-01,4,0,0,0,0
Morocco,MAR,2024-02-02,4,0,0,0,0
Morocco,MAR,2024-02-03,4,0,0,0,0
Morocco,MAR,2024-02-04,4,0,0,0,0
Morocco,MAR,2024-02-05,4,0,0,0,0
Morocco,MAR,2024-02-06,4,0,0,0,0
Morocco,MAR,2024-02-07,4,0,0,0,0
Morocco,MAR,2024-02-08,4,0,0,0,0
Morocco,MAR,2024-02-09,4,0,0,0,0
Morocco,MAR,2024-02-10,4,0,0,0,0
Morocco,MAR,2024-02-11,4,0,0,0,0
Morocco,MAR,2024-02-12,4,0,0,0,0
Morocco,MAR,2024-02-13,4,0,0,0,0
Morocco,MAR,2024-02-14,4,0,0,0,0
Morocco,MAR,2024-02-15,4,0,0,0,0
Morocco,MAR,2024-02-16,4,0,0,0,0
Morocco,MAR,2024-02-17,4,0,0,0,0
Morocco,MAR,2024-02-18,4,0,0,0,0
Morocco,MAR,2024-02-19,4,0,0,0,0
Morocco,MAR,2024-02-20,4,0,0,0,0
Morocco,MAR,2024-02-21,4,0,0,0,0
Morocco,MAR,2024-02-22,4,0,0,0,0
Morocco,MAR,2024-02-23,4,0,0,0,0
Morocco,MAR,2024-02-24,4,0,0,0,0
Morocco,MAR,2024-02-25,4,0,0,0,0
Morocco,MAR,2024-02-26,4,0,0,0,0
Morocco,MAR,2024-02-27,4,0,0,0,0
Morocco,MAR,2024-02-28,4,0,0,0,0
Morocco,MAR,2024-02-29,4,0,0,0,0
Morocco,MAR,2024-03-01,4,0,0,0,0
Morocco,MAR,2024-03-02,4,0,0,0,0
Morocco,MAR,2024-03-03,4,0,0,0,0
Morocco,MAR,2024-03-04,4,0,0,0,0
Morocco,MAR,2024-03-05,4,0,0,0,0
Morocco,MAR,2024-03-06,4,0,0,0,0
Morocco,MAR,2024-03-07,4,0,0,0,0
Morocco,MAR,2024-03-08,4,0,0,0,0
Morocco,MAR,2024-03-09,4,0,0,0,0
Morocco,MAR,2024-03-10,4,0,0,0,0
Morocco,MAR,2024-03-11,4,0,0,0,0
Morocco,MAR,2024-03-12,4,0,0,0,0
Morocco,MAR,2024-03-13,4,0,0,0,0
Morocco,MAR,2024-03-14,4,0,0,0,0
Morocco,MAR,2024-03-15,5,1,0,0,0.14
Morocco,MAR,2024-03-16,5,0,0,0,0.14
Morocco,MAR,2024-03-17,5,0,0,0,0.14
Morocco,MAR,2024-03-18,5,0,0,0,0.14
Morocco,MAR,2024-03-19,5,0,0,0,0.14
Morocco,MAR,2024-03-20,5,0,0,0,0.14
Morocco,MAR,2024-03-21,5,0,0,0,0.14
Morocco,MAR,2024-03-22,5,0,0,0,0
Morocco,MAR,2024-03-23,5,0,0,0,0
Morocco,MAR,2024-03-24,5,0,0,0,0
Morocco,MAR,2024-03-25,5,0,0,0,0
Morocco,MAR,2024-03-26,5,0,0,0,0
Morocco,MAR,2024-03-27,5,0,0,0,0
Morocco,MAR,2024-03-28,5,0,0,0,0
Morocco,MAR,2024-03-29,5,0,0,0,0
Morocco,MAR,2024-03-30,5,0,0,0,0
Morocco,MAR,2024-03-31,5,0,0,0,0
Morocco,MAR,2024-04-01,5,0,0,0,0
Morocco,MAR,2024-04-02,5,0,0,0,0
Morocco,MAR,2024-04-03,5,0,0,0,0
Morocco,MAR,2024-04-04,5,0,0,0,0
Morocco,MAR,2024-04-05,5,0,0,0,0
Morocco,MAR,2024-04-06,5,0,0,0,0
Morocco,MAR,2024-04-07,5,0,0,0,0
Morocco,MAR,2024-04-08,5,0,0,0,0
Morocco,MAR,2024-04-09,5,0,0,0,0
Morocco,MAR,2024-04-10,5,0,0,0,0
Morocco,MAR,2024-04-11,5,0,0,0,0
Morocco,MAR,2024-04-12,5,0,0,0,0
Morocco,MAR,2024-04-13,5,0,0,0,0
Morocco,MAR,2024-04-14,5,0,0,0,0
Morocco,MAR,2024-04-15,5,0,0,0,0
Morocco,MAR,2024-04-16,5,0,0,0,0
Morocco,MAR,2024-04-17,5,0,0,0,0
Morocco,MAR,2024-04-18,5,0,0,0,0
Morocco,MAR,2024-04-19,5,0,0,0,0
Morocco,MAR,2024-04-20,5,0,0,0,0
Morocco,MAR,2024-04-21,5,0,0,0,0
Morocco,MAR,2024-04-22,5,0,0,0,0
Morocco,MAR,2024-04-23,5,0,0,0,0
Morocco,MAR,2024-04-24,5,0,0,0,0
Morocco,MAR,2024-04-25,5,0,0,0,0
Morocco,MAR,2024-04-26,5,0,0,0,0
Morocco,MAR,2024-04-27,5,0,0,0,0
Morocco,MAR,2024-04-28,5,0,0,0,0
Morocco,MAR,2024-04-29,5,0,0,0,0
Morocco,MAR,2024-04-30,5,0,0,0,0
Morocco,MAR,2024-05-01,5,0,0,0,0
Morocco,MAR,2024-05-02,5,0,0,0,0
Morocco,MAR,2024-05-03,5,0,0,0,0
Morocco,MAR,2024-05-04,5,0,0,0,0
Morocco,MAR,2024-05-05,5,0,0,0,0
Morocco,MAR,2024-05-06,5,0,0,0,0
Morocco,MAR,2024-05-07,5,0,0,0,0
Morocco,MAR,2024-05-08,5,0,0,0,0
Morocco,MAR,2024-05-09,5,0,0,0,0
Morocco,MAR,2024-05-10,5,0,0,0,0
Morocco,MAR,2024-05-11,5,0,0,0,0
Morocco,MAR,2024-05-12,5,0,0,0,0
Morocco,MAR,2024-05-13,5,0,0,0,0
Morocco,MAR,2024-05-14,5,0,0,0,0
Morocco,MAR,2024-05-15,5,0,0,0,0
Morocco,MAR,2024-05-16,5,0,0,0,0
Morocco,MAR,2024-05-17,5,0,0,0,0
Morocco,MAR,2024-05-18,5,0,0,0,0
Morocco,MAR,2024-05-19,5,0,0,0,0
Morocco,MAR,2024-05-20,5,0,0,0,0
Morocco,MAR,2024-05-21,5,0,0,0,0
Morocco,MAR,2024-05-22,5,0,0,0,0
Morocco,MAR,2024-05-23,5,0,0,0,0
Morocco,MAR,2024-05-24,5,0,0,0,0
Morocco,MAR,2024-05-25,5,0,0,0,0
Morocco,MAR,2024-05-26,5,0,0,0,0
Morocco,MAR,2024-05-27,5,0,0,0,0
Morocco,MAR,2024-05-28,5,0,0,0,0
Morocco,MAR,2024-05-29,5,0,0,0,0
Morocco,MAR,2024-05-30,5,0,0,0,0
Morocco,MAR,2024-05-31,5,0,0,0,0
Morocco,MAR,2024-06-01,5,0,0,0,0
Morocco,MAR,2024-06-02,5,0,0,0,0
Morocco,MAR,2024-06-03,5,0,0,0,0
Morocco,MAR,2024-06-04,5,0,0,0,0
Morocco,MAR,2024-06-05,5,0,0,0,0
Morocco,MAR,2024-06-06,5,0,0,0,0
Morocco,MAR,2024-06-07,5,0,0,0,0
Morocco,MAR,2024-06-08,5,0,0,0,0
Morocco,MAR,2024-06-09,5,0,0,0,0
Morocco,MAR,2024-06-10,5,0,0,0,0
Morocco,MAR,2024-06-11,5,0,0,0,0
Morocco,MAR,2024-06-12,5,0,0,0,0
Morocco,MAR,2024-06-13,5,0,0,0,0
Morocco,MAR,2024-06-14,5,0,0,0,0
Morocco,MAR,2024-06-15,5,0,0,0,0
Morocco,MAR,2024-06-16,5,0,0,0,0
Morocco,MAR,2024-06-17,5,0,0,0,0
Morocco,MAR,2024-06-18,5,0,0,0,0
Morocco,MAR,2024-06-19,5,0,0,0,0
Morocco,MAR,2024-06-20,5,0,0,0,0
Morocco,MAR,2024-06-21,5,0,0,0,0
Morocco,MAR,2024-06-22,5,0,0,0,0
Morocco,MAR,2024-06-23,5,0,0,0,0
Morocco,MAR,2024-06-24,5,0,0,0,0
Morocco,MAR,2024-06-25,5,0,0,0,0
Morocco,MAR,2024-06-26,5,0,0,0,0
Morocco,MAR,2024-06-27,5,0,0,0,0
Morocco,MAR,2024-06-28,5,0,0,0,0
Morocco,MAR,2024-06-29,5,0,0,0,0
Morocco,MAR,2024-06-30,5,0,0,0,0
Morocco,MAR,2024-07-01,5,0,0,0,0
Morocco,MAR,2024-07-02,5,0,0,0,0
Morocco,MAR,2024-07-03,5,0,0,0,0
Morocco,MAR,2024-07-04,5,0,0,0,0
Morocco,MAR,2024-07-05,5,0,0,0,0
Morocco,MAR,2024-07-06,5,0,0,0,0
Morocco,MAR,2024-07-07,5,0,0,0,0
Morocco,MAR,2024-07-08,5,0,0,0,0
Morocco,MAR,2024-07-09,5,0,0,0,0
Morocco,MAR,2024-07-10,5,0,0,0,0
Morocco,MAR,2024-07-11,5,0,0,0,0
Morocco,MAR,2024-07-12,5,0,0,0,0
Morocco,MAR,2024-07-13,5,0,0,0,0
Morocco,MAR,2024-07-14,5,0,0,0,0
Morocco,MAR,2024-07-15,5,0,0,0,0
Morocco,MAR,2024-07-16,5,0,0,0,0
Morocco,MAR,2024-07-17,5,0,0,0,0
Morocco,MAR,2024-07-18,5,0,0,0,0
Morocco,MAR,2024-07-19,5,0,0,0,0
Morocco,MAR,2024-07-20,5,0,0,0,0
Morocco,MAR,2024-07-21,5,0,0,0,0
Morocco,MAR,2024-07-22,5,0,0,0,0
Morocco,MAR,2024-07-23,5,0,0,0,0
Morocco,MAR,2024-07-24,5,0,0,0,0
Morocco,MAR,2024-07-25,5,0,0,0,0
Morocco,MAR,2024-07-26,5,0,0,0,0
Morocco,MAR,2024-07-27,5,0,0,0,0
Morocco,MAR,2024-07-28,5,0,0,0,0
Morocco,MAR,2024-07-29,5,0,0,0,0
Morocco,MAR,2024-07-30,5,0,0,0,0
Morocco,MAR,2024-07-31,5,0,0,0,0
Morocco,MAR,2024-08-01,5,0,0,0,0
Morocco,MAR,2024-08-02,5,0,0,0,0
Morocco,MAR,2024-08-03,5,0,0,0,0
Morocco,MAR,2024-08-04,5,0,0,0,0
Morocco,MAR,2024-08-05,5,0,0,0,0
Morocco,MAR,2024-08-06,5,0,0,0,0
Morocco,MAR,2024-08-07,5,0,0,0,0
Morocco,MAR,2024-08-08,5,0,0,0,0
Morocco,MAR,2024-08-09,5,0,0,0,0
Morocco,MAR,2024-08-10,5,0,0,0,0
Morocco,MAR,2024-08-11,5,0,0,0,0
Morocco,MAR,2024-08-12,5,0,0,0,0
Morocco,MAR,2024-08-13,5,0,0,0,0
Morocco,MAR,2024-08-14,5,0,0,0,0
Morocco,MAR,2024-08-15,5,0,0,0,0
Morocco,MAR,2024-08-16,5,0,0,0,0
Morocco,MAR,2024-08-17,5,0,0,0,0
Morocco,MAR,2024-08-18,5,0,0,0,0
Morocco,MAR,2024-08-19,5,0,0,0,0
Morocco,MAR,2024-08-20,5,0,0,0,0
Morocco,MAR,2024-08-21,5,0,0,0,0
Morocco,MAR,2024-08-22,5,0,0,0,0
Morocco,MAR,2024-08-23,5,0,0,0,0
Morocco,MAR,2024-08-24,5,0,0,0,0
Morocco,MAR,2024-08-25,5,0,0,0,0
Morocco,MAR,2024-08-26,5,0,0,0,0
Morocco,MAR,2024-08-27,5,0,0,0,0
Morocco,MAR,2024-08-28,5,0,0,0,0
Morocco,MAR,2024-08-29,5,0,0,0,0
Morocco,MAR,2024-08-30,5,0,0,0,0
Morocco,MAR,2024-08-31,5,0,0,0,0
Morocco,MAR,2024-09-01,5,0,0,0,0
Morocco,MAR,2024-09-02,5,0,0,0,0
Morocco,MAR,2024-09-03,5,0,0,0,0
Morocco,MAR,2024-09-04,5,0,0,0,0
Morocco,MAR,2024-09-05,5,0,0,0,0
Morocco,MAR,2024-09-06,5,0,0,0,0
Morocco,MAR,2024-09-07,5,0,0,0,0
Morocco,MAR,2024-09-08,5,0,0,0,0
Morocco,MAR,2024-09-09,5,0,0,0,0
Morocco,MAR,2024-09-10,5,0,0,0,0
Morocco,MAR,2024-09-11,5,0,0,0,0
Morocco,MAR,2024-09-12,6,1,0,0,0.14
Morocco,MAR,2024-09-13,6,0,0,0,0.14
Morocco,MAR,2024-09-14,6,0,0,0,0.14
Morocco,MAR,2024-09-15,6,0,0,0,0.14
Morocco,MAR,2024-09-16,6,0,0,0,0.14
Morocco,MAR,2024-09-17,6,0,0,0,0.14
Morocco,MAR,2024-09-18,6,0,0,0,0.14
Morocco,MAR,2024-09-19,6,0,0,0,0
Morocco,MAR,2024-09-20,6,0,0,0,0
Morocco,MAR,2024-09-21,6,0,0,0,0
Morocco,MAR,2024-09-22,6,0,0,0,0
Morocco,MAR,2024-09-23,6,0,0,0,0
Morocco,MAR,2024-09-24,6,0,0,0,0
Morocco,MAR,2024-09-25,6,0,0,0,0
Morocco,MAR,2024-09-26,6,0,0,0,0
Morocco,MAR,2024-09-27,6,0,0,0,0
Morocco,MAR,2024-09-28,6,0,0,0,0
Morocco,MAR,2024-09-29,6,0,0,0,0
Morocco,MAR,2024-09-30,6,0,0,0,0
Morocco,MAR,2024-10-01,6,0,0,0,0
Morocco,MAR,2024-10-02,6,0,0,0,0
Morocco,MAR,2024-10-03,7,1,0,0,0.14
Mozambique,MOZ,2022-05-01,0,0,0,0,0
Mozambique,MOZ,2022-05-02,0,0,0,0,0
Mozambique,MOZ,2022-05-03,0,0,0,0,0
Mozambique,MOZ,2022-05-04,0,0,0,0,0
Mozambique,MOZ,2022-05-05,0,0,0,0,0
Mozambique,MOZ,2022-05-06,0,0,0,0,0
Mozambique,MOZ,2022-05-07,0,0,0,0,0
Mozambique,MOZ,2022-05-08,0,0,0,0,0
Mozambique,MOZ,2022-05-09,0,0,0,0,0
Mozambique,MOZ,2022-05-10,0,0,0,0,0
Mozambique,MOZ,2022-05-11,0,0,0,0,0
Mozambique,MOZ,2022-05-12,0,0,0,0,0
Mozambique,MOZ,2022-05-13,0,0,0,0,0
Mozambique,MOZ,2022-05-14,0,0,0,0,0
Mozambique,MOZ,2022-05-15,0,0,0,0,0
Mozambique,MOZ,2022-05-16,0,0,0,0,0
Mozambique,MOZ,2022-05-17,0,0,0,0,0
Mozambique,MOZ,2022-05-18,0,0,0,0,0
Mozambique,MOZ,2022-05-19,0,0,0,0,0
Mozambique,MOZ,2022-05-20,0,0,0,0,0
Mozambique,MOZ,2022-05-21,0,0,0,0,0
Mozambique,MOZ,2022-05-22,0,0,0,0,0
Mozambique,MOZ,2022-05-23,0,0,0,0,0
Mozambique,MOZ,2022-05-24,0,0,0,0,0
Mozambique,MOZ,2022-05-25,0,0,0,0,0
Mozambique,MOZ,2022-05-26,0,0,0,0,0
Mozambique,MOZ,2022-05-27,0,0,0,0,0
Mozambique,MOZ,2022-05-28,0,0,0,0,0
Mozambique,MOZ,2022-05-29,0,0,0,0,0
Mozambique,MOZ,2022-05-30,0,0,0,0,0
Mozambique,MOZ,2022-05-31,0,0,0,0,0
Mozambique,MOZ,2022-06-01,0,0,0,0,0
Mozambique,MOZ,2022-06-02,0,0,0,0,0
Mozambique,MOZ,2022-06-03,0,0,0,0,0
Mozambique,MOZ,2022-06-04,0,0,0,0,0
Mozambique,MOZ,2022-06-05,0,0,0,0,0
Mozambique,MOZ,2022-06-06,0,0,0,0,0
Mozambique,MOZ,2022-06-07,0,0,0,0,0
Mozambique,MOZ,2022-06-08,0,0,0,0,0
Mozambique,MOZ,2022-06-09,0,0,0,0,0
Mozambique,MOZ,2022-06-10,0,0,0,0,0
Mozambique,MOZ,2022-06-11,0,0,0,0,0
Mozambique,MOZ,2022-06-12,0,0,0,0,0
Mozambique,MOZ,2022-06-13,0,0,0,0,0
Mozambique,MOZ,2022-06-14,0,0,0,0,0
Mozambique,MOZ,2022-06-15,0,0,0,0,0
Mozambique,MOZ,2022-06-16,0,0,0,0,0
Mozambique,MOZ,2022-06-17,0,0,0,0,0
Mozambique,MOZ,2022-06-18,0,0,0,0,0
Mozambique,MOZ,2022-06-19,0,0,0,0,0
Mozambique,MOZ,2022-06-20,0,0,0,0,0
Mozambique,MOZ,2022-06-21,0,0,0,0,0
Mozambique,MOZ,2022-06-22,0,0,0,0,0
Mozambique,MOZ,2022-06-23,0,0,0,0,0
Mozambique,MOZ,2022-06-24,0,0,0,0,0
Mozambique,MOZ,2022-06-25,0,0,0,0,0
Mozambique,MOZ,2022-06-26,0,0,0,0,0
Mozambique,MOZ,2022-06-27,0,0,0,0,0
Mozambique,MOZ,2022-06-28,0,0,0,0,0
Mozambique,MOZ,2022-06-29,0,0,0,0,0
Mozambique,MOZ,2022-06-30,0,0,0,0,0
Mozambique,MOZ,2022-07-01,0,0,0,0,0
Mozambique,MOZ,2022-07-02,0,0,0,0,0
Mozambique,MOZ,2022-07-03,0,0,0,0,0
Mozambique,MOZ,2022-07-04,0,0,0,0,0
Mozambique,MOZ,2022-07-05,0,0,0,0,0
Mozambique,MOZ,2022-07-06,0,0,0,0,0
Mozambique,MOZ,2022-07-07,0,0,0,0,0
Mozambique,MOZ,2022-07-08,0,0,0,0,0
Mozambique,MOZ,2022-07-09,0,0,0,0,0
Mozambique,MOZ,2022-07-10,0,0,0,0,0
Mozambique,MOZ,2022-07-11,0,0,0,0,0
Mozambique,MOZ,2022-07-12,0,0,0,0,0
Mozambique,MOZ,2022-07-13,0,0,0,0,0
Mozambique,MOZ,2022-07-14,0,0,0,0,0
Mozambique,MOZ,2022-07-15,0,0,0,0,0
Mozambique,MOZ,2022-07-16,0,0,0,0,0
Mozambique,MOZ,2022-07-17,0,0,0,0,0
Mozambique,MOZ,2022-07-18,0,0,0,0,0
Mozambique,MOZ,2022-07-19,0,0,0,0,0
Mozambique,MOZ,2022-07-20,0,0,0,0,0
Mozambique,MOZ,2022-07-21,0,0,0,0,0
Mozambique,MOZ,2022-07-22,0,0,0,0,0
Mozambique,MOZ,2022-07-23,0,0,0,0,0
Mozambique,MOZ,2022-07-24,0,0,0,0,0
Mozambique,MOZ,2022-07-25,0,0,0,0,0
Mozambique,MOZ,2022-07-26,0,0,0,0,0
Mozambique,MOZ,2022-07-27,0,0,0,0,0
Mozambique,MOZ,2022-07-28,0,0,0,0,0
Mozambique,MOZ,2022-07-29,0,0,0,0,0
Mozambique,MOZ,2022-07-30,0,0,0,0,0
Mozambique,MOZ,2022-07-31,0,0,0,0,0
Mozambique,MOZ,2022-08-01,0,0,0,0,0
Mozambique,MOZ,2022-08-02,0,0,0,0,0
Mozambique,MOZ,2022-08-03,0,0,0,0,0
Mozambique,MOZ,2022-08-04,0,0,0,0,0
Mozambique,MOZ,2022-08-05,0,0,0,0,0
Mozambique,MOZ,2022-08-06,0,0,0,0,0
Mozambique,MOZ,2022-08-07,0,0,0,0,0
Mozambique,MOZ,2022-08-08,0,0,0,0,0
Mozambique,MOZ,2022-08-09,0,0,0,0,0
Mozambique,MOZ,2022-08-10,0,0,0,0,0
Mozambique,MOZ,2022-08-11,0,0,0,0,0
Mozambique,MOZ,2022-08-12,0,0,0,0,0
Mozambique,MOZ,2022-08-13,0,0,0,0,0
Mozambique,MOZ,2022-08-14,0,0,0,0,0
Mozambique,MOZ,2022-08-15,0,0,0,0,0
Mozambique,MOZ,2022-08-16,0,0,0,0,0
Mozambique,MOZ,2022-08-17,0,0,0,0,0
Mozambique,MOZ,2022-08-18,0,0,0,0,0
Mozambique,MOZ,2022-08-19,0,0,0,0,0
Mozambique,MOZ,2022-08-20,0,0,0,0,0
Mozambique,MOZ,2022-08-21,0,0,0,0,0
Mozambique,MOZ,2022-08-22,0,0,0,0,0
Mozambique,MOZ,2022-08-23,0,0,0,0,0
Mozambique,MOZ,2022-08-24,0,0,0,0,0
Mozambique,MOZ,2022-08-25,0,0,0,0,0
Mozambique,MOZ,2022-08-26,0,0,0,0,0
Mozambique,MOZ,2022-08-27,0,0,0,0,0
Mozambique,MOZ,2022-08-28,0,0,0,0,0
Mozambique,MOZ,2022-08-29,0,0,0,0,0
Mozambique,MOZ,2022-08-30,0,0,0,0,0
Mozambique,MOZ,2022-08-31,0,0,0,0,0
Mozambique,MOZ,2022-09-01,0,0,0,0,0
Mozambique,MOZ,2022-09-02,0,0,0,0,0
Mozambique,MOZ,2022-09-03,0,0,0,0,0
Mozambique,MOZ,2022-09-04,0,0,0,0,0
Mozambique,MOZ,2022-09-05,0,0,0,0,0
Mozambique,MOZ,2022-09-06,0,0,0,0,0
Mozambique,MOZ,2022-09-07,0,0,0,0,0
Mozambique,MOZ,2022-09-08,0,0,0,0,0
Mozambique,MOZ,2022-09-09,0,0,0,0,0
Mozambique,MOZ,2022-09-10,1,1,0,0,0.14
Mozambique,MOZ,2022-09-11,1,0,0,0,0.14
Mozambique,MOZ,2022-09-12,1,0,0,0,0.14
Mozambique,MOZ,2022-09-13,1,0,0,0,0.14
Mozambique,MOZ,2022-09-14,1,0,0,0,0.14
Mozambique,MOZ,2022-09-15,1,0,0,0,0.14
Mozambique,MOZ,2022-09-16,1,0,0,0,0.14
Mozambique,MOZ,2022-09-17,1,0,0,0,0
Mozambique,MOZ,2022-09-18,1,0,0,0,0
Mozambique,MOZ,2022-09-19,1,0,0,0,0
Mozambique,MOZ,2022-09-20,1,0,0,0,0
Mozambique,MOZ,2022-09-21,1,0,0,0,0
Mozambique,MOZ,2022-09-22,1,0,0,0,0
Mozambique,MOZ,2022-09-23,1,0,0,0,0
Mozambique,MOZ,2022-09-24,1,0,0,0,0
Mozambique,MOZ,2022-09-25,1,0,0,0,0
Mozambique,MOZ,2022-09-26,1,0,0,0,0
Mozambique,MOZ,2022-09-27,1,0,0,0,0
Mozambique,MOZ,2022-09-28,1,0,0,0,0
Mozambique,MOZ,2022-09-29,1,0,0,0,0
Mozambique,MOZ,2022-09-30,1,0,0,0,0
Mozambique,MOZ,2022-10-01,1,0,0,0,0
Mozambique,MOZ,2022-10-02,1,0,0,0,0
Mozambique,MOZ,2022-10-03,1,0,0,0,0
Mozambique,MOZ,2022-10-04,1,0,0,0,0
Mozambique,MOZ,2022-10-05,1,0,0,0,0
Mozambique,MOZ,2022-10-06,1,0,0,0,0
Mozambique,MOZ,2022-10-07,1,0,0,0,0
Mozambique,MOZ,2022-10-08,1,0,0,0,0
Mozambique,MOZ,2022-10-09,1,0,0,0,0
Mozambique,MOZ,2022-10-10,1,0,0,0,0
Mozambique,MOZ,2022-10-11,1,0,0,0,0
Mozambique,MOZ,2022-10-12,1,0,0,0,0
Mozambique,MOZ,2022-10-13,1,0,0,0,0
Mozambique,MOZ,2022-10-14,1,0,0,0,0
Mozambique,MOZ,2022-10-15,1,0,0,0,0
Mozambique,MOZ,2022-10-16,1,0,0,0,0
Mozambique,MOZ,2022-10-17,1,0,0,0,0
Mozambique,MOZ,2022-10-18,1,0,0,0,0
Mozambique,MOZ,2022-10-19,1,0,0,0,0
Mozambique,MOZ,2022-10-20,1,0,0,0,0
Mozambique,MOZ,2022-10-21,1,0,0,0,0
Mozambique,MOZ,2022-10-22,1,0,0,0,0
Mozambique,MOZ,2022-10-23,1,0,1,1,0
Mozambique,MOZ,2022-10-24,1,0,1,0,0
Mozambique,MOZ,2022-10-25,1,0,1,0,0
Mozambique,MOZ,2022-10-26,1,0,1,0,0
Mozambique,MOZ,2022-10-27,1,0,1,0,0
Mozambique,MOZ,2022-10-28,1,0,1,0,0
Mozambique,MOZ,2022-10-29,1,0,1,0,0
Mozambique,MOZ,2022-10-30,1,0,1,0,0
Mozambique,MOZ,2022-10-31,1,0,1,0,0
Mozambique,MOZ,2022-11-01,1,0,1,0,0
Mozambique,MOZ,2022-11-02,1,0,1,0,0
Mozambique,MOZ,2022-11-03,1,0,1,0,0
Mozambique,MOZ,2022-11-04,1,0,1,0,0
Mozambique,MOZ,2022-11-05,1,0,1,0,0
Mozambique,MOZ,2022-11-06,1,0,1,0,0
Mozambique,MOZ,2022-11-07,1,0,1,0,0
Mozambique,MOZ,2022-11-08,1,0,1,0,0
Mozambique,MOZ,2022-11-09,1,0,1,0,0
Mozambique,MOZ,2022-11-10,1,0,1,0,0
Mozambique,MOZ,2022-11-11,1,0,1,0,0
Mozambique,MOZ,2022-11-12,1,0,1,0,0
Mozambique,MOZ,2022-11-13,1,0,1,0,0
Mozambique,MOZ,2022-11-14,1,0,1,0,0
Mozambique,MOZ,2022-11-15,1,0,1,0,0
Mozambique,MOZ,2022-11-16,1,0,1,0,0
Mozambique,MOZ,2022-11-17,1,0,1,0,0
Mozambique,MOZ,2022-11-18,1,0,1,0,0
Mozambique,MOZ,2022-11-19,1,0,1,0,0
Mozambique,MOZ,2022-11-20,1,0,1,0,0
Mozambique,MOZ,2022-11-21,1,0,1,0,0
Mozambique,MOZ,2022-11-22,1,0,1,0,0
Mozambique,MOZ,2022-11-23,1,0,1,0,0
Mozambique,MOZ,2022-11-24,1,0,1,0,0
Mozambique,MOZ,2022-11-25,1,0,1,0,0
Mozambique,MOZ,2022-11-26,1,0,1,0,0
Mozambique,MOZ,2022-11-27,1,0,1,0,0
Mozambique,MOZ,2022-11-28,1,0,1,0,0
Mozambique,MOZ,2022-11-29,1,0,1,0,0
Mozambique,MOZ,2022-11-30,1,0,1,0,0
Mozambique,MOZ,2022-12-01,1,0,1,0,0
Mozambique,MOZ,2022-12-02,1,0,1,0,0
Mozambique,MOZ,2022-12-03,1,0,1,0,0
Mozambique,MOZ,2022-12-04,1,0,1,0,0
Mozambique,MOZ,2022-12-05,1,0,1,0,0
Mozambique,MOZ,2022-12-06,1,0,1,0,0
Mozambique,MOZ,2022-12-07,1,0,1,0,0
Mozambique,MOZ,2022-12-08,1,0,1,0,0
Mozambique,MOZ,2022-12-09,1,0,1,0,0
Mozambique,MOZ,2022-12-10,1,0,1,0,0
Mozambique,MOZ,2022-12-11,1,0,1,0,0
Mozambique,MOZ,2022-12-12,1,0,1,0,0
Mozambique,MOZ,2022-12-13,1,0,1,0,0
Mozambique,MOZ,2022-12-14,1,0,1,0,0
Mozambique,MOZ,2022-12-15,1,0,1,0,0
Mozambique,MOZ,2022-12-16,1,0,1,0,0
Mozambique,MOZ,2022-12-17,1,0,1,0,0
Mozambique,MOZ,2022-12-18,1,0,1,0,0
Mozambique,MOZ,2022-12-19,1,0,1,0,0
Mozambique,MOZ,2022-12-20,1,0,1,0,0
Mozambique,MOZ,2022-12-21,1,0,1,0,0
Mozambique,MOZ,2022-12-22,1,0,1,0,0
Mozambique,MOZ,2022-12-23,1,0,1,0,0
Mozambique,MOZ,2022-12-24,1,0,1,0,0
Mozambique,MOZ,2022-12-25,1,0,1,0,0
Mozambique,MOZ,2022-12-26,1,0,1,0,0
Mozambique,MOZ,2022-12-27,1,0,1,0,0
Mozambique,MOZ,2022-12-28,1,0,1,0,0
Mozambique,MOZ,2022-12-29,1,0,1,0,0
Mozambique,MOZ,2022-12-30,1,0,1,0,0
Mozambique,MOZ,2022-12-31,1,0,1,0,0
Mozambique,MOZ,2023-01-01,1,0,1,0,0
Mozambique,MOZ,2023-01-02,1,0,1,0,0
Mozambique,MOZ,2023-01-03,1,0,1,0,0
Mozambique,MOZ,2023-01-04,1,0,1,0,0
Mozambique,MOZ,2023-01-05,1,0,1,0,0
Mozambique,MOZ,2023-01-06,1,0,1,0,0
Mozambique,MOZ,2023-01-07,1,0,1,0,0
Mozambique,MOZ,2023-01-08,1,0,1,0,0
Mozambique,MOZ,2023-01-09,1,0,1,0,0
Mozambique,MOZ,2023-01-10,1,0,1,0,0
Mozambique,MOZ,2023-01-11,1,0,1,0,0
Mozambique,MOZ,2023-01-12,1,0,1,0,0
Mozambique,MOZ,2023-01-13,1,0,1,0,0
Mozambique,MOZ,2023-01-14,1,0,1,0,0
Mozambique,MOZ,2023-01-15,1,0,1,0,0
Mozambique,MOZ,2023-01-16,1,0,1,0,0
Mozambique,MOZ,2023-01-17,1,0,1,0,0
Mozambique,MOZ,2023-01-18,1,0,1,0,0
Mozambique,MOZ,2023-01-19,1,0,1,0,0
Mozambique,MOZ,2023-01-20,1,0,1,0,0
Mozambique,MOZ,2023-01-21,1,0,1,0,0
Mozambique,MOZ,2023-01-22,1,0,1,0,0
Mozambique,MOZ,2023-01-23,1,0,1,0,0
Mozambique,MOZ,2023-01-24,1,0,1,0,0
Mozambique,MOZ,2023-01-25,1,0,1,0,0
Mozambique,MOZ,2023-01-26,1,0,1,0,0
Mozambique,MOZ,2023-01-27,1,0,1,0,0
Mozambique,MOZ,2023-01-28,1,0,1,0,0
Mozambique,MOZ,2023-01-29,1,0,1,0,0
Mozambique,MOZ,2023-01-30,1,0,1,0,0
Mozambique,MOZ,2023-01-31,1,0,1,0,0
Mozambique,MOZ,2023-02-01,1,0,1,0,0
Mozambique,MOZ,2023-02-02,1,0,1,0,0
Mozambique,MOZ,2023-02-03,1,0,1,0,0
Mozambique,MOZ,2023-02-04,1,0,1,0,0
Mozambique,MOZ,2023-02-05,1,0,1,0,0
Mozambique,MOZ,2023-02-06,1,0,1,0,0
Mozambique,MOZ,2023-02-07,1,0,1,0,0
Mozambique,MOZ,2023-02-08,1,0,1,0,0
Mozambique,MOZ,2023-02-09,1,0,1,0,0
Mozambique,MOZ,2023-02-10,1,0,1,0,0
Mozambique,MOZ,2023-02-11,1,0,1,0,0
Mozambique,MOZ,2023-02-12,1,0,1,0,0
Mozambique,MOZ,2023-02-13,1,0,1,0,0
Mozambique,MOZ,2023-02-14,1,0,1,0,0
Mozambique,MOZ,2023-02-15,1,0,1,0,0
Mozambique,MOZ,2023-02-16,1,0,1,0,0
Mozambique,MOZ,2023-02-17,1,0,1,0,0
Mozambique,MOZ,2023-02-18,1,0,1,0,0
Mozambique,MOZ,2023-02-19,1,0,1,0,0
Mozambique,MOZ,2023-02-20,1,0,1,0,0
Mozambique,MOZ,2023-02-21,1,0,1,0,0
Mozambique,MOZ,2023-02-22,1,0,1,0,0
Mozambique,MOZ,2023-02-23,1,0,1,0,0
Mozambique,MOZ,2023-02-24,1,0,1,0,0
Mozambique,MOZ,2023-02-25,1,0,1,0,0
Mozambique,MOZ,2023-02-26,1,0,1,0,0
Mozambique,MOZ,2023-02-27,1,0,1,0,0
Mozambique,MOZ,2023-02-28,1,0,1,0,0
Mozambique,MOZ,2023-03-01,1,0,1,0,0
Mozambique,MOZ,2023-03-02,1,0,1,0,0
Mozambique,MOZ,2023-03-03,1,0,1,0,0
Mozambique,MOZ,2023-03-04,1,0,1,0,0
Mozambique,MOZ,2023-03-05,1,0,1,0,0
Mozambique,MOZ,2023-03-06,1,0,1,0,0
Mozambique,MOZ,2023-03-07,1,0,1,0,0
Mozambique,MOZ,2023-03-08,1,0,1,0,0
Mozambique,MOZ,2023-03-09,1,0,1,0,0
Mozambique,MOZ,2023-03-10,1,0,1,0,0
Mozambique,MOZ,2023-03-11,1,0,1,0,0
Mozambique,MOZ,2023-03-12,1,0,1,0,0
Mozambique,MOZ,2023-03-13,1,0,1,0,0
Mozambique,MOZ,2023-03-14,1,0,1,0,0
Mozambique,MOZ,2023-03-15,1,0,1,0,0
Mozambique,MOZ,2023-03-16,1,0,1,0,0
Mozambique,MOZ,2023-03-17,1,0,1,0,0
Mozambique,MOZ,2023-03-18,1,0,1,0,0
Mozambique,MOZ,2023-03-19,1,0,1,0,0
Mozambique,MOZ,2023-03-20,1,0,1,0,0
Mozambique,MOZ,2023-03-21,1,0,1,0,0
Mozambique,MOZ,2023-03-22,1,0,1,0,0
Mozambique,MOZ,2023-03-23,1,0,1,0,0
Mozambique,MOZ,2023-03-24,1,0,1,0,0
Mozambique,MOZ,2023-03-25,1,0,1,0,0
Mozambique,MOZ,2023-03-26,1,0,1,0,0
Mozambique,MOZ,2023-03-27,1,0,1,0,0
Mozambique,MOZ,2023-03-28,1,0,1,0,0
Mozambique,MOZ,2023-03-29,1,0,1,0,0
Mozambique,MOZ,2023-03-30,1,0,1,0,0
Mozambique,MOZ,2023-03-31,1,0,1,0,0
Mozambique,MOZ,2023-04-01,1,0,1,0,0
Mozambique,MOZ,2023-04-02,1,0,1,0,0
Mozambique,MOZ,2023-04-03,1,0,1,0,0
Mozambique,MOZ,2023-04-04,1,0,1,0,0
Mozambique,MOZ,2023-04-05,1,0,1,0,0
Mozambique,MOZ,2023-04-06,1,0,1,0,0
Mozambique,MOZ,2023-04-07,1,0,1,0,0
Mozambique,MOZ,2023-04-08,1,0,1,0,0
Mozambique,MOZ,2023-04-09,1,0,1,0,0
Mozambique,MOZ,2023-04-10,1,0,1,0,0
Mozambique,MOZ,2023-04-11,1,0,1,0,0
Mozambique,MOZ,2023-04-12,1,0,1,0,0
Mozambique,MOZ,2023-04-13,1,0,1,0,0
Mozambique,MOZ,2023-04-14,1,0,1,0,0
Mozambique,MOZ,2023-04-15,1,0,1,0,0
Mozambique,MOZ,2023-04-16,1,0,1,0,0
Mozambique,MOZ,2023-04-17,1,0,1,0,0
Mozambique,MOZ,2023-04-18,1,0,1,0,0
Mozambique,MOZ,2023-04-19,1,0,1,0,0
Mozambique,MOZ,2023-04-20,1,0,1,0,0
Mozambique,MOZ,2023-04-21,1,0,1,0,0
Mozambique,MOZ,2023-04-22,1,0,1,0,0
Mozambique,MOZ,2023-04-23,1,0,1,0,0
Mozambique,MOZ,2023-04-24,1,0,1,0,0
Mozambique,MOZ,2023-04-25,1,0,1,0,0
Mozambique,MOZ,2023-04-26,1,0,1,0,0
Mozambique,MOZ,2023-04-27,1,0,1,0,0
Mozambique,MOZ,2023-04-28,1,0,1,0,0
Mozambique,MOZ,2023-04-29,1,0,1,0,0
Mozambique,MOZ,2023-04-30,1,0,1,0,0
Mozambique,MOZ,2023-05-01,1,0,1,0,0
Mozambique,MOZ,2023-05-02,1,0,1,0,0
Mozambique,MOZ,2023-05-03,1,0,1,0,0
Mozambique,MOZ,2023-05-04,1,0,1,0,0
Mozambique,MOZ,2023-05-05,1,0,1,0,0
Mozambique,MOZ,2023-05-06,1,0,1,0,0
Mozambique,MOZ,2023-05-07,1,0,1,0,0
Mozambique,MOZ,2023-05-08,1,0,1,0,0
Mozambique,MOZ,2023-05-09,1,0,1,0,0
Mozambique,MOZ,2023-05-10,1,0,1,0,0
Mozambique,MOZ,2023-05-11,1,0,1,0,0
Mozambique,MOZ,2023-05-12,1,0,1,0,0
Mozambique,MOZ,2023-05-13,1,0,1,0,0
Mozambique,MOZ,2023-05-14,1,0,1,0,0
Mozambique,MOZ,2023-05-15,1,0,1,0,0
Mozambique,MOZ,2023-05-16,1,0,1,0,0
Mozambique,MOZ,2023-05-17,1,0,1,0,0
Mozambique,MOZ,2023-05-18,1,0,1,0,0
Mozambique,MOZ,2023-05-19,1,0,1,0,0
Mozambique,MOZ,2023-05-20,1,0,1,0,0
Mozambique,MOZ,2023-05-21,1,0,1,0,0
Mozambique,MOZ,2023-05-22,1,0,1,0,0
Mozambique,MOZ,2023-05-23,1,0,1,0,0
Mozambique,MOZ,2023-05-24,1,0,1,0,0
Mozambique,MOZ,2023-05-25,1,0,1,0,0
Mozambique,MOZ,2023-05-26,1,0,1,0,0
Mozambique,MOZ,2023-05-27,1,0,1,0,0
Mozambique,MOZ,2023-05-28,1,0,1,0,0
Mozambique,MOZ,2023-05-29,1,0,1,0,0
Mozambique,MOZ,2023-05-30,1,0,1,0,0
Mozambique,MOZ,2023-05-31,1,0,1,0,0
Mozambique,MOZ,2023-06-01,1,0,1,0,0
Mozambique,MOZ,2023-06-02,1,0,1,0,0
Mozambique,MOZ,2023-06-03,1,0,1,0,0
Mozambique,MOZ,2023-06-04,1,0,1,0,0
Mozambique,MOZ,2023-06-05,1,0,1,0,0
Mozambique,MOZ,2023-06-06,1,0,1,0,0
Mozambique,MOZ,2023-06-07,1,0,1,0,0
Mozambique,MOZ,2023-06-08,1,0,1,0,0
Mozambique,MOZ,2023-06-09,1,0,1,0,0
Mozambique,MOZ,2023-06-10,1,0,1,0,0
Mozambique,MOZ,2023-06-11,1,0,1,0,0
Mozambique,MOZ,2023-06-12,1,0,1,0,0
Mozambique,MOZ,2023-06-13,1,0,1,0,0
Mozambique,MOZ,2023-06-14,1,0,1,0,0
Mozambique,MOZ,2023-06-15,1,0,1,0,0
Mozambique,MOZ,2023-06-16,1,0,1,0,0
Mozambique,MOZ,2023-06-17,1,0,1,0,0
Mozambique,MOZ,2023-06-18,1,0,1,0,0
Mozambique,MOZ,2023-06-19,1,0,1,0,0
Mozambique,MOZ,2023-06-20,1,0,1,0,0
Mozambique,MOZ,2023-06-21,1,0,1,0,0
Mozambique,MOZ,2023-06-22,1,0,1,0,0
Mozambique,MOZ,2023-06-23,1,0,1,0,0
Mozambique,MOZ,2023-06-24,1,0,1,0,0
Mozambique,MOZ,2023-06-25,1,0,1,0,0
Mozambique,MOZ,2023-06-26,1,0,1,0,0
Mozambique,MOZ,2023-06-27,1,0,1,0,0
Mozambique,MOZ,2023-06-28,1,0,1,0,0
Mozambique,MOZ,2023-06-29,1,0,1,0,0
Mozambique,MOZ,2023-06-30,1,0,1,0,0
Mozambique,MOZ,2023-07-01,1,0,1,0,0
Mozambique,MOZ,2023-07-02,1,0,1,0,0
Mozambique,MOZ,2023-07-03,1,0,1,0,0
Mozambique,MOZ,2023-07-04,1,0,1,0,0
Mozambique,MOZ,2023-07-05,1,0,1,0,0
Mozambique,MOZ,2023-07-06,1,0,1,0,0
Mozambique,MOZ,2023-07-07,1,0,1,0,0
Mozambique,MOZ,2023-07-08,1,0,1,0,0
Mozambique,MOZ,2023-07-09,1,0,1,0,0
Mozambique,MOZ,2023-07-10,1,0,1,0,0
Mozambique,MOZ,2023-07-11,1,0,1,0,0
Mozambique,MOZ,2023-07-12,1,0,1,0,0
Mozambique,MOZ,2023-07-13,1,0,1,0,0
Mozambique,MOZ,2023-07-14,1,0,1,0,0
Mozambique,MOZ,2023-07-15,1,0,1,0,0
Mozambique,MOZ,2023-07-16,1,0,1,0,0
Mozambique,MOZ,2023-07-17,1,0,1,0,0
Mozambique,MOZ,2023-07-18,1,0,1,0,0
Mozambique,MOZ,2023-07-19,1,0,1,0,0
Mozambique,MOZ,2023-07-20,1,0,1,0,0
Mozambique,MOZ,2023-07-21,1,0,1,0,0
Mozambique,MOZ,2023-07-22,1,0,1,0,0
Mozambique,MOZ,2023-07-23,1,0,1,0,0
Mozambique,MOZ,2023-07-24,1,0,1,0,0
Mozambique,MOZ,2023-07-25,1,0,1,0,0
Mozambique,MOZ,2023-07-26,1,0,1,0,0
Mozambique,MOZ,2023-07-27,1,0,1,0,0
Mozambique,MOZ,2023-07-28,1,0,1,0,0
Mozambique,MOZ,2023-07-29,1,0,1,0,0
Mozambique,MOZ,2023-07-30,1,0,1,0,0
Mozambique,MOZ,2023-07-31,1,0,1,0,0
Mozambique,MOZ,2023-08-01,1,0,1,0,0
Mozambique,MOZ,2023-08-02,1,0,1,0,0
Mozambique,MOZ,2023-08-03,1,0,1,0,0
Mozambique,MOZ,2023-08-04,1,0,1,0,0
Mozambique,MOZ,2023-08-05,1,0,1,0,0
Mozambique,MOZ,2023-08-06,1,0,1,0,0
Mozambique,MOZ,2023-08-07,1,0,1,0,0
Mozambique,MOZ,2023-08-08,1,0,1,0,0
Mozambique,MOZ,2023-08-09,1,0,1,0,0
Mozambique,MOZ,2023-08-10,1,0,1,0,0
Mozambique,MOZ,2023-08-11,1,0,1,0,0
Mozambique,MOZ,2023-08-12,1,0,1,0,0
Mozambique,MOZ,2023-08-13,1,0,1,0,0
Mozambique,MOZ,2023-08-14,1,0,1,0,0
Mozambique,MOZ,2023-08-15,1,0,1,0,0
Mozambique,MOZ,2023-08-16,1,0,1,0,0
Mozambique,MOZ,2023-08-17,1,0,1,0,0
Mozambique,MOZ,2023-08-18,1,0,1,0,0
Mozambique,MOZ,2023-08-19,1,0,1,0,0
Mozambique,MOZ,2023-08-20,1,0,1,0,0
Mozambique,MOZ,2023-08-21,1,0,1,0,0
Mozambique,MOZ,2023-08-22,1,0,1,0,0
Mozambique,MOZ,2023-08-23,1,0,1,0,0
Mozambique,MOZ,2023-08-24,1,0,1,0,0
Mozambique,MOZ,2023-08-25,1,0,1,0,0
Mozambique,MOZ,2023-08-26,1,0,1,0,0
Mozambique,MOZ,2023-08-27,1,0,1,0,0
Mozambique,MOZ,2023-08-28,1,0,1,0,0
Mozambique,MOZ,2023-08-29,1,0,1,0,0
Mozambique,MOZ,2023-08-30,1,0,1,0,0
Mozambique,MOZ,2023-08-31,1,0,1,0,0
Mozambique,MOZ,2023-09-01,1,0,1,0,0
Mozambique,MOZ,2023-09-02,1,0,1,0,0
Mozambique,MOZ,2023-09-03,1,0,1,0,0
Mozambique,MOZ,2023-09-04,1,0,1,0,0
Mozambique,MOZ,2023-09-05,1,0,1,0,0
Mozambique,MOZ,2023-09-06,1,0,1,0,0
Mozambique,MOZ,2023-09-07,1,0,1,0,0
Mozambique,MOZ,2023-09-08,1,0,1,0,0
Mozambique,MOZ,2023-09-09,1,0,1,0,0
Mozambique,MOZ,2023-09-10,1,0,1,0,0
Mozambique,MOZ,2023-09-11,1,0,1,0,0
Mozambique,MOZ,2023-09-12,1,0,1,0,0
Mozambique,MOZ,2023-09-13,1,0,1,0,0
Mozambique,MOZ,2023-09-14,1,0,1,0,0
Mozambique,MOZ,2023-09-15,1,0,1,0,0
Mozambique,MOZ,2023-09-16,1,0,1,0,0
Mozambique,MOZ,2023-09-17,1,0,1,0,0
Mozambique,MOZ,2023-09-18,1,0,1,0,0
Mozambique,MOZ,2023-09-19,1,0,1,0,0
Mozambique,MOZ,2023-09-20,1,0,1,0,0
Mozambique,MOZ,2023-09-21,1,0,1,0,0
Mozambique,MOZ,2023-09-22,1,0,1,0,0
Mozambique,MOZ,2023-09-23,1,0,1,0,0
Mozambique,MOZ,2023-09-24,1,0,1,0,0
Mozambique,MOZ,2023-09-25,1,0,1,0,0
Mozambique,MOZ,2023-09-26,1,0,1,0,0
Mozambique,MOZ,2023-09-27,1,0,1,0,0
Mozambique,MOZ,2023-09-28,1,0,1,0,0
Mozambique,MOZ,2023-09-29,1,0,1,0,0
Mozambique,MOZ,2023-09-30,1,0,1,0,0
Mozambique,MOZ,2023-10-01,1,0,1,0,0
Mozambique,MOZ,2023-10-02,1,0,1,0,0
Mozambique,MOZ,2023-10-03,1,0,1,0,0
Mozambique,MOZ,2023-10-04,1,0,1,0,0
Mozambique,MOZ,2023-10-05,1,0,1,0,0
Mozambique,MOZ,2023-10-06,1,0,1,0,0
Mozambique,MOZ,2023-10-07,1,0,1,0,0
Mozambique,MOZ,2023-10-08,1,0,1,0,0
Mozambique,MOZ,2023-10-09,1,0,1,0,0
Mozambique,MOZ,2023-10-10,1,0,1,0,0
Mozambique,MOZ,2023-10-11,1,0,1,0,0
Mozambique,MOZ,2023-10-12,1,0,1,0,0
Mozambique,MOZ,2023-10-13,1,0,1,0,0
Mozambique,MOZ,2023-10-14,1,0,1,0,0
Mozambique,MOZ,2023-10-15,1,0,1,0,0
Mozambique,MOZ,2023-10-16,1,0,1,0,0
Mozambique,MOZ,2023-10-17,1,0,1,0,0
Mozambique,MOZ,2023-10-18,1,0,1,0,0
Mozambique,MOZ,2023-10-19,1,0,1,0,0
Mozambique,MOZ,2023-10-20,1,0,1,0,0
Mozambique,MOZ,2023-10-21,1,0,1,0,0
Mozambique,MOZ,2023-10-22,1,0,1,0,0
Mozambique,MOZ,2023-10-23,1,0,1,0,0
Mozambique,MOZ,2023-10-24,1,0,1,0,0
Mozambique,MOZ,2023-10-25,1,0,1,0,0
Mozambique,MOZ,2023-10-26,1,0,1,0,0
Mozambique,MOZ,2023-10-27,1,0,1,0,0
Mozambique,MOZ,2023-10-28,1,0,1,0,0
Mozambique,MOZ,2023-10-29,1,0,1,0,0
Mozambique,MOZ,2023-10-30,1,0,1,0,0
Mozambique,MOZ,2023-10-31,1,0,1,0,0
Mozambique,MOZ,2023-11-01,1,0,1,0,0
Mozambique,MOZ,2023-11-02,1,0,1,0,0
Mozambique,MOZ,2023-11-03,1,0,1,0,0
Mozambique,MOZ,2023-11-04,1,0,1,0,0
Mozambique,MOZ,2023-11-05,1,0,1,0,0
Mozambique,MOZ,2023-11-06,1,0,1,0,0
Mozambique,MOZ,2023-11-07,1,0,1,0,0
Mozambique,MOZ,2023-11-08,1,0,1,0,0
Mozambique,MOZ,2023-11-09,1,0,1,0,0
Mozambique,MOZ,2023-11-10,1,0,1,0,0
Mozambique,MOZ,2023-11-11,1,0,1,0,0
Mozambique,MOZ,2023-11-12,1,0,1,0,0
Mozambique,MOZ,2023-11-13,1,0,1,0,0
Mozambique,MOZ,2023-11-14,1,0,1,0,0
Mozambique,MOZ,2023-11-15,1,0,1,0,0
Mozambique,MOZ,2023-11-16,1,0,1,0,0
Mozambique,MOZ,2023-11-17,1,0,1,0,0
Mozambique,MOZ,2023-11-18,1,0,1,0,0
Mozambique,MOZ,2023-11-19,1,0,1,0,0
Mozambique,MOZ,2023-11-20,1,0,1,0,0
Mozambique,MOZ,2023-11-21,1,0,1,0,0
Mozambique,MOZ,2023-11-22,1,0,1,0,0
Mozambique,MOZ,2023-11-23,1,0,1,0,0
Mozambique,MOZ,2023-11-24,1,0,1,0,0
Mozambique,MOZ,2023-11-25,1,0,1,0,0
Mozambique,MOZ,2023-11-26,1,0,1,0,0
Mozambique,MOZ,2023-11-27,1,0,1,0,0
Mozambique,MOZ,2023-11-28,1,0,1,0,0
Mozambique,MOZ,2023-11-29,1,0,1,0,0
Mozambique,MOZ,2023-11-30,1,0,1,0,0
Mozambique,MOZ,2023-12-01,1,0,1,0,0
Mozambique,MOZ,2023-12-02,1,0,1,0,0
Mozambique,MOZ,2023-12-03,1,0,1,0,0
Mozambique,MOZ,2023-12-04,1,0,1,0,0
Mozambique,MOZ,2023-12-05,1,0,1,0,0
Mozambique,MOZ,2023-12-06,1,0,1,0,0
Mozambique,MOZ,2023-12-07,1,0,1,0,0
Mozambique,MOZ,2023-12-08,1,0,1,0,0
Mozambique,MOZ,2023-12-09,1,0,1,0,0
Mozambique,MOZ,2023-12-10,1,0,1,0,0
Mozambique,MOZ,2023-12-11,1,0,1,0,0
Mozambique,MOZ,2023-12-12,1,0,1,0,0
Mozambique,MOZ,2023-12-13,1,0,1,0,0
Mozambique,MOZ,2023-12-14,1,0,1,0,0
Mozambique,MOZ,2023-12-15,1,0,1,0,0
Mozambique,MOZ,2023-12-16,1,0,1,0,0
Mozambique,MOZ,2023-12-17,1,0,1,0,0
Mozambique,MOZ,2023-12-18,1,0,1,0,0
Mozambique,MOZ,2023-12-19,1,0,1,0,0
Mozambique,MOZ,2023-12-20,1,0,1,0,0
Mozambique,MOZ,2023-12-21,1,0,1,0,0
Mozambique,MOZ,2023-12-22,1,0,1,0,0
Mozambique,MOZ,2023-12-23,1,0,1,0,0
Mozambique,MOZ,2023-12-24,1,0,1,0,0
Mozambique,MOZ,2023-12-25,1,0,1,0,0
Mozambique,MOZ,2023-12-26,1,0,1,0,0
Mozambique,MOZ,2023-12-27,1,0,1,0,0
Mozambique,MOZ,2023-12-28,1,0,1,0,0
Mozambique,MOZ,2023-12-29,1,0,1,0,0
Mozambique,MOZ,2023-12-30,1,0,1,0,0
Mozambique,MOZ,2023-12-31,1,0,1,0,0
Mozambique,MOZ,2024-01-01,1,0,1,0,0
Mozambique,MOZ,2024-01-02,1,0,1,0,0
Mozambique,MOZ,2024-01-03,1,0,1,0,0
Mozambique,MOZ,2024-01-04,1,0,1,0,0
Mozambique,MOZ,2024-01-05,1,0,1,0,0
Mozambique,MOZ,2024-01-06,1,0,1,0,0
Mozambique,MOZ,2024-01-07,1,0,1,0,0
Mozambique,MOZ,2024-01-08,1,0,1,0,0
Mozambique,MOZ,2024-01-09,1,0,1,0,0
Mozambique,MOZ,2024-01-10,1,0,1,0,0
Mozambique,MOZ,2024-01-11,1,0,1,0,0
Mozambique,MOZ,2024-01-12,1,0,1,0,0
Mozambique,MOZ,2024-01-13,1,0,1,0,0
Mozambique,MOZ,2024-01-14,1,0,1,0,0
Mozambique,MOZ,2024-01-15,1,0,1,0,0
Mozambique,MOZ,2024-01-16,1,0,1,0,0
Mozambique,MOZ,2024-01-17,1,0,1,0,0
Mozambique,MOZ,2024-01-18,1,0,1,0,0
Mozambique,MOZ,2024-01-19,1,0,1,0,0
Mozambique,MOZ,2024-01-20,1,0,1,0,0
Mozambique,MOZ,2024-01-21,1,0,1,0,0
Mozambique,MOZ,2024-01-22,1,0,1,0,0
Mozambique,MOZ,2024-01-23,1,0,1,0,0
Mozambique,MOZ,2024-01-24,1,0,1,0,0
Mozambique,MOZ,2024-01-25,1,0,1,0,0
Mozambique,MOZ,2024-01-26,1,0,1,0,0
Mozambique,MOZ,2024-01-27,1,0,1,0,0
Mozambique,MOZ,2024-01-28,1,0,1,0,0
Mozambique,MOZ,2024-01-29,1,0,1,0,0
Mozambique,MOZ,2024-01-30,1,0,1,0,0
Mozambique,MOZ,2024-01-31,1,0,1,0,0
Mozambique,MOZ,2024-02-01,1,0,1,0,0
Mozambique,MOZ,2024-02-02,1,0,1,0,0
Mozambique,MOZ,2024-02-03,1,0,1,0,0
Mozambique,MOZ,2024-02-04,1,0,1,0,0
Mozambique,MOZ,2024-02-05,1,0,1,0,0
Mozambique,MOZ,2024-02-06,1,0,1,0,0
Mozambique,MOZ,2024-02-07,1,0,1,0,0
Mozambique,MOZ,2024-02-08,1,0,1,0,0
Mozambique,MOZ,2024-02-09,1,0,1,0,0
Mozambique,MOZ,2024-02-10,1,0,1,0,0
Mozambique,MOZ,2024-02-11,1,0,1,0,0
Mozambique,MOZ,2024-02-12,1,0,1,0,0
Mozambique,MOZ,2024-02-13,1,0,1,0,0
Mozambique,MOZ,2024-02-14,1,0,1,0,0
Mozambique,MOZ,2024-02-15,1,0,1,0,0
Mozambique,MOZ,2024-02-16,1,0,1,0,0
Mozambique,MOZ,2024-02-17,1,0,1,0,0
Mozambique,MOZ,2024-02-18,1,0,1,0,0
Mozambique,MOZ,2024-02-19,1,0,1,0,0
Mozambique,MOZ,2024-02-20,1,0,1,0,0
Mozambique,MOZ,2024-02-21,1,0,1,0,0
Mozambique,MOZ,2024-02-22,1,0,1,0,0
Mozambique,MOZ,2024-02-23,1,0,1,0,0
Mozambique,MOZ,2024-02-24,1,0,1,0,0
Mozambique,MOZ,2024-02-25,1,0,1,0,0
Mozambique,MOZ,2024-02-26,1,0,1,0,0
Mozambique,MOZ,2024-02-27,1,0,1,0,0
Mozambique,MOZ,2024-02-28,1,0,1,0,0
Mozambique,MOZ,2024-02-29,1,0,1,0,0
Mozambique,MOZ,2024-03-01,1,0,1,0,0
Mozambique,MOZ,2024-03-02,1,0,1,0,0
Mozambique,MOZ,2024-03-03,1,0,1,0,0
Mozambique,MOZ,2024-03-04,1,0,1,0,0
Mozambique,MOZ,2024-03-05,1,0,1,0,0
Mozambique,MOZ,2024-03-06,1,0,1,0,0
Mozambique,MOZ,2024-03-07,1,0,1,0,0
Mozambique,MOZ,2024-03-08,1,0,1,0,0
Mozambique,MOZ,2024-03-09,1,0,1,0,0
Mozambique,MOZ,2024-03-10,1,0,1,0,0
Mozambique,MOZ,2024-03-11,1,0,1,0,0
Mozambique,MOZ,2024-03-12,1,0,1,0,0
Mozambique,MOZ,2024-03-13,1,0,1,0,0
Mozambique,MOZ,2024-03-14,1,0,1,0,0
Mozambique,MOZ,2024-03-15,1,0,1,0,0
Mozambique,MOZ,2024-03-16,1,0,1,0,0
Mozambique,MOZ,2024-03-17,1,0,1,0,0
Mozambique,MOZ,2024-03-18,1,0,1,0,0
Mozambique,MOZ,2024-03-19,1,0,1,0,0
Mozambique,MOZ,2024-03-20,1,0,1,0,0
Mozambique,MOZ,2024-03-21,1,0,1,0,0
Mozambique,MOZ,2024-03-22,1,0,1,0,0
Mozambique,MOZ,2024-03-23,1,0,1,0,0
Mozambique,MOZ,2024-03-24,1,0,1,0,0
Mozambique,MOZ,2024-03-25,1,0,1,0,0
Mozambique,MOZ,2024-03-26,1,0,1,0,0
Mozambique,MOZ,2024-03-27,1,0,1,0,0
Mozambique,MOZ,2024-03-28,1,0,1,0,0
Mozambique,MOZ,2024-03-29,1,0,1,0,0
Mozambique,MOZ,2024-03-30,1,0,1,0,0
Mozambique,MOZ,2024-03-31,1,0,1,0,0
Mozambique,MOZ,2024-04-01,1,0,1,0,0
Mozambique,MOZ,2024-04-02,1,0,1,0,0
Mozambique,MOZ,2024-04-03,1,0,1,0,0
Mozambique,MOZ,2024-04-04,1,0,1,0,0
Mozambique,MOZ,2024-04-05,1,0,1,0,0
Mozambique,MOZ,2024-04-06,1,0,1,0,0
Mozambique,MOZ,2024-04-07,1,0,1,0,0
Mozambique,MOZ,2024-04-08,1,0,1,0,0
Mozambique,MOZ,2024-04-09,1,0,1,0,0
Mozambique,MOZ,2024-04-10,1,0,1,0,0
Mozambique,MOZ,2024-04-11,1,0,1,0,0
Mozambique,MOZ,2024-04-12,1,0,1,0,0
Mozambique,MOZ,2024-04-13,1,0,1,0,0
Mozambique,MOZ,2024-04-14,1,0,1,0,0
Mozambique,MOZ,2024-04-15,1,0,1,0,0
Mozambique,MOZ,2024-04-16,1,0,1,0,0
Mozambique,MOZ,2024-04-17,1,0,1,0,0
Mozambique,MOZ,2024-04-18,1,0,1,0,0
Mozambique,MOZ,2024-04-19,1,0,1,0,0
Mozambique,MOZ,2024-04-20,1,0,1,0,0
Mozambique,MOZ,2024-04-21,1,0,1,0,0
Mozambique,MOZ,2024-04-22,1,0,1,0,0
Mozambique,MOZ,2024-04-23,1,0,1,0,0
Mozambique,MOZ,2024-04-24,1,0,1,0,0
Mozambique,MOZ,2024-04-25,1,0,1,0,0
Mozambique,MOZ,2024-04-26,1,0,1,0,0
Mozambique,MOZ,2024-04-27,1,0,1,0,0
Mozambique,MOZ,2024-04-28,1,0,1,0,0
Mozambique,MOZ,2024-04-29,1,0,1,0,0
Mozambique,MOZ,2024-04-30,1,0,1,0,0
Mozambique,MOZ,2024-05-01,1,0,1,0,0
Mozambique,MOZ,2024-05-02,1,0,1,0,0
Mozambique,MOZ,2024-05-03,1,0,1,0,0
Mozambique,MOZ,2024-05-04,1,0,1,0,0
Mozambique,MOZ,2024-05-05,1,0,1,0,0
Mozambique,MOZ,2024-05-06,1,0,1,0,0
Mozambique,MOZ,2024-05-07,1,0,1,0,0
Mozambique,MOZ,2024-05-08,1,0,1,0,0
Mozambique,MOZ,2024-05-09,1,0,1,0,0
Mozambique,MOZ,2024-05-10,1,0,1,0,0
Mozambique,MOZ,2024-05-11,1,0,1,0,0
Mozambique,MOZ,2024-05-12,1,0,1,0,0
Mozambique,MOZ,2024-05-13,1,0,1,0,0
Mozambique,MOZ,2024-05-14,1,0,1,0,0
Mozambique,MOZ,2024-05-15,1,0,1,0,0
Mozambique,MOZ,2024-05-16,1,0,1,0,0
Mozambique,MOZ,2024-05-17,1,0,1,0,0
Mozambique,MOZ,2024-05-18,1,0,1,0,0
Mozambique,MOZ,2024-05-19,1,0,1,0,0
Mozambique,MOZ,2024-05-20,1,0,1,0,0
Mozambique,MOZ,2024-05-21,1,0,1,0,0
Mozambique,MOZ,2024-05-22,1,0,1,0,0
Mozambique,MOZ,2024-05-23,1,0,1,0,0
Mozambique,MOZ,2024-05-24,1,0,1,0,0
Mozambique,MOZ,2024-05-25,1,0,1,0,0
Mozambique,MOZ,2024-05-26,1,0,1,0,0
Mozambique,MOZ,2024-05-27,1,0,1,0,0
Mozambique,MOZ,2024-05-28,1,0,1,0,0
Mozambique,MOZ,2024-05-29,1,0,1,0,0
Mozambique,MOZ,2024-05-30,1,0,1,0,0
Mozambique,MOZ,2024-05-31,1,0,1,0,0
Mozambique,MOZ,2024-06-01,1,0,1,0,0
Mozambique,MOZ,2024-06-02,1,0,1,0,0
Mozambique,MOZ,2024-06-03,1,0,1,0,0
Mozambique,MOZ,2024-06-04,1,0,1,0,0
Mozambique,MOZ,2024-06-05,1,0,1,0,0
Mozambique,MOZ,2024-06-06,1,0,1,0,0
Mozambique,MOZ,2024-06-07,1,0,1,0,0
Mozambique,MOZ,2024-06-08,1,0,1,0,0
Mozambique,MOZ,2024-06-09,1,0,1,0,0
Mozambique,MOZ,2024-06-10,1,0,1,0,0
Mozambique,MOZ,2024-06-11,1,0,1,0,0
Mozambique,MOZ,2024-06-12,1,0,1,0,0
Mozambique,MOZ,2024-06-13,1,0,1,0,0
Mozambique,MOZ,2024-06-14,1,0,1,0,0
Mozambique,MOZ,2024-06-15,1,0,1,0,0
Mozambique,MOZ,2024-06-16,1,0,1,0,0
Mozambique,MOZ,2024-06-17,1,0,1,0,0
Mozambique,MOZ,2024-06-18,1,0,1,0,0
Mozambique,MOZ,2024-06-19,1,0,1,0,0
Mozambique,MOZ,2024-06-20,1,0,1,0,0
Mozambique,MOZ,2024-06-21,1,0,1,0,0
Mozambique,MOZ,2024-06-22,1,0,1,0,0
Mozambique,MOZ,2024-06-23,1,0,1,0,0
Mozambique,MOZ,2024-06-24,1,0,1,0,0
Mozambique,MOZ,2024-06-25,1,0,1,0,0
Mozambique,MOZ,2024-06-26,1,0,1,0,0
Mozambique,MOZ,2024-06-27,1,0,1,0,0
Mozambique,MOZ,2024-06-28,1,0,1,0,0
Mozambique,MOZ,2024-06-29,1,0,1,0,0
Mozambique,MOZ,2024-06-30,1,0,1,0,0
Mozambique,MOZ,2024-07-01,1,0,1,0,0
Mozambique,MOZ,2024-07-02,1,0,1,0,0
Mozambique,MOZ,2024-07-03,1,0,1,0,0
Mozambique,MOZ,2024-07-04,1,0,1,0,0
Mozambique,MOZ,2024-07-05,1,0,1,0,0
Mozambique,MOZ,2024-07-06,1,0,1,0,0
Mozambique,MOZ,2024-07-07,1,0,1,0,0
Mozambique,MOZ,2024-07-08,1,0,1,0,0
Mozambique,MOZ,2024-07-09,1,0,1,0,0
Mozambique,MOZ,2024-07-10,1,0,1,0,0
Mozambique,MOZ,2024-07-11,1,0,1,0,0
Mozambique,MOZ,2024-07-12,1,0,1,0,0
Mozambique,MOZ,2024-07-13,1,0,1,0,0
Mozambique,MOZ,2024-07-14,1,0,1,0,0
Mozambique,MOZ,2024-07-15,1,0,1,0,0
Mozambique,MOZ,2024-07-16,1,0,1,0,0
Mozambique,MOZ,2024-07-17,1,0,1,0,0
Mozambique,MOZ,2024-07-18,1,0,1,0,0
Mozambique,MOZ,2024-07-19,1,0,1,0,0
Mozambique,MOZ,2024-07-20,1,0,1,0,0
Mozambique,MOZ,2024-07-21,1,0,1,0,0
Mozambique,MOZ,2024-07-22,1,0,1,0,0
Mozambique,MOZ,2024-07-23,1,0,1,0,0
Mozambique,MOZ,2024-07-24,1,0,1,0,0
Mozambique,MOZ,2024-07-25,1,0,1,0,0
Mozambique,MOZ,2024-07-26,1,0,1,0,0
Mozambique,MOZ,2024-07-27,1,0,1,0,0
Mozambique,MOZ,2024-07-28,1,0,1,0,0
Mozambique,MOZ,2024-07-29,1,0,1,0,0
Mozambique,MOZ,2024-07-30,1,0,1,0,0
Mozambique,MOZ,2024-07-31,1,0,1,0,0
Mozambique,MOZ,2024-08-01,1,0,1,0,0
Mozambique,MOZ,2024-08-02,1,0,1,0,0
Mozambique,MOZ,2024-08-03,1,0,1,0,0
Mozambique,MOZ,2024-08-04,1,0,1,0,0
Mozambique,MOZ,2024-08-05,1,0,1,0,0
Mozambique,MOZ,2024-08-06,1,0,1,0,0
Mozambique,MOZ,2024-08-07,1,0,1,0,0
Mozambique,MOZ,2024-08-08,1,0,1,0,0
Mozambique,MOZ,2024-08-09,1,0,1,0,0
Mozambique,MOZ,2024-08-10,1,0,1,0,0
Mozambique,MOZ,2024-08-11,1,0,1,0,0
Mozambique,MOZ,2024-08-12,1,0,1,0,0
Mozambique,MOZ,2024-08-13,1,0,1,0,0
Mozambique,MOZ,2024-08-14,1,0,1,0,0
Mozambique,MOZ,2024-08-15,1,0,1,0,0
Mozambique,MOZ,2024-08-16,1,0,1,0,0
Mozambique,MOZ,2024-08-17,1,0,1,0,0
Mozambique,MOZ,2024-08-18,1,0,1,0,0
Mozambique,MOZ,2024-08-19,1,0,1,0,0
Mozambique,MOZ,2024-08-20,1,0,1,0,0
Mozambique,MOZ,2024-08-21,1,0,1,0,0
Mozambique,MOZ,2024-08-22,1,0,1,0,0
Mozambique,MOZ,2024-08-23,1,0,1,0,0
Mozambique,MOZ,2024-08-24,1,0,1,0,0
Mozambique,MOZ,2024-08-25,1,0,1,0,0
Mozambique,MOZ,2024-08-26,1,0,1,0,0
Mozambique,MOZ,2024-08-27,1,0,1,0,0
Mozambique,MOZ,2024-08-28,1,0,1,0,0
Mozambique,MOZ,2024-08-29,1,0,1,0,0
Mozambique,MOZ,2024-08-30,1,0,1,0,0
Mozambique,MOZ,2024-08-31,1,0,1,0,0
Mozambique,MOZ,2024-09-01,1,0,1,0,0
Mozambique,MOZ,2024-09-02,1,0,1,0,0
Mozambique,MOZ,2024-09-03,1,0,1,0,0
Mozambique,MOZ,2024-09-04,1,0,1,0,0
Mozambique,MOZ,2024-09-05,1,0,1,0,0
Mozambique,MOZ,2024-09-06,1,0,1,0,0
Mozambique,MOZ,2024-09-07,1,0,1,0,0
Mozambique,MOZ,2024-09-08,1,0,1,0,0
Mozambique,MOZ,2024-09-09,1,0,1,0,0
Mozambique,MOZ,2024-09-10,1,0,1,0,0
Mozambique,MOZ,2024-09-11,1,0,1,0,0
Mozambique,MOZ,2024-09-12,1,0,1,0,0
Mozambique,MOZ,2024-09-13,1,0,1,0,0
Mozambique,MOZ,2024-09-14,1,0,1,0,0
Mozambique,MOZ,2024-09-15,1,0,1,0,0
Mozambique,MOZ,2024-09-16,1,0,1,0,0
Mozambique,MOZ,2024-09-17,1,0,1,0,0
Mozambique,MOZ,2024-09-18,1,0,1,0,0
Mozambique,MOZ,2024-09-19,1,0,1,0,0
Mozambique,MOZ,2024-09-20,1,0,1,0,0
Mozambique,MOZ,2024-09-21,1,0,1,0,0
Mozambique,MOZ,2024-09-22,1,0,1,0,0
Mozambique,MOZ,2024-09-23,1,0,1,0,0
Mozambique,MOZ,2024-09-24,1,0,1,0,0
Mozambique,MOZ,2024-09-25,1,0,1,0,0
Mozambique,MOZ,2024-09-26,1,0,1,0,0
Mozambique,MOZ,2024-09-27,1,0,1,0,0
Mozambique,MOZ,2024-09-28,1,0,1,0,0
Mozambique,MOZ,2024-09-29,1,0,1,0,0
Mozambique,MOZ,2024-09-30,1,0,1,0,0
Mozambique,MOZ,2024-10-01,1,0,1,0,0
Mozambique,MOZ,2024-10-02,1,0,1,0,0
Mozambique,MOZ,2024-10-03,1,0,1,0,0
Mozambique,MOZ,2024-10-04,1,0,1,0,0
Mozambique,MOZ,2024-10-05,1,0,1,0,0
Mozambique,MOZ,2024-10-06,1,0,1,0,0
Mozambique,MOZ,2024-10-07,1,0,1,0,0
Mozambique,MOZ,2024-10-08,1,0,1,0,0
Mozambique,MOZ,2024-10-09,1,0,1,0,0
Mozambique,MOZ,2024-10-10,1,0,1,0,0
Mozambique,MOZ,2024-10-11,1,0,1,0,0
Mozambique,MOZ,2024-10-12,1,0,1,0,0
Mozambique,MOZ,2024-10-13,1,0,1,0,0
Mozambique,MOZ,2024-10-14,1,0,1,0,0
Mozambique,MOZ,2024-10-15,1,0,1,0,0
Mozambique,MOZ,2024-10-16,1,0,1,0,0
Mozambique,MOZ,2024-10-17,1,0,1,0,0
Mozambique,MOZ,2024-10-18,1,0,1,0,0
Mozambique,MOZ,2024-10-19,1,0,1,0,0
Mozambique,MOZ,2024-10-20,1,0,1,0,0
Mozambique,MOZ,2024-10-21,1,0,1,0,0
Mozambique,MOZ,2024-10-22,1,0,1,0,0
Mozambique,MOZ,2024-10-23,1,0,1,0,0
Mozambique,MOZ,2024-10-24,1,0,1,0,0
Mozambique,MOZ,2024-10-25,1,0,1,0,0
Mozambique,MOZ,2024-10-26,1,0,1,0,0
Mozambique,MOZ,2024-10-27,1,0,1,0,0
Mozambique,MOZ,2024-10-28,1,0,1,0,0
Mozambique,MOZ,2024-10-29,1,0,1,0,0
Mozambique,MOZ,2024-10-30,1,0,1,0,0
Mozambique,MOZ,2024-10-31,1,0,1,0,0
Mozambique,MOZ,2024-11-01,1,0,1,0,0
Mozambique,MOZ,2024-11-02,1,0,1,0,0
Mozambique,MOZ,2024-11-03,1,0,1,0,0
Mozambique,MOZ,2024-11-04,1,0,1,0,0
Mozambique,MOZ,2024-11-05,1,0,1,0,0
Mozambique,MOZ,2024-11-06,1,0,1,0,0
Mozambique,MOZ,2024-11-07,1,0,1,0,0
Mozambique,MOZ,2024-11-08,1,0,1,0,0
Mozambique,MOZ,2024-11-09,1,0,1,0,0
Mozambique,MOZ,2024-11-10,1,0,1,0,0
Mozambique,MOZ,2024-11-11,1,0,1,0,0
Mozambique,MOZ,2024-11-12,1,0,1,0,0
Mozambique,MOZ,2024-11-13,1,0,1,0,0
Mozambique,MOZ,2024-11-14,1,0,1,0,0
Mozambique,MOZ,2024-11-15,1,0,1,0,0
Mozambique,MOZ,2024-11-16,1,0,1,0,0
Mozambique,MOZ,2024-11-17,1,0,1,0,0
Mozambique,MOZ,2024-11-18,1,0,1,0,0
Mozambique,MOZ,2024-11-19,1,0,1,0,0
Mozambique,MOZ,2024-11-20,1,0,1,0,0
Mozambique,MOZ,2024-11-21,1,0,1,0,0
Mozambique,MOZ,2024-11-22,1,0,1,0,0
Mozambique,MOZ,2024-11-23,1,0,1,0,0
Mozambique,MOZ,2024-11-24,1,0,1,0,0
Mozambique,MOZ,2024-11-25,1,0,1,0,0
Mozambique,MOZ,2024-11-26,1,0,1,0,0
Mozambique,MOZ,2024-11-27,1,0,1,0,0
Mozambique,MOZ,2024-11-28,1,0,1,0,0
Mozambique,MOZ,2024-11-29,1,0,1,0,0
Mozambique,MOZ,2024-11-30,1,0,1,0,0
Mozambique,MOZ,2024-12-01,1,0,1,0,0
Mozambique,MOZ,2024-12-02,1,0,1,0,0
Mozambique,MOZ,2024-12-03,1,0,1,0,0
Mozambique,MOZ,2024-12-04,1,0,1,0,0
Mozambique,MOZ,2024-12-05,1,0,1,0,0
Mozambique,MOZ,2024-12-06,1,0,1,0,0
Mozambique,MOZ,2024-12-07,1,0,1,0,0
Mozambique,MOZ,2024-12-08,1,0,1,0,0
Mozambique,MOZ,2024-12-09,1,0,1,0,0
Mozambique,MOZ,2024-12-10,1,0,1,0,0
Mozambique,MOZ,2024-12-11,1,0,1,0,0
Mozambique,MOZ,2024-12-12,1,0,1,0,0
Mozambique,MOZ,2024-12-13,1,0,1,0,0
Mozambique,MOZ,2024-12-14,1,0,1,0,0
Mozambique,MOZ,2024-12-15,1,0,1,0,0
Mozambique,MOZ,2024-12-16,1,0,1,0,0
Mozambique,MOZ,2024-12-17,1,0,1,0,0
Mozambique,MOZ,2024-12-18,1,0,1,0,0
Mozambique,MOZ,2024-12-19,1,0,1,0,0
Mozambique,MOZ,2024-12-20,1,0,1,0,0
Mozambique,MOZ,2024-12-21,1,0,1,0,0
Mozambique,MOZ,2024-12-22,1,0,1,0,0
Mozambique,MOZ,2024-12-23,1,0,1,0,0
Mozambique,MOZ,2024-12-24,1,0,1,0,0
Mozambique,MOZ,2024-12-25,1,0,1,0,0
Mozambique,MOZ,2024-12-26,1,0,1,0,0
Mozambique,MOZ,2024-12-27,1,0,1,0,0
Mozambique,MOZ,2024-12-28,1,0,1,0,0
Mozambique,MOZ,2024-12-29,1,0,1,0,0
Mozambique,MOZ,2024-12-30,1,0,1,0,0
Mozambique,MOZ,2024-12-31,1,0,1,0,0
Mozambique,MOZ,2025-01-01,1,0,1,0,0
Mozambique,MOZ,2025-01-02,1,0,1,0,0
Mozambique,MOZ,2025-01-03,1,0,1,0,0
Mozambique,MOZ,2025-01-04,1,0,1,0,0
Mozambique,MOZ,2025-01-05,1,0,1,0,0
Mozambique,MOZ,2025-01-06,1,0,1,0,0
Mozambique,MOZ,2025-01-07,1,0,1,0,0
Mozambique,MOZ,2025-01-08,1,0,1,0,0
Mozambique,MOZ,2025-01-09,1,0,1,0,0
Mozambique,MOZ,2025-01-10,1,0,1,0,0
Mozambique,MOZ,2025-01-11,1,0,1,0,0
Mozambique,MOZ,2025-01-12,1,0,1,0,0
Mozambique,MOZ,2025-01-13,1,0,1,0,0
Mozambique,MOZ,2025-01-14,1,0,1,0,0
Mozambique,MOZ,2025-01-15,1,0,1,0,0
Mozambique,MOZ,2025-01-16,1,0,1,0,0
Mozambique,MOZ,2025-01-17,1,0,1,0,0
Mozambique,MOZ,2025-01-18,1,0,1,0,0
Mozambique,MOZ,2025-01-19,1,0,1,0,0
Mozambique,MOZ,2025-01-20,1,0,1,0,0
Mozambique,MOZ,2025-01-21,1,0,1,0,0
Mozambique,MOZ,2025-01-22,1,0,1,0,0
Mozambique,MOZ,2025-01-23,1,0,1,0,0
Mozambique,MOZ,2025-01-24,1,0,1,0,0
Mozambique,MOZ,2025-01-25,1,0,1,0,0
Mozambique,MOZ,2025-01-26,1,0,1,0,0
Mozambique,MOZ,2025-01-27,1,0,1,0,0
Mozambique,MOZ,2025-01-28,1,0,1,0,0
Mozambique,MOZ,2025-01-29,1,0,1,0,0
Mozambique,MOZ,2025-01-30,1,0,1,0,0
Mozambique,MOZ,2025-01-31,1,0,1,0,0
Mozambique,MOZ,2025-02-01,1,0,1,0,0
Mozambique,MOZ,2025-02-02,1,0,1,0,0
Mozambique,MOZ,2025-02-03,1,0,1,0,0
Mozambique,MOZ,2025-02-04,1,0,1,0,0
Mozambique,MOZ,2025-02-05,1,0,1,0,0
Mozambique,MOZ,2025-02-06,1,0,1,0,0
Mozambique,MOZ,2025-02-07,1,0,1,0,0
Mozambique,MOZ,2025-02-08,1,0,1,0,0
Mozambique,MOZ,2025-02-09,1,0,1,0,0
Mozambique,MOZ,2025-02-10,1,0,1,0,0
Mozambique,MOZ,2025-02-11,1,0,1,0,0
Mozambique,MOZ,2025-02-12,1,0,1,0,0
Mozambique,MOZ,2025-02-13,1,0,1,0,0
Mozambique,MOZ,2025-02-14,1,0,1,0,0
Mozambique,MOZ,2025-02-15,1,0,1,0,0
Mozambique,MOZ,2025-02-16,1,0,1,0,0
Mozambique,MOZ,2025-02-17,1,0,1,0,0
Mozambique,MOZ,2025-02-18,1,0,1,0,0
Mozambique,MOZ,2025-02-19,1,0,1,0,0
Mozambique,MOZ,2025-02-20,1,0,1,0,0
Mozambique,MOZ,2025-02-21,1,0,1,0,0
Mozambique,MOZ,2025-02-22,1,0,1,0,0
Mozambique,MOZ,2025-02-23,1,0,1,0,0
Mozambique,MOZ,2025-02-24,1,0,1,0,0
Mozambique,MOZ,2025-02-25,1,0,1,0,0
Mozambique,MOZ,2025-02-26,1,0,1,0,0
Mozambique,MOZ,2025-02-27,1,0,1,0,0
Mozambique,MOZ,2025-02-28,1,0,1,0,0
Mozambique,MOZ,2025-03-01,1,0,1,0,0
Mozambique,MOZ,2025-03-02,1,0,1,0,0
Mozambique,MOZ,2025-03-03,1,0,1,0,0
Mozambique,MOZ,2025-03-04,1,0,1,0,0
Mozambique,MOZ,2025-03-05,1,0,1,0,0
Mozambique,MOZ,2025-03-06,1,0,1,0,0
Mozambique,MOZ,2025-03-07,1,0,1,0,0
Mozambique,MOZ,2025-03-08,1,0,1,0,0
Mozambique,MOZ,2025-03-09,1,0,1,0,0
Mozambique,MOZ,2025-03-10,1,0,1,0,0
Mozambique,MOZ,2025-03-11,1,0,1,0,0
Mozambique,MOZ,2025-03-12,1,0,1,0,0
Mozambique,MOZ,2025-03-13,1,0,1,0,0
Mozambique,MOZ,2025-03-14,1,0,1,0,0
Mozambique,MOZ,2025-03-15,1,0,1,0,0
Mozambique,MOZ,2025-03-16,1,0,1,0,0
Mozambique,MOZ,2025-03-17,1,0,1,0,0
Mozambique,MOZ,2025-03-18,1,0,1,0,0
Mozambique,MOZ,2025-03-19,1,0,1,0,0
Mozambique,MOZ,2025-03-20,1,0,1,0,0
Mozambique,MOZ,2025-03-21,1,0,1,0,0
Mozambique,MOZ,2025-03-22,1,0,1,0,0
Mozambique,MOZ,2025-03-23,1,0,1,0,0
Mozambique,MOZ,2025-03-24,1,0,1,0,0
Mozambique,MOZ,2025-03-25,1,0,1,0,0
Mozambique,MOZ,2025-03-26,1,0,1,0,0
Mozambique,MOZ,2025-03-27,1,0,1,0,0
Mozambique,MOZ,2025-03-28,1,0,1,0,0
Mozambique,MOZ,2025-03-29,1,0,1,0,0
Mozambique,MOZ,2025-03-30,1,0,1,0,0
Mozambique,MOZ,2025-03-31,1,0,1,0,0
Mozambique,MOZ,2025-04-01,1,0,1,0,0
Mozambique,MOZ,2025-04-02,1,0,1,0,0
Mozambique,MOZ,2025-04-03,1,0,1,0,0
Mozambique,MOZ,2025-04-04,1,0,1,0,0
Mozambique,MOZ,2025-04-05,1,0,1,0,0
Mozambique,MOZ,2025-04-06,1,0,1,0,0
Mozambique,MOZ,2025-04-07,1,0,1,0,0
Mozambique,MOZ,2025-04-08,1,0,1,0,0
Mozambique,MOZ,2025-04-09,1,0,1,0,0
Mozambique,MOZ,2025-04-10,1,0,1,0,0
Mozambique,MOZ,2025-04-11,1,0,1,0,0
Mozambique,MOZ,2025-04-12,1,0,1,0,0
Mozambique,MOZ,2025-04-13,1,0,1,0,0
Mozambique,MOZ,2025-04-14,1,0,1,0,0
Mozambique,MOZ,2025-04-15,1,0,1,0,0
Mozambique,MOZ,2025-04-16,1,0,1,0,0
Mozambique,MOZ,2025-04-17,1,0,1,0,0
Mozambique,MOZ,2025-04-18,1,0,1,0,0
Mozambique,MOZ,2025-04-19,1,0,1,0,0
Mozambique,MOZ,2025-04-20,1,0,1,0,0
Mozambique,MOZ,2025-04-21,1,0,1,0,0
Mozambique,MOZ,2025-04-22,1,0,1,0,0
Mozambique,MOZ,2025-04-23,1,0,1,0,0
Mozambique,MOZ,2025-04-24,1,0,1,0,0
Mozambique,MOZ,2025-04-25,1,0,1,0,0
Mozambique,MOZ,2025-04-26,1,0,1,0,0
Mozambique,MOZ,2025-04-27,1,0,1,0,0
Mozambique,MOZ,2025-04-28,1,0,1,0,0
Mozambique,MOZ,2025-04-29,1,0,1,0,0
Mozambique,MOZ,2025-04-30,1,0,1,0,0
Mozambique,MOZ,2025-05-01,1,0,1,0,0
Mozambique,MOZ,2025-05-02,1,0,1,0,0
Mozambique,MOZ,2025-05-03,1,0,1,0,0
Mozambique,MOZ,2025-05-04,1,0,1,0,0
Mozambique,MOZ,2025-05-05,1,0,1,0,0
Mozambique,MOZ,2025-05-06,1,0,1,0,0
Mozambique,MOZ,2025-05-07,1,0,1,0,0
Mozambique,MOZ,2025-05-08,1,0,1,0,0
Mozambique,MOZ,2025-05-09,1,0,1,0,0
Mozambique,MOZ,2025-05-10,1,0,1,0,0
Mozambique,MOZ,2025-05-11,1,0,1,0,0
Mozambique,MOZ,2025-05-12,1,0,1,0,0
Mozambique,MOZ,2025-05-13,1,0,1,0,0
Mozambique,MOZ,2025-05-14,1,0,1,0,0
Mozambique,MOZ,2025-05-15,1,0,1,0,0
Mozambique,MOZ,2025-05-16,1,0,1,0,0
Mozambique,MOZ,2025-05-17,1,0,1,0,0
Mozambique,MOZ,2025-05-18,1,0,1,0,0
Mozambique,MOZ,2025-05-19,1,0,1,0,0
Mozambique,MOZ,2025-05-20,1,0,1,0,0
Mozambique,MOZ,2025-05-21,1,0,1,0,0
Mozambique,MOZ,2025-05-22,1,0,1,0,0
Mozambique,MOZ,2025-05-23,1,0,1,0,0
Mozambique,MOZ,2025-05-24,1,0,1,0,0
Mozambique,MOZ,2025-05-25,1,0,1,0,0
Mozambique,MOZ,2025-05-26,1,0,1,0,0
Mozambique,MOZ,2025-05-27,1,0,1,0,0
Mozambique,MOZ,2025-05-28,1,0,1,0,0
Mozambique,MOZ,2025-05-29,1,0,1,0,0
Mozambique,MOZ,2025-05-30,1,0,1,0,0
Mozambique,MOZ,2025-05-31,1,0,1,0,0
Mozambique,MOZ,2025-06-01,1,0,1,0,0
Mozambique,MOZ,2025-06-02,1,0,1,0,0
Mozambique,MOZ,2025-06-03,1,0,1,0,0
Mozambique,MOZ,2025-06-04,1,0,1,0,0
Mozambique,MOZ,2025-06-05,1,0,1,0,0
Mozambique,MOZ,2025-06-06,1,0,1,0,0
Mozambique,MOZ,2025-06-07,1,0,1,0,0
Mozambique,MOZ,2025-06-08,1,0,1,0,0
Mozambique,MOZ,2025-06-09,1,0,1,0,0
Mozambique,MOZ,2025-06-10,1,0,1,0,0
Mozambique,MOZ,2025-06-11,1,0,1,0,0
Mozambique,MOZ,2025-06-12,1,0,1,0,0
Mozambique,MOZ,2025-06-13,1,0,1,0,0
Mozambique,MOZ,2025-06-14,1,0,1,0,0
Mozambique,MOZ,2025-06-15,1,0,1,0,0
Mozambique,MOZ,2025-06-16,1,0,1,0,0
Mozambique,MOZ,2025-06-17,1,0,1,0,0
Mozambique,MOZ,2025-06-18,1,0,1,0,0
Mozambique,MOZ,2025-06-19,1,0,1,0,0
Mozambique,MOZ,2025-06-20,1,0,1,0,0
Mozambique,MOZ,2025-06-21,1,0,1,0,0
Mozambique,MOZ,2025-06-22,1,0,1,0,0
Mozambique,MOZ,2025-06-23,1,0,1,0,0
Mozambique,MOZ,2025-06-24,1,0,1,0,0
Mozambique,MOZ,2025-06-25,1,0,1,0,0
Mozambique,MOZ,2025-06-26,1,0,1,0,0
Mozambique,MOZ,2025-06-27,1,0,1,0,0
Mozambique,MOZ,2025-06-28,1,0,1,0,0
Mozambique,MOZ,2025-06-29,1,0,1,0,0
Mozambique,MOZ,2025-06-30,1,0,1,0,0
Mozambique,MOZ,2025-07-01,1,0,1,0,0
Mozambique,MOZ,2025-07-02,1,0,1,0,0
Mozambique,MOZ,2025-07-03,1,0,1,0,0
Mozambique,MOZ,2025-07-04,1,0,1,0,0
Mozambique,MOZ,2025-07-05,1,0,1,0,0
Mozambique,MOZ,2025-07-06,1,0,1,0,0
Mozambique,MOZ,2025-07-07,1,0,1,0,0
Mozambique,MOZ,2025-07-08,1,0,1,0,0
Mozambique,MOZ,2025-07-09,1,0,1,0,0
Mozambique,MOZ,2025-07-10,1,0,1,0,0
Mozambique,MOZ,2025-07-11,1,0,1,0,0
Mozambique,MOZ,2025-07-12,1,0,1,0,0
Mozambique,MOZ,2025-07-13,5,4,1,0,0.57
Mozambique,MOZ,2025-07-14,5,0,1,0,0.57
Mozambique,MOZ,2025-07-15,5,0,1,0,0.57
Mozambique,MOZ,2025-07-16,5,0,1,0,0.57
Mozambique,MOZ,2025-07-17,5,0,1,0,0.57
Mozambique,MOZ,2025-07-18,5,0,1,0,0.57
Mozambique,MOZ,2025-07-19,5,0,1,0,0.57
Mozambique,MOZ,2025-07-20,10,5,1,0,0.71
Mozambique,MOZ,2025-07-21,10,0,1,0,0.71
Mozambique,MOZ,2025-07-22,10,0,1,0,0.71
Mozambique,MOZ,2025-07-23,10,0,1,0,0.71
Mozambique,MOZ,2025-07-24,10,0,1,0,0.71
Mozambique,MOZ,2025-07-25,10,0,1,0,0.71
Mozambique,MOZ,2025-07-26,10,0,1,0,0.71
Mozambique,MOZ,2025-07-27,18,8,1,0,1.14
Mozambique,MOZ,2025-07-28,18,0,1,0,1.14
Mozambique,MOZ,2025-07-29,18,0,1,0,1.14
Mozambique,MOZ,2025-07-30,18,0,1,0,1.14
Mozambique,MOZ,2025-07-31,18,0,1,0,1.14
Mozambique,MOZ,2025-08-01,18,0,1,0,1.14
Mozambique,MOZ,2025-08-02,18,0,1,0,1.14
Mozambique,MOZ,2025-08-03,29,11,1,0,1.57
Mozambique,MOZ,2025-08-04,29,0,1,0,1.57
Mozambique,MOZ,2025-08-05,29,0,1,0,1.57
Mozambique,MOZ,2025-08-06,29,0,1,0,1.57
Mozambique,MOZ,2025-08-07,29,0,1,0,1.57
Mozambique,MOZ,2025-08-08,29,0,1,0,1.57
Mozambique,MOZ,2025-08-09,29,0,1,0,1.57
Mozambique,MOZ,2025-08-10,39,10,1,0,1.43
Mozambique,MOZ,2025-08-11,39,0,1,0,1.43
Mozambique,MOZ,2025-08-12,39,0,1,0,1.43
Mozambique,MOZ,2025-08-13,39,0,1,0,1.43
Mozambique,MOZ,2025-08-14,39,0,1,0,1.43
Mozambique,MOZ,2025-08-15,39,0,1,0,1.43
Mozambique,MOZ,2025-08-16,39,0,1,0,1.43
Mozambique,MOZ,2025-08-17,39,0,1,0,0
Mozambique,MOZ,2025-08-18,39,0,1,0,0
Mozambique,MOZ,2025-08-19,39,0,1,0,0
Mozambique,MOZ,2025-08-20,39,0,1,0,0
Mozambique,MOZ,2025-08-21,39,0,1,0,0
Mozambique,MOZ,2025-08-22,39,0,1,0,0
Mozambique,MOZ,2025-08-23,39,0,1,0,0
Mozambique,MOZ,2025-08-24,66,27,1,0,3.86
Mozambique,MOZ,2025-08-25,66,0,1,0,3.86
Mozambique,MOZ,2025-08-26,66,0,1,0,3.86
Mozambique,MOZ,2025-08-27,66,0,1,0,3.86
Mozambique,MOZ,2025-08-28,66,0,1,0,3.86
Mozambique,MOZ,2025-08-29,66,0,1,0,3.86
Mozambique,MOZ,2025-08-30,66,0,1,0,3.86
Mozambique,MOZ,2025-08-31,70,4,1,0,0.57
Mozambique,MOZ,2025-09-01,70,0,1,0,0.57
Mozambique,MOZ,2025-09-02,70,0,1,0,0.57
Mozambique,MOZ,2025-09-03,70,0,1,0,0.57
Mozambique,MOZ,2025-09-04,70,0,1,0,0.57
Mozambique,MOZ,2025-09-05,70,0,1,0,0.57
Mozambique,MOZ,2025-09-06,70,0,1,0,0.57
Mozambique,MOZ,2025-09-07,77,7,1,0,1
Mozambique,MOZ,2025-09-08,77,0,1,0,1
Mozambique,MOZ,2025-09-09,77,0,1,0,1
Mozambique,MOZ,2025-09-10,77,0,1,0,1
Mozambique,MOZ,2025-09-11,77,0,1,0,1
Mozambique,MOZ,2025-09-12,77,0,1,0,1
Mozambique,MOZ,2025-09-13,77,0,1,0,1
Mozambique,MOZ,2025-09-14,80,3,1,0,0.43
Mozambique,MOZ,2025-09-15,80,0,1,0,0.43
Mozambique,MOZ,2025-09-16,80,0,1,0,0.43
Mozambique,MOZ,2025-09-17,80,0,1,0,0.43
Mozambique,MOZ,2025-09-18,80,0,1,0,0.43
Mozambique,MOZ,2025-09-19,80,0,1,0,0.43
Mozambique,MOZ,2025-09-20,80,0,1,0,0.43
Mozambique,MOZ,2025-09-21,83,3,1,0,0.43
Mozambique,MOZ,2025-09-22,83,0,1,0,0.43
Mozambique,MOZ,2025-09-23,83,0,1,0,0.43
Mozambique,MOZ,2025-09-24,83,0,1,0,0.43
Mozambique,MOZ,2025-09-25,83,0,1,0,0.43
Mozambique,MOZ,2025-09-26,83,0,1,0,0.43
Mozambique,MOZ,2025-09-27,83,0,1,0,0.43
Mozambique,MOZ,2025-09-28,83,0,1,0,0
Mozambique,MOZ,2025-09-29,83,0,1,0,0
Mozambique,MOZ,2025-09-30,83,0,1,0,0
Mozambique,MOZ,2025-10-01,83,0,1,0,0
Mozambique,MOZ,2025-10-02,83,0,1,0,0
Mozambique,MOZ,2025-10-03,83,0,1,0,0
Mozambique,MOZ,2025-10-04,83,0,1,0,0
Mozambique,MOZ,2025-10-05,83,0,1,0,0
Mozambique,MOZ,2025-10-06,83,0,1,0,0
Mozambique,MOZ,2025-10-07,83,0,1,0,0
Mozambique,MOZ,2025-10-08,83,0,1,0,0
Mozambique,MOZ,2025-10-09,83,0,1,0,0
Mozambique,MOZ,2025-10-10,83,0,1,0,0
Mozambique,MOZ,2025-10-11,83,0,1,0,0
Mozambique,MOZ,2025-10-12,87,4,1,0,0.57
Mozambique,MOZ,2025-10-13,87,0,1,0,0.57
Mozambique,MOZ,2025-10-14,87,0,1,0,0.57
Mozambique,MOZ,2025-10-15,87,0,1,0,0.57
Mozambique,MOZ,2025-10-16,87,0,1,0,0.57
Mozambique,MOZ,2025-10-17,87,0,1,0,0.57
Mozambique,MOZ,2025-10-18,87,0,1,0,0.57
Mozambique,MOZ,2025-10-19,89,2,1,0,0.29
Mozambique,MOZ,2025-10-20,89,0,1,0,0.29
Mozambique,MOZ,2025-10-21,89,0,1,0,0.29
Mozambique,MOZ,2025-10-22,89,0,1,0,0.29
Mozambique,MOZ,2025-10-23,89,0,1,0,0.29
Mozambique,MOZ,2025-10-24,89,0,1,0,0.29
Mozambique,MOZ,2025-10-25,89,0,1,0,0.29
Mozambique,MOZ,2025-10-26,90,1,1,0,0.14
Mozambique,MOZ,2025-10-27,90,0,1,0,0.14
Mozambique,MOZ,2025-10-28,90,0,1,0,0.14
Mozambique,MOZ,2025-10-29,90,0,1,0,0.14
Mozambique,MOZ,2025-10-30,90,0,1,0,0.14
Mozambique,MOZ,2025-10-31,90,0,1,0,0.14
Mozambique,MOZ,2025-11-01,90,0,1,0,0.14
Mozambique,MOZ,2025-11-02,91,1,1,0,0.14
Mozambique,MOZ,2025-11-03,91,0,1,0,0.14
Mozambique,MOZ,2025-11-04,91,0,1,0,0.14
Mozambique,MOZ,2025-11-05,91,0,1,0,0.14
Mozambique,MOZ,2025-11-06,91,0,1,0,0.14
Mozambique,MOZ,2025-11-07,91,0,1,0,0.14
Mozambique,MOZ,2025-11-08,91,0,1,0,0.14
Mozambique,MOZ,2025-11-09,91,0,1,0,0
Mozambique,MOZ,2025-11-10,91,0,1,0,0
Mozambique,MOZ,2025-11-11,91,0,1,0,0
Mozambique,MOZ,2025-11-12,91,0,1,0,0
Mozambique,MOZ,2025-11-13,91,0,1,0,0
Mozambique,MOZ,2025-11-14,91,0,1,0,0
Mozambique,MOZ,2025-11-15,91,0,1,0,0
Mozambique,MOZ,2025-11-16,91,0,1,0,0
Mozambique,MOZ,2025-11-17,91,0,1,0,0
Mozambique,MOZ,2025-11-18,91,0,1,0,0
Mozambique,MOZ,2025-11-19,91,0,1,0,0
Mozambique,MOZ,2025-11-20,91,0,1,0,0
Mozambique,MOZ,2025-11-21,91,0,1,0,0
Mozambique,MOZ,2025-11-22,91,0,1,0,0
Mozambique,MOZ,2025-11-23,92,1,1,0,0.14
Mozambique,MOZ,2025-11-24,92,0,1,0,0.14
Mozambique,MOZ,2025-11-25,92,0,1,0,0.14
Mozambique,MOZ,2025-11-26,92,0,1,0,0.14
Mozambique,MOZ,2025-11-27,92,0,1,0,0.14
Mozambique,MOZ,2025-11-28,92,0,1,0,0.14
Mozambique,MOZ,2025-11-29,92,0,1,0,0.14
Mozambique,MOZ,2025-11-30,92,0,1,0,0
Mozambique,MOZ,2025-12-01,92,0,1,0,0
Mozambique,MOZ,2025-12-02,92,0,1,0,0
Mozambique,MOZ,2025-12-03,92,0,1,0,0
Mozambique,MOZ,2025-12-04,92,0,1,0,0
Mozambique,MOZ,2025-12-05,92,0,1,0,0
Mozambique,MOZ,2025-12-06,92,0,1,0,0
Mozambique,MOZ,2025-12-07,92,0,1,0,0
Mozambique,MOZ,2025-12-08,92,0,1,0,0
Mozambique,MOZ,2025-12-09,92,0,1,0,0
Mozambique,MOZ,2025-12-10,92,0,1,0,0
Mozambique,MOZ,2025-12-11,92,0,1,0,0
Mozambique,MOZ,2025-12-12,92,0,1,0,0
Mozambique,MOZ,2025-12-13,92,0,1,0,0
Mozambique,MOZ,2025-12-14,92,0,1,0,0
Mozambique,MOZ,2025-12-15,92,0,1,0,0
Mozambique,MOZ,2025-12-16,92,0,1,0,0
Mozambique,MOZ,2025-12-17,92,0,1,0,0
Mozambique,MOZ,2025-12-18,92,0,1,0,0
Mozambique,MOZ,2025-12-19,92,0,1,0,0
Mozambique,MOZ,2025-12-20,92,0,1,0,0
Mozambique,MOZ,2025-12-21,92,0,1,0,0
Mozambique,MOZ,2025-12-22,92,0,1,0,0
Mozambique,MOZ,2025-12-23,92,0,1,0,0
Mozambique,MOZ,2025-12-24,92,0,1,0,0
Mozambique,MOZ,2025-12-25,92,0,1,0,0
Mozambique,MOZ,2025-12-26,92,0,1,0,0
Mozambique,MOZ,2025-12-27,92,0,1,0,0
Mozambique,MOZ,2025-12-28,92,0,1,0,0
Mozambique,MOZ,2025-12-29,92,0,1,0,0
Mozambique,MOZ,2025-12-30,92,0,1,0,0
Mozambique,MOZ,2025-12-31,92,0,1,0,0
Mozambique,MOZ,2026-01-01,92,0,1,0,0
Mozambique,MOZ,2026-01-02,92,0,1,0,0
Mozambique,MOZ,2026-01-03,92,0,1,0,0
Mozambique,MOZ,2026-01-04,92,0,1,0,0
Mozambique,MOZ,2026-01-05,92,0,1,0,0
Mozambique,MOZ,2026-01-06,92,0,1,0,0
Mozambique,MOZ,2026-01-07,92,0,1,0,0
Mozambique,MOZ,2026-01-08,92,0,1,0,0
Mozambique,MOZ,2026-01-09,92,0,1,0,0
Mozambique,MOZ,2026-01-10,92,0,1,0,0
Mozambique,MOZ,2026-01-11,94,2,1,0,0.29
Mozambique,MOZ,2026-01-12,94,0,1,0,0.29
Mozambique,MOZ,2026-01-13,94,0,1,0,0.29
Mozambique,MOZ,2026-01-14,94,0,1,0,0.29
Mozambique,MOZ,2026-01-15,94,0,1,0,0.29
Mozambique,MOZ,2026-01-16,94,0,1,0,0.29
Mozambique,MOZ,2026-01-17,94,0,1,0,0.29
Mozambique,MOZ,2026-01-18,94,0,1,0,0
Mozambique,MOZ,2026-01-19,94,0,1,0,0
Mozambique,MOZ,2026-01-20,94,0,1,0,0
Mozambique,MOZ,2026-01-21,94,0,1,0,0
Mozambique,MOZ,2026-01-22,94,0,1,0,0
Mozambique,MOZ,2026-01-23,94,0,1,0,0
Mozambique,MOZ,2026-01-24,94,0,1,0,0
Mozambique,MOZ,2026-01-25,94,0,1,0,0
Mozambique,MOZ,2026-01-26,94,0,1,0,0
Mozambique,MOZ,2026-01-27,94,0,1,0,0
Mozambique,MOZ,2026-01-28,94,0,1,0,0
Mozambique,MOZ,2026-01-29,94,0,1,0,0
Mozambique,MOZ,2026-01-30,94,0,1,0,0
Mozambique,MOZ,2026-01-31,94,0,1,0,0
Mozambique,MOZ,2026-02-01,94,0,1,0,0
Mozambique,MOZ,2026-02-02,94,0,1,0,0
Mozambique,MOZ,2026-02-03,94,0,1,0,0
Mozambique,MOZ,2026-02-04,94,0,1,0,0
Mozambique,MOZ,2026-02-05,94,0,1,0,0
Mozambique,MOZ,2026-02-06,94,0,1,0,0
Mozambique,MOZ,2026-02-07,94,0,1,0,0
Mozambique,MOZ,2026-02-08,94,0,1,0,0
Mozambique,MOZ,2026-02-09,94,0,1,0,0
Mozambique,MOZ,2026-02-10,94,0,1,0,0
Mozambique,MOZ,2026-02-11,94,0,1,0,0
Mozambique,MOZ,2026-02-12,94,0,1,0,0
Mozambique,MOZ,2026-02-13,94,0,1,0,0
Mozambique,MOZ,2026-02-14,94,0,1,0,0
Mozambique,MOZ,2026-02-15,94,0,1,0,0
Mozambique,MOZ,2026-02-16,94,0,1,0,0
Mozambique,MOZ,2026-02-17,94,0,1,0,0
Mozambique,MOZ,2026-02-18,94,0,1,0,0
Mozambique,MOZ,2026-02-19,94,0,1,0,0
Mozambique,MOZ,2026-02-20,94,0,1,0,0
Mozambique,MOZ,2026-02-21,94,0,1,0,0
Mozambique,MOZ,2026-02-22,94,0,1,0,0
Namibia,NAM,2025-10-12,0,0,0,0,0
Namibia,NAM,2025-10-13,0,0,0,0,0
Namibia,NAM,2025-10-14,0,0,0,0,0
Namibia,NAM,2025-10-15,0,0,0,0,0
Namibia,NAM,2025-10-16,0,0,0,0,0
Namibia,NAM,2025-10-17,0,0,0,0,0
Namibia,NAM,2025-10-18,0,0,0,0,0
Namibia,NAM,2025-10-19,1,1,0,0,0.14
Namibia,NAM,2025-10-20,1,0,0,0,0.14
Namibia,NAM,2025-10-21,1,0,0,0,0.14
Namibia,NAM,2025-10-22,1,0,0,0,0.14
Namibia,NAM,2025-10-23,1,0,0,0,0.14
Namibia,NAM,2025-10-24,1,0,0,0,0.14
Namibia,NAM,2025-10-25,1,0,0,0,0.14
Namibia,NAM,2025-10-26,2,1,0,0,0.14
Namibia,NAM,2025-10-27,2,0,0,0,0.14
Namibia,NAM,2025-10-28,2,0,0,0,0.14
Namibia,NAM,2025-10-29,2,0,0,0,0.14
Namibia,NAM,2025-10-30,2,0,0,0,0.14
Namibia,NAM,2025-10-31,2,0,0,0,0.14
Namibia,NAM,2025-11-01,2,0,0,0,0.14
Namibia,NAM,2025-11-02,2,0,0,0,0
Namibia,NAM,2025-11-03,2,0,0,0,0
Namibia,NAM,2025-11-04,2,0,0,0,0
Namibia,NAM,2025-11-05,2,0,0,0,0
Namibia,NAM,2025-11-06,2,0,0,0,0
Namibia,NAM,2025-11-07,2,0,0,0,0
Namibia,NAM,2025-11-08,2,0,0,0,0
Namibia,NAM,2025-11-09,2,0,0,0,0
Namibia,NAM,2025-11-10,2,0,0,0,0
Namibia,NAM,2025-11-11,2,0,0,0,0
Namibia,NAM,2025-11-12,2,0,0,0,0
Namibia,NAM,2025-11-13,2,0,0,0,0
Namibia,NAM,2025-11-14,2,0,0,0,0
Namibia,NAM,2025-11-15,2,0,0,0,0
Namibia,NAM,2025-11-16,2,0,0,0,0
Namibia,NAM,2025-11-17,2,0,0,0,0
Namibia,NAM,2025-11-18,2,0,0,0,0
Namibia,NAM,2025-11-19,2,0,0,0,0
Namibia,NAM,2025-11-20,2,0,0,0,0
Namibia,NAM,2025-11-21,2,0,0,0,0
Namibia,NAM,2025-11-22,2,0,0,0,0
Namibia,NAM,2025-11-23,2,0,0,0,0
Namibia,NAM,2025-11-24,2,0,0,0,0
Namibia,NAM,2025-11-25,2,0,0,0,0
Namibia,NAM,2025-11-26,2,0,0,0,0
Namibia,NAM,2025-11-27,2,0,0,0,0
Namibia,NAM,2025-11-28,2,0,0,0,0
Namibia,NAM,2025-11-29,2,0,0,0,0
Namibia,NAM,2025-11-30,2,0,0,0,0
Nigeria,NGA,2022-05-01,15,1,1,0,0.14
Nigeria,NGA,2022-05-02,15,0,1,0,0.14
Nigeria,NGA,2022-05-03,15,0,1,0,0.14
Nigeria,NGA,2022-05-04,15,0,1,0,0.14
Nigeria,NGA,2022-05-05,15,0,1,0,0.14
Nigeria,NGA,2022-05-06,15,0,1,0,0.14
Nigeria,NGA,2022-05-07,15,0,1,0,0.14
Nigeria,NGA,2022-05-08,15,0,1,0,0
Nigeria,NGA,2022-05-09,15,0,1,0,0
Nigeria,NGA,2022-05-10,15,0,1,0,0
Nigeria,NGA,2022-05-11,15,0,1,0,0
Nigeria,NGA,2022-05-12,15,0,1,0,0
Nigeria,NGA,2022-05-13,15,0,1,0,0
Nigeria,NGA,2022-05-14,15,0,1,0,0
Nigeria,NGA,2022-05-15,19,4,1,0,0.57
Nigeria,NGA,2022-05-16,19,0,1,0,0.57
Nigeria,NGA,2022-05-17,19,0,1,0,0.57
Nigeria,NGA,2022-05-18,19,0,1,0,0.57
Nigeria,NGA,2022-05-19,19,0,1,0,0.57
Nigeria,NGA,2022-05-20,19,0,1,0,0.57
Nigeria,NGA,2022-05-21,19,0,1,0,0.57
Nigeria,NGA,2022-05-22,21,2,1,0,0.29
Nigeria,NGA,2022-05-23,21,0,1,0,0.29
Nigeria,NGA,2022-05-24,21,0,1,0,0.29
Nigeria,NGA,2022-05-25,21,0,1,0,0.29
Nigeria,NGA,2022-05-26,21,0,1,0,0.29
Nigeria,NGA,2022-05-27,21,0,1,0,0.29
Nigeria,NGA,2022-05-28,21,0,1,0,0.29
Nigeria,NGA,2022-05-29,21,0,1,0,0
Nigeria,NGA,2022-05-30,21,0,1,0,0
Nigeria,NGA,2022-05-31,21,0,1,0,0
Nigeria,NGA,2022-06-01,21,0,1,0,0
Nigeria,NGA,2022-06-02,21,0,1,0,0
Nigeria,NGA,2022-06-03,21,0,1,0,0
Nigeria,NGA,2022-06-04,21,0,1,0,0
Nigeria,NGA,2022-06-05,32,11,2,1,1.57
Nigeria,NGA,2022-06-06,32,0,2,0,1.57
Nigeria,NGA,2022-06-07,32,0,2,0,1.57
Nigeria,NGA,2022-06-08,32,0,2,0,1.57
Nigeria,NGA,2022-06-09,32,0,2,0,1.57
Nigeria,NGA,2022-06-10,32,0,2,0,1.57
Nigeria,NGA,2022-06-11,32,0,2,0,1.57
Nigeria,NGA,2022-06-12,38,6,2,0,0.86
Nigeria,NGA,2022-06-13,38,0,2,0,0.86
Nigeria,NGA,2022-06-14,38,0,2,0,0.86
Nigeria,NGA,2022-06-15,38,0,2,0,0.86
Nigeria,NGA,2022-06-16,38,0,2,0,0.86
Nigeria,NGA,2022-06-17,38,0,2,0,0.86
Nigeria,NGA,2022-06-18,38,0,2,0,0.86
Nigeria,NGA,2022-06-19,46,8,2,0,1.14
Nigeria,NGA,2022-06-20,46,0,2,0,1.14
Nigeria,NGA,2022-06-21,46,0,2,0,1.14
Nigeria,NGA,2022-06-22,46,0,2,0,1.14
Nigeria,NGA,2022-06-23,46,0,2,0,1.14
Nigeria,NGA,2022-06-24,46,0,2,0,1.14
Nigeria,NGA,2022-06-25,46,0,2,0,1.14
Nigeria,NGA,2022-06-26,68,22,2,0,3.14
Nigeria,NGA,2022-06-27,68,0,2,0,3.14
Nigeria,NGA,2022-06-28,68,0,2,0,3.14
Nigeria,NGA,2022-06-29,68,0,2,0,3.14
Nigeria,NGA,2022-06-30,68,0,2,0,3.14
Nigeria,NGA,2022-07-01,68,0,2,0,3.14
Nigeria,NGA,2022-07-02,68,0,2,0,3.14
Nigeria,NGA,2022-07-03,89,21,3,1,3
Nigeria,NGA,2022-07-04,89,0,3,0,3
Nigeria,NGA,2022-07-05,89,0,3,0,3
Nigeria,NGA,2022-07-06,89,0,3,0,3
Nigeria,NGA,2022-07-07,89,0,3,0,3
Nigeria,NGA,2022-07-08,89,0,3,0,3
Nigeria,NGA,2022-07-09,89,0,3,0,3
Nigeria,NGA,2022-07-10,106,17,3,0,2.43
Nigeria,NGA,2022-07-11,106,0,3,0,2.43
Nigeria,NGA,2022-07-12,106,0,3,0,2.43
Nigeria,NGA,2022-07-13,106,0,3,0,2.43
Nigeria,NGA,2022-07-14,106,0,3,0,2.43
Nigeria,NGA,2022-07-15,106,0,3,0,2.43
Nigeria,NGA,2022-07-16,106,0,3,0,2.43
Nigeria,NGA,2022-07-17,123,17,3,0,2.43
Nigeria,NGA,2022-07-18,123,0,3,0,2.43
Nigeria,NGA,2022-07-19,123,0,3,0,2.43
Nigeria,NGA,2022-07-20,123,0,3,0,2.43
Nigeria,NGA,2022-07-21,123,0,3,0,2.43
Nigeria,NGA,2022-07-22,123,0,3,0,2.43
Nigeria,NGA,2022-07-23,123,0,3,0,2.43
Nigeria,NGA,2022-07-24,138,15,3,0,2.14
Nigeria,NGA,2022-07-25,138,0,3,0,2.14
Nigeria,NGA,2022-07-26,138,0,3,0,2.14
Nigeria,NGA,2022-07-27,138,0,3,0,2.14
Nigeria,NGA,2022-07-28,138,0,3,0,2.14
Nigeria,NGA,2022-07-29,138,0,3,0,2.14
Nigeria,NGA,2022-07-30,138,0,3,0,2.14
Nigeria,NGA,2022-07-31,162,24,3,0,3.43
Nigeria,NGA,2022-08-01,162,0,3,0,3.43
Nigeria,NGA,2022-08-02,162,0,3,0,3.43
Nigeria,NGA,2022-08-03,162,0,3,0,3.43
Nigeria,NGA,2022-08-04,162,0,3,0,3.43
Nigeria,NGA,2022-08-05,162,0,3,0,3.43
Nigeria,NGA,2022-08-06,162,0,3,0,3.43
Nigeria,NGA,2022-08-07,177,15,4,1,2.14
Nigeria,NGA,2022-08-08,177,0,4,0,2.14
Nigeria,NGA,2022-08-09,177,0,4,0,2.14
Nigeria,NGA,2022-08-10,177,0,4,0,2.14
Nigeria,NGA,2022-08-11,177,0,4,0,2.14
Nigeria,NGA,2022-08-12,177,0,4,0,2.14
Nigeria,NGA,2022-08-13,177,0,4,0,2.14
Nigeria,NGA,2022-08-14,225,48,4,0,6.86
Nigeria,NGA,2022-08-15,225,0,4,0,6.86
Nigeria,NGA,2022-08-16,225,0,4,0,6.86
Nigeria,NGA,2022-08-17,225,0,4,0,6.86
Nigeria,NGA,2022-08-18,225,0,4,0,6.86
Nigeria,NGA,2022-08-19,225,0,4,0,6.86
Nigeria,NGA,2022-08-20,225,0,4,0,6.86
Nigeria,NGA,2022-08-21,246,21,6,2,3
Nigeria,NGA,2022-08-22,246,0,6,0,3
Nigeria,NGA,2022-08-23,246,0,6,0,3
Nigeria,NGA,2022-08-24,246,0,6,0,3
Nigeria,NGA,2022-08-25,246,0,6,0,3
Nigeria,NGA,2022-08-26,246,0,6,0,3
Nigeria,NGA,2022-08-27,246,0,6,0,3
Nigeria,NGA,2022-08-28,282,36,6,0,5.14
Nigeria,NGA,2022-08-29,282,0,6,0,5.14
Nigeria,NGA,2022-08-30,282,0,6,0,5.14
Nigeria,NGA,2022-08-31,282,0,6,0,5.14
Nigeria,NGA,2022-09-01,282,0,6,0,5.14
Nigeria,NGA,2022-09-02,282,0,6,0,5.14
Nigeria,NGA,2022-09-03,282,0,6,0,5.14
Nigeria,NGA,2022-09-04,323,41,7,1,5.86
Nigeria,NGA,2022-09-05,323,0,7,0,5.86
Nigeria,NGA,2022-09-06,323,0,7,0,5.86
Nigeria,NGA,2022-09-07,323,0,7,0,5.86
Nigeria,NGA,2022-09-08,323,0,7,0,5.86
Nigeria,NGA,2022-09-09,323,0,7,0,5.86
Nigeria,NGA,2022-09-10,323,0,7,0,5.86
Nigeria,NGA,2022-09-11,354,31,7,0,4.43
Nigeria,NGA,2022-09-12,354,0,7,0,4.43
Nigeria,NGA,2022-09-13,354,0,7,0,4.43
Nigeria,NGA,2022-09-14,354,0,7,0,4.43
Nigeria,NGA,2022-09-15,354,0,7,0,4.43
Nigeria,NGA,2022-09-16,354,0,7,0,4.43
Nigeria,NGA,2022-09-17,354,0,7,0,4.43
Nigeria,NGA,2022-09-18,405,51,7,0,7.29
Nigeria,NGA,2022-09-19,405,0,7,0,7.29
Nigeria,NGA,2022-09-20,405,0,7,0,7.29
Nigeria,NGA,2022-09-21,405,0,7,0,7.29
Nigeria,NGA,2022-09-22,405,0,7,0,7.29
Nigeria,NGA,2022-09-23,405,0,7,0,7.29
Nigeria,NGA,2022-09-24,405,0,7,0,7.29
Nigeria,NGA,2022-09-25,461,56,7,0,8
Nigeria,NGA,2022-09-26,461,0,7,0,8
Nigeria,NGA,2022-09-27,461,0,7,0,8
Nigeria,NGA,2022-09-28,461,0,7,0,8
Nigeria,NGA,2022-09-29,461,0,7,0,8
Nigeria,NGA,2022-09-30,461,0,7,0,8
Nigeria,NGA,2022-10-01,461,0,7,0,8
Nigeria,NGA,2022-10-02,486,25,7,0,3.57
Nigeria,NGA,2022-10-03,486,0,7,0,3.57
Nigeria,NGA,2022-10-04,486,0,7,0,3.57
Nigeria,NGA,2022-10-05,486,0,7,0,3.57
Nigeria,NGA,2022-10-06,486,0,7,0,3.57
Nigeria,NGA,2022-10-07,486,0,7,0,3.57
Nigeria,NGA,2022-10-08,486,0,7,0,3.57
Nigeria,NGA,2022-10-09,535,49,7,0,7
Nigeria,NGA,2022-10-10,535,0,7,0,7
Nigeria,NGA,2022-10-11,535,0,7,0,7
Nigeria,NGA,2022-10-12,535,0,7,0,7
Nigeria,NGA,2022-10-13,535,0,7,0,7
Nigeria,NGA,2022-10-14,535,0,7,0,7
Nigeria,NGA,2022-10-15,535,0,7,0,7
Nigeria,NGA,2022-10-16,557,22,7,0,3.14
Nigeria,NGA,2022-10-17,557,0,7,0,3.14
Nigeria,NGA,2022-10-18,557,0,7,0,3.14
Nigeria,NGA,2022-10-19,557,0,7,0,3.14
Nigeria,NGA,2022-10-20,557,0,7,0,3.14
Nigeria,NGA,2022-10-21,557,0,7,0,3.14
Nigeria,NGA,2022-10-22,557,0,7,0,3.14
Nigeria,NGA,2022-10-23,588,31,7,0,4.43
Nigeria,NGA,2022-10-24,588,0,7,0,4.43
Nigeria,NGA,2022-10-25,588,0,7,0,4.43
Nigeria,NGA,2022-10-26,588,0,7,0,4.43
Nigeria,NGA,2022-10-27,588,0,7,0,4.43
Nigeria,NGA,2022-10-28,588,0,7,0,4.43
Nigeria,NGA,2022-10-29,588,0,7,0,4.43
Nigeria,NGA,2022-10-30,609,21,7,0,3
Nigeria,NGA,2022-10-31,609,0,7,0,3
Nigeria,NGA,2022-11-01,609,0,7,0,3
Nigeria,NGA,2022-11-02,609,0,7,0,3
Nigeria,NGA,2022-11-03,609,0,7,0,3
Nigeria,NGA,2022-11-04,609,0,7,0,3
Nigeria,NGA,2022-11-05,609,0,7,0,3
Nigeria,NGA,2022-11-06,629,20,7,0,2.86
Nigeria,NGA,2022-11-07,629,0,7,0,2.86
Nigeria,NGA,2022-11-08,629,0,7,0,2.86
Nigeria,NGA,2022-11-09,629,0,7,0,2.86
Nigeria,NGA,2022-11-10,629,0,7,0,2.86
Nigeria,NGA,2022-11-11,629,0,7,0,2.86
Nigeria,NGA,2022-11-12,629,0,7,0,2.86
Nigeria,NGA,2022-11-13,644,15,7,0,2.14
Nigeria,NGA,2022-11-14,644,0,7,0,2.14
Nigeria,NGA,2022-11-15,644,0,7,0,2.14
Nigeria,NGA,2022-11-16,644,0,7,0,2.14
Nigeria,NGA,2022-11-17,644,0,7,0,2.14
Nigeria,NGA,2022-11-18,644,0,7,0,2.14
Nigeria,NGA,2022-11-19,644,0,7,0,2.14
Nigeria,NGA,2022-11-20,665,21,7,0,3
Nigeria,NGA,2022-11-21,665,0,7,0,3
Nigeria,NGA,2022-11-22,665,0,7,0,3
Nigeria,NGA,2022-11-23,665,0,7,0,3
Nigeria,NGA,2022-11-24,665,0,7,0,3
Nigeria,NGA,2022-11-25,665,0,7,0,3
Nigeria,NGA,2022-11-26,665,0,7,0,3
Nigeria,NGA,2022-11-27,686,21,7,0,3
Nigeria,NGA,2022-11-28,686,0,7,0,3
Nigeria,NGA,2022-11-29,686,0,7,0,3
Nigeria,NGA,2022-11-30,686,0,7,0,3
Nigeria,NGA,2022-12-01,686,0,7,0,3
Nigeria,NGA,2022-12-02,686,0,7,0,3
Nigeria,NGA,2022-12-03,686,0,7,0,3
Nigeria,NGA,2022-12-04,726,40,7,0,5.71
Nigeria,NGA,2022-12-05,726,0,7,0,5.71
Nigeria,NGA,2022-12-06,726,0,7,0,5.71
Nigeria,NGA,2022-12-07,726,0,7,0,5.71
Nigeria,NGA,2022-12-08,726,0,7,0,5.71
Nigeria,NGA,2022-12-09,726,0,7,0,5.71
Nigeria,NGA,2022-12-10,726,0,7,0,5.71
Nigeria,NGA,2022-12-11,750,24,7,0,3.43
Nigeria,NGA,2022-12-12,750,0,7,0,3.43
Nigeria,NGA,2022-12-13,750,0,7,0,3.43
Nigeria,NGA,2022-12-14,750,0,7,0,3.43
Nigeria,NGA,2022-12-15,750,0,7,0,3.43
Nigeria,NGA,2022-12-16,750,0,7,0,3.43
Nigeria,NGA,2022-12-17,750,0,7,0,3.43
Nigeria,NGA,2022-12-18,759,9,7,0,1.29
Nigeria,NGA,2022-12-19,759,0,7,0,1.29
Nigeria,NGA,2022-12-20,759,0,7,0,1.29
Nigeria,NGA,2022-12-21,759,0,7,0,1.29
Nigeria,NGA,2022-12-22,759,0,7,0,1.29
Nigeria,NGA,2022-12-23,759,0,7,0,1.29
Nigeria,NGA,2022-12-24,759,0,7,0,1.29
Nigeria,NGA,2022-12-25,762,3,7,0,0.43
Nigeria,NGA,2022-12-26,762,0,7,0,0.43
Nigeria,NGA,2022-12-27,762,0,7,0,0.43
Nigeria,NGA,2022-12-28,762,0,7,0,0.43
Nigeria,NGA,2022-12-29,762,0,7,0,0.43
Nigeria,NGA,2022-12-30,762,0,7,0,0.43
Nigeria,NGA,2022-12-31,762,0,7,0,0.43
Nigeria,NGA,2023-01-01,769,7,7,0,1
Nigeria,NGA,2023-01-02,769,0,7,0,1
Nigeria,NGA,2023-01-03,769,0,7,0,1
Nigeria,NGA,2023-01-04,769,0,7,0,1
Nigeria,NGA,2023-01-05,769,0,7,0,1
Nigeria,NGA,2023-01-06,769,0,7,0,1
Nigeria,NGA,2023-01-07,769,0,7,0,1
Nigeria,NGA,2023-01-08,772,3,7,0,0.43
Nigeria,NGA,2023-01-09,772,0,7,0,0.43
Nigeria,NGA,2023-01-10,772,0,7,0,0.43
Nigeria,NGA,2023-01-11,772,0,7,0,0.43
Nigeria,NGA,2023-01-12,772,0,7,0,0.43
Nigeria,NGA,2023-01-13,772,0,7,0,0.43
Nigeria,NGA,2023-01-14,772,0,7,0,0.43
Nigeria,NGA,2023-01-15,780,8,8,1,1.14
Nigeria,NGA,2023-01-16,780,0,8,0,1.14
Nigeria,NGA,2023-01-17,780,0,8,0,1.14
Nigeria,NGA,2023-01-18,780,0,8,0,1.14
Nigeria,NGA,2023-01-19,780,0,8,0,1.14
Nigeria,NGA,2023-01-20,780,0,8,0,1.14
Nigeria,NGA,2023-01-21,780,0,8,0,1.14
Nigeria,NGA,2023-01-22,790,10,8,0,1.43
Nigeria,NGA,2023-01-23,790,0,8,0,1.43
Nigeria,NGA,2023-01-24,790,0,8,0,1.43
Nigeria,NGA,2023-01-25,790,0,8,0,1.43
Nigeria,NGA,2023-01-26,790,0,8,0,1.43
Nigeria,NGA,2023-01-27,790,0,8,0,1.43
Nigeria,NGA,2023-01-28,790,0,8,0,1.43
Nigeria,NGA,2023-01-29,793,3,8,0,0.43
Nigeria,NGA,2023-01-30,793,0,8,0,0.43
Nigeria,NGA,2023-01-31,793,0,8,0,0.43
Nigeria,NGA,2023-02-01,793,0,8,0,0.43
Nigeria,NGA,2023-02-02,793,0,8,0,0.43
Nigeria,NGA,2023-02-03,793,0,8,0,0.43
Nigeria,NGA,2023-02-04,793,0,8,0,0.43
Nigeria,NGA,2023-02-05,799,6,8,0,0.86
Nigeria,NGA,2023-02-06,799,0,8,0,0.86
Nigeria,NGA,2023-02-07,799,0,8,0,0.86
Nigeria,NGA,2023-02-08,799,0,8,0,0.86
Nigeria,NGA,2023-02-09,799,0,8,0,0.86
Nigeria,NGA,2023-02-10,799,0,8,0,0.86
Nigeria,NGA,2023-02-11,799,0,8,0,0.86
Nigeria,NGA,2023-02-12,803,4,8,0,0.57
Nigeria,NGA,2023-02-13,803,0,8,0,0.57
Nigeria,NGA,2023-02-14,803,0,8,0,0.57
Nigeria,NGA,2023-02-15,803,0,8,0,0.57
Nigeria,NGA,2023-02-16,803,0,8,0,0.57
Nigeria,NGA,2023-02-17,803,0,8,0,0.57
Nigeria,NGA,2023-02-18,803,0,8,0,0.57
Nigeria,NGA,2023-02-19,807,4,8,0,0.57
Nigeria,NGA,2023-02-20,807,0,8,0,0.57
Nigeria,NGA,2023-02-21,807,0,8,0,0.57
Nigeria,NGA,2023-02-22,807,0,8,0,0.57
Nigeria,NGA,2023-02-23,807,0,8,0,0.57
Nigeria,NGA,2023-02-24,807,0,8,0,0.57
Nigeria,NGA,2023-02-25,807,0,8,0,0.57
Nigeria,NGA,2023-02-26,812,5,9,1,0.71
Nigeria,NGA,2023-02-27,812,0,9,0,0.71
Nigeria,NGA,2023-02-28,812,0,9,0,0.71
Nigeria,NGA,2023-03-01,812,0,9,0,0.71
Nigeria,NGA,2023-03-02,812,0,9,0,0.71
Nigeria,NGA,2023-03-03,812,0,9,0,0.71
Nigeria,NGA,2023-03-04,812,0,9,0,0.71
Nigeria,NGA,2023-03-05,814,2,9,0,0.29
Nigeria,NGA,2023-03-06,814,0,9,0,0.29
Nigeria,NGA,2023-03-07,814,0,9,0,0.29
Nigeria,NGA,2023-03-08,814,0,9,0,0.29
Nigeria,NGA,2023-03-09,814,0,9,0,0.29
Nigeria,NGA,2023-03-10,814,0,9,0,0.29
Nigeria,NGA,2023-03-11,814,0,9,0,0.29
Nigeria,NGA,2023-03-12,821,7,9,0,1
Nigeria,NGA,2023-03-13,821,0,9,0,1
Nigeria,NGA,2023-03-14,821,0,9,0,1
Nigeria,NGA,2023-03-15,821,0,9,0,1
Nigeria,NGA,2023-03-16,821,0,9,0,1
Nigeria,NGA,2023-03-17,821,0,9,0,1
Nigeria,NGA,2023-03-18,821,0,9,0,1
Nigeria,NGA,2023-03-19,823,2,9,0,0.29
Nigeria,NGA,2023-03-20,823,0,9,0,0.29
Nigeria,NGA,2023-03-21,823,0,9,0,0.29
Nigeria,NGA,2023-03-22,823,0,9,0,0.29
Nigeria,NGA,2023-03-23,823,0,9,0,0.29
Nigeria,NGA,2023-03-24,823,0,9,0,0.29
Nigeria,NGA,2023-03-25,823,0,9,0,0.29
Nigeria,NGA,2023-03-26,830,7,9,0,1
Nigeria,NGA,2023-03-27,830,0,9,0,1
Nigeria,NGA,2023-03-28,830,0,9,0,1
Nigeria,NGA,2023-03-29,830,0,9,0,1
Nigeria,NGA,2023-03-30,830,0,9,0,1
Nigeria,NGA,2023-03-31,830,0,9,0,1
Nigeria,NGA,2023-04-01,830,0,9,0,1
Nigeria,NGA,2023-04-02,834,4,9,0,0.57
Nigeria,NGA,2023-04-03,834,0,9,0,0.57
Nigeria,NGA,2023-04-04,834,0,9,0,0.57
Nigeria,NGA,2023-04-05,834,0,9,0,0.57
Nigeria,NGA,2023-04-06,834,0,9,0,0.57
Nigeria,NGA,2023-04-07,834,0,9,0,0.57
Nigeria,NGA,2023-04-08,834,0,9,0,0.57
Nigeria,NGA,2023-04-09,834,0,9,0,0
Nigeria,NGA,2023-04-10,834,0,9,0,0
Nigeria,NGA,2023-04-11,834,0,9,0,0
Nigeria,NGA,2023-04-12,834,0,9,0,0
Nigeria,NGA,2023-04-13,834,0,9,0,0
Nigeria,NGA,2023-04-14,834,0,9,0,0
Nigeria,NGA,2023-04-15,834,0,9,0,0
Nigeria,NGA,2023-04-16,835,1,9,0,0.14
Nigeria,NGA,2023-04-17,835,0,9,0,0.14
Nigeria,NGA,2023-04-18,835,0,9,0,0.14
Nigeria,NGA,2023-04-19,835,0,9,0,0.14
Nigeria,NGA,2023-04-20,835,0,9,0,0.14
Nigeria,NGA,2023-04-21,835,0,9,0,0.14
Nigeria,NGA,2023-04-22,835,0,9,0,0.14
Nigeria,NGA,2023-04-23,836,1,9,0,0.14
Nigeria,NGA,2023-04-24,836,0,9,0,0.14
Nigeria,NGA,2023-04-25,836,0,9,0,0.14
Nigeria,NGA,2023-04-26,836,0,9,0,0.14
Nigeria,NGA,2023-04-27,836,0,9,0,0.14
Nigeria,NGA,2023-04-28,836,0,9,0,0.14
Nigeria,NGA,2023-04-29,836,0,9,0,0.14
Nigeria,NGA,2023-04-30,836,0,9,0,0
Nigeria,NGA,2023-05-01,836,0,9,0,0
Nigeria,NGA,2023-05-02,836,0,9,0,0
Nigeria,NGA,2023-05-03,836,0,9,0,0
Nigeria,NGA,2023-05-04,836,0,9,0,0
Nigeria,NGA,2023-05-05,836,0,9,0,0
Nigeria,NGA,2023-05-06,836,0,9,0,0
Nigeria,NGA,2023-05-07,838,2,9,0,0.29
Nigeria,NGA,2023-05-08,838,0,9,0,0.29
Nigeria,NGA,2023-05-09,838,0,9,0,0.29
Nigeria,NGA,2023-05-10,838,0,9,0,0.29
Nigeria,NGA,2023-05-11,838,0,9,0,0.29
Nigeria,NGA,2023-05-12,838,0,9,0,0.29
Nigeria,NGA,2023-05-13,838,0,9,0,0.29
Nigeria,NGA,2023-05-14,842,4,9,0,0.57
Nigeria,NGA,2023-05-15,842,0,9,0,0.57
Nigeria,NGA,2023-05-16,842,0,9,0,0.57
Nigeria,NGA,2023-05-17,842,0,9,0,0.57
Nigeria,NGA,2023-05-18,842,0,9,0,0.57
Nigeria,NGA,2023-05-19,842,0,9,0,0.57
Nigeria,NGA,2023-05-20,842,0,9,0,0.57
Nigeria,NGA,2023-05-21,843,1,9,0,0.14
Nigeria,NGA,2023-05-22,843,0,9,0,0.14
Nigeria,NGA,2023-05-23,843,0,9,0,0.14
Nigeria,NGA,2023-05-24,843,0,9,0,0.14
Nigeria,NGA,2023-05-25,843,0,9,0,0.14
Nigeria,NGA,2023-05-26,843,0,9,0,0.14
Nigeria,NGA,2023-05-27,843,0,9,0,0.14
Nigeria,NGA,2023-05-28,843,0,9,0,0
Nigeria,NGA,2023-05-29,843,0,9,0,0
Nigeria,NGA,2023-05-30,843,0,9,0,0
Nigeria,NGA,2023-05-31,843,0,9,0,0
Nigeria,NGA,2023-06-01,843,0,9,0,0
Nigeria,NGA,2023-06-02,843,0,9,0,0
Nigeria,NGA,2023-06-03,843,0,9,0,0
Nigeria,NGA,2023-06-04,843,0,9,0,0
Nigeria,NGA,2023-06-05,843,0,9,0,0
Nigeria,NGA,2023-06-06,843,0,9,0,0
Nigeria,NGA,2023-06-07,843,0,9,0,0
Nigeria,NGA,2023-06-08,843,0,9,0,0
Nigeria,NGA,2023-06-09,843,0,9,0,0
Nigeria,NGA,2023-06-10,843,0,9,0,0
Nigeria,NGA,2023-06-11,844,1,9,0,0.14
Nigeria,NGA,2023-06-12,844,0,9,0,0.14
Nigeria,NGA,2023-06-13,844,0,9,0,0.14
Nigeria,NGA,2023-06-14,844,0,9,0,0.14
Nigeria,NGA,2023-06-15,844,0,9,0,0.14
Nigeria,NGA,2023-06-16,844,0,9,0,0.14
Nigeria,NGA,2023-06-17,844,0,9,0,0.14
Nigeria,NGA,2023-06-18,844,0,9,0,0
Nigeria,NGA,2023-06-19,844,0,9,0,0
Nigeria,NGA,2023-06-20,844,0,9,0,0
Nigeria,NGA,2023-06-21,844,0,9,0,0
Nigeria,NGA,2023-06-22,844,0,9,0,0
Nigeria,NGA,2023-06-23,844,0,9,0,0
Nigeria,NGA,2023-06-24,844,0,9,0,0
Nigeria,NGA,2023-06-25,844,0,9,0,0
Nigeria,NGA,2023-06-26,844,0,9,0,0
Nigeria,NGA,2023-06-27,844,0,9,0,0
Nigeria,NGA,2023-06-28,844,0,9,0,0
Nigeria,NGA,2023-06-29,844,0,9,0,0
Nigeria,NGA,2023-06-30,844,0,9,0,0
Nigeria,NGA,2023-07-01,844,0,9,0,0
Nigeria,NGA,2023-07-02,844,0,9,0,0
Nigeria,NGA,2023-07-03,844,0,9,0,0
Nigeria,NGA,2023-07-04,844,0,9,0,0
Nigeria,NGA,2023-07-05,844,0,9,0,0
Nigeria,NGA,2023-07-06,844,0,9,0,0
Nigeria,NGA,2023-07-07,844,0,9,0,0
Nigeria,NGA,2023-07-08,844,0,9,0,0
Nigeria,NGA,2023-07-09,844,0,9,0,0
Nigeria,NGA,2023-07-10,844,0,9,0,0
Nigeria,NGA,2023-07-11,844,0,9,0,0
Nigeria,NGA,2023-07-12,844,0,9,0,0
Nigeria,NGA,2023-07-13,844,0,9,0,0
Nigeria,NGA,2023-07-14,844,0,9,0,0
Nigeria,NGA,2023-07-15,844,0,9,0,0
Nigeria,NGA,2023-07-16,845,1,9,0,0.14
Nigeria,NGA,2023-07-17,845,0,9,0,0.14
Nigeria,NGA,2023-07-18,845,0,9,0,0.14
Nigeria,NGA,2023-07-19,845,0,9,0,0.14
Nigeria,NGA,2023-07-20,845,0,9,0,0.14
Nigeria,NGA,2023-07-21,845,0,9,0,0.14
Nigeria,NGA,2023-07-22,845,0,9,0,0.14
Nigeria,NGA,2023-07-23,845,0,9,0,0
Nigeria,NGA,2023-07-24,845,0,9,0,0
Nigeria,NGA,2023-07-25,845,0,9,0,0
Nigeria,NGA,2023-07-26,845,0,9,0,0
Nigeria,NGA,2023-07-27,845,0,9,0,0
Nigeria,NGA,2023-07-28,845,0,9,0,0
Nigeria,NGA,2023-07-29,845,0,9,0,0
Nigeria,NGA,2023-07-30,847,2,9,0,0.29
Nigeria,NGA,2023-07-31,847,0,9,0,0.29
Nigeria,NGA,2023-08-01,847,0,9,0,0.29
Nigeria,NGA,2023-08-02,847,0,9,0,0.29
Nigeria,NGA,2023-08-03,847,0,9,0,0.29
Nigeria,NGA,2023-08-04,847,0,9,0,0.29
Nigeria,NGA,2023-08-05,847,0,9,0,0.29
Nigeria,NGA,2023-08-06,847,0,9,0,0
Nigeria,NGA,2023-08-07,847,0,9,0,0
Nigeria,NGA,2023-08-08,847,0,9,0,0
Nigeria,NGA,2023-08-09,847,0,9,0,0
Nigeria,NGA,2023-08-10,847,0,9,0,0
Nigeria,NGA,2023-08-11,847,0,9,0,0
Nigeria,NGA,2023-08-12,847,0,9,0,0
Nigeria,NGA,2023-08-13,847,0,9,0,0
Nigeria,NGA,2023-08-14,847,0,9,0,0
Nigeria,NGA,2023-08-15,847,0,9,0,0
Nigeria,NGA,2023-08-16,847,0,9,0,0
Nigeria,NGA,2023-08-17,847,0,9,0,0
Nigeria,NGA,2023-08-18,847,0,9,0,0
Nigeria,NGA,2023-08-19,847,0,9,0,0
Nigeria,NGA,2023-08-20,847,0,9,0,0
Nigeria,NGA,2023-08-21,847,0,9,0,0
Nigeria,NGA,2023-08-22,847,0,9,0,0
Nigeria,NGA,2023-08-23,847,0,9,0,0
Nigeria,NGA,2023-08-24,847,0,9,0,0
Nigeria,NGA,2023-08-25,847,0,9,0,0
Nigeria,NGA,2023-08-26,847,0,9,0,0
Nigeria,NGA,2023-08-27,847,0,9,0,0
Nigeria,NGA,2023-08-28,847,0,9,0,0
Nigeria,NGA,2023-08-29,847,0,9,0,0
Nigeria,NGA,2023-08-30,847,0,9,0,0
Nigeria,NGA,2023-08-31,847,0,9,0,0
Nigeria,NGA,2023-09-01,847,0,9,0,0
Nigeria,NGA,2023-09-02,847,0,9,0,0
Nigeria,NGA,2023-09-03,847,0,9,0,0
Nigeria,NGA,2023-09-04,847,0,9,0,0
Nigeria,NGA,2023-09-05,847,0,9,0,0
Nigeria,NGA,2023-09-06,847,0,9,0,0
Nigeria,NGA,2023-09-07,847,0,9,0,0
Nigeria,NGA,2023-09-08,847,0,9,0,0
Nigeria,NGA,2023-09-09,847,0,9,0,0
Nigeria,NGA,2023-09-10,847,0,9,0,0
Nigeria,NGA,2023-09-11,847,0,9,0,0
Nigeria,NGA,2023-09-12,847,0,9,0,0
Nigeria,NGA,2023-09-13,847,0,9,0,0
Nigeria,NGA,2023-09-14,847,0,9,0,0
Nigeria,NGA,2023-09-15,847,0,9,0,0
Nigeria,NGA,2023-09-16,847,0,9,0,0
Nigeria,NGA,2023-09-17,847,0,9,0,0
Nigeria,NGA,2023-09-18,847,0,9,0,0
Nigeria,NGA,2023-09-19,847,0,9,0,0
Nigeria,NGA,2023-09-20,847,0,9,0,0
Nigeria,NGA,2023-09-21,847,0,9,0,0
Nigeria,NGA,2023-09-22,847,0,9,0,0
Nigeria,NGA,2023-09-23,847,0,9,0,0
Nigeria,NGA,2023-09-24,847,0,9,0,0
Nigeria,NGA,2023-09-25,847,0,9,0,0
Nigeria,NGA,2023-09-26,847,0,9,0,0
Nigeria,NGA,2023-09-27,847,0,9,0,0
Nigeria,NGA,2023-09-28,847,0,9,0,0
Nigeria,NGA,2023-09-29,847,0,9,0,0
Nigeria,NGA,2023-09-30,847,0,9,0,0
Nigeria,NGA,2023-10-01,847,0,9,0,0
Nigeria,NGA,2023-10-02,847,0,9,0,0
Nigeria,NGA,2023-10-03,847,0,9,0,0
Nigeria,NGA,2023-10-04,847,0,9,0,0
Nigeria,NGA,2023-10-05,847,0,9,0,0
Nigeria,NGA,2023-10-06,847,0,9,0,0
Nigeria,NGA,2023-10-07,847,0,9,0,0
Nigeria,NGA,2023-10-08,847,0,9,0,0
Nigeria,NGA,2023-10-09,847,0,9,0,0
Nigeria,NGA,2023-10-10,847,0,9,0,0
Nigeria,NGA,2023-10-11,847,0,9,0,0
Nigeria,NGA,2023-10-12,847,0,9,0,0
Nigeria,NGA,2023-10-13,847,0,9,0,0
Nigeria,NGA,2023-10-14,847,0,9,0,0
Nigeria,NGA,2023-10-15,847,0,9,0,0
Nigeria,NGA,2023-10-16,847,0,9,0,0
Nigeria,NGA,2023-10-17,847,0,9,0,0
Nigeria,NGA,2023-10-18,847,0,9,0,0
Nigeria,NGA,2023-10-19,847,0,9,0,0
Nigeria,NGA,2023-10-20,847,0,9,0,0
Nigeria,NGA,2023-10-21,847,0,9,0,0
Nigeria,NGA,2023-10-22,847,0,9,0,0
Nigeria,NGA,2023-10-23,847,0,9,0,0
Nigeria,NGA,2023-10-24,847,0,9,0,0
Nigeria,NGA,2023-10-25,847,0,9,0,0
Nigeria,NGA,2023-10-26,847,0,9,0,0
Nigeria,NGA,2023-10-27,847,0,9,0,0
Nigeria,NGA,2023-10-28,847,0,9,0,0
Nigeria,NGA,2023-10-29,847,0,9,0,0
Nigeria,NGA,2023-10-30,847,0,9,0,0
Nigeria,NGA,2023-10-31,847,0,9,0,0
Nigeria,NGA,2023-11-01,847,0,9,0,0
Nigeria,NGA,2023-11-02,847,0,9,0,0
Nigeria,NGA,2023-11-03,847,0,9,0,0
Nigeria,NGA,2023-11-04,847,0,9,0,0
Nigeria,NGA,2023-11-05,847,0,9,0,0
Nigeria,NGA,2023-11-06,847,0,9,0,0
Nigeria,NGA,2023-11-07,847,0,9,0,0
Nigeria,NGA,2023-11-08,847,0,9,0,0
Nigeria,NGA,2023-11-09,847,0,9,0,0
Nigeria,NGA,2023-11-10,847,0,9,0,0
Nigeria,NGA,2023-11-11,847,0,9,0,0
Nigeria,NGA,2023-11-12,848,1,9,0,0.14
Nigeria,NGA,2023-11-13,848,0,9,0,0.14
Nigeria,NGA,2023-11-14,848,0,9,0,0.14
Nigeria,NGA,2023-11-15,848,0,9,0,0.14
Nigeria,NGA,2023-11-16,848,0,9,0,0.14
Nigeria,NGA,2023-11-17,848,0,9,0,0.14
Nigeria,NGA,2023-11-18,848,0,9,0,0.14
Nigeria,NGA,2023-11-19,848,0,9,0,0
Nigeria,NGA,2023-11-20,848,0,9,0,0
Nigeria,NGA,2023-11-21,848,0,9,0,0
Nigeria,NGA,2023-11-22,848,0,9,0,0
Nigeria,NGA,2023-11-23,848,0,9,0,0
Nigeria,NGA,2023-11-24,848,0,9,0,0
Nigeria,NGA,2023-11-25,848,0,9,0,0
Nigeria,NGA,2023-11-26,854,6,9,0,0.86
Nigeria,NGA,2023-11-27,854,0,9,0,0.86
Nigeria,NGA,2023-11-28,854,0,9,0,0.86
Nigeria,NGA,2023-11-29,854,0,9,0,0.86
Nigeria,NGA,2023-11-30,854,0,9,0,0.86
Nigeria,NGA,2023-12-01,854,0,9,0,0.86
Nigeria,NGA,2023-12-02,854,0,9,0,0.86
Nigeria,NGA,2023-12-03,858,4,9,0,0.57
Nigeria,NGA,2023-12-04,858,0,9,0,0.57
Nigeria,NGA,2023-12-05,858,0,9,0,0.57
Nigeria,NGA,2023-12-06,858,0,9,0,0.57
Nigeria,NGA,2023-12-07,858,0,9,0,0.57
Nigeria,NGA,2023-12-08,858,0,9,0,0.57
Nigeria,NGA,2023-12-09,858,0,9,0,0.57
Nigeria,NGA,2023-12-10,858,0,9,0,0
Nigeria,NGA,2023-12-11,858,0,9,0,0
Nigeria,NGA,2023-12-12,858,0,9,0,0
Nigeria,NGA,2023-12-13,858,0,9,0,0
Nigeria,NGA,2023-12-14,858,0,9,0,0
Nigeria,NGA,2023-12-15,858,0,9,0,0
Nigeria,NGA,2023-12-16,858,0,9,0,0
Nigeria,NGA,2023-12-17,859,1,9,0,0.14
Nigeria,NGA,2023-12-18,859,0,9,0,0.14
Nigeria,NGA,2023-12-19,859,0,9,0,0.14
Nigeria,NGA,2023-12-20,859,0,9,0,0.14
Nigeria,NGA,2023-12-21,859,0,9,0,0.14
Nigeria,NGA,2023-12-22,859,0,9,0,0.14
Nigeria,NGA,2023-12-23,859,0,9,0,0.14
Nigeria,NGA,2023-12-24,860,1,9,0,0.14
Nigeria,NGA,2023-12-25,860,0,9,0,0.14
Nigeria,NGA,2023-12-26,860,0,9,0,0.14
Nigeria,NGA,2023-12-27,860,0,9,0,0.14
Nigeria,NGA,2023-12-28,860,0,9,0,0.14
Nigeria,NGA,2023-12-29,860,0,9,0,0.14
Nigeria,NGA,2023-12-30,860,0,9,0,0.14
Nigeria,NGA,2023-12-31,860,0,9,0,0
Nigeria,NGA,2024-01-01,860,0,9,0,0
Nigeria,NGA,2024-01-02,860,0,9,0,0
Nigeria,NGA,2024-01-03,860,0,9,0,0
Nigeria,NGA,2024-01-04,860,0,9,0,0
Nigeria,NGA,2024-01-05,860,0,9,0,0
Nigeria,NGA,2024-01-06,860,0,9,0,0
Nigeria,NGA,2024-01-07,860,0,9,0,0
Nigeria,NGA,2024-01-08,860,0,9,0,0
Nigeria,NGA,2024-01-09,860,0,9,0,0
Nigeria,NGA,2024-01-10,860,0,9,0,0
Nigeria,NGA,2024-01-11,860,0,9,0,0
Nigeria,NGA,2024-01-12,860,0,9,0,0
Nigeria,NGA,2024-01-13,860,0,9,0,0
Nigeria,NGA,2024-01-14,860,0,9,0,0
Nigeria,NGA,2024-01-15,860,0,9,0,0
Nigeria,NGA,2024-01-16,860,0,9,0,0
Nigeria,NGA,2024-01-17,860,0,9,0,0
Nigeria,NGA,2024-01-18,860,0,9,0,0
Nigeria,NGA,2024-01-19,860,0,9,0,0
Nigeria,NGA,2024-01-20,860,0,9,0,0
Nigeria,NGA,2024-01-21,860,0,9,0,0
Nigeria,NGA,2024-01-22,860,0,9,0,0
Nigeria,NGA,2024-01-23,860,0,9,0,0
Nigeria,NGA,2024-01-24,860,0,9,0,0
Nigeria,NGA,2024-01-25,860,0,9,0,0
Nigeria,NGA,2024-01-26,860,0,9,0,0
Nigeria,NGA,2024-01-27,860,0,9,0,0
Nigeria,NGA,2024-01-28,862,2,9,0,0.29
Nigeria,NGA,2024-01-29,862,0,9,0,0.29
Nigeria,NGA,2024-01-30,862,0,9,0,0.29
Nigeria,NGA,2024-01-31,862,0,9,0,0.29
Nigeria,NGA,2024-02-01,862,0,9,0,0.29
Nigeria,NGA,2024-02-02,862,0,9,0,0.29
Nigeria,NGA,2024-02-03,862,0,9,0,0.29
Nigeria,NGA,2024-02-04,862,0,9,0,0
Nigeria,NGA,2024-02-05,862,0,9,0,0
Nigeria,NGA,2024-02-06,862,0,9,0,0
Nigeria,NGA,2024-02-07,862,0,9,0,0
Nigeria,NGA,2024-02-08,862,0,9,0,0
Nigeria,NGA,2024-02-09,862,0,9,0,0
Nigeria,NGA,2024-02-10,862,0,9,0,0
Nigeria,NGA,2024-02-11,864,2,9,0,0.29
Nigeria,NGA,2024-02-12,864,0,9,0,0.29
Nigeria,NGA,2024-02-13,864,0,9,0,0.29
Nigeria,NGA,2024-02-14,864,0,9,0,0.29
Nigeria,NGA,2024-02-15,864,0,9,0,0.29
Nigeria,NGA,2024-02-16,864,0,9,0,0.29
Nigeria,NGA,2024-02-17,864,0,9,0,0.29
Nigeria,NGA,2024-02-18,866,2,9,0,0.29
Nigeria,NGA,2024-02-19,866,0,9,0,0.29
Nigeria,NGA,2024-02-20,866,0,9,0,0.29
Nigeria,NGA,2024-02-21,866,0,9,0,0.29
Nigeria,NGA,2024-02-22,866,0,9,0,0.29
Nigeria,NGA,2024-02-23,866,0,9,0,0.29
Nigeria,NGA,2024-02-24,866,0,9,0,0.29
Nigeria,NGA,2024-02-25,866,0,9,0,0
Nigeria,NGA,2024-02-26,866,0,9,0,0
Nigeria,NGA,2024-02-27,866,0,9,0,0
Nigeria,NGA,2024-02-28,866,0,9,0,0
Nigeria,NGA,2024-02-29,866,0,9,0,0
Nigeria,NGA,2024-03-01,866,0,9,0,0
Nigeria,NGA,2024-03-02,866,0,9,0,0
Nigeria,NGA,2024-03-03,866,0,9,0,0
Nigeria,NGA,2024-03-04,866,0,9,0,0
Nigeria,NGA,2024-03-05,866,0,9,0,0
Nigeria,NGA,2024-03-06,866,0,9,0,0
Nigeria,NGA,2024-03-07,866,0,9,0,0
Nigeria,NGA,2024-03-08,866,0,9,0,0
Nigeria,NGA,2024-03-09,866,0,9,0,0
Nigeria,NGA,2024-03-10,870,4,9,0,0.57
Nigeria,NGA,2024-03-11,870,0,9,0,0.57
Nigeria,NGA,2024-03-12,870,0,9,0,0.57
Nigeria,NGA,2024-03-13,870,0,9,0,0.57
Nigeria,NGA,2024-03-14,870,0,9,0,0.57
Nigeria,NGA,2024-03-15,870,0,9,0,0.57
Nigeria,NGA,2024-03-16,870,0,9,0,0.57
Nigeria,NGA,2024-03-17,872,2,9,0,0.29
Nigeria,NGA,2024-03-18,872,0,9,0,0.29
Nigeria,NGA,2024-03-19,872,0,9,0,0.29
Nigeria,NGA,2024-03-20,872,0,9,0,0.29
Nigeria,NGA,2024-03-21,872,0,9,0,0.29
Nigeria,NGA,2024-03-22,872,0,9,0,0.29
Nigeria,NGA,2024-03-23,872,0,9,0,0.29
Nigeria,NGA,2024-03-24,872,0,9,0,0
Nigeria,NGA,2024-03-25,872,0,9,0,0
Nigeria,NGA,2024-03-26,872,0,9,0,0
Nigeria,NGA,2024-03-27,872,0,9,0,0
Nigeria,NGA,2024-03-28,872,0,9,0,0
Nigeria,NGA,2024-03-29,872,0,9,0,0
Nigeria,NGA,2024-03-30,872,0,9,0,0
Nigeria,NGA,2024-03-31,878,6,9,0,0.86
Nigeria,NGA,2024-04-01,878,0,9,0,0.86
Nigeria,NGA,2024-04-02,878,0,9,0,0.86
Nigeria,NGA,2024-04-03,878,0,9,0,0.86
Nigeria,NGA,2024-04-04,878,0,9,0,0.86
Nigeria,NGA,2024-04-05,878,0,9,0,0.86
Nigeria,NGA,2024-04-06,878,0,9,0,0.86
Nigeria,NGA,2024-04-07,879,1,9,0,0.14
Nigeria,NGA,2024-04-08,879,0,9,0,0.14
Nigeria,NGA,2024-04-09,879,0,9,0,0.14
Nigeria,NGA,2024-04-10,879,0,9,0,0.14
Nigeria,NGA,2024-04-11,879,0,9,0,0.14
Nigeria,NGA,2024-04-12,879,0,9,0,0.14
Nigeria,NGA,2024-04-13,879,0,9,0,0.14
Nigeria,NGA,2024-04-14,880,1,9,0,0.14
Nigeria,NGA,2024-04-15,880,0,9,0,0.14
Nigeria,NGA,2024-04-16,880,0,9,0,0.14
Nigeria,NGA,2024-04-17,880,0,9,0,0.14
Nigeria,NGA,2024-04-18,880,0,9,0,0.14
Nigeria,NGA,2024-04-19,880,0,9,0,0.14
Nigeria,NGA,2024-04-20,880,0,9,0,0.14
Nigeria,NGA,2024-04-21,880,0,9,0,0
Nigeria,NGA,2024-04-22,880,0,9,0,0
Nigeria,NGA,2024-04-23,880,0,9,0,0
Nigeria,NGA,2024-04-24,880,0,9,0,0
Nigeria,NGA,2024-04-25,880,0,9,0,0
Nigeria,NGA,2024-04-26,880,0,9,0,0
Nigeria,NGA,2024-04-27,880,0,9,0,0
Nigeria,NGA,2024-04-28,882,2,9,0,0.29
Nigeria,NGA,2024-04-29,882,0,9,0,0.29
Nigeria,NGA,2024-04-30,882,0,9,0,0.29
Nigeria,NGA,2024-05-01,882,0,9,0,0.29
Nigeria,NGA,2024-05-02,882,0,9,0,0.29
Nigeria,NGA,2024-05-03,882,0,9,0,0.29
Nigeria,NGA,2024-05-04,882,0,9,0,0.29
Nigeria,NGA,2024-05-05,884,2,9,0,0.29
Nigeria,NGA,2024-05-06,884,0,9,0,0.29
Nigeria,NGA,2024-05-07,884,0,9,0,0.29
Nigeria,NGA,2024-05-08,884,0,9,0,0.29
Nigeria,NGA,2024-05-09,884,0,9,0,0.29
Nigeria,NGA,2024-05-10,884,0,9,0,0.29
Nigeria,NGA,2024-05-11,884,0,9,0,0.29
Nigeria,NGA,2024-05-12,884,0,9,0,0
Nigeria,NGA,2024-05-13,884,0,9,0,0
Nigeria,NGA,2024-05-14,884,0,9,0,0
Nigeria,NGA,2024-05-15,884,0,9,0,0
Nigeria,NGA,2024-05-16,884,0,9,0,0
Nigeria,NGA,2024-05-17,884,0,9,0,0
Nigeria,NGA,2024-05-18,884,0,9,0,0
Nigeria,NGA,2024-05-19,884,0,9,0,0
Nigeria,NGA,2024-05-20,884,0,9,0,0
Nigeria,NGA,2024-05-21,884,0,9,0,0
Nigeria,NGA,2024-05-22,884,0,9,0,0
Nigeria,NGA,2024-05-23,884,0,9,0,0
Nigeria,NGA,2024-05-24,884,0,9,0,0
Nigeria,NGA,2024-05-25,884,0,9,0,0
Nigeria,NGA,2024-05-26,886,2,9,0,0.29
Nigeria,NGA,2024-05-27,886,0,9,0,0.29
Nigeria,NGA,2024-05-28,886,0,9,0,0.29
Nigeria,NGA,2024-05-29,886,0,9,0,0.29
Nigeria,NGA,2024-05-30,886,0,9,0,0.29
Nigeria,NGA,2024-05-31,886,0,9,0,0.29
Nigeria,NGA,2024-06-01,886,0,9,0,0.29
Nigeria,NGA,2024-06-02,887,1,9,0,0.14
Nigeria,NGA,2024-06-03,887,0,9,0,0.14
Nigeria,NGA,2024-06-04,887,0,9,0,0.14
Nigeria,NGA,2024-06-05,887,0,9,0,0.14
Nigeria,NGA,2024-06-06,887,0,9,0,0.14
Nigeria,NGA,2024-06-07,887,0,9,0,0.14
Nigeria,NGA,2024-06-08,887,0,9,0,0.14
Nigeria,NGA,2024-06-09,888,1,9,0,0.14
Nigeria,NGA,2024-06-10,888,0,9,0,0.14
Nigeria,NGA,2024-06-11,888,0,9,0,0.14
Nigeria,NGA,2024-06-12,888,0,9,0,0.14
Nigeria,NGA,2024-06-13,888,0,9,0,0.14
Nigeria,NGA,2024-06-14,888,0,9,0,0.14
Nigeria,NGA,2024-06-15,888,0,9,0,0.14
Nigeria,NGA,2024-06-16,890,2,9,0,0.29
Nigeria,NGA,2024-06-17,890,0,9,0,0.29
Nigeria,NGA,2024-06-18,890,0,9,0,0.29
Nigeria,NGA,2024-06-19,890,0,9,0,0.29
Nigeria,NGA,2024-06-20,890,0,9,0,0.29
Nigeria,NGA,2024-06-21,890,0,9,0,0.29
Nigeria,NGA,2024-06-22,890,0,9,0,0.29
Nigeria,NGA,2024-06-23,891,1,9,0,0.14
Nigeria,NGA,2024-06-24,891,0,9,0,0.14
Nigeria,NGA,2024-06-25,891,0,9,0,0.14
Nigeria,NGA,2024-06-26,891,0,9,0,0.14
Nigeria,NGA,2024-06-27,891,0,9,0,0.14
Nigeria,NGA,2024-06-28,891,0,9,0,0.14
Nigeria,NGA,2024-06-29,891,0,9,0,0.14
Nigeria,NGA,2024-06-30,894,3,9,0,0.43
Nigeria,NGA,2024-07-01,894,0,9,0,0.43
Nigeria,NGA,2024-07-02,894,0,9,0,0.43
Nigeria,NGA,2024-07-03,894,0,9,0,0.43
Nigeria,NGA,2024-07-04,894,0,9,0,0.43
Nigeria,NGA,2024-07-05,894,0,9,0,0.43
Nigeria,NGA,2024-07-06,894,0,9,0,0.43
Nigeria,NGA,2024-07-07,897,3,9,0,0.43
Nigeria,NGA,2024-07-08,897,0,9,0,0.43
Nigeria,NGA,2024-07-09,897,0,9,0,0.43
Nigeria,NGA,2024-07-10,897,0,9,0,0.43
Nigeria,NGA,2024-07-11,897,0,9,0,0.43
Nigeria,NGA,2024-07-12,897,0,9,0,0.43
Nigeria,NGA,2024-07-13,897,0,9,0,0.43
Nigeria,NGA,2024-07-14,897,0,9,0,0
Nigeria,NGA,2024-07-15,897,0,9,0,0
Nigeria,NGA,2024-07-16,897,0,9,0,0
Nigeria,NGA,2024-07-17,897,0,9,0,0
Nigeria,NGA,2024-07-18,897,0,9,0,0
Nigeria,NGA,2024-07-19,897,0,9,0,0
Nigeria,NGA,2024-07-20,897,0,9,0,0
Nigeria,NGA,2024-07-21,898,1,9,0,0.14
Nigeria,NGA,2024-07-22,898,0,9,0,0.14
Nigeria,NGA,2024-07-23,898,0,9,0,0.14
Nigeria,NGA,2024-07-24,898,0,9,0,0.14
Nigeria,NGA,2024-07-25,898,0,9,0,0.14
Nigeria,NGA,2024-07-26,898,0,9,0,0.14
Nigeria,NGA,2024-07-27,898,0,9,0,0.14
Nigeria,NGA,2024-07-28,898,0,9,0,0
Nigeria,NGA,2024-07-29,898,0,9,0,0
Nigeria,NGA,2024-07-30,898,0,9,0,0
Nigeria,NGA,2024-07-31,898,0,9,0,0
Nigeria,NGA,2024-08-01,898,0,9,0,0
Nigeria,NGA,2024-08-02,898,0,9,0,0
Nigeria,NGA,2024-08-03,898,0,9,0,0
Nigeria,NGA,2024-08-04,898,0,9,0,0
Nigeria,NGA,2024-08-05,898,0,9,0,0
Nigeria,NGA,2024-08-06,898,0,9,0,0
Nigeria,NGA,2024-08-07,898,0,9,0,0
Nigeria,NGA,2024-08-08,898,0,9,0,0
Nigeria,NGA,2024-08-09,898,0,9,0,0
Nigeria,NGA,2024-08-10,898,0,9,0,0
Nigeria,NGA,2024-08-11,900,2,9,0,0.29
Nigeria,NGA,2024-08-12,900,0,9,0,0.29
Nigeria,NGA,2024-08-13,900,0,9,0,0.29
Nigeria,NGA,2024-08-14,900,0,9,0,0.29
Nigeria,NGA,2024-08-15,900,0,9,0,0.29
Nigeria,NGA,2024-08-16,900,0,9,0,0.29
Nigeria,NGA,2024-08-17,900,0,9,0,0.29
Nigeria,NGA,2024-08-18,903,3,9,0,0.43
Nigeria,NGA,2024-08-19,903,0,9,0,0.43
Nigeria,NGA,2024-08-20,903,0,9,0,0.43
Nigeria,NGA,2024-08-21,903,0,9,0,0.43
Nigeria,NGA,2024-08-22,903,0,9,0,0.43
Nigeria,NGA,2024-08-23,903,0,9,0,0.43
Nigeria,NGA,2024-08-24,903,0,9,0,0.43
Nigeria,NGA,2024-08-25,913,10,9,0,1.43
Nigeria,NGA,2024-08-26,913,0,9,0,1.43
Nigeria,NGA,2024-08-27,913,0,9,0,1.43
Nigeria,NGA,2024-08-28,913,0,9,0,1.43
Nigeria,NGA,2024-08-29,913,0,9,0,1.43
Nigeria,NGA,2024-08-30,913,0,9,0,1.43
Nigeria,NGA,2024-08-31,913,0,9,0,1.43
Nigeria,NGA,2024-09-01,921,8,9,0,1.14
Nigeria,NGA,2024-09-02,921,0,9,0,1.14
Nigeria,NGA,2024-09-03,921,0,9,0,1.14
Nigeria,NGA,2024-09-04,921,0,9,0,1.14
Nigeria,NGA,2024-09-05,921,0,9,0,1.14
Nigeria,NGA,2024-09-06,921,0,9,0,1.14
Nigeria,NGA,2024-09-07,921,0,9,0,1.14
Nigeria,NGA,2024-09-08,930,9,9,0,1.29
Nigeria,NGA,2024-09-09,930,0,9,0,1.29
Nigeria,NGA,2024-09-10,930,0,9,0,1.29
Nigeria,NGA,2024-09-11,930,0,9,0,1.29
Nigeria,NGA,2024-09-12,930,0,9,0,1.29
Nigeria,NGA,2024-09-13,930,0,9,0,1.29
Nigeria,NGA,2024-09-14,930,0,9,0,1.29
Nigeria,NGA,2024-09-15,936,6,9,0,0.86
Nigeria,NGA,2024-09-16,936,0,9,0,0.86
Nigeria,NGA,2024-09-17,936,0,9,0,0.86
Nigeria,NGA,2024-09-18,936,0,9,0,0.86
Nigeria,NGA,2024-09-19,936,0,9,0,0.86
Nigeria,NGA,2024-09-20,936,0,9,0,0.86
Nigeria,NGA,2024-09-21,936,0,9,0,0.86
Nigeria,NGA,2024-09-22,941,5,9,0,0.71
Nigeria,NGA,2024-09-23,941,0,9,0,0.71
Nigeria,NGA,2024-09-24,941,0,9,0,0.71
Nigeria,NGA,2024-09-25,941,0,9,0,0.71
Nigeria,NGA,2024-09-26,941,0,9,0,0.71
Nigeria,NGA,2024-09-27,941,0,9,0,0.71
Nigeria,NGA,2024-09-28,941,0,9,0,0.71
Nigeria,NGA,2024-09-29,951,10,9,0,1.43
Nigeria,NGA,2024-09-30,951,0,9,0,1.43
Nigeria,NGA,2024-10-01,951,0,9,0,1.43
Nigeria,NGA,2024-10-02,951,0,9,0,1.43
Nigeria,NGA,2024-10-03,951,0,9,0,1.43
Nigeria,NGA,2024-10-04,951,0,9,0,1.43
Nigeria,NGA,2024-10-05,951,0,9,0,1.43
Nigeria,NGA,2024-10-06,958,7,9,0,1
Nigeria,NGA,2024-10-07,958,0,9,0,1
Nigeria,NGA,2024-10-08,958,0,9,0,1
Nigeria,NGA,2024-10-09,958,0,9,0,1
Nigeria,NGA,2024-10-10,958,0,9,0,1
Nigeria,NGA,2024-10-11,958,0,9,0,1
Nigeria,NGA,2024-10-12,958,0,9,0,1
Nigeria,NGA,2024-10-13,967,9,9,0,1.29
Nigeria,NGA,2024-10-14,967,0,9,0,1.29
Nigeria,NGA,2024-10-15,967,0,9,0,1.29
Nigeria,NGA,2024-10-16,967,0,9,0,1.29
Nigeria,NGA,2024-10-17,967,0,9,0,1.29
Nigeria,NGA,2024-10-18,967,0,9,0,1.29
Nigeria,NGA,2024-10-19,967,0,9,0,1.29
Nigeria,NGA,2024-10-20,975,8,9,0,1.14
Nigeria,NGA,2024-10-21,975,0,9,0,1.14
Nigeria,NGA,2024-10-22,975,0,9,0,1.14
Nigeria,NGA,2024-10-23,975,0,9,0,1.14
Nigeria,NGA,2024-10-24,975,0,9,0,1.14
Nigeria,NGA,2024-10-25,975,0,9,0,1.14
Nigeria,NGA,2024-10-26,975,0,9,0,1.14
Nigeria,NGA,2024-10-27,985,10,9,0,1.43
Nigeria,NGA,2024-10-28,985,0,9,0,1.43
Nigeria,NGA,2024-10-29,985,0,9,0,1.43
Nigeria,NGA,2024-10-30,985,0,9,0,1.43
Nigeria,NGA,2024-10-31,985,0,9,0,1.43
Nigeria,NGA,2024-11-01,985,0,9,0,1.43
Nigeria,NGA,2024-11-02,985,0,9,0,1.43
Nigeria,NGA,2024-11-03,991,6,9,0,0.86
Nigeria,NGA,2024-11-04,991,0,9,0,0.86
Nigeria,NGA,2024-11-05,991,0,9,0,0.86
Nigeria,NGA,2024-11-06,991,0,9,0,0.86
Nigeria,NGA,2024-11-07,991,0,9,0,0.86
Nigeria,NGA,2024-11-08,991,0,9,0,0.86
Nigeria,NGA,2024-11-09,991,0,9,0,0.86
Nigeria,NGA,2024-11-10,1004,13,9,0,1.86
Nigeria,NGA,2024-11-11,1004,0,9,0,1.86
Nigeria,NGA,2024-11-12,1004,0,9,0,1.86
Nigeria,NGA,2024-11-13,1004,0,9,0,1.86
Nigeria,NGA,2024-11-14,1004,0,9,0,1.86
Nigeria,NGA,2024-11-15,1004,0,9,0,1.86
Nigeria,NGA,2024-11-16,1004,0,9,0,1.86
Nigeria,NGA,2024-11-17,1010,6,9,0,0.86
Nigeria,NGA,2024-11-18,1010,0,9,0,0.86
Nigeria,NGA,2024-11-19,1010,0,9,0,0.86
Nigeria,NGA,2024-11-20,1010,0,9,0,0.86
Nigeria,NGA,2024-11-21,1010,0,9,0,0.86
Nigeria,NGA,2024-11-22,1010,0,9,0,0.86
Nigeria,NGA,2024-11-23,1010,0,9,0,0.86
Nigeria,NGA,2024-11-24,1013,3,9,0,0.43
Nigeria,NGA,2024-11-25,1013,0,9,0,0.43
Nigeria,NGA,2024-11-26,1013,0,9,0,0.43
Nigeria,NGA,2024-11-27,1013,0,9,0,0.43
Nigeria,NGA,2024-11-28,1013,0,9,0,0.43
Nigeria,NGA,2024-11-29,1013,0,9,0,0.43
Nigeria,NGA,2024-11-30,1013,0,9,0,0.43
Nigeria,NGA,2024-12-01,1020,7,9,0,1
Nigeria,NGA,2024-12-02,1020,0,9,0,1
Nigeria,NGA,2024-12-03,1020,0,9,0,1
Nigeria,NGA,2024-12-04,1020,0,9,0,1
Nigeria,NGA,2024-12-05,1020,0,9,0,1
Nigeria,NGA,2024-12-06,1020,0,9,0,1
Nigeria,NGA,2024-12-07,1020,0,9,0,1
Nigeria,NGA,2024-12-08,1035,15,9,0,2.14
Nigeria,NGA,2024-12-09,1035,0,9,0,2.14
Nigeria,NGA,2024-12-10,1035,0,9,0,2.14
Nigeria,NGA,2024-12-11,1035,0,9,0,2.14
Nigeria,NGA,2024-12-12,1035,0,9,0,2.14
Nigeria,NGA,2024-12-13,1035,0,9,0,2.14
Nigeria,NGA,2024-12-14,1035,0,9,0,2.14
Nigeria,NGA,2024-12-15,1041,6,9,0,0.86
Nigeria,NGA,2024-12-16,1041,0,9,0,0.86
Nigeria,NGA,2024-12-17,1041,0,9,0,0.86
Nigeria,NGA,2024-12-18,1041,0,9,0,0.86
Nigeria,NGA,2024-12-19,1041,0,9,0,0.86
Nigeria,NGA,2024-12-20,1041,0,9,0,0.86
Nigeria,NGA,2024-12-21,1041,0,9,0,0.86
Nigeria,NGA,2024-12-22,1045,4,9,0,0.57
Nigeria,NGA,2024-12-23,1045,0,9,0,0.57
Nigeria,NGA,2024-12-24,1045,0,9,0,0.57
Nigeria,NGA,2024-12-25,1045,0,9,0,0.57
Nigeria,NGA,2024-12-26,1045,0,9,0,0.57
Nigeria,NGA,2024-12-27,1045,0,9,0,0.57
Nigeria,NGA,2024-12-28,1045,0,9,0,0.57
Nigeria,NGA,2024-12-29,1049,4,9,0,0.57
Nigeria,NGA,2024-12-30,1049,0,9,0,0.57
Nigeria,NGA,2024-12-31,1049,0,9,0,0.57
Nigeria,NGA,2025-01-01,1049,0,9,0,0.57
Nigeria,NGA,2025-01-02,1049,0,9,0,0.57
Nigeria,NGA,2025-01-03,1049,0,9,0,0.57
Nigeria,NGA,2025-01-04,1049,0,9,0,0.57
Nigeria,NGA,2025-01-05,1051,2,9,0,0.29
Nigeria,NGA,2025-01-06,1051,0,9,0,0.29
Nigeria,NGA,2025-01-07,1051,0,9,0,0.29
Nigeria,NGA,2025-01-08,1051,0,9,0,0.29
Nigeria,NGA,2025-01-09,1051,0,9,0,0.29
Nigeria,NGA,2025-01-10,1051,0,9,0,0.29
Nigeria,NGA,2025-01-11,1051,0,9,0,0.29
Nigeria,NGA,2025-01-12,1055,4,9,0,0.57
Nigeria,NGA,2025-01-13,1055,0,9,0,0.57
Nigeria,NGA,2025-01-14,1055,0,9,0,0.57
Nigeria,NGA,2025-01-15,1055,0,9,0,0.57
Nigeria,NGA,2025-01-16,1055,0,9,0,0.57
Nigeria,NGA,2025-01-17,1055,0,9,0,0.57
Nigeria,NGA,2025-01-18,1055,0,9,0,0.57
Nigeria,NGA,2025-01-19,1062,7,9,0,1
Nigeria,NGA,2025-01-20,1062,0,9,0,1
Nigeria,NGA,2025-01-21,1062,0,9,0,1
Nigeria,NGA,2025-01-22,1062,0,9,0,1
Nigeria,NGA,2025-01-23,1062,0,9,0,1
Nigeria,NGA,2025-01-24,1062,0,9,0,1
Nigeria,NGA,2025-01-25,1062,0,9,0,1
Nigeria,NGA,2025-01-26,1067,5,9,0,0.71
Nigeria,NGA,2025-01-27,1067,0,9,0,0.71
Nigeria,NGA,2025-01-28,1067,0,9,0,0.71
Nigeria,NGA,2025-01-29,1067,0,9,0,0.71
Nigeria,NGA,2025-01-30,1067,0,9,0,0.71
Nigeria,NGA,2025-01-31,1067,0,9,0,0.71
Nigeria,NGA,2025-02-01,1067,0,9,0,0.71
Nigeria,NGA,2025-02-02,1078,11,9,0,1.57
Nigeria,NGA,2025-02-03,1078,0,9,0,1.57
Nigeria,NGA,2025-02-04,1078,0,9,0,1.57
Nigeria,NGA,2025-02-05,1078,0,9,0,1.57
Nigeria,NGA,2025-02-06,1078,0,9,0,1.57
Nigeria,NGA,2025-02-07,1078,0,9,0,1.57
Nigeria,NGA,2025-02-08,1078,0,9,0,1.57
Nigeria,NGA,2025-02-09,1102,24,10,1,3.43
Nigeria,NGA,2025-02-10,1102,0,10,0,3.43
Nigeria,NGA,2025-02-11,1102,0,10,0,3.43
Nigeria,NGA,2025-02-12,1102,0,10,0,3.43
Nigeria,NGA,2025-02-13,1102,0,10,0,3.43
Nigeria,NGA,2025-02-14,1102,0,10,0,3.43
Nigeria,NGA,2025-02-15,1102,0,10,0,3.43
Nigeria,NGA,2025-02-16,1109,7,11,1,1
Nigeria,NGA,2025-02-17,1109,0,11,0,1
Nigeria,NGA,2025-02-18,1109,0,11,0,1
Nigeria,NGA,2025-02-19,1109,0,11,0,1
Nigeria,NGA,2025-02-20,1109,0,11,0,1
Nigeria,NGA,2025-02-21,1109,0,11,0,1
Nigeria,NGA,2025-02-22,1109,0,11,0,1
Nigeria,NGA,2025-02-23,1117,8,11,0,1.14
Nigeria,NGA,2025-02-24,1117,0,11,0,1.14
Nigeria,NGA,2025-02-25,1117,0,11,0,1.14
Nigeria,NGA,2025-02-26,1117,0,11,0,1.14
Nigeria,NGA,2025-02-27,1117,0,11,0,1.14
Nigeria,NGA,2025-02-28,1117,0,11,0,1.14
Nigeria,NGA,2025-03-01,1117,0,11,0,1.14
Nigeria,NGA,2025-03-02,1132,15,11,0,2.14
Nigeria,NGA,2025-03-03,1132,0,11,0,2.14
Nigeria,NGA,2025-03-04,1132,0,11,0,2.14
Nigeria,NGA,2025-03-05,1132,0,11,0,2.14
Nigeria,NGA,2025-03-06,1132,0,11,0,2.14
Nigeria,NGA,2025-03-07,1132,0,11,0,2.14
Nigeria,NGA,2025-03-08,1132,0,11,0,2.14
Nigeria,NGA,2025-03-09,1141,9,11,0,1.29
Nigeria,NGA,2025-03-10,1141,0,11,0,1.29
Nigeria,NGA,2025-03-11,1141,0,11,0,1.29
Nigeria,NGA,2025-03-12,1141,0,11,0,1.29
Nigeria,NGA,2025-03-13,1141,0,11,0,1.29
Nigeria,NGA,2025-03-14,1141,0,11,0,1.29
Nigeria,NGA,2025-03-15,1141,0,11,0,1.29
Nigeria,NGA,2025-03-16,1153,12,11,0,1.71
Nigeria,NGA,2025-03-17,1153,0,11,0,1.71
Nigeria,NGA,2025-03-18,1153,0,11,0,1.71
Nigeria,NGA,2025-03-19,1153,0,11,0,1.71
Nigeria,NGA,2025-03-20,1153,0,11,0,1.71
Nigeria,NGA,2025-03-21,1153,0,11,0,1.71
Nigeria,NGA,2025-03-22,1153,0,11,0,1.71
Nigeria,NGA,2025-03-23,1160,7,11,0,1
Nigeria,NGA,2025-03-24,1160,0,11,0,1
Nigeria,NGA,2025-03-25,1160,0,11,0,1
Nigeria,NGA,2025-03-26,1160,0,11,0,1
Nigeria,NGA,2025-03-27,1160,0,11,0,1
Nigeria,NGA,2025-03-28,1160,0,11,0,1
Nigeria,NGA,2025-03-29,1160,0,11,0,1
Nigeria,NGA,2025-03-30,1163,3,11,0,0.43
Nigeria,NGA,2025-03-31,1163,0,11,0,0.43
Nigeria,NGA,2025-04-01,1163,0,11,0,0.43
Nigeria,NGA,2025-04-02,1163,0,11,0,0.43
Nigeria,NGA,2025-04-03,1163,0,11,0,0.43
Nigeria,NGA,2025-04-04,1163,0,11,0,0.43
Nigeria,NGA,2025-04-05,1163,0,11,0,0.43
Nigeria,NGA,2025-04-06,1180,17,12,1,2.43
Nigeria,NGA,2025-04-07,1180,0,12,0,2.43
Nigeria,NGA,2025-04-08,1180,0,12,0,2.43
Nigeria,NGA,2025-04-09,1180,0,12,0,2.43
Nigeria,NGA,2025-04-10,1180,0,12,0,2.43
Nigeria,NGA,2025-04-11,1180,0,12,0,2.43
Nigeria,NGA,2025-04-12,1180,0,12,0,2.43
Nigeria,NGA,2025-04-13,1186,6,12,0,0.86
Nigeria,NGA,2025-04-14,1186,0,12,0,0.86
Nigeria,NGA,2025-04-15,1186,0,12,0,0.86
Nigeria,NGA,2025-04-16,1186,0,12,0,0.86
Nigeria,NGA,2025-04-17,1186,0,12,0,0.86
Nigeria,NGA,2025-04-18,1186,0,12,0,0.86
Nigeria,NGA,2025-04-19,1186,0,12,0,0.86
Nigeria,NGA,2025-04-20,1190,4,12,0,0.57
Nigeria,NGA,2025-04-21,1190,0,12,0,0.57
Nigeria,NGA,2025-04-22,1190,0,12,0,0.57
Nigeria,NGA,2025-04-23,1190,0,12,0,0.57
Nigeria,NGA,2025-04-24,1190,0,12,0,0.57
Nigeria,NGA,2025-04-25,1190,0,12,0,0.57
Nigeria,NGA,2025-04-26,1190,0,12,0,0.57
Nigeria,NGA,2025-04-27,1196,6,12,0,0.86
Nigeria,NGA,2025-04-28,1196,0,12,0,0.86
Nigeria,NGA,2025-04-29,1196,0,12,0,0.86
Nigeria,NGA,2025-04-30,1196,0,12,0,0.86
Nigeria,NGA,2025-05-01,1196,0,12,0,0.86
Nigeria,NGA,2025-05-02,1196,0,12,0,0.86
Nigeria,NGA,2025-05-03,1196,0,12,0,0.86
Nigeria,NGA,2025-05-04,1200,4,12,0,0.57
Nigeria,NGA,2025-05-05,1200,0,12,0,0.57
Nigeria,NGA,2025-05-06,1200,0,12,0,0.57
Nigeria,NGA,2025-05-07,1200,0,12,0,0.57
Nigeria,NGA,2025-05-08,1200,0,12,0,0.57
Nigeria,NGA,2025-05-09,1200,0,12,0,0.57
Nigeria,NGA,2025-05-10,1200,0,12,0,0.57
Nigeria,NGA,2025-05-11,1204,4,12,0,0.57
Nigeria,NGA,2025-05-12,1204,0,12,0,0.57
Nigeria,NGA,2025-05-13,1204,0,12,0,0.57
Nigeria,NGA,2025-05-14,1204,0,12,0,0.57
Nigeria,NGA,2025-05-15,1204,0,12,0,0.57
Nigeria,NGA,2025-05-16,1204,0,12,0,0.57
Nigeria,NGA,2025-05-17,1204,0,12,0,0.57
Nigeria,NGA,2025-05-18,1215,11,12,0,1.57
Nigeria,NGA,2025-05-19,1215,0,12,0,1.57
Nigeria,NGA,2025-05-20,1215,0,12,0,1.57
Nigeria,NGA,2025-05-21,1215,0,12,0,1.57
Nigeria,NGA,2025-05-22,1215,0,12,0,1.57
Nigeria,NGA,2025-05-23,1215,0,12,0,1.57
Nigeria,NGA,2025-05-24,1215,0,12,0,1.57
Nigeria,NGA,2025-05-25,1217,2,12,0,0.29
Nigeria,NGA,2025-05-26,1217,0,12,0,0.29
Nigeria,NGA,2025-05-27,1217,0,12,0,0.29
Nigeria,NGA,2025-05-28,1217,0,12,0,0.29
Nigeria,NGA,2025-05-29,1217,0,12,0,0.29
Nigeria,NGA,2025-05-30,1217,0,12,0,0.29
Nigeria,NGA,2025-05-31,1222,5,12,0,1
Nigeria,NGA,2025-06-01,1222,0,12,0,0.71
Nigeria,NGA,2025-06-02,1222,0,12,0,0.71
Nigeria,NGA,2025-06-03,1222,0,12,0,0.71
Nigeria,NGA,2025-06-04,1222,0,12,0,0.71
Nigeria,NGA,2025-06-05,1222,0,12,0,0.71
Nigeria,NGA,2025-06-06,1222,0,12,0,0.71
Nigeria,NGA,2025-06-07,1222,0,12,0,0
Nigeria,NGA,2025-06-08,1232,10,12,0,1.43
Nigeria,NGA,2025-06-09,1232,0,12,0,1.43
Nigeria,NGA,2025-06-10,1232,0,12,0,1.43
Nigeria,NGA,2025-06-11,1232,0,12,0,1.43
Nigeria,NGA,2025-06-12,1232,0,12,0,1.43
Nigeria,NGA,2025-06-13,1232,0,12,0,1.43
Nigeria,NGA,2025-06-14,1232,0,12,0,1.43
Nigeria,NGA,2025-06-15,1243,11,12,0,1.57
Nigeria,NGA,2025-06-16,1243,0,12,0,1.57
Nigeria,NGA,2025-06-17,1243,0,12,0,1.57
Nigeria,NGA,2025-06-18,1243,0,12,0,1.57
Nigeria,NGA,2025-06-19,1243,0,12,0,1.57
Nigeria,NGA,2025-06-20,1243,0,12,0,1.57
Nigeria,NGA,2025-06-21,1243,0,12,0,1.57
Nigeria,NGA,2025-06-22,1256,13,12,0,1.86
Nigeria,NGA,2025-06-23,1256,0,12,0,1.86
Nigeria,NGA,2025-06-24,1256,0,12,0,1.86
Nigeria,NGA,2025-06-25,1256,0,12,0,1.86
Nigeria,NGA,2025-06-26,1256,0,12,0,1.86
Nigeria,NGA,2025-06-27,1256,0,12,0,1.86
Nigeria,NGA,2025-06-28,1256,0,12,0,1.86
Nigeria,NGA,2025-06-29,1269,13,12,0,1.86
Nigeria,NGA,2025-06-30,1269,0,12,0,1.86
Nigeria,NGA,2025-07-01,1269,0,12,0,1.86
Nigeria,NGA,2025-07-02,1269,0,12,0,1.86
Nigeria,NGA,2025-07-03,1269,0,12,0,1.86
Nigeria,NGA,2025-07-04,1269,0,12,0,1.86
Nigeria,NGA,2025-07-05,1269,0,12,0,1.86
Nigeria,NGA,2025-07-06,1282,13,12,0,1.86
Nigeria,NGA,2025-07-07,1282,0,12,0,1.86
Nigeria,NGA,2025-07-08,1282,0,12,0,1.86
Nigeria,NGA,2025-07-09,1282,0,12,0,1.86
Nigeria,NGA,2025-07-10,1282,0,12,0,1.86
Nigeria,NGA,2025-07-11,1282,0,12,0,1.86
Nigeria,NGA,2025-07-12,1282,0,12,0,1.86
Nigeria,NGA,2025-07-13,1291,9,13,1,1.29
Nigeria,NGA,2025-07-14,1291,0,13,0,1.29
Nigeria,NGA,2025-07-15,1291,0,13,0,1.29
Nigeria,NGA,2025-07-16,1291,0,13,0,1.29
Nigeria,NGA,2025-07-17,1291,0,13,0,1.29
Nigeria,NGA,2025-07-18,1291,0,13,0,1.29
Nigeria,NGA,2025-07-19,1291,0,13,0,1.29
Nigeria,NGA,2025-07-20,1296,5,13,0,0.71
Nigeria,NGA,2025-07-21,1296,0,13,0,0.71
Nigeria,NGA,2025-07-22,1296,0,13,0,0.71
Nigeria,NGA,2025-07-23,1296,0,13,0,0.71
Nigeria,NGA,2025-07-24,1296,0,13,0,0.71
Nigeria,NGA,2025-07-25,1296,0,13,0,0.71
Nigeria,NGA,2025-07-26,1296,0,13,0,0.71
Nigeria,NGA,2025-07-27,1300,4,13,0,0.57
Nigeria,NGA,2025-07-28,1300,0,13,0,0.57
Nigeria,NGA,2025-07-29,1300,0,13,0,0.57
Nigeria,NGA,2025-07-30,1300,0,13,0,0.57
Nigeria,NGA,2025-07-31,1300,0,13,0,0.57
Nigeria,NGA,2025-08-01,1300,0,13,0,0.57
Nigeria,NGA,2025-08-02,1300,0,13,0,0.57
Nigeria,NGA,2025-08-03,1310,10,13,0,1.43
Nigeria,NGA,2025-08-04,1310,0,13,0,1.43
Nigeria,NGA,2025-08-05,1310,0,13,0,1.43
Nigeria,NGA,2025-08-06,1310,0,13,0,1.43
Nigeria,NGA,2025-08-07,1310,0,13,0,1.43
Nigeria,NGA,2025-08-08,1310,0,13,0,1.43
Nigeria,NGA,2025-08-09,1310,0,13,0,1.43
Nigeria,NGA,2025-08-10,1323,13,13,0,1.86
Nigeria,NGA,2025-08-11,1323,0,13,0,1.86
Nigeria,NGA,2025-08-12,1323,0,13,0,1.86
Nigeria,NGA,2025-08-13,1323,0,13,0,1.86
Nigeria,NGA,2025-08-14,1323,0,13,0,1.86
Nigeria,NGA,2025-08-15,1323,0,13,0,1.86
Nigeria,NGA,2025-08-16,1323,0,13,0,1.86
Nigeria,NGA,2025-08-17,1332,9,13,0,1.29
Nigeria,NGA,2025-08-18,1332,0,13,0,1.29
Nigeria,NGA,2025-08-19,1332,0,13,0,1.29
Nigeria,NGA,2025-08-20,1332,0,13,0,1.29
Nigeria,NGA,2025-08-21,1332,0,13,0,1.29
Nigeria,NGA,2025-08-22,1332,0,13,0,1.29
Nigeria,NGA,2025-08-23,1332,0,13,0,1.29
Nigeria,NGA,2025-08-24,1362,30,13,0,4.29
Nigeria,NGA,2025-08-25,1362,0,13,0,4.29
Nigeria,NGA,2025-08-26,1362,0,13,0,4.29
Nigeria,NGA,2025-08-27,1362,0,13,0,4.29
Nigeria,NGA,2025-08-28,1362,0,13,0,4.29
Nigeria,NGA,2025-08-29,1362,0,13,0,4.29
Nigeria,NGA,2025-08-30,1362,0,13,0,4.29
Nigeria,NGA,2025-08-31,1370,8,13,0,1.14
Nigeria,NGA,2025-09-01,1370,0,13,0,1.14
Nigeria,NGA,2025-09-02,1370,0,13,0,1.14
Nigeria,NGA,2025-09-03,1370,0,13,0,1.14
Nigeria,NGA,2025-09-04,1370,0,13,0,1.14
Nigeria,NGA,2025-09-05,1370,0,13,0,1.14
Nigeria,NGA,2025-09-06,1370,0,13,0,1.14
Nigeria,NGA,2025-09-07,1380,10,13,0,1.43
Nigeria,NGA,2025-09-08,1380,0,13,0,1.43
Nigeria,NGA,2025-09-09,1380,0,13,0,1.43
Nigeria,NGA,2025-09-10,1380,0,13,0,1.43
Nigeria,NGA,2025-09-11,1380,0,13,0,1.43
Nigeria,NGA,2025-09-12,1380,0,13,0,1.43
Nigeria,NGA,2025-09-13,1380,0,13,0,1.43
Nigeria,NGA,2025-09-14,1389,9,13,0,1.29
Nigeria,NGA,2025-09-15,1389,0,13,0,1.29
Nigeria,NGA,2025-09-16,1389,0,13,0,1.29
Nigeria,NGA,2025-09-17,1389,0,13,0,1.29
Nigeria,NGA,2025-09-18,1389,0,13,0,1.29
Nigeria,NGA,2025-09-19,1389,0,13,0,1.29
Nigeria,NGA,2025-09-20,1389,0,13,0,1.29
Nigeria,NGA,2025-09-21,1398,9,13,0,1.29
Nigeria,NGA,2025-09-22,1398,0,13,0,1.29
Nigeria,NGA,2025-09-23,1398,0,13,0,1.29
Nigeria,NGA,2025-09-24,1398,0,13,0,1.29
Nigeria,NGA,2025-09-25,1398,0,13,0,1.29
Nigeria,NGA,2025-09-26,1398,0,13,0,1.29
Nigeria,NGA,2025-09-27,1398,0,13,0,1.29
Nigeria,NGA,2025-09-28,1408,10,13,0,1.43
Nigeria,NGA,2025-09-29,1408,0,13,0,1.43
Nigeria,NGA,2025-09-30,1408,0,13,0,1.43
Nigeria,NGA,2025-10-01,1408,0,13,0,1.43
Nigeria,NGA,2025-10-02,1408,0,13,0,1.43
Nigeria,NGA,2025-10-03,1408,0,13,0,1.43
Nigeria,NGA,2025-10-04,1408,0,13,0,1.43
Nigeria,NGA,2025-10-05,1410,2,13,0,0.29
Nigeria,NGA,2025-10-06,1410,0,13,0,0.29
Nigeria,NGA,2025-10-07,1410,0,13,0,0.29
Nigeria,NGA,2025-10-08,1410,0,13,0,0.29
Nigeria,NGA,2025-10-09,1410,0,13,0,0.29
Nigeria,NGA,2025-10-10,1410,0,13,0,0.29
Nigeria,NGA,2025-10-11,1410,0,13,0,0.29
Nigeria,NGA,2025-10-12,1417,7,13,0,1
Nigeria,NGA,2025-10-13,1417,0,13,0,1
Nigeria,NGA,2025-10-14,1417,0,13,0,1
Nigeria,NGA,2025-10-15,1417,0,13,0,1
Nigeria,NGA,2025-10-16,1417,0,13,0,1
Nigeria,NGA,2025-10-17,1417,0,13,0,1
Nigeria,NGA,2025-10-18,1417,0,13,0,1
Nigeria,NGA,2025-10-19,1420,3,14,1,0.43
Nigeria,NGA,2025-10-20,1420,0,14,0,0.43
Nigeria,NGA,2025-10-21,1420,0,14,0,0.43
Nigeria,NGA,2025-10-22,1420,0,14,0,0.43
Nigeria,NGA,2025-10-23,1420,0,14,0,0.43
Nigeria,NGA,2025-10-24,1420,0,14,0,0.43
Nigeria,NGA,2025-10-25,1420,0,14,0,0.43
Nigeria,NGA,2025-10-26,1430,10,14,0,1.43
Nigeria,NGA,2025-10-27,1430,0,14,0,1.43
Nigeria,NGA,2025-10-28,1430,0,14,0,1.43
Nigeria,NGA,2025-10-29,1430,0,14,0,1.43
Nigeria,NGA,2025-10-30,1430,0,14,0,1.43
Nigeria,NGA,2025-10-31,1430,0,14,0,1.43
Nigeria,NGA,2025-11-01,1430,0,14,0,1.43
Nigeria,NGA,2025-11-02,1436,6,14,0,0.86
Nigeria,NGA,2025-11-03,1436,0,14,0,0.86
Nigeria,NGA,2025-11-04,1436,0,14,0,0.86
Nigeria,NGA,2025-11-05,1436,0,14,0,0.86
Nigeria,NGA,2025-11-06,1436,0,14,0,0.86
Nigeria,NGA,2025-11-07,1436,0,14,0,0.86
Nigeria,NGA,2025-11-08,1436,0,14,0,0.86
Nigeria,NGA,2025-11-09,1454,18,15,1,2.57
Nigeria,NGA,2025-11-10,1454,0,15,0,2.57
Nigeria,NGA,2025-11-11,1454,0,15,0,2.57
Nigeria,NGA,2025-11-12,1454,0,15,0,2.57
Nigeria,NGA,2025-11-13,1454,0,15,0,2.57
Nigeria,NGA,2025-11-14,1454,0,15,0,2.57
Nigeria,NGA,2025-11-15,1454,0,15,0,2.57
Nigeria,NGA,2025-11-16,1455,1,15,0,0.14
Nigeria,NGA,2025-11-17,1455,0,15,0,0.14
Nigeria,NGA,2025-11-18,1455,0,15,0,0.14
Nigeria,NGA,2025-11-19,1455,0,15,0,0.14
Nigeria,NGA,2025-11-20,1455,0,15,0,0.14
Nigeria,NGA,2025-11-21,1455,0,15,0,0.14
Nigeria,NGA,2025-11-22,1455,0,15,0,0.14
Nigeria,NGA,2025-11-23,1463,8,15,0,1.14
Nigeria,NGA,2025-11-24,1463,0,15,0,1.14
Nigeria,NGA,2025-11-25,1463,0,15,0,1.14
Nigeria,NGA,2025-11-26,1463,0,15,0,1.14
Nigeria,NGA,2025-11-27,1463,0,15,0,1.14
Nigeria,NGA,2025-11-28,1463,0,15,0,1.14
Nigeria,NGA,2025-11-29,1463,0,15,0,1.14
Nigeria,NGA,2025-11-30,1472,9,15,0,1.29
Nigeria,NGA,2025-12-01,1472,0,15,0,1.29
Nigeria,NGA,2025-12-02,1472,0,15,0,1.29
Nigeria,NGA,2025-12-03,1472,0,15,0,1.29
Nigeria,NGA,2025-12-04,1472,0,15,0,1.29
Nigeria,NGA,2025-12-05,1472,0,15,0,1.29
Nigeria,NGA,2025-12-06,1472,0,15,0,1.29
Nigeria,NGA,2025-12-07,1475,3,15,0,0.43
Nigeria,NGA,2025-12-08,1475,0,15,0,0.43
Nigeria,NGA,2025-12-09,1475,0,15,0,0.43
Nigeria,NGA,2025-12-10,1475,0,15,0,0.43
Nigeria,NGA,2025-12-11,1475,0,15,0,0.43
Nigeria,NGA,2025-12-12,1475,0,15,0,0.43
Nigeria,NGA,2025-12-13,1475,0,15,0,0.43
Nigeria,NGA,2025-12-14,1478,3,15,0,0.43
Nigeria,NGA,2025-12-15,1478,0,15,0,0.43
Nigeria,NGA,2025-12-16,1478,0,15,0,0.43
Nigeria,NGA,2025-12-17,1478,0,15,0,0.43
Nigeria,NGA,2025-12-18,1478,0,15,0,0.43
Nigeria,NGA,2025-12-19,1478,0,15,0,0.43
Nigeria,NGA,2025-12-20,1478,0,15,0,0.43
Nigeria,NGA,2025-12-21,1481,3,15,0,0.43
Nigeria,NGA,2025-12-22,1481,0,15,0,0.43
Nigeria,NGA,2025-12-23,1481,0,15,0,0.43
Nigeria,NGA,2025-12-24,1481,0,15,0,0.43
Nigeria,NGA,2025-12-25,1481,0,15,0,0.43
Nigeria,NGA,2025-12-26,1481,0,15,0,0.43
Nigeria,NGA,2025-12-27,1481,0,15,0,0.43
Nigeria,NGA,2025-12-28,1484,3,15,0,0.43
Nigeria,NGA,2025-12-29,1484,0,15,0,0.43
Nigeria,NGA,2025-12-30,1484,0,15,0,0.43
Nigeria,NGA,2025-12-31,1484,0,15,0,0.43
Nigeria,NGA,2026-01-01,1484,0,15,0,0.43
Nigeria,NGA,2026-01-02,1484,0,15,0,0.43
Nigeria,NGA,2026-01-03,1484,0,15,0,0.43
Nigeria,NGA,2026-01-04,1487,3,15,0,0.43
Nigeria,NGA,2026-01-05,1487,0,15,0,0.43
Nigeria,NGA,2026-01-06,1487,0,15,0,0.43
Nigeria,NGA,2026-01-07,1487,0,15,0,0.43
Nigeria,NGA,2026-01-08,1487,0,15,0,0.43
Nigeria,NGA,2026-01-09,1487,0,15,0,0.43
Nigeria,NGA,2026-01-10,1487,0,15,0,0.43
Nigeria,NGA,2026-01-11,1490,3,15,0,0.43
Nigeria,NGA,2026-01-12,1490,0,15,0,0.43
Nigeria,NGA,2026-01-13,1490,0,15,0,0.43
Nigeria,NGA,2026-01-14,1490,0,15,0,0.43
Nigeria,NGA,2026-01-15,1490,0,15,0,0.43
Nigeria,NGA,2026-01-16,1490,0,15,0,0.43
Nigeria,NGA,2026-01-17,1490,0,15,0,0.43
Nigeria,NGA,2026-01-18,1494,4,15,0,0.57
Nigeria,NGA,2026-01-19,1494,0,15,0,0.57
Nigeria,NGA,2026-01-20,1494,0,15,0,0.57
Nigeria,NGA,2026-01-21,1494,0,15,0,0.57
Nigeria,NGA,2026-01-22,1494,0,15,0,0.57
Nigeria,NGA,2026-01-23,1494,0,15,0,0.57
Nigeria,NGA,2026-01-24,1494,0,15,0,0.57
Nigeria,NGA,2026-01-25,1494,0,15,0,0
Nigeria,NGA,2026-01-26,1494,0,15,0,0
Nigeria,NGA,2026-01-27,1494,0,15,0,0
Nigeria,NGA,2026-01-28,1494,0,15,0,0
Nigeria,NGA,2026-01-29,1494,0,15,0,0
Nigeria,NGA,2026-01-30,1494,0,15,0,0
Nigeria,NGA,2026-01-31,1494,0,15,0,0
Nigeria,NGA,2026-02-01,1494,0,15,0,0
Nigeria,NGA,2026-02-02,1494,0,15,0,0
Nigeria,NGA,2026-02-03,1494,0,15,0,0
Nigeria,NGA,2026-02-04,1494,0,15,0,0
Nigeria,NGA,2026-02-05,1494,0,15,0,0
Nigeria,NGA,2026-02-06,1494,0,15,0,0
Nigeria,NGA,2026-02-07,1494,0,15,0,0
Nigeria,NGA,2026-02-08,1495,1,15,0,0.14
Nigeria,NGA,2026-02-09,1495,0,15,0,0.14
Nigeria,NGA,2026-02-10,1495,0,15,0,0.14
Nigeria,NGA,2026-02-11,1495,0,15,0,0.14
Nigeria,NGA,2026-02-12,1495,0,15,0,0.14
Nigeria,NGA,2026-02-13,1495,0,15,0,0.14
Nigeria,NGA,2026-02-14,1495,0,15,0,0.14
Nigeria,NGA,2026-02-15,1497,2,15,0,0.29
Nigeria,NGA,2026-02-16,1497,0,15,0,0.29
Nigeria,NGA,2026-02-17,1497,0,15,0,0.29
Nigeria,NGA,2026-02-18,1497,0,15,0,0.29
Nigeria,NGA,2026-02-19,1497,0,15,0,0.29
Nigeria,NGA,2026-02-20,1497,0,15,0,0.29
Nigeria,NGA,2026-02-21,1497,0,15,0,0.29
Nigeria,NGA,2026-02-22,1497,0,15,0,0
Nigeria,NGA,2026-02-23,1497,0,15,0,0
Nigeria,NGA,2026-02-24,1497,0,15,0,0
Nigeria,NGA,2026-02-25,1497,0,15,0,0
Nigeria,NGA,2026-02-26,1497,0,15,0,0
Nigeria,NGA,2026-02-27,1497,0,15,0,0
Nigeria,NGA,2026-02-28,1497,0,15,0,0
Nigeria,NGA,2026-03-01,1498,1,15,0,0.14
Nigeria,NGA,2026-03-02,1498,0,15,0,0.14
Nigeria,NGA,2026-03-03,1498,0,15,0,0.14
Nigeria,NGA,2026-03-04,1498,0,15,0,0.14
Nigeria,NGA,2026-03-05,1498,0,15,0,0.14
Nigeria,NGA,2026-03-06,1498,0,15,0,0.14
Nigeria,NGA,2026-03-07,1498,0,15,0,0.14
Nigeria,NGA,2026-03-08,1498,0,15,0,0
Nigeria,NGA,2026-03-09,1498,0,15,0,0
Nigeria,NGA,2026-03-10,1498,0,15,0,0
Nigeria,NGA,2026-03-11,1498,0,15,0,0
Nigeria,NGA,2026-03-12,1498,0,15,0,0
Nigeria,NGA,2026-03-13,1498,0,15,0,0
Nigeria,NGA,2026-03-14,1498,0,15,0,0
Nigeria,NGA,2026-03-15,1499,1,15,0,0.14
Nigeria,NGA,2026-03-16,1499,0,15,0,0.14
Nigeria,NGA,2026-03-17,1499,0,15,0,0.14
Nigeria,NGA,2026-03-18,1499,0,15,0,0.14
Nigeria,NGA,2026-03-19,1499,0,15,0,0.14
Nigeria,NGA,2026-03-20,1499,0,15,0,0.14
Nigeria,NGA,2026-03-21,1499,0,15,0,0.14
Nigeria,NGA,2026-03-22,1503,4,15,0,0.57
Nigeria,NGA,2026-03-23,1503,0,15,0,0.57
Nigeria,NGA,2026-03-24,1503,0,15,0,0.57
Nigeria,NGA,2026-03-25,1503,0,15,0,0.57
Nigeria,NGA,2026-03-26,1503,0,15,0,0.57
Nigeria,NGA,2026-03-27,1503,0,15,0,0.57
Nigeria,NGA,2026-03-28,1503,0,15,0,0.57
Nigeria,NGA,2026-03-29,1505,2,15,0,0.29
Nigeria,NGA,2026-03-30,1505,0,15,0,0.29
Nigeria,NGA,2026-03-31,1505,0,15,0,0.29
Nigeria,NGA,2026-04-01,1505,0,15,0,0.29
Nigeria,NGA,2026-04-02,1505,0,15,0,0.29
Nigeria,NGA,2026-04-03,1505,0,15,0,0.29
Nigeria,NGA,2026-04-04,1505,0,15,0,0.29
Nigeria,NGA,2026-04-05,1505,0,15,0,0
Rwanda,RWA,2024-06-02,0,0,0,0,0
Rwanda,RWA,2024-06-03,0,0,0,0,0
Rwanda,RWA,2024-06-04,0,0,0,0,0
Rwanda,RWA,2024-06-05,0,0,0,0,0
Rwanda,RWA,2024-06-06,0,0,0,0,0
Rwanda,RWA,2024-06-07,0,0,0,0,0
Rwanda,RWA,2024-06-08,0,0,0,0,0
Rwanda,RWA,2024-06-09,0,0,0,0,0
Rwanda,RWA,2024-06-10,0,0,0,0,0
Rwanda,RWA,2024-06-11,0,0,0,0,0
Rwanda,RWA,2024-06-12,0,0,0,0,0
Rwanda,RWA,2024-06-13,0,0,0,0,0
Rwanda,RWA,2024-06-14,0,0,0,0,0
Rwanda,RWA,2024-06-15,0,0,0,0,0
Rwanda,RWA,2024-06-16,0,0,0,0,0
Rwanda,RWA,2024-06-17,0,0,0,0,0
Rwanda,RWA,2024-06-18,0,0,0,0,0
Rwanda,RWA,2024-06-19,0,0,0,0,0
Rwanda,RWA,2024-06-20,0,0,0,0,0
Rwanda,RWA,2024-06-21,0,0,0,0,0
Rwanda,RWA,2024-06-22,0,0,0,0,0
Rwanda,RWA,2024-06-23,0,0,0,0,0
Rwanda,RWA,2024-06-24,0,0,0,0,0
Rwanda,RWA,2024-06-25,0,0,0,0,0
Rwanda,RWA,2024-06-26,0,0,0,0,0
Rwanda,RWA,2024-06-27,0,0,0,0,0
Rwanda,RWA,2024-06-28,0,0,0,0,0
Rwanda,RWA,2024-06-29,0,0,0,0,0
Rwanda,RWA,2024-06-30,0,0,0,0,0
Rwanda,RWA,2024-07-01,0,0,0,0,0
Rwanda,RWA,2024-07-02,0,0,0,0,0
Rwanda,RWA,2024-07-03,0,0,0,0,0
Rwanda,RWA,2024-07-04,0,0,0,0,0
Rwanda,RWA,2024-07-05,0,0,0,0,0
Rwanda,RWA,2024-07-06,0,0,0,0,0
Rwanda,RWA,2024-07-07,0,0,0,0,0
Rwanda,RWA,2024-07-08,0,0,0,0,0
Rwanda,RWA,2024-07-09,0,0,0,0,0
Rwanda,RWA,2024-07-10,0,0,0,0,0
Rwanda,RWA,2024-07-11,0,0,0,0,0
Rwanda,RWA,2024-07-12,0,0,0,0,0
Rwanda,RWA,2024-07-13,0,0,0,0,0
Rwanda,RWA,2024-07-14,0,0,0,0,0
Rwanda,RWA,2024-07-15,0,0,0,0,0
Rwanda,RWA,2024-07-16,0,0,0,0,0
Rwanda,RWA,2024-07-17,0,0,0,0,0
Rwanda,RWA,2024-07-18,0,0,0,0,0
Rwanda,RWA,2024-07-19,0,0,0,0,0
Rwanda,RWA,2024-07-20,0,0,0,0,0
Rwanda,RWA,2024-07-21,2,2,0,0,0.29
Rwanda,RWA,2024-07-22,2,0,0,0,0.29
Rwanda,RWA,2024-07-23,2,0,0,0,0.29
Rwanda,RWA,2024-07-24,2,0,0,0,0.29
Rwanda,RWA,2024-07-25,2,0,0,0,0.29
Rwanda,RWA,2024-07-26,2,0,0,0,0.29
Rwanda,RWA,2024-07-27,2,0,0,0,0.29
Rwanda,RWA,2024-07-28,2,0,0,0,0
Rwanda,RWA,2024-07-29,2,0,0,0,0
Rwanda,RWA,2024-07-30,2,0,0,0,0
Rwanda,RWA,2024-07-31,2,0,0,0,0
Rwanda,RWA,2024-08-01,2,0,0,0,0
Rwanda,RWA,2024-08-02,2,0,0,0,0
Rwanda,RWA,2024-08-03,2,0,0,0,0
Rwanda,RWA,2024-08-04,2,0,0,0,0
Rwanda,RWA,2024-08-05,2,0,0,0,0
Rwanda,RWA,2024-08-06,2,0,0,0,0
Rwanda,RWA,2024-08-07,2,0,0,0,0
Rwanda,RWA,2024-08-08,2,0,0,0,0
Rwanda,RWA,2024-08-09,2,0,0,0,0
Rwanda,RWA,2024-08-10,2,0,0,0,0
Rwanda,RWA,2024-08-11,4,2,0,0,0.29
Rwanda,RWA,2024-08-12,4,0,0,0,0.29
Rwanda,RWA,2024-08-13,4,0,0,0,0.29
Rwanda,RWA,2024-08-14,4,0,0,0,0.29
Rwanda,RWA,2024-08-15,4,0,0,0,0.29
Rwanda,RWA,2024-08-16,4,0,0,0,0.29
Rwanda,RWA,2024-08-17,4,0,0,0,0.29
Rwanda,RWA,2024-08-18,4,0,0,0,0
Rwanda,RWA,2024-08-19,4,0,0,0,0
Rwanda,RWA,2024-08-20,4,0,0,0,0
Rwanda,RWA,2024-08-21,4,0,0,0,0
Rwanda,RWA,2024-08-22,4,0,0,0,0
Rwanda,RWA,2024-08-23,4,0,0,0,0
Rwanda,RWA,2024-08-24,4,0,0,0,0
Rwanda,RWA,2024-08-25,4,0,0,0,0
Rwanda,RWA,2024-08-26,4,0,0,0,0
Rwanda,RWA,2024-08-27,4,0,0,0,0
Rwanda,RWA,2024-08-28,4,0,0,0,0
Rwanda,RWA,2024-08-29,4,0,0,0,0
Rwanda,RWA,2024-08-30,4,0,0,0,0
Rwanda,RWA,2024-08-31,4,0,0,0,0
Rwanda,RWA,2024-09-01,4,0,0,0,0
Rwanda,RWA,2024-09-02,4,0,0,0,0
Rwanda,RWA,2024-09-03,4,0,0,0,0
Rwanda,RWA,2024-09-04,4,0,0,0,0
Rwanda,RWA,2024-09-05,4,0,0,0,0
Rwanda,RWA,2024-09-06,4,0,0,0,0
Rwanda,RWA,2024-09-07,4,0,0,0,0
Rwanda,RWA,2024-09-08,4,0,0,0,0
Rwanda,RWA,2024-09-09,4,0,0,0,0
Rwanda,RWA,2024-09-10,4,0,0,0,0
Rwanda,RWA,2024-09-11,4,0,0,0,0
Rwanda,RWA,2024-09-12,4,0,0,0,0
Rwanda,RWA,2024-09-13,4,0,0,0,0
Rwanda,RWA,2024-09-14,4,0,0,0,0
Rwanda,RWA,2024-09-15,6,2,0,0,0.29
Rwanda,RWA,2024-09-16,6,0,0,0,0.29
Rwanda,RWA,2024-09-17,6,0,0,0,0.29
Rwanda,RWA,2024-09-18,6,0,0,0,0.29
Rwanda,RWA,2024-09-19,6,0,0,0,0.29
Rwanda,RWA,2024-09-20,6,0,0,0,0.29
Rwanda,RWA,2024-09-21,6,0,0,0,0.29
Rwanda,RWA,2024-09-22,6,0,0,0,0
Rwanda,RWA,2024-09-23,6,0,0,0,0
Rwanda,RWA,2024-09-24,6,0,0,0,0
Rwanda,RWA,2024-09-25,6,0,0,0,0
Rwanda,RWA,2024-09-26,6,0,0,0,0
Rwanda,RWA,2024-09-27,6,0,0,0,0
Rwanda,RWA,2024-09-28,6,0,0,0,0
Rwanda,RWA,2024-09-29,6,0,0,0,0
Rwanda,RWA,2024-09-30,6,0,0,0,0
Rwanda,RWA,2024-10-01,6,0,0,0,0
Rwanda,RWA,2024-10-02,6,0,0,0,0
Rwanda,RWA,2024-10-03,6,0,0,0,0
Rwanda,RWA,2024-10-04,6,0,0,0,0
Rwanda,RWA,2024-10-05,6,0,0,0,0
Rwanda,RWA,2024-10-06,10,4,0,0,0.57
Rwanda,RWA,2024-10-07,10,0,0,0,0.57
Rwanda,RWA,2024-10-08,10,0,0,0,0.57
Rwanda,RWA,2024-10-09,10,0,0,0,0.57
Rwanda,RWA,2024-10-10,10,0,0,0,0.57
Rwanda,RWA,2024-10-11,10,0,0,0,0.57
Rwanda,RWA,2024-10-12,10,0,0,0,0.57
Rwanda,RWA,2024-10-13,14,4,0,0,0.57
Rwanda,RWA,2024-10-14,14,0,0,0,0.57
Rwanda,RWA,2024-10-15,14,0,0,0,0.57
Rwanda,RWA,2024-10-16,14,0,0,0,0.57
Rwanda,RWA,2024-10-17,14,0,0,0,0.57
Rwanda,RWA,2024-10-18,14,0,0,0,0.57
Rwanda,RWA,2024-10-19,14,0,0,0,0.57
Rwanda,RWA,2024-10-20,22,8,0,0,1.14
Rwanda,RWA,2024-10-21,22,0,0,0,1.14
Rwanda,RWA,2024-10-22,22,0,0,0,1.14
Rwanda,RWA,2024-10-23,22,0,0,0,1.14
Rwanda,RWA,2024-10-24,22,0,0,0,1.14
Rwanda,RWA,2024-10-25,22,0,0,0,1.14
Rwanda,RWA,2024-10-26,22,0,0,0,1.14
Rwanda,RWA,2024-10-27,26,4,0,0,0.57
Rwanda,RWA,2024-10-28,26,0,0,0,0.57
Rwanda,RWA,2024-10-29,26,0,0,0,0.57
Rwanda,RWA,2024-10-30,26,0,0,0,0.57
Rwanda,RWA,2024-10-31,26,0,0,0,0.57
Rwanda,RWA,2024-11-01,26,0,0,0,0.57
Rwanda,RWA,2024-11-02,26,0,0,0,0.57
Rwanda,RWA,2024-11-03,26,0,0,0,0
Rwanda,RWA,2024-11-04,26,0,0,0,0
Rwanda,RWA,2024-11-05,26,0,0,0,0
Rwanda,RWA,2024-11-06,26,0,0,0,0
Rwanda,RWA,2024-11-07,26,0,0,0,0
Rwanda,RWA,2024-11-08,26,0,0,0,0
Rwanda,RWA,2024-11-09,26,0,0,0,0
Rwanda,RWA,2024-11-10,37,11,0,0,1.57
Rwanda,RWA,2024-11-11,37,0,0,0,1.57
Rwanda,RWA,2024-11-12,37,0,0,0,1.57
Rwanda,RWA,2024-11-13,37,0,0,0,1.57
Rwanda,RWA,2024-11-14,37,0,0,0,1.57
Rwanda,RWA,2024-11-15,37,0,0,0,1.57
Rwanda,RWA,2024-11-16,37,0,0,0,1.57
Rwanda,RWA,2024-11-17,52,15,0,0,2.14
Rwanda,RWA,2024-11-18,52,0,0,0,2.14
Rwanda,RWA,2024-11-19,52,0,0,0,2.14
Rwanda,RWA,2024-11-20,52,0,0,0,2.14
Rwanda,RWA,2024-11-21,52,0,0,0,2.14
Rwanda,RWA,2024-11-22,52,0,0,0,2.14
Rwanda,RWA,2024-11-23,52,0,0,0,2.14
Rwanda,RWA,2024-11-24,52,0,0,0,0
Rwanda,RWA,2024-11-25,52,0,0,0,0
Rwanda,RWA,2024-11-26,52,0,0,0,0
Rwanda,RWA,2024-11-27,52,0,0,0,0
Rwanda,RWA,2024-11-28,52,0,0,0,0
Rwanda,RWA,2024-11-29,52,0,0,0,0
Rwanda,RWA,2024-11-30,59,7,0,0,1
Rwanda,RWA,2024-12-01,59,0,0,0,1
Rwanda,RWA,2024-12-02,59,0,0,0,1
Rwanda,RWA,2024-12-03,59,0,0,0,1
Rwanda,RWA,2024-12-04,59,0,0,0,1
Rwanda,RWA,2024-12-05,59,0,0,0,1
Rwanda,RWA,2024-12-06,59,0,0,0,1
Rwanda,RWA,2024-12-07,59,0,0,0,0
Rwanda,RWA,2024-12-08,69,10,0,0,1.43
Rwanda,RWA,2024-12-09,69,0,0,0,1.43
Rwanda,RWA,2024-12-10,69,0,0,0,1.43
Rwanda,RWA,2024-12-11,69,0,0,0,1.43
Rwanda,RWA,2024-12-12,69,0,0,0,1.43
Rwanda,RWA,2024-12-13,69,0,0,0,1.43
Rwanda,RWA,2024-12-14,69,0,0,0,1.43
Rwanda,RWA,2024-12-15,74,5,0,0,0.71
Rwanda,RWA,2024-12-16,74,0,0,0,0.71
Rwanda,RWA,2024-12-17,74,0,0,0,0.71
Rwanda,RWA,2024-12-18,74,0,0,0,0.71
Rwanda,RWA,2024-12-19,74,0,0,0,0.71
Rwanda,RWA,2024-12-20,74,0,0,0,0.71
Rwanda,RWA,2024-12-21,74,0,0,0,0.71
Rwanda,RWA,2024-12-22,78,4,0,0,0.57
Rwanda,RWA,2024-12-23,78,0,0,0,0.57
Rwanda,RWA,2024-12-24,78,0,0,0,0.57
Rwanda,RWA,2024-12-25,78,0,0,0,0.57
Rwanda,RWA,2024-12-26,78,0,0,0,0.57
Rwanda,RWA,2024-12-27,78,0,0,0,0.57
Rwanda,RWA,2024-12-28,78,0,0,0,0.57
Rwanda,RWA,2024-12-29,82,4,0,0,0.57
Rwanda,RWA,2024-12-30,82,0,0,0,0.57
Rwanda,RWA,2024-12-31,82,0,0,0,0.57
Rwanda,RWA,2025-01-01,82,0,0,0,0.57
Rwanda,RWA,2025-01-02,82,0,0,0,0.57
Rwanda,RWA,2025-01-03,82,0,0,0,0.57
Rwanda,RWA,2025-01-04,82,0,0,0,0.57
Rwanda,RWA,2025-01-05,87,5,0,0,0.71
Rwanda,RWA,2025-01-06,87,0,0,0,0.71
Rwanda,RWA,2025-01-07,87,0,0,0,0.71
Rwanda,RWA,2025-01-08,87,0,0,0,0.71
Rwanda,RWA,2025-01-09,87,0,0,0,0.71
Rwanda,RWA,2025-01-10,87,0,0,0,0.71
Rwanda,RWA,2025-01-11,87,0,0,0,0.71
Rwanda,RWA,2025-01-12,90,3,0,0,0.43
Rwanda,RWA,2025-01-13,90,0,0,0,0.43
Rwanda,RWA,2025-01-14,90,0,0,0,0.43
Rwanda,RWA,2025-01-15,90,0,0,0,0.43
Rwanda,RWA,2025-01-16,90,0,0,0,0.43
Rwanda,RWA,2025-01-17,90,0,0,0,0.43
Rwanda,RWA,2025-01-18,90,0,0,0,0.43
Rwanda,RWA,2025-01-19,94,4,0,0,0.57
Rwanda,RWA,2025-01-20,94,0,0,0,0.57
Rwanda,RWA,2025-01-21,94,0,0,0,0.57
Rwanda,RWA,2025-01-22,94,0,0,0,0.57
Rwanda,RWA,2025-01-23,94,0,0,0,0.57
Rwanda,RWA,2025-01-24,94,0,0,0,0.57
Rwanda,RWA,2025-01-25,94,0,0,0,0.57
Rwanda,RWA,2025-01-26,99,5,0,0,0.71
Rwanda,RWA,2025-01-27,99,0,0,0,0.71
Rwanda,RWA,2025-01-28,99,0,0,0,0.71
Rwanda,RWA,2025-01-29,99,0,0,0,0.71
Rwanda,RWA,2025-01-30,99,0,0,0,0.71
Rwanda,RWA,2025-01-31,99,0,0,0,0.71
Rwanda,RWA,2025-02-01,99,0,0,0,0.71
Rwanda,RWA,2025-02-02,102,3,0,0,0.43
Rwanda,RWA,2025-02-03,102,0,0,0,0.43
Rwanda,RWA,2025-02-04,102,0,0,0,0.43
Rwanda,RWA,2025-02-05,102,0,0,0,0.43
Rwanda,RWA,2025-02-06,102,0,0,0,0.43
Rwanda,RWA,2025-02-07,102,0,0,0,0.43
Rwanda,RWA,2025-02-08,102,0,0,0,0.43
Rwanda,RWA,2025-02-09,102,0,0,0,0
Rwanda,RWA,2025-02-10,102,0,0,0,0
Rwanda,RWA,2025-02-11,102,0,0,0,0
Rwanda,RWA,2025-02-12,102,0,0,0,0
Rwanda,RWA,2025-02-13,102,0,0,0,0
Rwanda,RWA,2025-02-14,102,0,0,0,0
Rwanda,RWA,2025-02-15,102,0,0,0,0
Rwanda,RWA,2025-02-16,104,2,0,0,0.29
Rwanda,RWA,2025-02-17,104,0,0,0,0.29
Rwanda,RWA,2025-02-18,104,0,0,0,0.29
Rwanda,RWA,2025-02-19,104,0,0,0,0.29
Rwanda,RWA,2025-02-20,104,0,0,0,0.29
Rwanda,RWA,2025-02-21,104,0,0,0,0.29
Rwanda,RWA,2025-02-22,104,0,0,0,0.29
Rwanda,RWA,2025-02-23,105,1,0,0,0.14
Rwanda,RWA,2025-02-24,105,0,0,0,0.14
Rwanda,RWA,2025-02-25,105,0,0,0,0.14
Rwanda,RWA,2025-02-26,105,0,0,0,0.14
Rwanda,RWA,2025-02-27,105,0,0,0,0.14
Rwanda,RWA,2025-02-28,105,0,0,0,0.14
Rwanda,RWA,2025-03-01,105,0,0,0,0.14
Rwanda,RWA,2025-03-02,108,3,0,0,0.43
Rwanda,RWA,2025-03-03,108,0,0,0,0.43
Rwanda,RWA,2025-03-04,108,0,0,0,0.43
Rwanda,RWA,2025-03-05,108,0,0,0,0.43
Rwanda,RWA,2025-03-06,108,0,0,0,0.43
Rwanda,RWA,2025-03-07,108,0,0,0,0.43
Rwanda,RWA,2025-03-08,108,0,0,0,0.43
Rwanda,RWA,2025-03-09,110,2,0,0,0.29
Rwanda,RWA,2025-03-10,110,0,0,0,0.29
Rwanda,RWA,2025-03-11,110,0,0,0,0.29
Rwanda,RWA,2025-03-12,110,0,0,0,0.29
Rwanda,RWA,2025-03-13,110,0,0,0,0.29
Rwanda,RWA,2025-03-14,110,0,0,0,0.29
Rwanda,RWA,2025-03-15,110,0,0,0,0.29
Rwanda,RWA,2025-03-16,111,1,0,0,0.14
Rwanda,RWA,2025-03-17,111,0,0,0,0.14
Rwanda,RWA,2025-03-18,111,0,0,0,0.14
Rwanda,RWA,2025-03-19,111,0,0,0,0.14
Rwanda,RWA,2025-03-20,111,0,0,0,0.14
Rwanda,RWA,2025-03-21,111,0,0,0,0.14
Rwanda,RWA,2025-03-22,111,0,0,0,0.14
Rwanda,RWA,2025-03-23,113,2,0,0,0.29
Rwanda,RWA,2025-03-24,113,0,0,0,0.29
Rwanda,RWA,2025-03-25,113,0,0,0,0.29
Rwanda,RWA,2025-03-26,113,0,0,0,0.29
Rwanda,RWA,2025-03-27,113,0,0,0,0.29
Rwanda,RWA,2025-03-28,113,0,0,0,0.29
Rwanda,RWA,2025-03-29,113,0,0,0,0.29
Rwanda,RWA,2025-03-30,114,1,0,0,0.14
Rwanda,RWA,2025-03-31,114,0,0,0,0.14
Rwanda,RWA,2025-04-01,114,0,0,0,0.14
Rwanda,RWA,2025-04-02,114,0,0,0,0.14
Rwanda,RWA,2025-04-03,114,0,0,0,0.14
Rwanda,RWA,2025-04-04,114,0,0,0,0.14
Rwanda,RWA,2025-04-05,114,0,0,0,0.14
Rwanda,RWA,2025-04-06,114,0,0,0,0
Rwanda,RWA,2025-04-07,114,0,0,0,0
Rwanda,RWA,2025-04-08,114,0,0,0,0
Rwanda,RWA,2025-04-09,114,0,0,0,0
Rwanda,RWA,2025-04-10,114,0,0,0,0
Rwanda,RWA,2025-04-11,114,0,0,0,0
Rwanda,RWA,2025-04-12,114,0,0,0,0
Rwanda,RWA,2025-04-13,115,1,0,0,0.14
Rwanda,RWA,2025-04-14,115,0,0,0,0.14
Rwanda,RWA,2025-04-15,115,0,0,0,0.14
Rwanda,RWA,2025-04-16,115,0,0,0,0.14
Rwanda,RWA,2025-04-17,115,0,0,0,0.14
Rwanda,RWA,2025-04-18,115,0,0,0,0.14
Rwanda,RWA,2025-04-19,115,0,0,0,0.14
Rwanda,RWA,2025-04-20,116,1,0,0,0.14
Rwanda,RWA,2025-04-21,116,0,0,0,0.14
Rwanda,RWA,2025-04-22,116,0,0,0,0.14
Rwanda,RWA,2025-04-23,116,0,0,0,0.14
Rwanda,RWA,2025-04-24,116,0,0,0,0.14
Rwanda,RWA,2025-04-25,116,0,0,0,0.14
Rwanda,RWA,2025-04-26,116,0,0,0,0.14
Rwanda,RWA,2025-04-27,118,2,0,0,0.29
Rwanda,RWA,2025-04-28,118,0,0,0,0.29
Rwanda,RWA,2025-04-29,118,0,0,0,0.29
Rwanda,RWA,2025-04-30,118,0,0,0,0.29
Rwanda,RWA,2025-05-01,118,0,0,0,0.29
Rwanda,RWA,2025-05-02,118,0,0,0,0.29
Rwanda,RWA,2025-05-03,118,0,0,0,0.29
Rwanda,RWA,2025-05-04,119,1,0,0,0.14
Rwanda,RWA,2025-05-05,119,0,0,0,0.14
Rwanda,RWA,2025-05-06,119,0,0,0,0.14
Rwanda,RWA,2025-05-07,119,0,0,0,0.14
Rwanda,RWA,2025-05-08,119,0,0,0,0.14
Rwanda,RWA,2025-05-09,119,0,0,0,0.14
Rwanda,RWA,2025-05-10,119,0,0,0,0.14
Rwanda,RWA,2025-05-11,119,0,0,0,0
Rwanda,RWA,2025-05-12,119,0,0,0,0
Rwanda,RWA,2025-05-13,119,0,0,0,0
Rwanda,RWA,2025-05-14,119,0,0,0,0
Rwanda,RWA,2025-05-15,119,0,0,0,0
Rwanda,RWA,2025-05-16,119,0,0,0,0
Rwanda,RWA,2025-05-17,119,0,0,0,0
Rwanda,RWA,2025-05-18,120,1,0,0,0.14
Rwanda,RWA,2025-05-19,120,0,0,0,0.14
Rwanda,RWA,2025-05-20,120,0,0,0,0.14
Rwanda,RWA,2025-05-21,120,0,0,0,0.14
Rwanda,RWA,2025-05-22,120,0,0,0,0.14
Rwanda,RWA,2025-05-23,120,0,0,0,0.14
Rwanda,RWA,2025-05-24,120,0,0,0,0.14
Rwanda,RWA,2025-05-25,120,0,0,0,0
Rwanda,RWA,2025-05-26,120,0,0,0,0
Rwanda,RWA,2025-05-27,120,0,0,0,0
Rwanda,RWA,2025-05-28,120,0,0,0,0
Rwanda,RWA,2025-05-29,120,0,0,0,0
Rwanda,RWA,2025-05-30,120,0,0,0,0
Rwanda,RWA,2025-05-31,120,0,0,0,0
Rwanda,RWA,2025-06-01,120,0,0,0,0
Rwanda,RWA,2025-06-02,120,0,0,0,0
Rwanda,RWA,2025-06-03,120,0,0,0,0
Rwanda,RWA,2025-06-04,120,0,0,0,0
Rwanda,RWA,2025-06-05,120,0,0,0,0
Rwanda,RWA,2025-06-06,120,0,0,0,0
Rwanda,RWA,2025-06-07,120,0,0,0,0
Rwanda,RWA,2025-06-08,122,2,0,0,0.29
Rwanda,RWA,2025-06-09,122,0,0,0,0.29
Rwanda,RWA,2025-06-10,122,0,0,0,0.29
Rwanda,RWA,2025-06-11,122,0,0,0,0.29
Rwanda,RWA,2025-06-12,122,0,0,0,0.29
Rwanda,RWA,2025-06-13,122,0,0,0,0.29
Rwanda,RWA,2025-06-14,122,0,0,0,0.29
Rwanda,RWA,2025-06-15,122,0,0,0,0
Rwanda,RWA,2025-06-16,122,0,0,0,0
Rwanda,RWA,2025-06-17,122,0,0,0,0
Rwanda,RWA,2025-06-18,122,0,0,0,0
Rwanda,RWA,2025-06-19,122,0,0,0,0
Rwanda,RWA,2025-06-20,122,0,0,0,0
Rwanda,RWA,2025-06-21,122,0,0,0,0
Rwanda,RWA,2025-06-22,122,0,0,0,0
Rwanda,RWA,2025-06-23,122,0,0,0,0
Rwanda,RWA,2025-06-24,122,0,0,0,0
Rwanda,RWA,2025-06-25,122,0,0,0,0
Rwanda,RWA,2025-06-26,122,0,0,0,0
Rwanda,RWA,2025-06-27,122,0,0,0,0
Rwanda,RWA,2025-06-28,122,0,0,0,0
Rwanda,RWA,2025-06-29,122,0,0,0,0
Rwanda,RWA,2025-06-30,122,0,0,0,0
Rwanda,RWA,2025-07-01,122,0,0,0,0
Rwanda,RWA,2025-07-02,122,0,0,0,0
Rwanda,RWA,2025-07-03,122,0,0,0,0
Rwanda,RWA,2025-07-04,122,0,0,0,0
Rwanda,RWA,2025-07-05,122,0,0,0,0
Rwanda,RWA,2025-07-06,122,0,0,0,0
Rwanda,RWA,2025-07-07,122,0,0,0,0
Rwanda,RWA,2025-07-08,122,0,0,0,0
Rwanda,RWA,2025-07-09,122,0,0,0,0
Rwanda,RWA,2025-07-10,122,0,0,0,0
Rwanda,RWA,2025-07-11,122,0,0,0,0
Rwanda,RWA,2025-07-12,122,0,0,0,0
Rwanda,RWA,2025-07-13,124,2,0,0,0.29
Rwanda,RWA,2025-07-14,124,0,0,0,0.29
Rwanda,RWA,2025-07-15,124,0,0,0,0.29
Rwanda,RWA,2025-07-16,124,0,0,0,0.29
Rwanda,RWA,2025-07-17,124,0,0,0,0.29
Rwanda,RWA,2025-07-18,124,0,0,0,0.29
Rwanda,RWA,2025-07-19,124,0,0,0,0.29
Rwanda,RWA,2025-07-20,124,0,0,0,0
Rwanda,RWA,2025-07-21,124,0,0,0,0
Rwanda,RWA,2025-07-22,124,0,0,0,0
Rwanda,RWA,2025-07-23,124,0,0,0,0
Rwanda,RWA,2025-07-24,124,0,0,0,0
Rwanda,RWA,2025-07-25,124,0,0,0,0
Rwanda,RWA,2025-07-26,124,0,0,0,0
Rwanda,RWA,2025-07-27,124,0,0,0,0
Rwanda,RWA,2025-07-28,124,0,0,0,0
Rwanda,RWA,2025-07-29,124,0,0,0,0
Rwanda,RWA,2025-07-30,124,0,0,0,0
Rwanda,RWA,2025-07-31,124,0,0,0,0
Rwanda,RWA,2025-08-01,124,0,0,0,0
Rwanda,RWA,2025-08-02,124,0,0,0,0
Rwanda,RWA,2025-08-03,127,3,0,0,0.43
Rwanda,RWA,2025-08-04,127,0,0,0,0.43
Rwanda,RWA,2025-08-05,127,0,0,0,0.43
Rwanda,RWA,2025-08-06,127,0,0,0,0.43
Rwanda,RWA,2025-08-07,127,0,0,0,0.43
Rwanda,RWA,2025-08-08,127,0,0,0,0.43
Rwanda,RWA,2025-08-09,127,0,0,0,0.43
Rwanda,RWA,2025-08-10,127,0,0,0,0
Rwanda,RWA,2025-08-11,127,0,0,0,0
Rwanda,RWA,2025-08-12,127,0,0,0,0
Rwanda,RWA,2025-08-13,127,0,0,0,0
Rwanda,RWA,2025-08-14,127,0,0,0,0
Rwanda,RWA,2025-08-15,127,0,0,0,0
Rwanda,RWA,2025-08-16,127,0,0,0,0
Rwanda,RWA,2025-08-17,127,0,0,0,0
Rwanda,RWA,2025-08-18,127,0,0,0,0
Rwanda,RWA,2025-08-19,127,0,0,0,0
Rwanda,RWA,2025-08-20,127,0,0,0,0
Rwanda,RWA,2025-08-21,127,0,0,0,0
Rwanda,RWA,2025-08-22,127,0,0,0,0
Rwanda,RWA,2025-08-23,127,0,0,0,0
Rwanda,RWA,2025-08-24,127,0,0,0,0
Rwanda,RWA,2025-08-25,127,0,0,0,0
Rwanda,RWA,2025-08-26,127,0,0,0,0
Rwanda,RWA,2025-08-27,127,0,0,0,0
Rwanda,RWA,2025-08-28,127,0,0,0,0
Rwanda,RWA,2025-08-29,127,0,0,0,0
Rwanda,RWA,2025-08-30,127,0,0,0,0
Rwanda,RWA,2025-08-31,127,0,0,0,0
Rwanda,RWA,2025-09-01,127,0,0,0,0
Rwanda,RWA,2025-09-02,127,0,0,0,0
Rwanda,RWA,2025-09-03,127,0,0,0,0
Rwanda,RWA,2025-09-04,127,0,0,0,0
Rwanda,RWA,2025-09-05,127,0,0,0,0
Rwanda,RWA,2025-09-06,127,0,0,0,0
Rwanda,RWA,2025-09-07,127,0,0,0,0
Rwanda,RWA,2025-09-08,127,0,0,0,0
Rwanda,RWA,2025-09-09,127,0,0,0,0
Rwanda,RWA,2025-09-10,127,0,0,0,0
Rwanda,RWA,2025-09-11,127,0,0,0,0
Rwanda,RWA,2025-09-12,127,0,0,0,0
Rwanda,RWA,2025-09-13,127,0,0,0,0
Rwanda,RWA,2025-09-14,127,0,0,0,0
Rwanda,RWA,2025-09-15,127,0,0,0,0
Rwanda,RWA,2025-09-16,127,0,0,0,0
Rwanda,RWA,2025-09-17,127,0,0,0,0
Rwanda,RWA,2025-09-18,127,0,0,0,0
Rwanda,RWA,2025-09-19,127,0,0,0,0
Rwanda,RWA,2025-09-20,127,0,0,0,0
Rwanda,RWA,2025-09-21,127,0,0,0,0
Rwanda,RWA,2025-09-22,127,0,0,0,0
Rwanda,RWA,2025-09-23,127,0,0,0,0
Rwanda,RWA,2025-09-24,127,0,0,0,0
Rwanda,RWA,2025-09-25,127,0,0,0,0
Rwanda,RWA,2025-09-26,127,0,0,0,0
Rwanda,RWA,2025-09-27,127,0,0,0,0
Rwanda,RWA,2025-09-28,127,0,0,0,0
Rwanda,RWA,2025-09-29,127,0,0,0,0
Rwanda,RWA,2025-09-30,127,0,0,0,0
Rwanda,RWA,2025-10-01,127,0,0,0,0
Rwanda,RWA,2025-10-02,127,0,0,0,0
Rwanda,RWA,2025-10-03,127,0,0,0,0
Rwanda,RWA,2025-10-04,127,0,0,0,0
Rwanda,RWA,2025-10-05,127,0,0,0,0
Rwanda,RWA,2025-10-06,127,0,0,0,0
Rwanda,RWA,2025-10-07,127,0,0,0,0
Rwanda,RWA,2025-10-08,127,0,0,0,0
Rwanda,RWA,2025-10-09,127,0,0,0,0
Rwanda,RWA,2025-10-10,127,0,0,0,0
Rwanda,RWA,2025-10-11,127,0,0,0,0
Rwanda,RWA,2025-10-12,128,1,0,0,0.14
Rwanda,RWA,2025-10-13,128,0,0,0,0.14
Rwanda,RWA,2025-10-14,128,0,0,0,0.14
Rwanda,RWA,2025-10-15,128,0,0,0,0.14
Rwanda,RWA,2025-10-16,128,0,0,0,0.14
Rwanda,RWA,2025-10-17,128,0,0,0,0.14
Rwanda,RWA,2025-10-18,128,0,0,0,0.14
Rwanda,RWA,2025-10-19,128,0,0,0,0
Rwanda,RWA,2025-10-20,128,0,0,0,0
Rwanda,RWA,2025-10-21,128,0,0,0,0
Rwanda,RWA,2025-10-22,128,0,0,0,0
Rwanda,RWA,2025-10-23,128,0,0,0,0
Rwanda,RWA,2025-10-24,128,0,0,0,0
Rwanda,RWA,2025-10-25,128,0,0,0,0
Rwanda,RWA,2025-10-26,128,0,0,0,0
Rwanda,RWA,2025-10-27,128,0,0,0,0
Rwanda,RWA,2025-10-28,128,0,0,0,0
Rwanda,RWA,2025-10-29,128,0,0,0,0
Rwanda,RWA,2025-10-30,128,0,0,0,0
Rwanda,RWA,2025-10-31,128,0,0,0,0
Rwanda,RWA,2025-11-01,128,0,0,0,0
Rwanda,RWA,2025-11-02,128,0,0,0,0
Rwanda,RWA,2025-11-03,128,0,0,0,0
Rwanda,RWA,2025-11-04,128,0,0,0,0
Rwanda,RWA,2025-11-05,128,0,0,0,0
Rwanda,RWA,2025-11-06,128,0,0,0,0
Rwanda,RWA,2025-11-07,128,0,0,0,0
Rwanda,RWA,2025-11-08,128,0,0,0,0
Rwanda,RWA,2025-11-09,128,0,0,0,0
Rwanda,RWA,2025-11-10,128,0,0,0,0
Rwanda,RWA,2025-11-11,128,0,0,0,0
Rwanda,RWA,2025-11-12,128,0,0,0,0
Rwanda,RWA,2025-11-13,128,0,0,0,0
Rwanda,RWA,2025-11-14,128,0,0,0,0
Rwanda,RWA,2025-11-15,128,0,0,0,0
Rwanda,RWA,2025-11-16,128,0,0,0,0
Rwanda,RWA,2025-11-17,128,0,0,0,0
Rwanda,RWA,2025-11-18,128,0,0,0,0
Rwanda,RWA,2025-11-19,128,0,0,0,0
Rwanda,RWA,2025-11-20,128,0,0,0,0
Rwanda,RWA,2025-11-21,128,0,0,0,0
Rwanda,RWA,2025-11-22,128,0,0,0,0
Rwanda,RWA,2025-11-23,128,0,0,0,0
Rwanda,RWA,2025-11-24,128,0,0,0,0
Rwanda,RWA,2025-11-25,128,0,0,0,0
Rwanda,RWA,2025-11-26,128,0,0,0,0
Rwanda,RWA,2025-11-27,128,0,0,0,0
Rwanda,RWA,2025-11-28,128,0,0,0,0
Rwanda,RWA,2025-11-29,128,0,0,0,0
Rwanda,RWA,2025-11-30,128,0,0,0,0
Rwanda,RWA,2025-12-01,128,0,0,0,0
Rwanda,RWA,2025-12-02,128,0,0,0,0
Rwanda,RWA,2025-12-03,128,0,0,0,0
Rwanda,RWA,2025-12-04,128,0,0,0,0
Rwanda,RWA,2025-12-05,128,0,0,0,0
Rwanda,RWA,2025-12-06,128,0,0,0,0
Rwanda,RWA,2025-12-07,128,0,0,0,0
Rwanda,RWA,2025-12-08,128,0,0,0,0
Rwanda,RWA,2025-12-09,128,0,0,0,0
Rwanda,RWA,2025-12-10,128,0,0,0,0
Rwanda,RWA,2025-12-11,128,0,0,0,0
Rwanda,RWA,2025-12-12,128,0,0,0,0
Rwanda,RWA,2025-12-13,128,0,0,0,0
Rwanda,RWA,2025-12-14,128,0,0,0,0
Rwanda,RWA,2025-12-15,128,0,0,0,0
Rwanda,RWA,2025-12-16,128,0,0,0,0
Rwanda,RWA,2025-12-17,128,0,0,0,0
Rwanda,RWA,2025-12-18,128,0,0,0,0
Rwanda,RWA,2025-12-19,128,0,0,0,0
Rwanda,RWA,2025-12-20,128,0,0,0,0
Rwanda,RWA,2025-12-21,128,0,0,0,0
Rwanda,RWA,2025-12-22,128,0,0,0,0
Rwanda,RWA,2025-12-23,128,0,0,0,0
Rwanda,RWA,2025-12-24,128,0,0,0,0
Rwanda,RWA,2025-12-25,128,0,0,0,0
Rwanda,RWA,2025-12-26,128,0,0,0,0
Rwanda,RWA,2025-12-27,128,0,0,0,0
Rwanda,RWA,2025-12-28,128,0,0,0,0
Rwanda,RWA,2025-12-29,128,0,0,0,0
Rwanda,RWA,2025-12-30,128,0,0,0,0
Rwanda,RWA,2025-12-31,128,0,0,0,0
Rwanda,RWA,2026-01-01,128,0,0,0,0
Rwanda,RWA,2026-01-02,128,0,0,0,0
Rwanda,RWA,2026-01-03,128,0,0,0,0
Rwanda,RWA,2026-01-04,128,0,0,0,0
Rwanda,RWA,2026-01-05,128,0,0,0,0
Rwanda,RWA,2026-01-06,128,0,0,0,0
Rwanda,RWA,2026-01-07,128,0,0,0,0
Rwanda,RWA,2026-01-08,128,0,0,0,0
Rwanda,RWA,2026-01-09,128,0,0,0,0
Rwanda,RWA,2026-01-10,128,0,0,0,0
Rwanda,RWA,2026-01-11,131,3,0,0,0.43
Rwanda,RWA,2026-01-12,131,0,0,0,0.43
Rwanda,RWA,2026-01-13,131,0,0,0,0.43
Rwanda,RWA,2026-01-14,131,0,0,0,0.43
Rwanda,RWA,2026-01-15,131,0,0,0,0.43
Rwanda,RWA,2026-01-16,131,0,0,0,0.43
Rwanda,RWA,2026-01-17,131,0,0,0,0.43
Rwanda,RWA,2026-01-18,131,0,0,0,0
Rwanda,RWA,2026-01-19,131,0,0,0,0
Rwanda,RWA,2026-01-20,131,0,0,0,0
Rwanda,RWA,2026-01-21,131,0,0,0,0
Rwanda,RWA,2026-01-22,131,0,0,0,0
Rwanda,RWA,2026-01-23,131,0,0,0,0
Rwanda,RWA,2026-01-24,131,0,0,0,0
Rwanda,RWA,2026-01-25,131,0,0,0,0
Rwanda,RWA,2026-01-26,131,0,0,0,0
Rwanda,RWA,2026-01-27,131,0,0,0,0
Rwanda,RWA,2026-01-28,131,0,0,0,0
Rwanda,RWA,2026-01-29,131,0,0,0,0
Rwanda,RWA,2026-01-30,131,0,0,0,0
Rwanda,RWA,2026-01-31,131,0,0,0,0
Rwanda,RWA,2026-02-01,131,0,0,0,0
Rwanda,RWA,2026-02-02,131,0,0,0,0
Rwanda,RWA,2026-02-03,131,0,0,0,0
Rwanda,RWA,2026-02-04,131,0,0,0,0
Rwanda,RWA,2026-02-05,131,0,0,0,0
Rwanda,RWA,2026-02-06,131,0,0,0,0
Rwanda,RWA,2026-02-07,131,0,0,0,0
Rwanda,RWA,2026-02-08,131,0,0,0,0
Rwanda,RWA,2026-02-09,131,0,0,0,0
Rwanda,RWA,2026-02-10,131,0,0,0,0
Rwanda,RWA,2026-02-11,131,0,0,0,0
Rwanda,RWA,2026-02-12,131,0,0,0,0
Rwanda,RWA,2026-02-13,131,0,0,0,0
Rwanda,RWA,2026-02-14,131,0,0,0,0
Rwanda,RWA,2026-02-15,131,0,0,0,0
Rwanda,RWA,2026-02-16,131,0,0,0,0
Rwanda,RWA,2026-02-17,131,0,0,0,0
Rwanda,RWA,2026-02-18,131,0,0,0,0
Rwanda,RWA,2026-02-19,131,0,0,0,0
Rwanda,RWA,2026-02-20,131,0,0,0,0
Rwanda,RWA,2026-02-21,131,0,0,0,0
Rwanda,RWA,2026-02-22,131,0,0,0,0
Rwanda,RWA,2026-02-23,131,0,0,0,0
Rwanda,RWA,2026-02-24,131,0,0,0,0
Rwanda,RWA,2026-02-25,131,0,0,0,0
Rwanda,RWA,2026-02-26,131,0,0,0,0
Rwanda,RWA,2026-02-27,131,0,0,0,0
Rwanda,RWA,2026-02-28,131,0,0,0,0
Rwanda,RWA,2026-03-01,131,0,0,0,0
Rwanda,RWA,2026-03-02,131,0,0,0,0
Rwanda,RWA,2026-03-03,131,0,0,0,0
Rwanda,RWA,2026-03-04,131,0,0,0,0
Rwanda,RWA,2026-03-05,131,0,0,0,0
Rwanda,RWA,2026-03-06,131,0,0,0,0
Rwanda,RWA,2026-03-07,131,0,0,0,0
Rwanda,RWA,2026-03-08,131,0,0,0,0
Rwanda,RWA,2026-03-09,131,0,0,0,0
Rwanda,RWA,2026-03-10,131,0,0,0,0
Rwanda,RWA,2026-03-11,131,0,0,0,0
Rwanda,RWA,2026-03-12,131,0,0,0,0
Rwanda,RWA,2026-03-13,131,0,0,0,0
Rwanda,RWA,2026-03-14,131,0,0,0,0
Rwanda,RWA,2026-03-15,131,0,0,0,0
Rwanda,RWA,2026-03-16,131,0,0,0,0
Rwanda,RWA,2026-03-17,131,0,0,0,0
Rwanda,RWA,2026-03-18,131,0,0,0,0
Rwanda,RWA,2026-03-19,131,0,0,0,0
Rwanda,RWA,2026-03-20,131,0,0,0,0
Rwanda,RWA,2026-03-21,131,0,0,0,0
Rwanda,RWA,2026-03-22,131,0,0,0,0
Rwanda,RWA,2026-03-23,131,0,0,0,0
Rwanda,RWA,2026-03-24,131,0,0,0,0
Rwanda,RWA,2026-03-25,131,0,0,0,0
Rwanda,RWA,2026-03-26,131,0,0,0,0
Rwanda,RWA,2026-03-27,131,0,0,0,0
Rwanda,RWA,2026-03-28,131,0,0,0,0
Rwanda,RWA,2026-03-29,131,0,0,0,0
Rwanda,RWA,2026-03-30,131,0,0,0,0
Rwanda,RWA,2026-03-31,131,0,0,0,0
Rwanda,RWA,2026-04-01,131,0,0,0,0
Rwanda,RWA,2026-04-02,131,0,0,0,0
Rwanda,RWA,2026-04-03,131,0,0,0,0
Rwanda,RWA,2026-04-04,131,0,0,0,0
Rwanda,RWA,2026-04-05,131,0,0,0,0
Rwanda,RWA,2026-04-06,131,0,0,0,0
Rwanda,RWA,2026-04-07,131,0,0,0,0
Rwanda,RWA,2026-04-08,131,0,0,0,0
Rwanda,RWA,2026-04-09,131,0,0,0,0
Rwanda,RWA,2026-04-10,131,0,0,0,0
Rwanda,RWA,2026-04-11,131,0,0,0,0
Rwanda,RWA,2026-04-12,131,0,0,0,0
Rwanda,RWA,2026-04-13,131,0,0,0,0
Rwanda,RWA,2026-04-14,131,0,0,0,0
Rwanda,RWA,2026-04-15,131,0,0,0,0
Rwanda,RWA,2026-04-16,131,0,0,0,0
Rwanda,RWA,2026-04-17,131,0,0,0,0
Rwanda,RWA,2026-04-18,131,0,0,0,0
Rwanda,RWA,2026-04-19,131,0,0,0,0
Senegal,SEN,2025-08-17,0,0,0,0,0
Senegal,SEN,2025-08-18,0,0,0,0,0
Senegal,SEN,2025-08-19,0,0,0,0,0
Senegal,SEN,2025-08-20,0,0,0,0,0
Senegal,SEN,2025-08-21,0,0,0,0,0
Senegal,SEN,2025-08-22,0,0,0,0,0
Senegal,SEN,2025-08-23,0,0,0,0,0
Senegal,SEN,2025-08-24,1,1,0,0,0.14
Senegal,SEN,2025-08-25,1,0,0,0,0.14
Senegal,SEN,2025-08-26,1,0,0,0,0.14
Senegal,SEN,2025-08-27,1,0,0,0,0.14
Senegal,SEN,2025-08-28,1,0,0,0,0.14
Senegal,SEN,2025-08-29,1,0,0,0,0.14
Senegal,SEN,2025-08-30,1,0,0,0,0.14
Senegal,SEN,2025-08-31,1,0,0,0,0
Senegal,SEN,2025-09-01,1,0,0,0,0
Senegal,SEN,2025-09-02,1,0,0,0,0
Senegal,SEN,2025-09-03,1,0,0,0,0
Senegal,SEN,2025-09-04,1,0,0,0,0
Senegal,SEN,2025-09-05,1,0,0,0,0
Senegal,SEN,2025-09-06,1,0,0,0,0
Senegal,SEN,2025-09-07,1,0,0,0,0
Senegal,SEN,2025-09-08,1,0,0,0,0
Senegal,SEN,2025-09-09,1,0,0,0,0
Senegal,SEN,2025-09-10,1,0,0,0,0
Senegal,SEN,2025-09-11,1,0,0,0,0
Senegal,SEN,2025-09-12,1,0,0,0,0
Senegal,SEN,2025-09-13,1,0,0,0,0
Senegal,SEN,2025-09-14,1,0,0,0,0
Senegal,SEN,2025-09-15,1,0,0,0,0
Senegal,SEN,2025-09-16,1,0,0,0,0
Senegal,SEN,2025-09-17,1,0,0,0,0
Senegal,SEN,2025-09-18,1,0,0,0,0
Senegal,SEN,2025-09-19,1,0,0,0,0
Senegal,SEN,2025-09-20,1,0,0,0,0
Senegal,SEN,2025-09-21,1,0,0,0,0
Senegal,SEN,2025-09-22,1,0,0,0,0
Senegal,SEN,2025-09-23,1,0,0,0,0
Senegal,SEN,2025-09-24,1,0,0,0,0
Senegal,SEN,2025-09-25,1,0,0,0,0
Senegal,SEN,2025-09-26,1,0,0,0,0
Senegal,SEN,2025-09-27,1,0,0,0,0
Senegal,SEN,2025-09-28,4,3,0,0,0.43
Senegal,SEN,2025-09-29,4,0,0,0,0.43
Senegal,SEN,2025-09-30,4,0,0,0,0.43
Senegal,SEN,2025-10-01,4,0,0,0,0.43
Senegal,SEN,2025-10-02,4,0,0,0,0.43
Senegal,SEN,2025-10-03,4,0,0,0,0.43
Senegal,SEN,2025-10-04,4,0,0,0,0.43
Senegal,SEN,2025-10-05,4,0,0,0,0
Senegal,SEN,2025-10-06,4,0,0,0,0
Senegal,SEN,2025-10-07,4,0,0,0,0
Senegal,SEN,2025-10-08,4,0,0,0,0
Senegal,SEN,2025-10-09,4,0,0,0,0
Senegal,SEN,2025-10-10,4,0,0,0,0
Senegal,SEN,2025-10-11,4,0,0,0,0
Senegal,SEN,2025-10-12,4,0,0,0,0
Senegal,SEN,2025-10-13,4,0,0,0,0
Senegal,SEN,2025-10-14,4,0,0,0,0
Senegal,SEN,2025-10-15,4,0,0,0,0
Senegal,SEN,2025-10-16,4,0,0,0,0
Senegal,SEN,2025-10-17,4,0,0,0,0
Senegal,SEN,2025-10-18,4,0,0,0,0
Senegal,SEN,2025-10-19,4,0,0,0,0
Senegal,SEN,2025-10-20,4,0,0,0,0
Senegal,SEN,2025-10-21,4,0,0,0,0
Senegal,SEN,2025-10-22,4,0,0,0,0
Senegal,SEN,2025-10-23,4,0,0,0,0
Senegal,SEN,2025-10-24,4,0,0,0,0
Senegal,SEN,2025-10-25,4,0,0,0,0
Senegal,SEN,2025-10-26,4,0,0,0,0
Senegal,SEN,2025-10-27,4,0,0,0,0
Senegal,SEN,2025-10-28,4,0,0,0,0
Senegal,SEN,2025-10-29,4,0,0,0,0
Senegal,SEN,2025-10-30,4,0,0,0,0
Senegal,SEN,2025-10-31,4,0,0,0,0
Senegal,SEN,2025-11-01,4,0,0,0,0
Senegal,SEN,2025-11-02,4,0,0,0,0
Senegal,SEN,2025-11-03,4,0,0,0,0
Senegal,SEN,2025-11-04,4,0,0,0,0
Senegal,SEN,2025-11-05,4,0,0,0,0
Senegal,SEN,2025-11-06,4,0,0,0,0
Senegal,SEN,2025-11-07,4,0,0,0,0
Senegal,SEN,2025-11-08,4,0,0,0,0
Senegal,SEN,2025-11-09,4,0,0,0,0
Senegal,SEN,2025-11-10,4,0,0,0,0
Senegal,SEN,2025-11-11,4,0,0,0,0
Senegal,SEN,2025-11-12,4,0,0,0,0
Senegal,SEN,2025-11-13,4,0,0,0,0
Senegal,SEN,2025-11-14,4,0,0,0,0
Senegal,SEN,2025-11-15,4,0,0,0,0
Senegal,SEN,2025-11-16,4,0,0,0,0
Senegal,SEN,2025-11-17,4,0,0,0,0
Senegal,SEN,2025-11-18,4,0,0,0,0
Senegal,SEN,2025-11-19,4,0,0,0,0
Senegal,SEN,2025-11-20,4,0,0,0,0
Senegal,SEN,2025-11-21,4,0,0,0,0
Senegal,SEN,2025-11-22,4,0,0,0,0
Senegal,SEN,2025-11-23,4,0,0,0,0
Senegal,SEN,2025-11-24,4,0,0,0,0
Senegal,SEN,2025-11-25,4,0,0,0,0
Senegal,SEN,2025-11-26,4,0,0,0,0
Senegal,SEN,2025-11-27,4,0,0,0,0
Senegal,SEN,2025-11-28,4,0,0,0,0
Senegal,SEN,2025-11-29,4,0,0,0,0
Senegal,SEN,2025-11-30,4,0,0,0,0
Senegal,SEN,2025-12-01,4,0,0,0,0
Senegal,SEN,2025-12-02,4,0,0,0,0
Senegal,SEN,2025-12-03,4,0,0,0,0
Senegal,SEN,2025-12-04,4,0,0,0,0
Senegal,SEN,2025-12-05,4,0,0,0,0
Senegal,SEN,2025-12-06,4,0,0,0,0
Senegal,SEN,2025-12-07,4,0,0,0,0
Senegal,SEN,2025-12-08,4,0,0,0,0
Senegal,SEN,2025-12-09,4,0,0,0,0
Senegal,SEN,2025-12-10,4,0,0,0,0
Senegal,SEN,2025-12-11,4,0,0,0,0
Senegal,SEN,2025-12-12,4,0,0,0,0
Senegal,SEN,2025-12-13,4,0,0,0,0
Senegal,SEN,2025-12-14,4,0,0,0,0
Senegal,SEN,2025-12-15,4,0,0,0,0
Senegal,SEN,2025-12-16,4,0,0,0,0
Senegal,SEN,2025-12-17,4,0,0,0,0
Senegal,SEN,2025-12-18,4,0,0,0,0
Senegal,SEN,2025-12-19,4,0,0,0,0
Senegal,SEN,2025-12-20,4,0,0,0,0
Senegal,SEN,2025-12-21,4,0,0,0,0
Senegal,SEN,2025-12-22,4,0,0,0,0
Senegal,SEN,2025-12-23,4,0,0,0,0
Senegal,SEN,2025-12-24,4,0,0,0,0
Senegal,SEN,2025-12-25,4,0,0,0,0
Senegal,SEN,2025-12-26,4,0,0,0,0
Senegal,SEN,2025-12-27,4,0,0,0,0
Senegal,SEN,2025-12-28,4,0,0,0,0
Senegal,SEN,2025-12-29,4,0,0,0,0
Senegal,SEN,2025-12-30,4,0,0,0,0
Senegal,SEN,2025-12-31,4,0,0,0,0
Senegal,SEN,2026-01-01,4,0,0,0,0
Senegal,SEN,2026-01-02,4,0,0,0,0
Senegal,SEN,2026-01-03,4,0,0,0,0
Senegal,SEN,2026-01-04,4,0,0,0,0
Senegal,SEN,2026-01-05,4,0,0,0,0
Senegal,SEN,2026-01-06,4,0,0,0,0
Senegal,SEN,2026-01-07,4,0,0,0,0
Senegal,SEN,2026-01-08,4,0,0,0,0
Senegal,SEN,2026-01-09,4,0,0,0,0
Senegal,SEN,2026-01-10,4,0,0,0,0
Senegal,SEN,2026-01-11,4,0,0,0,0
Senegal,SEN,2026-01-12,4,0,0,0,0
Senegal,SEN,2026-01-13,4,0,0,0,0
Senegal,SEN,2026-01-14,4,0,0,0,0
Senegal,SEN,2026-01-15,4,0,0,0,0
Senegal,SEN,2026-01-16,4,0,0,0,0
Senegal,SEN,2026-01-17,4,0,0,0,0
Senegal,SEN,2026-01-18,4,0,0,0,0
Senegal,SEN,2026-01-19,4,0,0,0,0
Senegal,SEN,2026-01-20,4,0,0,0,0
Senegal,SEN,2026-01-21,4,0,0,0,0
Senegal,SEN,2026-01-22,4,0,0,0,0
Senegal,SEN,2026-01-23,4,0,0,0,0
Senegal,SEN,2026-01-24,4,0,0,0,0
Senegal,SEN,2026-01-25,4,0,0,0,0
Senegal,SEN,2026-01-26,4,0,0,0,0
Senegal,SEN,2026-01-27,4,0,0,0,0
Senegal,SEN,2026-01-28,4,0,0,0,0
Senegal,SEN,2026-01-29,4,0,0,0,0
Senegal,SEN,2026-01-30,4,0,0,0,0
Senegal,SEN,2026-01-31,4,0,0,0,0
Senegal,SEN,2026-02-01,5,1,0,0,0.14
Senegal,SEN,2026-02-02,5,0,0,0,0.14
Senegal,SEN,2026-02-03,5,0,0,0,0.14
Senegal,SEN,2026-02-04,5,0,0,0,0.14
Senegal,SEN,2026-02-05,5,0,0,0,0.14
Senegal,SEN,2026-02-06,5,0,0,0,0.14
Senegal,SEN,2026-02-07,5,0,0,0,0.14
Senegal,SEN,2026-02-08,5,0,0,0,0
Senegal,SEN,2026-02-09,5,0,0,0,0
Senegal,SEN,2026-02-10,5,0,0,0,0
Senegal,SEN,2026-02-11,5,0,0,0,0
Senegal,SEN,2026-02-12,5,0,0,0,0
Senegal,SEN,2026-02-13,5,0,0,0,0
Senegal,SEN,2026-02-14,5,0,0,0,0
Senegal,SEN,2026-02-15,5,0,0,0,0
Sierra Leone,SLE,2025-01-05,0,0,0,0,0
Sierra Leone,SLE,2025-01-06,0,0,0,0,0
Sierra Leone,SLE,2025-01-07,0,0,0,0,0
Sierra Leone,SLE,2025-01-08,0,0,0,0,0
Sierra Leone,SLE,2025-01-09,0,0,0,0,0
Sierra Leone,SLE,2025-01-10,0,0,0,0,0
Sierra Leone,SLE,2025-01-11,0,0,0,0,0
Sierra Leone,SLE,2025-01-12,2,2,0,0,0.29
Sierra Leone,SLE,2025-01-13,2,0,0,0,0.29
Sierra Leone,SLE,2025-01-14,2,0,0,0,0.29
Sierra Leone,SLE,2025-01-15,2,0,0,0,0.29
Sierra Leone,SLE,2025-01-16,2,0,0,0,0.29
Sierra Leone,SLE,2025-01-17,2,0,0,0,0.29
Sierra Leone,SLE,2025-01-18,2,0,0,0,0.29
Sierra Leone,SLE,2025-01-19,10,8,0,0,1.14
Sierra Leone,SLE,2025-01-20,10,0,0,0,1.14
Sierra Leone,SLE,2025-01-21,10,0,0,0,1.14
Sierra Leone,SLE,2025-01-22,10,0,0,0,1.14
Sierra Leone,SLE,2025-01-23,10,0,0,0,1.14
Sierra Leone,SLE,2025-01-24,10,0,0,0,1.14
Sierra Leone,SLE,2025-01-25,10,0,0,0,1.14
Sierra Leone,SLE,2025-01-26,16,6,0,0,0.86
Sierra Leone,SLE,2025-01-27,16,0,0,0,0.86
Sierra Leone,SLE,2025-01-28,16,0,0,0,0.86
Sierra Leone,SLE,2025-01-29,16,0,0,0,0.86
Sierra Leone,SLE,2025-01-30,16,0,0,0,0.86
Sierra Leone,SLE,2025-01-31,16,0,0,0,0.86
Sierra Leone,SLE,2025-02-01,16,0,0,0,0.86
Sierra Leone,SLE,2025-02-02,17,1,0,0,0.14
Sierra Leone,SLE,2025-02-03,17,0,0,0,0.14
Sierra Leone,SLE,2025-02-04,17,0,0,0,0.14
Sierra Leone,SLE,2025-02-05,17,0,0,0,0.14
Sierra Leone,SLE,2025-02-06,17,0,0,0,0.14
Sierra Leone,SLE,2025-02-07,17,0,0,0,0.14
Sierra Leone,SLE,2025-02-08,17,0,0,0,0.14
Sierra Leone,SLE,2025-02-09,20,3,0,0,0.43
Sierra Leone,SLE,2025-02-10,20,0,0,0,0.43
Sierra Leone,SLE,2025-02-11,20,0,0,0,0.43
Sierra Leone,SLE,2025-02-12,20,0,0,0,0.43
Sierra Leone,SLE,2025-02-13,20,0,0,0,0.43
Sierra Leone,SLE,2025-02-14,20,0,0,0,0.43
Sierra Leone,SLE,2025-02-15,20,0,0,0,0.43
Sierra Leone,SLE,2025-02-16,22,2,0,0,0.29
Sierra Leone,SLE,2025-02-17,22,0,0,0,0.29
Sierra Leone,SLE,2025-02-18,22,0,0,0,0.29
Sierra Leone,SLE,2025-02-19,22,0,0,0,0.29
Sierra Leone,SLE,2025-02-20,22,0,0,0,0.29
Sierra Leone,SLE,2025-02-21,22,0,0,0,0.29
Sierra Leone,SLE,2025-02-22,22,0,0,0,0.29
Sierra Leone,SLE,2025-02-23,25,3,0,0,0.43
Sierra Leone,SLE,2025-02-24,25,0,0,0,0.43
Sierra Leone,SLE,2025-02-25,25,0,0,0,0.43
Sierra Leone,SLE,2025-02-26,25,0,0,0,0.43
Sierra Leone,SLE,2025-02-27,25,0,0,0,0.43
Sierra Leone,SLE,2025-02-28,25,0,0,0,0.43
Sierra Leone,SLE,2025-03-01,25,0,0,0,0.43
Sierra Leone,SLE,2025-03-02,38,13,0,0,1.86
Sierra Leone,SLE,2025-03-03,38,0,0,0,1.86
Sierra Leone,SLE,2025-03-04,38,0,0,0,1.86
Sierra Leone,SLE,2025-03-05,38,0,0,0,1.86
Sierra Leone,SLE,2025-03-06,38,0,0,0,1.86
Sierra Leone,SLE,2025-03-07,38,0,0,0,1.86
Sierra Leone,SLE,2025-03-08,38,0,0,0,1.86
Sierra Leone,SLE,2025-03-09,72,34,1,1,4.86
Sierra Leone,SLE,2025-03-10,72,0,1,0,4.86
Sierra Leone,SLE,2025-03-11,72,0,1,0,4.86
Sierra Leone,SLE,2025-03-12,72,0,1,0,4.86
Sierra Leone,SLE,2025-03-13,72,0,1,0,4.86
Sierra Leone,SLE,2025-03-14,72,0,1,0,4.86
Sierra Leone,SLE,2025-03-15,72,0,1,0,4.86
Sierra Leone,SLE,2025-03-16,107,35,2,1,5
Sierra Leone,SLE,2025-03-17,107,0,2,0,5
Sierra Leone,SLE,2025-03-18,107,0,2,0,5
Sierra Leone,SLE,2025-03-19,107,0,2,0,5
Sierra Leone,SLE,2025-03-20,107,0,2,0,5
Sierra Leone,SLE,2025-03-21,107,0,2,0,5
Sierra Leone,SLE,2025-03-22,107,0,2,0,5
Sierra Leone,SLE,2025-03-23,112,5,2,0,0.71
Sierra Leone,SLE,2025-03-24,112,0,2,0,0.71
Sierra Leone,SLE,2025-03-25,112,0,2,0,0.71
Sierra Leone,SLE,2025-03-26,112,0,2,0,0.71
Sierra Leone,SLE,2025-03-27,112,0,2,0,0.71
Sierra Leone,SLE,2025-03-28,112,0,2,0,0.71
Sierra Leone,SLE,2025-03-29,112,0,2,0,0.71
Sierra Leone,SLE,2025-03-30,125,13,2,0,1.86
Sierra Leone,SLE,2025-03-31,125,0,2,0,1.86
Sierra Leone,SLE,2025-04-01,125,0,2,0,1.86
Sierra Leone,SLE,2025-04-02,125,0,2,0,1.86
Sierra Leone,SLE,2025-04-03,125,0,2,0,1.86
Sierra Leone,SLE,2025-04-04,125,0,2,0,1.86
Sierra Leone,SLE,2025-04-05,125,0,2,0,1.86
Sierra Leone,SLE,2025-04-06,137,12,2,0,1.71
Sierra Leone,SLE,2025-04-07,137,0,2,0,1.71
Sierra Leone,SLE,2025-04-08,137,0,2,0,1.71
Sierra Leone,SLE,2025-04-09,137,0,2,0,1.71
Sierra Leone,SLE,2025-04-10,137,0,2,0,1.71
Sierra Leone,SLE,2025-04-11,137,0,2,0,1.71
Sierra Leone,SLE,2025-04-12,137,0,2,0,1.71
Sierra Leone,SLE,2025-04-13,242,105,2,0,15
Sierra Leone,SLE,2025-04-14,242,0,2,0,15
Sierra Leone,SLE,2025-04-15,242,0,2,0,15
Sierra Leone,SLE,2025-04-16,242,0,2,0,15
Sierra Leone,SLE,2025-04-17,242,0,2,0,15
Sierra Leone,SLE,2025-04-18,242,0,2,0,15
Sierra Leone,SLE,2025-04-19,242,0,2,0,15
Sierra Leone,SLE,2025-04-20,477,235,4,2,33.57
Sierra Leone,SLE,2025-04-21,477,0,4,0,33.57
Sierra Leone,SLE,2025-04-22,477,0,4,0,33.57
Sierra Leone,SLE,2025-04-23,477,0,4,0,33.57
Sierra Leone,SLE,2025-04-24,477,0,4,0,33.57
Sierra Leone,SLE,2025-04-25,477,0,4,0,33.57
Sierra Leone,SLE,2025-04-26,477,0,4,0,33.57
Sierra Leone,SLE,2025-04-27,861,384,7,3,54.86
Sierra Leone,SLE,2025-04-28,861,0,7,0,54.86
Sierra Leone,SLE,2025-04-29,861,0,7,0,54.86
Sierra Leone,SLE,2025-04-30,861,0,7,0,54.86
Sierra Leone,SLE,2025-05-01,861,0,7,0,54.86
Sierra Leone,SLE,2025-05-02,861,0,7,0,54.86
Sierra Leone,SLE,2025-05-03,861,0,7,0,54.86
Sierra Leone,SLE,2025-05-04,1387,526,10,3,75.14
Sierra Leone,SLE,2025-05-05,1387,0,10,0,75.14
Sierra Leone,SLE,2025-05-06,1387,0,10,0,75.14
Sierra Leone,SLE,2025-05-07,1387,0,10,0,75.14
Sierra Leone,SLE,2025-05-08,1387,0,10,0,75.14
Sierra Leone,SLE,2025-05-09,1387,0,10,0,75.14
Sierra Leone,SLE,2025-05-10,1387,0,10,0,75.14
Sierra Leone,SLE,2025-05-11,2045,658,11,1,94
Sierra Leone,SLE,2025-05-12,2045,0,11,0,94
Sierra Leone,SLE,2025-05-13,2045,0,11,0,94
Sierra Leone,SLE,2025-05-14,2045,0,11,0,94
Sierra Leone,SLE,2025-05-15,2045,0,11,0,94
Sierra Leone,SLE,2025-05-16,2045,0,11,0,94
Sierra Leone,SLE,2025-05-17,2045,0,11,0,94
Sierra Leone,SLE,2025-05-18,2648,603,14,3,86.14
Sierra Leone,SLE,2025-05-19,2648,0,14,0,86.14
Sierra Leone,SLE,2025-05-20,2648,0,14,0,86.14
Sierra Leone,SLE,2025-05-21,2648,0,14,0,86.14
Sierra Leone,SLE,2025-05-22,2648,0,14,0,86.14
Sierra Leone,SLE,2025-05-23,2648,0,14,0,86.14
Sierra Leone,SLE,2025-05-24,2648,0,14,0,86.14
Sierra Leone,SLE,2025-05-25,3140,492,15,1,70.29
Sierra Leone,SLE,2025-05-26,3140,0,15,0,70.29
Sierra Leone,SLE,2025-05-27,3140,0,15,0,70.29
Sierra Leone,SLE,2025-05-28,3140,0,15,0,70.29
Sierra Leone,SLE,2025-05-29,3140,0,15,0,70.29
Sierra Leone,SLE,2025-05-30,3140,0,15,0,70.29
Sierra Leone,SLE,2025-05-31,3140,0,15,0,70.29
Sierra Leone,SLE,2025-06-01,3523,383,17,2,54.71
Sierra Leone,SLE,2025-06-02,3523,0,17,0,54.71
Sierra Leone,SLE,2025-06-03,3523,0,17,0,54.71
Sierra Leone,SLE,2025-06-04,3523,0,17,0,54.71
Sierra Leone,SLE,2025-06-05,3523,0,17,0,54.71
Sierra Leone,SLE,2025-06-06,3523,0,17,0,54.71
Sierra Leone,SLE,2025-06-07,3523,0,17,0,54.71
Sierra Leone,SLE,2025-06-08,3815,292,20,3,41.71
Sierra Leone,SLE,2025-06-09,3815,0,20,0,41.71
Sierra Leone,SLE,2025-06-10,3815,0,20,0,41.71
Sierra Leone,SLE,2025-06-11,3815,0,20,0,41.71
Sierra Leone,SLE,2025-06-12,3815,0,20,0,41.71
Sierra Leone,SLE,2025-06-13,3815,0,20,0,41.71
Sierra Leone,SLE,2025-06-14,3815,0,20,0,41.71
Sierra Leone,SLE,2025-06-15,4085,270,25,5,38.57
Sierra Leone,SLE,2025-06-16,4085,0,25,0,38.57
Sierra Leone,SLE,2025-06-17,4085,0,25,0,38.57
Sierra Leone,SLE,2025-06-18,4085,0,25,0,38.57
Sierra Leone,SLE,2025-06-19,4085,0,25,0,38.57
Sierra Leone,SLE,2025-06-20,4085,0,25,0,38.57
Sierra Leone,SLE,2025-06-21,4085,0,25,0,38.57
Sierra Leone,SLE,2025-06-22,4294,209,28,3,29.86
Sierra Leone,SLE,2025-06-23,4294,0,28,0,29.86
Sierra Leone,SLE,2025-06-24,4294,0,28,0,29.86
Sierra Leone,SLE,2025-06-25,4294,0,28,0,29.86
Sierra Leone,SLE,2025-06-26,4294,0,28,0,29.86
Sierra Leone,SLE,2025-06-27,4294,0,28,0,29.86
Sierra Leone,SLE,2025-06-28,4294,0,28,0,29.86
Sierra Leone,SLE,2025-06-29,4481,187,29,1,26.71
Sierra Leone,SLE,2025-06-30,4481,0,29,0,26.71
Sierra Leone,SLE,2025-07-01,4481,0,29,0,26.71
Sierra Leone,SLE,2025-07-02,4481,0,29,0,26.71
Sierra Leone,SLE,2025-07-03,4481,0,29,0,26.71
Sierra Leone,SLE,2025-07-04,4481,0,29,0,26.71
Sierra Leone,SLE,2025-07-05,4481,0,29,0,26.71
Sierra Leone,SLE,2025-07-06,4630,149,32,3,21.29
Sierra Leone,SLE,2025-07-07,4630,0,32,0,21.29
Sierra Leone,SLE,2025-07-08,4630,0,32,0,21.29
Sierra Leone,SLE,2025-07-09,4630,0,32,0,21.29
Sierra Leone,SLE,2025-07-10,4630,0,32,0,21.29
Sierra Leone,SLE,2025-07-11,4630,0,32,0,21.29
Sierra Leone,SLE,2025-07-12,4630,0,32,0,21.29
Sierra Leone,SLE,2025-07-13,4791,161,39,7,23
Sierra Leone,SLE,2025-07-14,4791,0,39,0,23
Sierra Leone,SLE,2025-07-15,4791,0,39,0,23
Sierra Leone,SLE,2025-07-16,4791,0,39,0,23
Sierra Leone,SLE,2025-07-17,4791,0,39,0,23
Sierra Leone,SLE,2025-07-18,4791,0,39,0,23
Sierra Leone,SLE,2025-07-19,4791,0,39,0,23
Sierra Leone,SLE,2025-07-20,4927,136,44,5,19.43
Sierra Leone,SLE,2025-07-21,4927,0,44,0,19.43
Sierra Leone,SLE,2025-07-22,4927,0,44,0,19.43
Sierra Leone,SLE,2025-07-23,4927,0,44,0,19.43
Sierra Leone,SLE,2025-07-24,4927,0,44,0,19.43
Sierra Leone,SLE,2025-07-25,4927,0,44,0,19.43
Sierra Leone,SLE,2025-07-26,4927,0,44,0,19.43
Sierra Leone,SLE,2025-07-27,5019,92,46,2,13.14
Sierra Leone,SLE,2025-07-28,5019,0,46,0,13.14
Sierra Leone,SLE,2025-07-29,5019,0,46,0,13.14
Sierra Leone,SLE,2025-07-30,5019,0,46,0,13.14
Sierra Leone,SLE,2025-07-31,5019,0,46,0,13.14
Sierra Leone,SLE,2025-08-01,5019,0,46,0,13.14
Sierra Leone,SLE,2025-08-02,5019,0,46,0,13.14
Sierra Leone,SLE,2025-08-03,5072,53,48,2,7.57
Sierra Leone,SLE,2025-08-04,5072,0,48,0,7.57
Sierra Leone,SLE,2025-08-05,5072,0,48,0,7.57
Sierra Leone,SLE,2025-08-06,5072,0,48,0,7.57
Sierra Leone,SLE,2025-08-07,5072,0,48,0,7.57
Sierra Leone,SLE,2025-08-08,5072,0,48,0,7.57
Sierra Leone,SLE,2025-08-09,5072,0,48,0,7.57
Sierra Leone,SLE,2025-08-10,5114,42,50,2,6
Sierra Leone,SLE,2025-08-11,5114,0,50,0,6
Sierra Leone,SLE,2025-08-12,5114,0,50,0,6
Sierra Leone,SLE,2025-08-13,5114,0,50,0,6
Sierra Leone,SLE,2025-08-14,5114,0,50,0,6
Sierra Leone,SLE,2025-08-15,5114,0,50,0,6
Sierra Leone,SLE,2025-08-16,5114,0,50,0,6
Sierra Leone,SLE,2025-08-17,5149,35,52,2,5
Sierra Leone,SLE,2025-08-18,5149,0,52,0,5
Sierra Leone,SLE,2025-08-19,5149,0,52,0,5
Sierra Leone,SLE,2025-08-20,5149,0,52,0,5
Sierra Leone,SLE,2025-08-21,5149,0,52,0,5
Sierra Leone,SLE,2025-08-22,5149,0,52,0,5
Sierra Leone,SLE,2025-08-23,5149,0,52,0,5
Sierra Leone,SLE,2025-08-24,5197,48,52,0,6.86
Sierra Leone,SLE,2025-08-25,5197,0,52,0,6.86
Sierra Leone,SLE,2025-08-26,5197,0,52,0,6.86
Sierra Leone,SLE,2025-08-27,5197,0,52,0,6.86
Sierra Leone,SLE,2025-08-28,5197,0,52,0,6.86
Sierra Leone,SLE,2025-08-29,5197,0,52,0,6.86
Sierra Leone,SLE,2025-08-30,5197,0,52,0,6.86
Sierra Leone,SLE,2025-08-31,5245,48,56,4,6.86
Sierra Leone,SLE,2025-09-01,5245,0,56,0,6.86
Sierra Leone,SLE,2025-09-02,5245,0,56,0,6.86
Sierra Leone,SLE,2025-09-03,5245,0,56,0,6.86
Sierra Leone,SLE,2025-09-04,5245,0,56,0,6.86
Sierra Leone,SLE,2025-09-05,5245,0,56,0,6.86
Sierra Leone,SLE,2025-09-06,5245,0,56,0,6.86
Sierra Leone,SLE,2025-09-07,5266,21,56,0,3
Sierra Leone,SLE,2025-09-08,5266,0,56,0,3
Sierra Leone,SLE,2025-09-09,5266,0,56,0,3
Sierra Leone,SLE,2025-09-10,5266,0,56,0,3
Sierra Leone,SLE,2025-09-11,5266,0,56,0,3
Sierra Leone,SLE,2025-09-12,5266,0,56,0,3
Sierra Leone,SLE,2025-09-13,5266,0,56,0,3
Sierra Leone,SLE,2025-09-14,5291,25,56,0,3.57
Sierra Leone,SLE,2025-09-15,5291,0,56,0,3.57
Sierra Leone,SLE,2025-09-16,5291,0,56,0,3.57
Sierra Leone,SLE,2025-09-17,5291,0,56,0,3.57
Sierra Leone,SLE,2025-09-18,5291,0,56,0,3.57
Sierra Leone,SLE,2025-09-19,5291,0,56,0,3.57
Sierra Leone,SLE,2025-09-20,5291,0,56,0,3.57
Sierra Leone,SLE,2025-09-21,5308,17,56,0,2.43
Sierra Leone,SLE,2025-09-22,5308,0,56,0,2.43
Sierra Leone,SLE,2025-09-23,5308,0,56,0,2.43
Sierra Leone,SLE,2025-09-24,5308,0,56,0,2.43
Sierra Leone,SLE,2025-09-25,5308,0,56,0,2.43
Sierra Leone,SLE,2025-09-26,5308,0,56,0,2.43
Sierra Leone,SLE,2025-09-27,5308,0,56,0,2.43
Sierra Leone,SLE,2025-09-28,5345,37,56,0,5.29
Sierra Leone,SLE,2025-09-29,5345,0,56,0,5.29
Sierra Leone,SLE,2025-09-30,5345,0,56,0,5.29
Sierra Leone,SLE,2025-10-01,5345,0,56,0,5.29
Sierra Leone,SLE,2025-10-02,5345,0,56,0,5.29
Sierra Leone,SLE,2025-10-03,5345,0,56,0,5.29
Sierra Leone,SLE,2025-10-04,5345,0,56,0,5.29
Sierra Leone,SLE,2025-10-05,5405,60,57,1,8.57
Sierra Leone,SLE,2025-10-06,5405,0,57,0,8.57
Sierra Leone,SLE,2025-10-07,5405,0,57,0,8.57
Sierra Leone,SLE,2025-10-08,5405,0,57,0,8.57
Sierra Leone,SLE,2025-10-09,5405,0,57,0,8.57
Sierra Leone,SLE,2025-10-10,5405,0,57,0,8.57
Sierra Leone,SLE,2025-10-11,5405,0,57,0,8.57
Sierra Leone,SLE,2025-10-12,5428,23,58,1,3.29
Sierra Leone,SLE,2025-10-13,5428,0,58,0,3.29
Sierra Leone,SLE,2025-10-14,5428,0,58,0,3.29
Sierra Leone,SLE,2025-10-15,5428,0,58,0,3.29
Sierra Leone,SLE,2025-10-16,5428,0,58,0,3.29
Sierra Leone,SLE,2025-10-17,5428,0,58,0,3.29
Sierra Leone,SLE,2025-10-18,5428,0,58,0,3.29
Sierra Leone,SLE,2025-10-19,5433,5,59,1,0.71
Sierra Leone,SLE,2025-10-20,5433,0,59,0,0.71
Sierra Leone,SLE,2025-10-21,5433,0,59,0,0.71
Sierra Leone,SLE,2025-10-22,5433,0,59,0,0.71
Sierra Leone,SLE,2025-10-23,5433,0,59,0,0.71
Sierra Leone,SLE,2025-10-24,5433,0,59,0,0.71
Sierra Leone,SLE,2025-10-25,5433,0,59,0,0.71
Sierra Leone,SLE,2025-10-26,5442,9,60,1,1.29
Sierra Leone,SLE,2025-10-27,5442,0,60,0,1.29
Sierra Leone,SLE,2025-10-28,5442,0,60,0,1.29
Sierra Leone,SLE,2025-10-29,5442,0,60,0,1.29
Sierra Leone,SLE,2025-10-30,5442,0,60,0,1.29
Sierra Leone,SLE,2025-10-31,5442,0,60,0,1.29
Sierra Leone,SLE,2025-11-01,5442,0,60,0,1.29
Sierra Leone,SLE,2025-11-02,5442,0,60,0,0
Sierra Leone,SLE,2025-11-03,5442,0,60,0,0
Sierra Leone,SLE,2025-11-04,5442,0,60,0,0
Sierra Leone,SLE,2025-11-05,5442,0,60,0,0
Sierra Leone,SLE,2025-11-06,5442,0,60,0,0
Sierra Leone,SLE,2025-11-07,5442,0,60,0,0
Sierra Leone,SLE,2025-11-08,5442,0,60,0,0
Sierra Leone,SLE,2025-11-09,5442,0,60,0,0
Sierra Leone,SLE,2025-11-10,5442,0,60,0,0
Sierra Leone,SLE,2025-11-11,5442,0,60,0,0
Sierra Leone,SLE,2025-11-12,5442,0,60,0,0
Sierra Leone,SLE,2025-11-13,5442,0,60,0,0
Sierra Leone,SLE,2025-11-14,5442,0,60,0,0
Sierra Leone,SLE,2025-11-15,5442,0,60,0,0
Sierra Leone,SLE,2025-11-16,5442,0,60,0,0
Sierra Leone,SLE,2025-11-17,5442,0,60,0,0
Sierra Leone,SLE,2025-11-18,5442,0,60,0,0
Sierra Leone,SLE,2025-11-19,5442,0,60,0,0
Sierra Leone,SLE,2025-11-20,5442,0,60,0,0
Sierra Leone,SLE,2025-11-21,5442,0,60,0,0
Sierra Leone,SLE,2025-11-22,5442,0,60,0,0
Sierra Leone,SLE,2025-11-23,5442,0,60,0,0
Sierra Leone,SLE,2025-11-24,5442,0,60,0,0
Sierra Leone,SLE,2025-11-25,5442,0,60,0,0
Sierra Leone,SLE,2025-11-26,5442,0,60,0,0
Sierra Leone,SLE,2025-11-27,5442,0,60,0,0
Sierra Leone,SLE,2025-11-28,5442,0,60,0,0
Sierra Leone,SLE,2025-11-29,5442,0,60,0,0
Sierra Leone,SLE,2025-11-30,5442,0,60,0,0
Sierra Leone,SLE,2025-12-01,5442,0,60,0,0
Sierra Leone,SLE,2025-12-02,5442,0,60,0,0
Sierra Leone,SLE,2025-12-03,5442,0,60,0,0
Sierra Leone,SLE,2025-12-04,5442,0,60,0,0
Sierra Leone,SLE,2025-12-05,5442,0,60,0,0
Sierra Leone,SLE,2025-12-06,5442,0,60,0,0
Sierra Leone,SLE,2025-12-07,5442,0,60,0,0
Sierra Leone,SLE,2025-12-08,5442,0,60,0,0
Sierra Leone,SLE,2025-12-09,5442,0,60,0,0
Sierra Leone,SLE,2025-12-10,5442,0,60,0,0
Sierra Leone,SLE,2025-12-11,5442,0,60,0,0
Sierra Leone,SLE,2025-12-12,5442,0,60,0,0
Sierra Leone,SLE,2025-12-13,5442,0,60,0,0
Sierra Leone,SLE,2025-12-14,5442,0,60,0,0
South Africa,ZAF,2022-05-01,0,0,0,0,0
South Africa,ZAF,2022-05-02,0,0,0,0,0
South Africa,ZAF,2022-05-03,0,0,0,0,0
South Africa,ZAF,2022-05-04,0,0,0,0,0
South Africa,ZAF,2022-05-05,0,0,0,0,0
South Africa,ZAF,2022-05-06,0,0,0,0,0
South Africa,ZAF,2022-05-07,0,0,0,0,0
South Africa,ZAF,2022-05-08,0,0,0,0,0
South Africa,ZAF,2022-05-09,0,0,0,0,0
South Africa,ZAF,2022-05-10,0,0,0,0,0
South Africa,ZAF,2022-05-11,0,0,0,0,0
South Africa,ZAF,2022-05-12,0,0,0,0,0
South Africa,ZAF,2022-05-13,0,0,0,0,0
South Africa,ZAF,2022-05-14,0,0,0,0,0
South Africa,ZAF,2022-05-15,0,0,0,0,0
South Africa,ZAF,2022-05-16,0,0,0,0,0
South Africa,ZAF,2022-05-17,0,0,0,0,0
South Africa,ZAF,2022-05-18,0,0,0,0,0
South Africa,ZAF,2022-05-19,0,0,0,0,0
South Africa,ZAF,2022-05-20,0,0,0,0,0
South Africa,ZAF,2022-05-21,0,0,0,0,0
South Africa,ZAF,2022-05-22,0,0,0,0,0
South Africa,ZAF,2022-05-23,0,0,0,0,0
South Africa,ZAF,2022-05-24,0,0,0,0,0
South Africa,ZAF,2022-05-25,0,0,0,0,0
South Africa,ZAF,2022-05-26,0,0,0,0,0
South Africa,ZAF,2022-05-27,0,0,0,0,0
South Africa,ZAF,2022-05-28,0,0,0,0,0
South Africa,ZAF,2022-05-29,0,0,0,0,0
South Africa,ZAF,2022-05-30,0,0,0,0,0
South Africa,ZAF,2022-05-31,0,0,0,0,0
South Africa,ZAF,2022-06-01,0,0,0,0,0
South Africa,ZAF,2022-06-02,0,0,0,0,0
South Africa,ZAF,2022-06-03,0,0,0,0,0
South Africa,ZAF,2022-06-04,0,0,0,0,0
South Africa,ZAF,2022-06-05,0,0,0,0,0
South Africa,ZAF,2022-06-06,0,0,0,0,0
South Africa,ZAF,2022-06-07,0,0,0,0,0
South Africa,ZAF,2022-06-08,0,0,0,0,0
South Africa,ZAF,2022-06-09,0,0,0,0,0
South Africa,ZAF,2022-06-10,0,0,0,0,0
South Africa,ZAF,2022-06-11,0,0,0,0,0
South Africa,ZAF,2022-06-12,0,0,0,0,0
South Africa,ZAF,2022-06-13,0,0,0,0,0
South Africa,ZAF,2022-06-14,0,0,0,0,0
South Africa,ZAF,2022-06-15,0,0,0,0,0
South Africa,ZAF,2022-06-16,0,0,0,0,0
South Africa,ZAF,2022-06-17,0,0,0,0,0
South Africa,ZAF,2022-06-18,0,0,0,0,0
South Africa,ZAF,2022-06-19,0,0,0,0,0
South Africa,ZAF,2022-06-20,0,0,0,0,0
South Africa,ZAF,2022-06-21,0,0,0,0,0
South Africa,ZAF,2022-06-22,0,0,0,0,0
South Africa,ZAF,2022-06-23,0,0,0,0,0
South Africa,ZAF,2022-06-24,0,0,0,0,0
South Africa,ZAF,2022-06-25,0,0,0,0,0
South Africa,ZAF,2022-06-26,0,0,0,0,0
South Africa,ZAF,2022-06-27,0,0,0,0,0
South Africa,ZAF,2022-06-28,0,0,0,0,0
South Africa,ZAF,2022-06-29,0,0,0,0,0
South Africa,ZAF,2022-06-30,0,0,0,0,0
South Africa,ZAF,2022-07-01,0,0,0,0,0
South Africa,ZAF,2022-07-02,0,0,0,0,0
South Africa,ZAF,2022-07-03,1,1,0,0,0.14
South Africa,ZAF,2022-07-04,1,0,0,0,0.14
South Africa,ZAF,2022-07-05,1,0,0,0,0.14
South Africa,ZAF,2022-07-06,1,0,0,0,0.14
South Africa,ZAF,2022-07-07,1,0,0,0,0.14
South Africa,ZAF,2022-07-08,1,0,0,0,0.14
South Africa,ZAF,2022-07-09,1,0,0,0,0.14
South Africa,ZAF,2022-07-10,1,0,0,0,0
South Africa,ZAF,2022-07-11,1,0,0,0,0
South Africa,ZAF,2022-07-12,1,0,0,0,0
South Africa,ZAF,2022-07-13,1,0,0,0,0
South Africa,ZAF,2022-07-14,1,0,0,0,0
South Africa,ZAF,2022-07-15,1,0,0,0,0
South Africa,ZAF,2022-07-16,1,0,0,0,0
South Africa,ZAF,2022-07-17,2,1,0,0,0.14
South Africa,ZAF,2022-07-18,2,0,0,0,0.14
South Africa,ZAF,2022-07-19,2,0,0,0,0.14
South Africa,ZAF,2022-07-20,2,0,0,0,0.14
South Africa,ZAF,2022-07-21,2,0,0,0,0.14
South Africa,ZAF,2022-07-22,2,0,0,0,0.14
South Africa,ZAF,2022-07-23,2,0,0,0,0.14
South Africa,ZAF,2022-07-24,2,0,0,0,0
South Africa,ZAF,2022-07-25,2,0,0,0,0
South Africa,ZAF,2022-07-26,2,0,0,0,0
South Africa,ZAF,2022-07-27,2,0,0,0,0
South Africa,ZAF,2022-07-28,2,0,0,0,0
South Africa,ZAF,2022-07-29,2,0,0,0,0
South Africa,ZAF,2022-07-30,2,0,0,0,0
South Africa,ZAF,2022-07-31,3,1,0,0,0.14
South Africa,ZAF,2022-08-01,3,0,0,0,0.14
South Africa,ZAF,2022-08-02,3,0,0,0,0.14
South Africa,ZAF,2022-08-03,3,0,0,0,0.14
South Africa,ZAF,2022-08-04,3,0,0,0,0.14
South Africa,ZAF,2022-08-05,3,0,0,0,0.14
South Africa,ZAF,2022-08-06,3,0,0,0,0.14
South Africa,ZAF,2022-08-07,3,0,0,0,0
South Africa,ZAF,2022-08-08,3,0,0,0,0
South Africa,ZAF,2022-08-09,3,0,0,0,0
South Africa,ZAF,2022-08-10,3,0,0,0,0
South Africa,ZAF,2022-08-11,3,0,0,0,0
South Africa,ZAF,2022-08-12,3,0,0,0,0
South Africa,ZAF,2022-08-13,3,0,0,0,0
South Africa,ZAF,2022-08-14,3,0,0,0,0
South Africa,ZAF,2022-08-15,3,0,0,0,0
South Africa,ZAF,2022-08-16,3,0,0,0,0
South Africa,ZAF,2022-08-17,3,0,0,0,0
South Africa,ZAF,2022-08-18,3,0,0,0,0
South Africa,ZAF,2022-08-19,3,0,0,0,0
South Africa,ZAF,2022-08-20,3,0,0,0,0
South Africa,ZAF,2022-08-21,4,1,0,0,0.14
South Africa,ZAF,2022-08-22,4,0,0,0,0.14
South Africa,ZAF,2022-08-23,4,0,0,0,0.14
South Africa,ZAF,2022-08-24,4,0,0,0,0.14
South Africa,ZAF,2022-08-25,4,0,0,0,0.14
South Africa,ZAF,2022-08-26,4,0,0,0,0.14
South Africa,ZAF,2022-08-27,4,0,0,0,0.14
South Africa,ZAF,2022-08-28,5,1,0,0,0.14
South Africa,ZAF,2022-08-29,5,0,0,0,0.14
South Africa,ZAF,2022-08-30,5,0,0,0,0.14
South Africa,ZAF,2022-08-31,5,0,0,0,0.14
South Africa,ZAF,2022-09-01,5,0,0,0,0.14
South Africa,ZAF,2022-09-02,5,0,0,0,0.14
South Africa,ZAF,2022-09-03,5,0,0,0,0.14
South Africa,ZAF,2022-09-04,5,0,0,0,0
South Africa,ZAF,2022-09-05,5,0,0,0,0
South Africa,ZAF,2022-09-06,5,0,0,0,0
South Africa,ZAF,2022-09-07,5,0,0,0,0
South Africa,ZAF,2022-09-08,5,0,0,0,0
South Africa,ZAF,2022-09-09,5,0,0,0,0
South Africa,ZAF,2022-09-10,5,0,0,0,0
South Africa,ZAF,2022-09-11,5,0,0,0,0
South Africa,ZAF,2022-09-12,5,0,0,0,0
South Africa,ZAF,2022-09-13,5,0,0,0,0
South Africa,ZAF,2022-09-14,5,0,0,0,0
South Africa,ZAF,2022-09-15,5,0,0,0,0
South Africa,ZAF,2022-09-16,5,0,0,0,0
South Africa,ZAF,2022-09-17,5,0,0,0,0
South Africa,ZAF,2022-09-18,5,0,0,0,0
South Africa,ZAF,2022-09-19,5,0,0,0,0
South Africa,ZAF,2022-09-20,5,0,0,0,0
South Africa,ZAF,2022-09-21,5,0,0,0,0
South Africa,ZAF,2022-09-22,5,0,0,0,0
South Africa,ZAF,2022-09-23,5,0,0,0,0
South Africa,ZAF,2022-09-24,5,0,0,0,0
South Africa,ZAF,2022-09-25,5,0,0,0,0
South Africa,ZAF,2022-09-26,5,0,0,0,0
South Africa,ZAF,2022-09-27,5,0,0,0,0
South Africa,ZAF,2022-09-28,5,0,0,0,0
South Africa,ZAF,2022-09-29,5,0,0,0,0
South Africa,ZAF,2022-09-30,5,0,0,0,0
South Africa,ZAF,2022-10-01,5,0,0,0,0
South Africa,ZAF,2022-10-02,5,0,0,0,0
South Africa,ZAF,2022-10-03,5,0,0,0,0
South Africa,ZAF,2022-10-04,5,0,0,0,0
South Africa,ZAF,2022-10-05,5,0,0,0,0
South Africa,ZAF,2022-10-06,5,0,0,0,0
South Africa,ZAF,2022-10-07,5,0,0,0,0
South Africa,ZAF,2022-10-08,5,0,0,0,0
South Africa,ZAF,2022-10-09,5,0,0,0,0
South Africa,ZAF,2022-10-10,5,0,0,0,0
South Africa,ZAF,2022-10-11,5,0,0,0,0
South Africa,ZAF,2022-10-12,5,0,0,0,0
South Africa,ZAF,2022-10-13,5,0,0,0,0
South Africa,ZAF,2022-10-14,5,0,0,0,0
South Africa,ZAF,2022-10-15,5,0,0,0,0
South Africa,ZAF,2022-10-16,5,0,0,0,0
South Africa,ZAF,2022-10-17,5,0,0,0,0
South Africa,ZAF,2022-10-18,5,0,0,0,0
South Africa,ZAF,2022-10-19,5,0,0,0,0
South Africa,ZAF,2022-10-20,5,0,0,0,0
South Africa,ZAF,2022-10-21,5,0,0,0,0
South Africa,ZAF,2022-10-22,5,0,0,0,0
South Africa,ZAF,2022-10-23,5,0,0,0,0
South Africa,ZAF,2022-10-24,5,0,0,0,0
South Africa,ZAF,2022-10-25,5,0,0,0,0
South Africa,ZAF,2022-10-26,5,0,0,0,0
South Africa,ZAF,2022-10-27,5,0,0,0,0
South Africa,ZAF,2022-10-28,5,0,0,0,0
South Africa,ZAF,2022-10-29,5,0,0,0,0
South Africa,ZAF,2022-10-30,5,0,0,0,0
South Africa,ZAF,2022-10-31,5,0,0,0,0
South Africa,ZAF,2022-11-01,5,0,0,0,0
South Africa,ZAF,2022-11-02,5,0,0,0,0
South Africa,ZAF,2022-11-03,5,0,0,0,0
South Africa,ZAF,2022-11-04,5,0,0,0,0
South Africa,ZAF,2022-11-05,5,0,0,0,0
South Africa,ZAF,2022-11-06,5,0,0,0,0
South Africa,ZAF,2022-11-07,5,0,0,0,0
South Africa,ZAF,2022-11-08,5,0,0,0,0
South Africa,ZAF,2022-11-09,5,0,0,0,0
South Africa,ZAF,2022-11-10,5,0,0,0,0
South Africa,ZAF,2022-11-11,5,0,0,0,0
South Africa,ZAF,2022-11-12,5,0,0,0,0
South Africa,ZAF,2022-11-13,5,0,0,0,0
South Africa,ZAF,2022-11-14,5,0,0,0,0
South Africa,ZAF,2022-11-15,5,0,0,0,0
South Africa,ZAF,2022-11-16,5,0,0,0,0
South Africa,ZAF,2022-11-17,5,0,0,0,0
South Africa,ZAF,2022-11-18,5,0,0,0,0
South Africa,ZAF,2022-11-19,5,0,0,0,0
South Africa,ZAF,2022-11-20,5,0,0,0,0
South Africa,ZAF,2022-11-21,5,0,0,0,0
South Africa,ZAF,2022-11-22,5,0,0,0,0
South Africa,ZAF,2022-11-23,5,0,0,0,0
South Africa,ZAF,2022-11-24,5,0,0,0,0
South Africa,ZAF,2022-11-25,5,0,0,0,0
South Africa,ZAF,2022-11-26,5,0,0,0,0
South Africa,ZAF,2022-11-27,5,0,0,0,0
South Africa,ZAF,2022-11-28,5,0,0,0,0
South Africa,ZAF,2022-11-29,5,0,0,0,0
South Africa,ZAF,2022-11-30,5,0,0,0,0
South Africa,ZAF,2022-12-01,5,0,0,0,0
South Africa,ZAF,2022-12-02,5,0,0,0,0
South Africa,ZAF,2022-12-03,5,0,0,0,0
South Africa,ZAF,2022-12-04,5,0,0,0,0
South Africa,ZAF,2022-12-05,5,0,0,0,0
South Africa,ZAF,2022-12-06,5,0,0,0,0
South Africa,ZAF,2022-12-07,5,0,0,0,0
South Africa,ZAF,2022-12-08,5,0,0,0,0
South Africa,ZAF,2022-12-09,5,0,0,0,0
South Africa,ZAF,2022-12-10,5,0,0,0,0
South Africa,ZAF,2022-12-11,5,0,0,0,0
South Africa,ZAF,2022-12-12,5,0,0,0,0
South Africa,ZAF,2022-12-13,5,0,0,0,0
South Africa,ZAF,2022-12-14,5,0,0,0,0
South Africa,ZAF,2022-12-15,5,0,0,0,0
South Africa,ZAF,2022-12-16,5,0,0,0,0
South Africa,ZAF,2022-12-17,5,0,0,0,0
South Africa,ZAF,2022-12-18,5,0,0,0,0
South Africa,ZAF,2022-12-19,5,0,0,0,0
South Africa,ZAF,2022-12-20,5,0,0,0,0
South Africa,ZAF,2022-12-21,5,0,0,0,0
South Africa,ZAF,2022-12-22,5,0,0,0,0
South Africa,ZAF,2022-12-23,5,0,0,0,0
South Africa,ZAF,2022-12-24,5,0,0,0,0
South Africa,ZAF,2022-12-25,5,0,0,0,0
South Africa,ZAF,2022-12-26,5,0,0,0,0
South Africa,ZAF,2022-12-27,5,0,0,0,0
South Africa,ZAF,2022-12-28,5,0,0,0,0
South Africa,ZAF,2022-12-29,5,0,0,0,0
South Africa,ZAF,2022-12-30,5,0,0,0,0
South Africa,ZAF,2022-12-31,5,0,0,0,0
South Africa,ZAF,2023-01-01,5,0,0,0,0
South Africa,ZAF,2023-01-02,5,0,0,0,0
South Africa,ZAF,2023-01-03,5,0,0,0,0
South Africa,ZAF,2023-01-04,5,0,0,0,0
South Africa,ZAF,2023-01-05,5,0,0,0,0
South Africa,ZAF,2023-01-06,5,0,0,0,0
South Africa,ZAF,2023-01-07,5,0,0,0,0
South Africa,ZAF,2023-01-08,5,0,0,0,0
South Africa,ZAF,2023-01-09,5,0,0,0,0
South Africa,ZAF,2023-01-10,5,0,0,0,0
South Africa,ZAF,2023-01-11,5,0,0,0,0
South Africa,ZAF,2023-01-12,5,0,0,0,0
South Africa,ZAF,2023-01-13,5,0,0,0,0
South Africa,ZAF,2023-01-14,5,0,0,0,0
South Africa,ZAF,2023-01-15,5,0,0,0,0
South Africa,ZAF,2023-01-16,5,0,0,0,0
South Africa,ZAF,2023-01-17,5,0,0,0,0
South Africa,ZAF,2023-01-18,5,0,0,0,0
South Africa,ZAF,2023-01-19,5,0,0,0,0
South Africa,ZAF,2023-01-20,5,0,0,0,0
South Africa,ZAF,2023-01-21,5,0,0,0,0
South Africa,ZAF,2023-01-22,5,0,0,0,0
South Africa,ZAF,2023-01-23,5,0,0,0,0
South Africa,ZAF,2023-01-24,5,0,0,0,0
South Africa,ZAF,2023-01-25,5,0,0,0,0
South Africa,ZAF,2023-01-26,5,0,0,0,0
South Africa,ZAF,2023-01-27,5,0,0,0,0
South Africa,ZAF,2023-01-28,5,0,0,0,0
South Africa,ZAF,2023-01-29,5,0,0,0,0
South Africa,ZAF,2023-01-30,5,0,0,0,0
South Africa,ZAF,2023-01-31,5,0,0,0,0
South Africa,ZAF,2023-02-01,5,0,0,0,0
South Africa,ZAF,2023-02-02,5,0,0,0,0
South Africa,ZAF,2023-02-03,5,0,0,0,0
South Africa,ZAF,2023-02-04,5,0,0,0,0
South Africa,ZAF,2023-02-05,5,0,0,0,0
South Africa,ZAF,2023-02-06,5,0,0,0,0
South Africa,ZAF,2023-02-07,5,0,0,0,0
South Africa,ZAF,2023-02-08,5,0,0,0,0
South Africa,ZAF,2023-02-09,5,0,0,0,0
South Africa,ZAF,2023-02-10,5,0,0,0,0
South Africa,ZAF,2023-02-11,5,0,0,0,0
South Africa,ZAF,2023-02-12,5,0,0,0,0
South Africa,ZAF,2023-02-13,5,0,0,0,0
South Africa,ZAF,2023-02-14,5,0,0,0,0
South Africa,ZAF,2023-02-15,5,0,0,0,0
South Africa,ZAF,2023-02-16,5,0,0,0,0
South Africa,ZAF,2023-02-17,5,0,0,0,0
South Africa,ZAF,2023-02-18,5,0,0,0,0
South Africa,ZAF,2023-02-19,5,0,0,0,0
South Africa,ZAF,2023-02-20,5,0,0,0,0
South Africa,ZAF,2023-02-21,5,0,0,0,0
South Africa,ZAF,2023-02-22,5,0,0,0,0
South Africa,ZAF,2023-02-23,5,0,0,0,0
South Africa,ZAF,2023-02-24,5,0,0,0,0
South Africa,ZAF,2023-02-25,5,0,0,0,0
South Africa,ZAF,2023-02-26,5,0,0,0,0
South Africa,ZAF,2023-02-27,5,0,0,0,0
South Africa,ZAF,2023-02-28,5,0,0,0,0
South Africa,ZAF,2023-03-01,5,0,0,0,0
South Africa,ZAF,2023-03-02,5,0,0,0,0
South Africa,ZAF,2023-03-03,5,0,0,0,0
South Africa,ZAF,2023-03-04,5,0,0,0,0
South Africa,ZAF,2023-03-05,5,0,0,0,0
South Africa,ZAF,2023-03-06,5,0,0,0,0
South Africa,ZAF,2023-03-07,5,0,0,0,0
South Africa,ZAF,2023-03-08,5,0,0,0,0
South Africa,ZAF,2023-03-09,5,0,0,0,0
South Africa,ZAF,2023-03-10,5,0,0,0,0
South Africa,ZAF,2023-03-11,5,0,0,0,0
South Africa,ZAF,2023-03-12,5,0,0,0,0
South Africa,ZAF,2023-03-13,5,0,0,0,0
South Africa,ZAF,2023-03-14,5,0,0,0,0
South Africa,ZAF,2023-03-15,5,0,0,0,0
South Africa,ZAF,2023-03-16,5,0,0,0,0
South Africa,ZAF,2023-03-17,5,0,0,0,0
South Africa,ZAF,2023-03-18,5,0,0,0,0
South Africa,ZAF,2023-03-19,5,0,0,0,0
South Africa,ZAF,2023-03-20,5,0,0,0,0
South Africa,ZAF,2023-03-21,5,0,0,0,0
South Africa,ZAF,2023-03-22,5,0,0,0,0
South Africa,ZAF,2023-03-23,5,0,0,0,0
South Africa,ZAF,2023-03-24,5,0,0,0,0
South Africa,ZAF,2023-03-25,5,0,0,0,0
South Africa,ZAF,2023-03-26,5,0,0,0,0
South Africa,ZAF,2023-03-27,5,0,0,0,0
South Africa,ZAF,2023-03-28,5,0,0,0,0
South Africa,ZAF,2023-03-29,5,0,0,0,0
South Africa,ZAF,2023-03-30,5,0,0,0,0
South Africa,ZAF,2023-03-31,5,0,0,0,0
South Africa,ZAF,2023-04-01,5,0,0,0,0
South Africa,ZAF,2023-04-02,5,0,0,0,0
South Africa,ZAF,2023-04-03,5,0,0,0,0
South Africa,ZAF,2023-04-04,5,0,0,0,0
South Africa,ZAF,2023-04-05,5,0,0,0,0
South Africa,ZAF,2023-04-06,5,0,0,0,0
South Africa,ZAF,2023-04-07,5,0,0,0,0
South Africa,ZAF,2023-04-08,5,0,0,0,0
South Africa,ZAF,2023-04-09,5,0,0,0,0
South Africa,ZAF,2023-04-10,5,0,0,0,0
South Africa,ZAF,2023-04-11,5,0,0,0,0
South Africa,ZAF,2023-04-12,5,0,0,0,0
South Africa,ZAF,2023-04-13,5,0,0,0,0
South Africa,ZAF,2023-04-14,5,0,0,0,0
South Africa,ZAF,2023-04-15,5,0,0,0,0
South Africa,ZAF,2023-04-16,5,0,0,0,0
South Africa,ZAF,2023-04-17,5,0,0,0,0
South Africa,ZAF,2023-04-18,5,0,0,0,0
South Africa,ZAF,2023-04-19,5,0,0,0,0
South Africa,ZAF,2023-04-20,5,0,0,0,0
South Africa,ZAF,2023-04-21,5,0,0,0,0
South Africa,ZAF,2023-04-22,5,0,0,0,0
South Africa,ZAF,2023-04-23,5,0,0,0,0
South Africa,ZAF,2023-04-24,5,0,0,0,0
South Africa,ZAF,2023-04-25,5,0,0,0,0
South Africa,ZAF,2023-04-26,5,0,0,0,0
South Africa,ZAF,2023-04-27,5,0,0,0,0
South Africa,ZAF,2023-04-28,5,0,0,0,0
South Africa,ZAF,2023-04-29,5,0,0,0,0
South Africa,ZAF,2023-04-30,5,0,0,0,0
South Africa,ZAF,2023-05-01,5,0,0,0,0
South Africa,ZAF,2023-05-02,5,0,0,0,0
South Africa,ZAF,2023-05-03,5,0,0,0,0
South Africa,ZAF,2023-05-04,5,0,0,0,0
South Africa,ZAF,2023-05-05,5,0,0,0,0
South Africa,ZAF,2023-05-06,5,0,0,0,0
South Africa,ZAF,2023-05-07,5,0,0,0,0
South Africa,ZAF,2023-05-08,5,0,0,0,0
South Africa,ZAF,2023-05-09,5,0,0,0,0
South Africa,ZAF,2023-05-10,5,0,0,0,0
South Africa,ZAF,2023-05-11,5,0,0,0,0
South Africa,ZAF,2023-05-12,5,0,0,0,0
South Africa,ZAF,2023-05-13,5,0,0,0,0
South Africa,ZAF,2023-05-14,5,0,0,0,0
South Africa,ZAF,2023-05-15,5,0,0,0,0
South Africa,ZAF,2023-05-16,5,0,0,0,0
South Africa,ZAF,2023-05-17,5,0,0,0,0
South Africa,ZAF,2023-05-18,5,0,0,0,0
South Africa,ZAF,2023-05-19,5,0,0,0,0
South Africa,ZAF,2023-05-20,5,0,0,0,0
South Africa,ZAF,2023-05-21,5,0,0,0,0
South Africa,ZAF,2023-05-22,5,0,0,0,0
South Africa,ZAF,2023-05-23,5,0,0,0,0
South Africa,ZAF,2023-05-24,5,0,0,0,0
South Africa,ZAF,2023-05-25,5,0,0,0,0
South Africa,ZAF,2023-05-26,5,0,0,0,0
South Africa,ZAF,2023-05-27,5,0,0,0,0
South Africa,ZAF,2023-05-28,5,0,0,0,0
South Africa,ZAF,2023-05-29,5,0,0,0,0
South Africa,ZAF,2023-05-30,5,0,0,0,0
South Africa,ZAF,2023-05-31,5,0,0,0,0
South Africa,ZAF,2023-06-01,5,0,0,0,0
South Africa,ZAF,2023-06-02,5,0,0,0,0
South Africa,ZAF,2023-06-03,5,0,0,0,0
South Africa,ZAF,2023-06-04,5,0,0,0,0
South Africa,ZAF,2023-06-05,5,0,0,0,0
South Africa,ZAF,2023-06-06,5,0,0,0,0
South Africa,ZAF,2023-06-07,5,0,0,0,0
South Africa,ZAF,2023-06-08,5,0,0,0,0
South Africa,ZAF,2023-06-09,5,0,0,0,0
South Africa,ZAF,2023-06-10,5,0,0,0,0
South Africa,ZAF,2023-06-11,5,0,0,0,0
South Africa,ZAF,2023-06-12,5,0,0,0,0
South Africa,ZAF,2023-06-13,5,0,0,0,0
South Africa,ZAF,2023-06-14,5,0,0,0,0
South Africa,ZAF,2023-06-15,5,0,0,0,0
South Africa,ZAF,2023-06-16,5,0,0,0,0
South Africa,ZAF,2023-06-17,5,0,0,0,0
South Africa,ZAF,2023-06-18,5,0,0,0,0
South Africa,ZAF,2023-06-19,5,0,0,0,0
South Africa,ZAF,2023-06-20,5,0,0,0,0
South Africa,ZAF,2023-06-21,5,0,0,0,0
South Africa,ZAF,2023-06-22,5,0,0,0,0
South Africa,ZAF,2023-06-23,5,0,0,0,0
South Africa,ZAF,2023-06-24,5,0,0,0,0
South Africa,ZAF,2023-06-25,5,0,0,0,0
South Africa,ZAF,2023-06-26,5,0,0,0,0
South Africa,ZAF,2023-06-27,5,0,0,0,0
South Africa,ZAF,2023-06-28,5,0,0,0,0
South Africa,ZAF,2023-06-29,5,0,0,0,0
South Africa,ZAF,2023-06-30,5,0,0,0,0
South Africa,ZAF,2023-07-01,5,0,0,0,0
South Africa,ZAF,2023-07-02,5,0,0,0,0
South Africa,ZAF,2023-07-03,5,0,0,0,0
South Africa,ZAF,2023-07-04,5,0,0,0,0
South Africa,ZAF,2023-07-05,5,0,0,0,0
South Africa,ZAF,2023-07-06,5,0,0,0,0
South Africa,ZAF,2023-07-07,5,0,0,0,0
South Africa,ZAF,2023-07-08,5,0,0,0,0
South Africa,ZAF,2023-07-09,5,0,0,0,0
South Africa,ZAF,2023-07-10,5,0,0,0,0
South Africa,ZAF,2023-07-11,5,0,0,0,0
South Africa,ZAF,2023-07-12,5,0,0,0,0
South Africa,ZAF,2023-07-13,5,0,0,0,0
South Africa,ZAF,2023-07-14,5,0,0,0,0
South Africa,ZAF,2023-07-15,5,0,0,0,0
South Africa,ZAF,2023-07-16,5,0,0,0,0
South Africa,ZAF,2023-07-17,5,0,0,0,0
South Africa,ZAF,2023-07-18,5,0,0,0,0
South Africa,ZAF,2023-07-19,5,0,0,0,0
South Africa,ZAF,2023-07-20,5,0,0,0,0
South Africa,ZAF,2023-07-21,5,0,0,0,0
South Africa,ZAF,2023-07-22,5,0,0,0,0
South Africa,ZAF,2023-07-23,5,0,0,0,0
South Africa,ZAF,2023-07-24,5,0,0,0,0
South Africa,ZAF,2023-07-25,5,0,0,0,0
South Africa,ZAF,2023-07-26,5,0,0,0,0
South Africa,ZAF,2023-07-27,5,0,0,0,0
South Africa,ZAF,2023-07-28,5,0,0,0,0
South Africa,ZAF,2023-07-29,5,0,0,0,0
South Africa,ZAF,2023-07-30,5,0,0,0,0
South Africa,ZAF,2023-07-31,5,0,0,0,0
South Africa,ZAF,2023-08-01,5,0,0,0,0
South Africa,ZAF,2023-08-02,5,0,0,0,0
South Africa,ZAF,2023-08-03,5,0,0,0,0
South Africa,ZAF,2023-08-04,5,0,0,0,0
South Africa,ZAF,2023-08-05,5,0,0,0,0
South Africa,ZAF,2023-08-06,5,0,0,0,0
South Africa,ZAF,2023-08-07,5,0,0,0,0
South Africa,ZAF,2023-08-08,5,0,0,0,0
South Africa,ZAF,2023-08-09,5,0,0,0,0
South Africa,ZAF,2023-08-10,5,0,0,0,0
South Africa,ZAF,2023-08-11,5,0,0,0,0
South Africa,ZAF,2023-08-12,5,0,0,0,0
South Africa,ZAF,2023-08-13,5,0,0,0,0
South Africa,ZAF,2023-08-14,5,0,0,0,0
South Africa,ZAF,2023-08-15,5,0,0,0,0
South Africa,ZAF,2023-08-16,5,0,0,0,0
South Africa,ZAF,2023-08-17,5,0,0,0,0
South Africa,ZAF,2023-08-18,5,0,0,0,0
South Africa,ZAF,2023-08-19,5,0,0,0,0
South Africa,ZAF,2023-08-20,5,0,0,0,0
South Africa,ZAF,2023-08-21,5,0,0,0,0
South Africa,ZAF,2023-08-22,5,0,0,0,0
South Africa,ZAF,2023-08-23,5,0,0,0,0
South Africa,ZAF,2023-08-24,5,0,0,0,0
South Africa,ZAF,2023-08-25,5,0,0,0,0
South Africa,ZAF,2023-08-26,5,0,0,0,0
South Africa,ZAF,2023-08-27,5,0,0,0,0
South Africa,ZAF,2023-08-28,5,0,0,0,0
South Africa,ZAF,2023-08-29,5,0,0,0,0
South Africa,ZAF,2023-08-30,5,0,0,0,0
South Africa,ZAF,2023-08-31,5,0,0,0,0
South Africa,ZAF,2023-09-01,5,0,0,0,0
South Africa,ZAF,2023-09-02,5,0,0,0,0
South Africa,ZAF,2023-09-03,5,0,0,0,0
South Africa,ZAF,2023-09-04,5,0,0,0,0
South Africa,ZAF,2023-09-05,5,0,0,0,0
South Africa,ZAF,2023-09-06,5,0,0,0,0
South Africa,ZAF,2023-09-07,5,0,0,0,0
South Africa,ZAF,2023-09-08,5,0,0,0,0
South Africa,ZAF,2023-09-09,5,0,0,0,0
South Africa,ZAF,2023-09-10,5,0,0,0,0
South Africa,ZAF,2023-09-11,5,0,0,0,0
South Africa,ZAF,2023-09-12,5,0,0,0,0
South Africa,ZAF,2023-09-13,5,0,0,0,0
South Africa,ZAF,2023-09-14,5,0,0,0,0
South Africa,ZAF,2023-09-15,5,0,0,0,0
South Africa,ZAF,2023-09-16,5,0,0,0,0
South Africa,ZAF,2023-09-17,5,0,0,0,0
South Africa,ZAF,2023-09-18,5,0,0,0,0
South Africa,ZAF,2023-09-19,5,0,0,0,0
South Africa,ZAF,2023-09-20,5,0,0,0,0
South Africa,ZAF,2023-09-21,5,0,0,0,0
South Africa,ZAF,2023-09-22,5,0,0,0,0
South Africa,ZAF,2023-09-23,5,0,0,0,0
South Africa,ZAF,2023-09-24,5,0,0,0,0
South Africa,ZAF,2023-09-25,5,0,0,0,0
South Africa,ZAF,2023-09-26,5,0,0,0,0
South Africa,ZAF,2023-09-27,5,0,0,0,0
South Africa,ZAF,2023-09-28,5,0,0,0,0
South Africa,ZAF,2023-09-29,5,0,0,0,0
South Africa,ZAF,2023-09-30,5,0,0,0,0
South Africa,ZAF,2023-10-01,5,0,0,0,0
South Africa,ZAF,2023-10-02,5,0,0,0,0
South Africa,ZAF,2023-10-03,5,0,0,0,0
South Africa,ZAF,2023-10-04,5,0,0,0,0
South Africa,ZAF,2023-10-05,5,0,0,0,0
South Africa,ZAF,2023-10-06,5,0,0,0,0
South Africa,ZAF,2023-10-07,5,0,0,0,0
South Africa,ZAF,2023-10-08,5,0,0,0,0
South Africa,ZAF,2023-10-09,5,0,0,0,0
South Africa,ZAF,2023-10-10,5,0,0,0,0
South Africa,ZAF,2023-10-11,5,0,0,0,0
South Africa,ZAF,2023-10-12,5,0,0,0,0
South Africa,ZAF,2023-10-13,5,0,0,0,0
South Africa,ZAF,2023-10-14,5,0,0,0,0
South Africa,ZAF,2023-10-15,5,0,0,0,0
South Africa,ZAF,2023-10-16,5,0,0,0,0
South Africa,ZAF,2023-10-17,5,0,0,0,0
South Africa,ZAF,2023-10-18,5,0,0,0,0
South Africa,ZAF,2023-10-19,5,0,0,0,0
South Africa,ZAF,2023-10-20,5,0,0,0,0
South Africa,ZAF,2023-10-21,5,0,0,0,0
South Africa,ZAF,2023-10-22,5,0,0,0,0
South Africa,ZAF,2023-10-23,5,0,0,0,0
South Africa,ZAF,2023-10-24,5,0,0,0,0
South Africa,ZAF,2023-10-25,5,0,0,0,0
South Africa,ZAF,2023-10-26,5,0,0,0,0
South Africa,ZAF,2023-10-27,5,0,0,0,0
South Africa,ZAF,2023-10-28,5,0,0,0,0
South Africa,ZAF,2023-10-29,5,0,0,0,0
South Africa,ZAF,2023-10-30,5,0,0,0,0
South Africa,ZAF,2023-10-31,5,0,0,0,0
South Africa,ZAF,2023-11-01,5,0,0,0,0
South Africa,ZAF,2023-11-02,5,0,0,0,0
South Africa,ZAF,2023-11-03,5,0,0,0,0
South Africa,ZAF,2023-11-04,5,0,0,0,0
South Africa,ZAF,2023-11-05,5,0,0,0,0
South Africa,ZAF,2023-11-06,5,0,0,0,0
South Africa,ZAF,2023-11-07,5,0,0,0,0
South Africa,ZAF,2023-11-08,5,0,0,0,0
South Africa,ZAF,2023-11-09,5,0,0,0,0
South Africa,ZAF,2023-11-10,5,0,0,0,0
South Africa,ZAF,2023-11-11,5,0,0,0,0
South Africa,ZAF,2023-11-12,5,0,0,0,0
South Africa,ZAF,2023-11-13,5,0,0,0,0
South Africa,ZAF,2023-11-14,5,0,0,0,0
South Africa,ZAF,2023-11-15,5,0,0,0,0
South Africa,ZAF,2023-11-16,5,0,0,0,0
South Africa,ZAF,2023-11-17,5,0,0,0,0
South Africa,ZAF,2023-11-18,5,0,0,0,0
South Africa,ZAF,2023-11-19,5,0,0,0,0
South Africa,ZAF,2023-11-20,5,0,0,0,0
South Africa,ZAF,2023-11-21,5,0,0,0,0
South Africa,ZAF,2023-11-22,5,0,0,0,0
South Africa,ZAF,2023-11-23,5,0,0,0,0
South Africa,ZAF,2023-11-24,5,0,0,0,0
South Africa,ZAF,2023-11-25,5,0,0,0,0
South Africa,ZAF,2023-11-26,5,0,0,0,0
South Africa,ZAF,2023-11-27,5,0,0,0,0
South Africa,ZAF,2023-11-28,5,0,0,0,0
South Africa,ZAF,2023-11-29,5,0,0,0,0
South Africa,ZAF,2023-11-30,5,0,0,0,0
South Africa,ZAF,2023-12-01,5,0,0,0,0
South Africa,ZAF,2023-12-02,5,0,0,0,0
South Africa,ZAF,2023-12-03,5,0,0,0,0
South Africa,ZAF,2023-12-04,5,0,0,0,0
South Africa,ZAF,2023-12-05,5,0,0,0,0
South Africa,ZAF,2023-12-06,5,0,0,0,0
South Africa,ZAF,2023-12-07,5,0,0,0,0
South Africa,ZAF,2023-12-08,5,0,0,0,0
South Africa,ZAF,2023-12-09,5,0,0,0,0
South Africa,ZAF,2023-12-10,5,0,0,0,0
South Africa,ZAF,2023-12-11,5,0,0,0,0
South Africa,ZAF,2023-12-12,5,0,0,0,0
South Africa,ZAF,2023-12-13,5,0,0,0,0
South Africa,ZAF,2023-12-14,5,0,0,0,0
South Africa,ZAF,2023-12-15,5,0,0,0,0
South Africa,ZAF,2023-12-16,5,0,0,0,0
South Africa,ZAF,2023-12-17,5,0,0,0,0
South Africa,ZAF,2023-12-18,5,0,0,0,0
South Africa,ZAF,2023-12-19,5,0,0,0,0
South Africa,ZAF,2023-12-20,5,0,0,0,0
South Africa,ZAF,2023-12-21,5,0,0,0,0
South Africa,ZAF,2023-12-22,5,0,0,0,0
South Africa,ZAF,2023-12-23,5,0,0,0,0
South Africa,ZAF,2023-12-24,5,0,0,0,0
South Africa,ZAF,2023-12-25,5,0,0,0,0
South Africa,ZAF,2023-12-26,5,0,0,0,0
South Africa,ZAF,2023-12-27,5,0,0,0,0
South Africa,ZAF,2023-12-28,5,0,0,0,0
South Africa,ZAF,2023-12-29,5,0,0,0,0
South Africa,ZAF,2023-12-30,5,0,0,0,0
South Africa,ZAF,2023-12-31,5,0,0,0,0
South Africa,ZAF,2024-01-01,5,0,0,0,0
South Africa,ZAF,2024-01-02,5,0,0,0,0
South Africa,ZAF,2024-01-03,5,0,0,0,0
South Africa,ZAF,2024-01-04,5,0,0,0,0
South Africa,ZAF,2024-01-05,5,0,0,0,0
South Africa,ZAF,2024-01-06,5,0,0,0,0
South Africa,ZAF,2024-01-07,5,0,0,0,0
South Africa,ZAF,2024-01-08,5,0,0,0,0
South Africa,ZAF,2024-01-09,5,0,0,0,0
South Africa,ZAF,2024-01-10,5,0,0,0,0
South Africa,ZAF,2024-01-11,5,0,0,0,0
South Africa,ZAF,2024-01-12,5,0,0,0,0
South Africa,ZAF,2024-01-13,5,0,0,0,0
South Africa,ZAF,2024-01-14,5,0,0,0,0
South Africa,ZAF,2024-01-15,5,0,0,0,0
South Africa,ZAF,2024-01-16,5,0,0,0,0
South Africa,ZAF,2024-01-17,5,0,0,0,0
South Africa,ZAF,2024-01-18,5,0,0,0,0
South Africa,ZAF,2024-01-19,5,0,0,0,0
South Africa,ZAF,2024-01-20,5,0,0,0,0
South Africa,ZAF,2024-01-21,5,0,0,0,0
South Africa,ZAF,2024-01-22,5,0,0,0,0
South Africa,ZAF,2024-01-23,5,0,0,0,0
South Africa,ZAF,2024-01-24,5,0,0,0,0
South Africa,ZAF,2024-01-25,5,0,0,0,0
South Africa,ZAF,2024-01-26,5,0,0,0,0
South Africa,ZAF,2024-01-27,5,0,0,0,0
South Africa,ZAF,2024-01-28,5,0,0,0,0
South Africa,ZAF,2024-01-29,5,0,0,0,0
South Africa,ZAF,2024-01-30,5,0,0,0,0
South Africa,ZAF,2024-01-31,5,0,0,0,0
South Africa,ZAF,2024-02-01,5,0,0,0,0
South Africa,ZAF,2024-02-02,5,0,0,0,0
South Africa,ZAF,2024-02-03,5,0,0,0,0
South Africa,ZAF,2024-02-04,5,0,0,0,0
South Africa,ZAF,2024-02-05,5,0,0,0,0
South Africa,ZAF,2024-02-06,5,0,0,0,0
South Africa,ZAF,2024-02-07,5,0,0,0,0
South Africa,ZAF,2024-02-08,5,0,0,0,0
South Africa,ZAF,2024-02-09,5,0,0,0,0
South Africa,ZAF,2024-02-10,5,0,0,0,0
South Africa,ZAF,2024-02-11,5,0,0,0,0
South Africa,ZAF,2024-02-12,5,0,0,0,0
South Africa,ZAF,2024-02-13,5,0,0,0,0
South Africa,ZAF,2024-02-14,5,0,0,0,0
South Africa,ZAF,2024-02-15,5,0,0,0,0
South Africa,ZAF,2024-02-16,5,0,0,0,0
South Africa,ZAF,2024-02-17,5,0,0,0,0
South Africa,ZAF,2024-02-18,5,0,0,0,0
South Africa,ZAF,2024-02-19,5,0,0,0,0
South Africa,ZAF,2024-02-20,5,0,0,0,0
South Africa,ZAF,2024-02-21,5,0,0,0,0
South Africa,ZAF,2024-02-22,5,0,0,0,0
South Africa,ZAF,2024-02-23,5,0,0,0,0
South Africa,ZAF,2024-02-24,5,0,0,0,0
South Africa,ZAF,2024-02-25,5,0,0,0,0
South Africa,ZAF,2024-02-26,5,0,0,0,0
South Africa,ZAF,2024-02-27,5,0,0,0,0
South Africa,ZAF,2024-02-28,5,0,0,0,0
South Africa,ZAF,2024-02-29,5,0,0,0,0
South Africa,ZAF,2024-03-01,5,0,0,0,0
South Africa,ZAF,2024-03-02,5,0,0,0,0
South Africa,ZAF,2024-03-03,5,0,0,0,0
South Africa,ZAF,2024-03-04,5,0,0,0,0
South Africa,ZAF,2024-03-05,5,0,0,0,0
South Africa,ZAF,2024-03-06,5,0,0,0,0
South Africa,ZAF,2024-03-07,5,0,0,0,0
South Africa,ZAF,2024-03-08,5,0,0,0,0
South Africa,ZAF,2024-03-09,5,0,0,0,0
South Africa,ZAF,2024-03-10,5,0,0,0,0
South Africa,ZAF,2024-03-11,5,0,0,0,0
South Africa,ZAF,2024-03-12,5,0,0,0,0
South Africa,ZAF,2024-03-13,5,0,0,0,0
South Africa,ZAF,2024-03-14,5,0,0,0,0
South Africa,ZAF,2024-03-15,5,0,0,0,0
South Africa,ZAF,2024-03-16,5,0,0,0,0
South Africa,ZAF,2024-03-17,5,0,0,0,0
South Africa,ZAF,2024-03-18,5,0,0,0,0
South Africa,ZAF,2024-03-19,5,0,0,0,0
South Africa,ZAF,2024-03-20,5,0,0,0,0
South Africa,ZAF,2024-03-21,5,0,0,0,0
South Africa,ZAF,2024-03-22,5,0,0,0,0
South Africa,ZAF,2024-03-23,5,0,0,0,0
South Africa,ZAF,2024-03-24,5,0,0,0,0
South Africa,ZAF,2024-03-25,5,0,0,0,0
South Africa,ZAF,2024-03-26,5,0,0,0,0
South Africa,ZAF,2024-03-27,5,0,0,0,0
South Africa,ZAF,2024-03-28,5,0,0,0,0
South Africa,ZAF,2024-03-29,5,0,0,0,0
South Africa,ZAF,2024-03-30,5,0,0,0,0
South Africa,ZAF,2024-03-31,5,0,0,0,0
South Africa,ZAF,2024-04-01,5,0,0,0,0
South Africa,ZAF,2024-04-02,5,0,0,0,0
South Africa,ZAF,2024-04-03,5,0,0,0,0
South Africa,ZAF,2024-04-04,5,0,0,0,0
South Africa,ZAF,2024-04-05,5,0,0,0,0
South Africa,ZAF,2024-04-06,5,0,0,0,0
South Africa,ZAF,2024-04-07,5,0,0,0,0
South Africa,ZAF,2024-04-08,5,0,0,0,0
South Africa,ZAF,2024-04-09,5,0,0,0,0
South Africa,ZAF,2024-04-10,5,0,0,0,0
South Africa,ZAF,2024-04-11,5,0,0,0,0
South Africa,ZAF,2024-04-12,5,0,0,0,0
South Africa,ZAF,2024-04-13,5,0,0,0,0
South Africa,ZAF,2024-04-14,5,0,0,0,0
South Africa,ZAF,2024-04-15,5,0,0,0,0
South Africa,ZAF,2024-04-16,5,0,0,0,0
South Africa,ZAF,2024-04-17,5,0,0,0,0
South Africa,ZAF,2024-04-18,5,0,0,0,0
South Africa,ZAF,2024-04-19,5,0,0,0,0
South Africa,ZAF,2024-04-20,5,0,0,0,0
South Africa,ZAF,2024-04-21,5,0,0,0,0
South Africa,ZAF,2024-04-22,5,0,0,0,0
South Africa,ZAF,2024-04-23,5,0,0,0,0
South Africa,ZAF,2024-04-24,5,0,0,0,0
South Africa,ZAF,2024-04-25,5,0,0,0,0
South Africa,ZAF,2024-04-26,5,0,0,0,0
South Africa,ZAF,2024-04-27,5,0,0,0,0
South Africa,ZAF,2024-04-28,5,0,0,0,0
South Africa,ZAF,2024-04-29,5,0,0,0,0
South Africa,ZAF,2024-04-30,5,0,0,0,0
South Africa,ZAF,2024-05-01,5,0,0,0,0
South Africa,ZAF,2024-05-02,5,0,0,0,0
South Africa,ZAF,2024-05-03,5,0,0,0,0
South Africa,ZAF,2024-05-04,5,0,0,0,0
South Africa,ZAF,2024-05-05,5,0,0,0,0
South Africa,ZAF,2024-05-06,5,0,0,0,0
South Africa,ZAF,2024-05-07,5,0,0,0,0
South Africa,ZAF,2024-05-08,5,0,0,0,0
South Africa,ZAF,2024-05-09,5,0,0,0,0
South Africa,ZAF,2024-05-10,5,0,0,0,0
South Africa,ZAF,2024-05-11,5,0,0,0,0
South Africa,ZAF,2024-05-12,6,1,0,0,0.14
South Africa,ZAF,2024-05-13,6,0,0,0,0.14
South Africa,ZAF,2024-05-14,6,0,0,0,0.14
South Africa,ZAF,2024-05-15,6,0,0,0,0.14
South Africa,ZAF,2024-05-16,6,0,0,0,0.14
South Africa,ZAF,2024-05-17,6,0,0,0,0.14
South Africa,ZAF,2024-05-18,6,0,0,0,0.14
South Africa,ZAF,2024-05-19,6,0,0,0,0
South Africa,ZAF,2024-05-20,6,0,0,0,0
South Africa,ZAF,2024-05-21,6,0,0,0,0
South Africa,ZAF,2024-05-22,6,0,0,0,0
South Africa,ZAF,2024-05-23,6,0,0,0,0
South Africa,ZAF,2024-05-24,6,0,0,0,0
South Africa,ZAF,2024-05-25,6,0,0,0,0
South Africa,ZAF,2024-05-26,7,1,1,1,0.14
South Africa,ZAF,2024-05-27,7,0,1,0,0.14
South Africa,ZAF,2024-05-28,7,0,1,0,0.14
South Africa,ZAF,2024-05-29,7,0,1,0,0.14
South Africa,ZAF,2024-05-30,7,0,1,0,0.14
South Africa,ZAF,2024-05-31,7,0,1,0,0.14
South Africa,ZAF,2024-06-01,7,0,1,0,0.14
South Africa,ZAF,2024-06-02,8,1,1,0,0.14
South Africa,ZAF,2024-06-03,8,0,1,0,0.14
South Africa,ZAF,2024-06-04,8,0,1,0,0.14
South Africa,ZAF,2024-06-05,8,0,1,0,0.14
South Africa,ZAF,2024-06-06,8,0,1,0,0.14
South Africa,ZAF,2024-06-07,8,0,1,0,0.14
South Africa,ZAF,2024-06-08,8,0,1,0,0.14
South Africa,ZAF,2024-06-09,10,2,2,1,0.29
South Africa,ZAF,2024-06-10,10,0,2,0,0.29
South Africa,ZAF,2024-06-11,10,0,2,0,0.29
South Africa,ZAF,2024-06-12,10,0,2,0,0.29
South Africa,ZAF,2024-06-13,10,0,2,0,0.29
South Africa,ZAF,2024-06-14,10,0,2,0,0.29
South Africa,ZAF,2024-06-15,10,0,2,0,0.29
South Africa,ZAF,2024-06-16,17,7,2,0,1
South Africa,ZAF,2024-06-17,17,0,2,0,1
South Africa,ZAF,2024-06-18,17,0,2,0,1
South Africa,ZAF,2024-06-19,17,0,2,0,1
South Africa,ZAF,2024-06-20,17,0,2,0,1
South Africa,ZAF,2024-06-21,17,0,2,0,1
South Africa,ZAF,2024-06-22,17,0,2,0,1
South Africa,ZAF,2024-06-23,21,4,3,1,0.57
South Africa,ZAF,2024-06-24,21,0,3,0,0.57
South Africa,ZAF,2024-06-25,21,0,3,0,0.57
South Africa,ZAF,2024-06-26,21,0,3,0,0.57
South Africa,ZAF,2024-06-27,21,0,3,0,0.57
South Africa,ZAF,2024-06-28,21,0,3,0,0.57
South Africa,ZAF,2024-06-29,21,0,3,0,0.57
South Africa,ZAF,2024-06-30,21,0,3,0,0
South Africa,ZAF,2024-07-01,21,0,3,0,0
South Africa,ZAF,2024-07-02,21,0,3,0,0
South Africa,ZAF,2024-07-03,21,0,3,0,0
South Africa,ZAF,2024-07-04,21,0,3,0,0
South Africa,ZAF,2024-07-05,21,0,3,0,0
South Africa,ZAF,2024-07-06,21,0,3,0,0
South Africa,ZAF,2024-07-07,25,4,3,0,0.57
South Africa,ZAF,2024-07-08,25,0,3,0,0.57
South Africa,ZAF,2024-07-09,25,0,3,0,0.57
South Africa,ZAF,2024-07-10,25,0,3,0,0.57
South Africa,ZAF,2024-07-11,25,0,3,0,0.57
South Africa,ZAF,2024-07-12,25,0,3,0,0.57
South Africa,ZAF,2024-07-13,25,0,3,0,0.57
South Africa,ZAF,2024-07-14,27,2,3,0,0.29
South Africa,ZAF,2024-07-15,27,0,3,0,0.29
South Africa,ZAF,2024-07-16,27,0,3,0,0.29
South Africa,ZAF,2024-07-17,27,0,3,0,0.29
South Africa,ZAF,2024-07-18,27,0,3,0,0.29
South Africa,ZAF,2024-07-19,27,0,3,0,0.29
South Africa,ZAF,2024-07-20,27,0,3,0,0.29
South Africa,ZAF,2024-07-21,27,0,3,0,0
South Africa,ZAF,2024-07-22,27,0,3,0,0
South Africa,ZAF,2024-07-23,27,0,3,0,0
South Africa,ZAF,2024-07-24,27,0,3,0,0
South Africa,ZAF,2024-07-25,27,0,3,0,0
South Africa,ZAF,2024-07-26,27,0,3,0,0
South Africa,ZAF,2024-07-27,27,0,3,0,0
South Africa,ZAF,2024-07-28,27,0,3,0,0
South Africa,ZAF,2024-07-29,27,0,3,0,0
South Africa,ZAF,2024-07-30,27,0,3,0,0
South Africa,ZAF,2024-07-31,27,0,3,0,0
South Africa,ZAF,2024-08-01,27,0,3,0,0
South Africa,ZAF,2024-08-02,27,0,3,0,0
South Africa,ZAF,2024-08-03,27,0,3,0,0
South Africa,ZAF,2024-08-04,29,2,3,0,0.29
South Africa,ZAF,2024-08-05,29,0,3,0,0.29
South Africa,ZAF,2024-08-06,29,0,3,0,0.29
South Africa,ZAF,2024-08-07,29,0,3,0,0.29
South Africa,ZAF,2024-08-08,29,0,3,0,0.29
South Africa,ZAF,2024-08-09,29,0,3,0,0.29
South Africa,ZAF,2024-08-10,29,0,3,0,0.29
South Africa,ZAF,2024-08-11,29,0,3,0,0
South Africa,ZAF,2024-08-12,29,0,3,0,0
South Africa,ZAF,2024-08-13,29,0,3,0,0
South Africa,ZAF,2024-08-14,29,0,3,0,0
South Africa,ZAF,2024-08-15,29,0,3,0,0
South Africa,ZAF,2024-08-16,29,0,3,0,0
South Africa,ZAF,2024-08-17,29,0,3,0,0
South Africa,ZAF,2024-08-18,29,0,3,0,0
South Africa,ZAF,2024-08-19,29,0,3,0,0
South Africa,ZAF,2024-08-20,29,0,3,0,0
South Africa,ZAF,2024-08-21,29,0,3,0,0
South Africa,ZAF,2024-08-22,29,0,3,0,0
South Africa,ZAF,2024-08-23,29,0,3,0,0
South Africa,ZAF,2024-08-24,29,0,3,0,0
South Africa,ZAF,2024-08-25,29,0,3,0,0
South Africa,ZAF,2024-08-26,29,0,3,0,0
South Africa,ZAF,2024-08-27,29,0,3,0,0
South Africa,ZAF,2024-08-28,29,0,3,0,0
South Africa,ZAF,2024-08-29,29,0,3,0,0
South Africa,ZAF,2024-08-30,29,0,3,0,0
South Africa,ZAF,2024-08-31,29,0,3,0,0
South Africa,ZAF,2024-09-01,29,0,3,0,0
South Africa,ZAF,2024-09-02,29,0,3,0,0
South Africa,ZAF,2024-09-03,29,0,3,0,0
South Africa,ZAF,2024-09-04,29,0,3,0,0
South Africa,ZAF,2024-09-05,29,0,3,0,0
South Africa,ZAF,2024-09-06,29,0,3,0,0
South Africa,ZAF,2024-09-07,29,0,3,0,0
South Africa,ZAF,2024-09-08,30,1,3,0,0.14
South Africa,ZAF,2024-09-09,30,0,3,0,0.14
South Africa,ZAF,2024-09-10,30,0,3,0,0.14
South Africa,ZAF,2024-09-11,30,0,3,0,0.14
South Africa,ZAF,2024-09-12,30,0,3,0,0.14
South Africa,ZAF,2024-09-13,30,0,3,0,0.14
South Africa,ZAF,2024-09-14,30,0,3,0,0.14
South Africa,ZAF,2024-09-15,30,0,3,0,0
South Africa,ZAF,2024-09-16,30,0,3,0,0
South Africa,ZAF,2024-09-17,30,0,3,0,0
South Africa,ZAF,2024-09-18,30,0,3,0,0
South Africa,ZAF,2024-09-19,30,0,3,0,0
South Africa,ZAF,2024-09-20,30,0,3,0,0
South Africa,ZAF,2024-09-21,30,0,3,0,0
South Africa,ZAF,2024-09-22,30,0,3,0,0
South Africa,ZAF,2024-09-23,30,0,3,0,0
South Africa,ZAF,2024-09-24,30,0,3,0,0
South Africa,ZAF,2024-09-25,30,0,3,0,0
South Africa,ZAF,2024-09-26,30,0,3,0,0
South Africa,ZAF,2024-09-27,30,0,3,0,0
South Africa,ZAF,2024-09-28,30,0,3,0,0
South Africa,ZAF,2024-09-29,30,0,3,0,0
South Africa,ZAF,2024-09-30,30,0,3,0,0
South Africa,ZAF,2024-10-01,30,0,3,0,0
South Africa,ZAF,2024-10-02,30,0,3,0,0
South Africa,ZAF,2024-10-03,30,0,3,0,0
South Africa,ZAF,2024-10-04,30,0,3,0,0
South Africa,ZAF,2024-10-05,30,0,3,0,0
South Africa,ZAF,2024-10-06,30,0,3,0,0
South Africa,ZAF,2024-10-07,30,0,3,0,0
South Africa,ZAF,2024-10-08,30,0,3,0,0
South Africa,ZAF,2024-10-09,30,0,3,0,0
South Africa,ZAF,2024-10-10,30,0,3,0,0
South Africa,ZAF,2024-10-11,30,0,3,0,0
South Africa,ZAF,2024-10-12,30,0,3,0,0
South Africa,ZAF,2024-10-13,30,0,3,0,0
South Africa,ZAF,2024-10-14,30,0,3,0,0
South Africa,ZAF,2024-10-15,30,0,3,0,0
South Africa,ZAF,2024-10-16,30,0,3,0,0
South Africa,ZAF,2024-10-17,30,0,3,0,0
South Africa,ZAF,2024-10-18,30,0,3,0,0
South Africa,ZAF,2024-10-19,30,0,3,0,0
South Africa,ZAF,2024-10-20,30,0,3,0,0
South Africa,ZAF,2024-10-21,30,0,3,0,0
South Africa,ZAF,2024-10-22,30,0,3,0,0
South Africa,ZAF,2024-10-23,30,0,3,0,0
South Africa,ZAF,2024-10-24,30,0,3,0,0
South Africa,ZAF,2024-10-25,30,0,3,0,0
South Africa,ZAF,2024-10-26,30,0,3,0,0
South Africa,ZAF,2024-10-27,30,0,3,0,0
South Africa,ZAF,2024-10-28,30,0,3,0,0
South Africa,ZAF,2024-10-29,30,0,3,0,0
South Africa,ZAF,2024-10-30,30,0,3,0,0
South Africa,ZAF,2024-10-31,30,0,3,0,0
South Africa,ZAF,2024-11-01,30,0,3,0,0
South Africa,ZAF,2024-11-02,30,0,3,0,0
South Africa,ZAF,2024-11-03,30,0,3,0,0
South Africa,ZAF,2024-11-04,30,0,3,0,0
South Africa,ZAF,2024-11-05,30,0,3,0,0
South Africa,ZAF,2024-11-06,30,0,3,0,0
South Africa,ZAF,2024-11-07,30,0,3,0,0
South Africa,ZAF,2024-11-08,30,0,3,0,0
South Africa,ZAF,2024-11-09,30,0,3,0,0
South Africa,ZAF,2024-11-10,30,0,3,0,0
South Africa,ZAF,2024-11-11,30,0,3,0,0
South Africa,ZAF,2024-11-12,30,0,3,0,0
South Africa,ZAF,2024-11-13,30,0,3,0,0
South Africa,ZAF,2024-11-14,30,0,3,0,0
South Africa,ZAF,2024-11-15,30,0,3,0,0
South Africa,ZAF,2024-11-16,30,0,3,0,0
South Africa,ZAF,2024-11-17,30,0,3,0,0
South Africa,ZAF,2024-11-18,30,0,3,0,0
South Africa,ZAF,2024-11-19,30,0,3,0,0
South Africa,ZAF,2024-11-20,30,0,3,0,0
South Africa,ZAF,2024-11-21,30,0,3,0,0
South Africa,ZAF,2024-11-22,30,0,3,0,0
South Africa,ZAF,2024-11-23,30,0,3,0,0
South Africa,ZAF,2024-11-24,30,0,3,0,0
South Africa,ZAF,2024-11-25,30,0,3,0,0
South Africa,ZAF,2024-11-26,30,0,3,0,0
South Africa,ZAF,2024-11-27,30,0,3,0,0
South Africa,ZAF,2024-11-28,30,0,3,0,0
South Africa,ZAF,2024-11-29,30,0,3,0,0
South Africa,ZAF,2024-11-30,30,0,3,0,0
South Africa,ZAF,2024-12-01,30,0,3,0,0
South Africa,ZAF,2024-12-02,30,0,3,0,0
South Africa,ZAF,2024-12-03,30,0,3,0,0
South Africa,ZAF,2024-12-04,30,0,3,0,0
South Africa,ZAF,2024-12-05,30,0,3,0,0
South Africa,ZAF,2024-12-06,30,0,3,0,0
South Africa,ZAF,2024-12-07,30,0,3,0,0
South Africa,ZAF,2024-12-08,30,0,3,0,0
South Africa,ZAF,2024-12-09,30,0,3,0,0
South Africa,ZAF,2024-12-10,30,0,3,0,0
South Africa,ZAF,2024-12-11,30,0,3,0,0
South Africa,ZAF,2024-12-12,30,0,3,0,0
South Africa,ZAF,2024-12-13,30,0,3,0,0
South Africa,ZAF,2024-12-14,30,0,3,0,0
South Africa,ZAF,2024-12-15,30,0,3,0,0
South Africa,ZAF,2024-12-16,30,0,3,0,0
South Africa,ZAF,2024-12-17,30,0,3,0,0
South Africa,ZAF,2024-12-18,30,0,3,0,0
South Africa,ZAF,2024-12-19,30,0,3,0,0
South Africa,ZAF,2024-12-20,30,0,3,0,0
South Africa,ZAF,2024-12-21,30,0,3,0,0
South Africa,ZAF,2024-12-22,30,0,3,0,0
South Africa,ZAF,2024-12-23,30,0,3,0,0
South Africa,ZAF,2024-12-24,30,0,3,0,0
South Africa,ZAF,2024-12-25,30,0,3,0,0
South Africa,ZAF,2024-12-26,30,0,3,0,0
South Africa,ZAF,2024-12-27,30,0,3,0,0
South Africa,ZAF,2024-12-28,30,0,3,0,0
South Africa,ZAF,2024-12-29,30,0,3,0,0
South Africa,ZAF,2024-12-30,30,0,3,0,0
South Africa,ZAF,2024-12-31,30,0,3,0,0
South Africa,ZAF,2025-01-01,30,0,3,0,0
South Africa,ZAF,2025-01-02,30,0,3,0,0
South Africa,ZAF,2025-01-03,30,0,3,0,0
South Africa,ZAF,2025-01-04,30,0,3,0,0
South Africa,ZAF,2025-01-05,30,0,3,0,0
South Africa,ZAF,2025-01-06,30,0,3,0,0
South Africa,ZAF,2025-01-07,30,0,3,0,0
South Africa,ZAF,2025-01-08,30,0,3,0,0
South Africa,ZAF,2025-01-09,30,0,3,0,0
South Africa,ZAF,2025-01-10,30,0,3,0,0
South Africa,ZAF,2025-01-11,30,0,3,0,0
South Africa,ZAF,2025-01-12,30,0,3,0,0
South Africa,ZAF,2025-01-13,30,0,3,0,0
South Africa,ZAF,2025-01-14,30,0,3,0,0
South Africa,ZAF,2025-01-15,30,0,3,0,0
South Africa,ZAF,2025-01-16,30,0,3,0,0
South Africa,ZAF,2025-01-17,30,0,3,0,0
South Africa,ZAF,2025-01-18,30,0,3,0,0
South Africa,ZAF,2025-01-19,30,0,3,0,0
South Africa,ZAF,2025-01-20,30,0,3,0,0
South Africa,ZAF,2025-01-21,30,0,3,0,0
South Africa,ZAF,2025-01-22,30,0,3,0,0
South Africa,ZAF,2025-01-23,30,0,3,0,0
South Africa,ZAF,2025-01-24,30,0,3,0,0
South Africa,ZAF,2025-01-25,30,0,3,0,0
South Africa,ZAF,2025-01-26,31,1,3,0,0.14
South Africa,ZAF,2025-01-27,31,0,3,0,0.14
South Africa,ZAF,2025-01-28,31,0,3,0,0.14
South Africa,ZAF,2025-01-29,31,0,3,0,0.14
South Africa,ZAF,2025-01-30,31,0,3,0,0.14
South Africa,ZAF,2025-01-31,31,0,3,0,0.14
South Africa,ZAF,2025-02-01,31,0,3,0,0.14
South Africa,ZAF,2025-02-02,31,0,3,0,0
South Africa,ZAF,2025-02-03,31,0,3,0,0
South Africa,ZAF,2025-02-04,31,0,3,0,0
South Africa,ZAF,2025-02-05,31,0,3,0,0
South Africa,ZAF,2025-02-06,31,0,3,0,0
South Africa,ZAF,2025-02-07,31,0,3,0,0
South Africa,ZAF,2025-02-08,31,0,3,0,0
South Africa,ZAF,2025-02-09,31,0,3,0,0
South Africa,ZAF,2025-02-10,31,0,3,0,0
South Africa,ZAF,2025-02-11,31,0,3,0,0
South Africa,ZAF,2025-02-12,31,0,3,0,0
South Africa,ZAF,2025-02-13,31,0,3,0,0
South Africa,ZAF,2025-02-14,31,0,3,0,0
South Africa,ZAF,2025-02-15,31,0,3,0,0
South Africa,ZAF,2025-02-16,32,1,3,0,0.14
South Africa,ZAF,2025-02-17,32,0,3,0,0.14
South Africa,ZAF,2025-02-18,32,0,3,0,0.14
South Africa,ZAF,2025-02-19,32,0,3,0,0.14
South Africa,ZAF,2025-02-20,32,0,3,0,0.14
South Africa,ZAF,2025-02-21,32,0,3,0,0.14
South Africa,ZAF,2025-02-22,32,0,3,0,0.14
South Africa,ZAF,2025-02-23,34,2,3,0,0.29
South Africa,ZAF,2025-02-24,34,0,3,0,0.29
South Africa,ZAF,2025-02-25,34,0,3,0,0.29
South Africa,ZAF,2025-02-26,34,0,3,0,0.29
South Africa,ZAF,2025-02-27,34,0,3,0,0.29
South Africa,ZAF,2025-02-28,34,0,3,0,0.29
South Africa,ZAF,2025-03-01,34,0,3,0,0.29
South Africa,ZAF,2025-03-02,35,1,3,0,0.14
South Africa,ZAF,2025-03-03,35,0,3,0,0.14
South Africa,ZAF,2025-03-04,35,0,3,0,0.14
South Africa,ZAF,2025-03-05,35,0,3,0,0.14
South Africa,ZAF,2025-03-06,35,0,3,0,0.14
South Africa,ZAF,2025-03-07,35,0,3,0,0.14
South Africa,ZAF,2025-03-08,35,0,3,0,0.14
South Africa,ZAF,2025-03-09,35,0,3,0,0
South Africa,ZAF,2025-03-10,35,0,3,0,0
South Africa,ZAF,2025-03-11,35,0,3,0,0
South Africa,ZAF,2025-03-12,35,0,3,0,0
South Africa,ZAF,2025-03-13,35,0,3,0,0
South Africa,ZAF,2025-03-14,35,0,3,0,0
South Africa,ZAF,2025-03-15,35,0,3,0,0
South Africa,ZAF,2025-03-16,36,1,3,0,0.14
South Africa,ZAF,2025-03-17,36,0,3,0,0.14
South Africa,ZAF,2025-03-18,36,0,3,0,0.14
South Africa,ZAF,2025-03-19,36,0,3,0,0.14
South Africa,ZAF,2025-03-20,36,0,3,0,0.14
South Africa,ZAF,2025-03-21,36,0,3,0,0.14
South Africa,ZAF,2025-03-22,36,0,3,0,0.14
South Africa,ZAF,2025-03-23,37,1,3,0,0.14
South Africa,ZAF,2025-03-24,37,0,3,0,0.14
South Africa,ZAF,2025-03-25,37,0,3,0,0.14
South Africa,ZAF,2025-03-26,37,0,3,0,0.14
South Africa,ZAF,2025-03-27,37,0,3,0,0.14
South Africa,ZAF,2025-03-28,37,0,3,0,0.14
South Africa,ZAF,2025-03-29,37,0,3,0,0.14
South Africa,ZAF,2025-03-30,38,1,3,0,0.14
South Africa,ZAF,2025-03-31,38,0,3,0,0.14
South Africa,ZAF,2025-04-01,38,0,3,0,0.14
South Africa,ZAF,2025-04-02,38,0,3,0,0.14
South Africa,ZAF,2025-04-03,38,0,3,0,0.14
South Africa,ZAF,2025-04-04,38,0,3,0,0.14
South Africa,ZAF,2025-04-05,38,0,3,0,0.14
South Africa,ZAF,2025-04-06,38,0,3,0,0
South Africa,ZAF,2025-04-07,38,0,3,0,0
South Africa,ZAF,2025-04-08,38,0,3,0,0
South Africa,ZAF,2025-04-09,38,0,3,0,0
South Africa,ZAF,2025-04-10,38,0,3,0,0
South Africa,ZAF,2025-04-11,38,0,3,0,0
South Africa,ZAF,2025-04-12,38,0,3,0,0
South Africa,ZAF,2025-04-13,38,0,3,0,0
South Africa,ZAF,2025-04-14,38,0,3,0,0
South Africa,ZAF,2025-04-15,38,0,3,0,0
South Africa,ZAF,2025-04-16,38,0,3,0,0
South Africa,ZAF,2025-04-17,38,0,3,0,0
South Africa,ZAF,2025-04-18,38,0,3,0,0
South Africa,ZAF,2025-04-19,38,0,3,0,0
South Africa,ZAF,2025-04-20,38,0,3,0,0
South Africa,ZAF,2025-04-21,38,0,3,0,0
South Africa,ZAF,2025-04-22,38,0,3,0,0
South Africa,ZAF,2025-04-23,38,0,3,0,0
South Africa,ZAF,2025-04-24,38,0,3,0,0
South Africa,ZAF,2025-04-25,38,0,3,0,0
South Africa,ZAF,2025-04-26,38,0,3,0,0
South Africa,ZAF,2025-04-27,38,0,3,0,0
South Africa,ZAF,2025-04-28,38,0,3,0,0
South Africa,ZAF,2025-04-29,38,0,3,0,0
South Africa,ZAF,2025-04-30,38,0,3,0,0
South Africa,ZAF,2025-05-01,38,0,3,0,0
South Africa,ZAF,2025-05-02,38,0,3,0,0
South Africa,ZAF,2025-05-03,38,0,3,0,0
South Africa,ZAF,2025-05-04,38,0,3,0,0
South Africa,ZAF,2025-05-05,38,0,3,0,0
South Africa,ZAF,2025-05-06,38,0,3,0,0
South Africa,ZAF,2025-05-07,38,0,3,0,0
South Africa,ZAF,2025-05-08,38,0,3,0,0
South Africa,ZAF,2025-05-09,38,0,3,0,0
South Africa,ZAF,2025-05-10,38,0,3,0,0
South Africa,ZAF,2025-05-11,38,0,3,0,0
South Africa,ZAF,2025-05-12,38,0,3,0,0
South Africa,ZAF,2025-05-13,38,0,3,0,0
South Africa,ZAF,2025-05-14,38,0,3,0,0
South Africa,ZAF,2025-05-15,38,0,3,0,0
South Africa,ZAF,2025-05-16,38,0,3,0,0
South Africa,ZAF,2025-05-17,38,0,3,0,0
South Africa,ZAF,2025-05-18,38,0,3,0,0
South Africa,ZAF,2025-05-19,38,0,3,0,0
South Africa,ZAF,2025-05-20,38,0,3,0,0
South Africa,ZAF,2025-05-21,38,0,3,0,0
South Africa,ZAF,2025-05-22,38,0,3,0,0
South Africa,ZAF,2025-05-23,38,0,3,0,0
South Africa,ZAF,2025-05-24,38,0,3,0,0
South Africa,ZAF,2025-05-25,38,0,3,0,0
South Africa,ZAF,2025-05-26,38,0,3,0,0
South Africa,ZAF,2025-05-27,38,0,3,0,0
South Africa,ZAF,2025-05-28,38,0,3,0,0
South Africa,ZAF,2025-05-29,38,0,3,0,0
South Africa,ZAF,2025-05-30,38,0,3,0,0
South Africa,ZAF,2025-05-31,38,0,3,0,0
South Africa,ZAF,2025-06-01,38,0,3,0,0
South Africa,ZAF,2025-06-02,38,0,3,0,0
South Africa,ZAF,2025-06-03,38,0,3,0,0
South Africa,ZAF,2025-06-04,38,0,3,0,0
South Africa,ZAF,2025-06-05,38,0,3,0,0
South Africa,ZAF,2025-06-06,38,0,3,0,0
South Africa,ZAF,2025-06-07,38,0,3,0,0
South Africa,ZAF,2025-06-08,38,0,3,0,0
South Africa,ZAF,2025-06-09,38,0,3,0,0
South Africa,ZAF,2025-06-10,38,0,3,0,0
South Africa,ZAF,2025-06-11,38,0,3,0,0
South Africa,ZAF,2025-06-12,38,0,3,0,0
South Africa,ZAF,2025-06-13,38,0,3,0,0
South Africa,ZAF,2025-06-14,38,0,3,0,0
South Africa,ZAF,2025-06-15,38,0,3,0,0
South Africa,ZAF,2025-06-16,38,0,3,0,0
South Africa,ZAF,2025-06-17,38,0,3,0,0
South Africa,ZAF,2025-06-18,38,0,3,0,0
South Africa,ZAF,2025-06-19,38,0,3,0,0
South Africa,ZAF,2025-06-20,38,0,3,0,0
South Africa,ZAF,2025-06-21,38,0,3,0,0
South Africa,ZAF,2025-06-22,40,2,3,0,0.29
South Africa,ZAF,2025-06-23,40,0,3,0,0.29
South Africa,ZAF,2025-06-24,40,0,3,0,0.29
South Africa,ZAF,2025-06-25,40,0,3,0,0.29
South Africa,ZAF,2025-06-26,40,0,3,0,0.29
South Africa,ZAF,2025-06-27,40,0,3,0,0.29
South Africa,ZAF,2025-06-28,40,0,3,0,0.29
South Africa,ZAF,2025-06-29,40,0,3,0,0
South Africa,ZAF,2025-06-30,40,0,3,0,0
South Africa,ZAF,2025-07-01,40,0,3,0,0
South Africa,ZAF,2025-07-02,40,0,3,0,0
South Africa,ZAF,2025-07-03,40,0,3,0,0
South Africa,ZAF,2025-07-04,40,0,3,0,0
South Africa,ZAF,2025-07-05,40,0,3,0,0
South Africa,ZAF,2025-07-06,40,0,3,0,0
South Africa,ZAF,2025-07-07,40,0,3,0,0
South Africa,ZAF,2025-07-08,40,0,3,0,0
South Africa,ZAF,2025-07-09,40,0,3,0,0
South Africa,ZAF,2025-07-10,40,0,3,0,0
South Africa,ZAF,2025-07-11,40,0,3,0,0
South Africa,ZAF,2025-07-12,40,0,3,0,0
South Africa,ZAF,2025-07-13,40,0,3,0,0
South Africa,ZAF,2025-07-14,40,0,3,0,0
South Africa,ZAF,2025-07-15,40,0,3,0,0
South Africa,ZAF,2025-07-16,40,0,3,0,0
South Africa,ZAF,2025-07-17,40,0,3,0,0
South Africa,ZAF,2025-07-18,40,0,3,0,0
South Africa,ZAF,2025-07-19,40,0,3,0,0
South Africa,ZAF,2025-07-20,40,0,3,0,0
South Africa,ZAF,2025-07-21,40,0,3,0,0
South Africa,ZAF,2025-07-22,40,0,3,0,0
South Africa,ZAF,2025-07-23,40,0,3,0,0
South Africa,ZAF,2025-07-24,40,0,3,0,0
South Africa,ZAF,2025-07-25,40,0,3,0,0
South Africa,ZAF,2025-07-26,40,0,3,0,0
South Africa,ZAF,2025-07-27,41,1,3,0,0.14
South Africa,ZAF,2025-07-28,41,0,3,0,0.14
South Africa,ZAF,2025-07-29,41,0,3,0,0.14
South Africa,ZAF,2025-07-30,41,0,3,0,0.14
South Africa,ZAF,2025-07-31,41,0,3,0,0.14
South Africa,ZAF,2025-08-01,41,0,3,0,0.14
South Africa,ZAF,2025-08-02,41,0,3,0,0.14
South Africa,ZAF,2025-08-03,41,0,3,0,0
South Africa,ZAF,2025-08-04,41,0,3,0,0
South Africa,ZAF,2025-08-05,41,0,3,0,0
South Africa,ZAF,2025-08-06,41,0,3,0,0
South Africa,ZAF,2025-08-07,41,0,3,0,0
South Africa,ZAF,2025-08-08,41,0,3,0,0
South Africa,ZAF,2025-08-09,41,0,3,0,0
South Africa,ZAF,2025-08-10,41,0,3,0,0
South Africa,ZAF,2025-08-11,41,0,3,0,0
South Africa,ZAF,2025-08-12,41,0,3,0,0
South Africa,ZAF,2025-08-13,41,0,3,0,0
South Africa,ZAF,2025-08-14,41,0,3,0,0
South Africa,ZAF,2025-08-15,41,0,3,0,0
South Africa,ZAF,2025-08-16,41,0,3,0,0
South Africa,ZAF,2025-08-17,41,0,3,0,0
South Africa,ZAF,2025-08-18,41,0,3,0,0
South Africa,ZAF,2025-08-19,41,0,3,0,0
South Africa,ZAF,2025-08-20,41,0,3,0,0
South Africa,ZAF,2025-08-21,41,0,3,0,0
South Africa,ZAF,2025-08-22,41,0,3,0,0
South Africa,ZAF,2025-08-23,41,0,3,0,0
South Africa,ZAF,2025-08-24,41,0,3,0,0
South Africa,ZAF,2025-08-25,41,0,3,0,0
South Africa,ZAF,2025-08-26,41,0,3,0,0
South Africa,ZAF,2025-08-27,41,0,3,0,0
South Africa,ZAF,2025-08-28,41,0,3,0,0
South Africa,ZAF,2025-08-29,41,0,3,0,0
South Africa,ZAF,2025-08-30,41,0,3,0,0
South Africa,ZAF,2025-08-31,41,0,3,0,0
South Africa,ZAF,2025-09-01,41,0,3,0,0
South Africa,ZAF,2025-09-02,41,0,3,0,0
South Africa,ZAF,2025-09-03,41,0,3,0,0
South Africa,ZAF,2025-09-04,41,0,3,0,0
South Africa,ZAF,2025-09-05,41,0,3,0,0
South Africa,ZAF,2025-09-06,41,0,3,0,0
South Africa,ZAF,2025-09-07,41,0,3,0,0
South Africa,ZAF,2025-09-08,41,0,3,0,0
South Africa,ZAF,2025-09-09,41,0,3,0,0
South Africa,ZAF,2025-09-10,41,0,3,0,0
South Africa,ZAF,2025-09-11,41,0,3,0,0
South Africa,ZAF,2025-09-12,41,0,3,0,0
South Africa,ZAF,2025-09-13,41,0,3,0,0
South Africa,ZAF,2025-09-14,41,0,3,0,0
South Africa,ZAF,2025-09-15,41,0,3,0,0
South Africa,ZAF,2025-09-16,41,0,3,0,0
South Africa,ZAF,2025-09-17,41,0,3,0,0
South Africa,ZAF,2025-09-18,41,0,3,0,0
South Africa,ZAF,2025-09-19,41,0,3,0,0
South Africa,ZAF,2025-09-20,41,0,3,0,0
South Africa,ZAF,2025-09-21,41,0,3,0,0
South Africa,ZAF,2025-09-22,41,0,3,0,0
South Africa,ZAF,2025-09-23,41,0,3,0,0
South Africa,ZAF,2025-09-24,41,0,3,0,0
South Africa,ZAF,2025-09-25,41,0,3,0,0
South Africa,ZAF,2025-09-26,41,0,3,0,0
South Africa,ZAF,2025-09-27,41,0,3,0,0
South Africa,ZAF,2025-09-28,41,0,3,0,0
South Africa,ZAF,2025-09-29,41,0,3,0,0
South Africa,ZAF,2025-09-30,41,0,3,0,0
South Africa,ZAF,2025-10-01,41,0,3,0,0
South Africa,ZAF,2025-10-02,41,0,3,0,0
South Africa,ZAF,2025-10-03,41,0,3,0,0
South Africa,ZAF,2025-10-04,41,0,3,0,0
South Africa,ZAF,2025-10-05,41,0,3,0,0
South Africa,ZAF,2025-10-06,41,0,3,0,0
South Africa,ZAF,2025-10-07,41,0,3,0,0
South Africa,ZAF,2025-10-08,41,0,3,0,0
South Africa,ZAF,2025-10-09,41,0,3,0,0
South Africa,ZAF,2025-10-10,41,0,3,0,0
South Africa,ZAF,2025-10-11,41,0,3,0,0
South Africa,ZAF,2025-10-12,41,0,3,0,0
South Africa,ZAF,2025-10-13,41,0,3,0,0
South Africa,ZAF,2025-10-14,41,0,3,0,0
South Africa,ZAF,2025-10-15,41,0,3,0,0
South Africa,ZAF,2025-10-16,41,0,3,0,0
South Africa,ZAF,2025-10-17,41,0,3,0,0
South Africa,ZAF,2025-10-18,41,0,3,0,0
South Africa,ZAF,2025-10-19,41,0,3,0,0
South Africa,ZAF,2025-10-20,41,0,3,0,0
South Africa,ZAF,2025-10-21,41,0,3,0,0
South Africa,ZAF,2025-10-22,41,0,3,0,0
South Africa,ZAF,2025-10-23,41,0,3,0,0
South Africa,ZAF,2025-10-24,41,0,3,0,0
South Africa,ZAF,2025-10-25,41,0,3,0,0
South Africa,ZAF,2025-10-26,42,1,3,0,0.14
South Africa,ZAF,2025-10-27,42,0,3,0,0.14
South Africa,ZAF,2025-10-28,42,0,3,0,0.14
South Africa,ZAF,2025-10-29,42,0,3,0,0.14
South Africa,ZAF,2025-10-30,42,0,3,0,0.14
South Africa,ZAF,2025-10-31,42,0,3,0,0.14
South Africa,ZAF,2025-11-01,42,0,3,0,0.14
South Africa,ZAF,2025-11-02,43,1,3,0,0.14
South Africa,ZAF,2025-11-03,43,0,3,0,0.14
South Africa,ZAF,2025-11-04,43,0,3,0,0.14
South Africa,ZAF,2025-11-05,43,0,3,0,0.14
South Africa,ZAF,2025-11-06,43,0,3,0,0.14
South Africa,ZAF,2025-11-07,43,0,3,0,0.14
South Africa,ZAF,2025-11-08,43,0,3,0,0.14
South Africa,ZAF,2025-11-09,43,0,3,0,0
South Africa,ZAF,2025-11-10,43,0,3,0,0
South Africa,ZAF,2025-11-11,43,0,3,0,0
South Africa,ZAF,2025-11-12,43,0,3,0,0
South Africa,ZAF,2025-11-13,43,0,3,0,0
South Africa,ZAF,2025-11-14,43,0,3,0,0
South Africa,ZAF,2025-11-15,43,0,3,0,0
South Africa,ZAF,2025-11-16,43,0,3,0,0
South Africa,ZAF,2025-11-17,43,0,3,0,0
South Africa,ZAF,2025-11-18,43,0,3,0,0
South Africa,ZAF,2025-11-19,43,0,3,0,0
South Africa,ZAF,2025-11-20,43,0,3,0,0
South Africa,ZAF,2025-11-21,43,0,3,0,0
South Africa,ZAF,2025-11-22,43,0,3,0,0
South Africa,ZAF,2025-11-23,43,0,3,0,0
South Africa,ZAF,2025-11-24,43,0,3,0,0
South Africa,ZAF,2025-11-25,43,0,3,0,0
South Africa,ZAF,2025-11-26,43,0,3,0,0
South Africa,ZAF,2025-11-27,43,0,3,0,0
South Africa,ZAF,2025-11-28,43,0,3,0,0
South Africa,ZAF,2025-11-29,43,0,3,0,0
South Africa,ZAF,2025-11-30,43,0,3,0,0
South Africa,ZAF,2025-12-01,43,0,3,0,0
South Africa,ZAF,2025-12-02,43,0,3,0,0
South Africa,ZAF,2025-12-03,43,0,3,0,0
South Africa,ZAF,2025-12-04,43,0,3,0,0
South Africa,ZAF,2025-12-05,43,0,3,0,0
South Africa,ZAF,2025-12-06,43,0,3,0,0
South Africa,ZAF,2025-12-07,43,0,3,0,0
South Africa,ZAF,2025-12-08,43,0,3,0,0
South Africa,ZAF,2025-12-09,43,0,3,0,0
South Africa,ZAF,2025-12-10,43,0,3,0,0
South Africa,ZAF,2025-12-11,43,0,3,0,0
South Africa,ZAF,2025-12-12,43,0,3,0,0
South Africa,ZAF,2025-12-13,43,0,3,0,0
South Africa,ZAF,2025-12-14,44,1,3,0,0.14
South Africa,ZAF,2025-12-15,44,0,3,0,0.14
South Africa,ZAF,2025-12-16,44,0,3,0,0.14
South Africa,ZAF,2025-12-17,44,0,3,0,0.14
South Africa,ZAF,2025-12-18,44,0,3,0,0.14
South Africa,ZAF,2025-12-19,44,0,3,0,0.14
South Africa,ZAF,2025-12-20,44,0,3,0,0.14
South Africa,ZAF,2025-12-21,45,1,3,0,0.14
South Africa,ZAF,2025-12-22,45,0,3,0,0.14
South Africa,ZAF,2025-12-23,45,0,3,0,0.14
South Africa,ZAF,2025-12-24,45,0,3,0,0.14
South Africa,ZAF,2025-12-25,45,0,3,0,0.14
South Africa,ZAF,2025-12-26,45,0,3,0,0.14
South Africa,ZAF,2025-12-27,45,0,3,0,0.14
South Africa,ZAF,2025-12-28,45,0,3,0,0
South Africa,ZAF,2025-12-29,45,0,3,0,0
South Africa,ZAF,2025-12-30,45,0,3,0,0
South Africa,ZAF,2025-12-31,45,0,3,0,0
South Africa,ZAF,2026-01-01,45,0,3,0,0
South Africa,ZAF,2026-01-02,45,0,3,0,0
South Africa,ZAF,2026-01-03,45,0,3,0,0
South Africa,ZAF,2026-01-04,45,0,3,0,0
South Africa,ZAF,2026-01-05,45,0,3,0,0
South Africa,ZAF,2026-01-06,45,0,3,0,0
South Africa,ZAF,2026-01-07,45,0,3,0,0
South Africa,ZAF,2026-01-08,45,0,3,0,0
South Africa,ZAF,2026-01-09,45,0,3,0,0
South Africa,ZAF,2026-01-10,45,0,3,0,0
South Africa,ZAF,2026-01-11,46,1,3,0,0.14
South Africa,ZAF,2026-01-12,46,0,3,0,0.14
South Africa,ZAF,2026-01-13,46,0,3,0,0.14
South Africa,ZAF,2026-01-14,46,0,3,0,0.14
South Africa,ZAF,2026-01-15,46,0,3,0,0.14
South Africa,ZAF,2026-01-16,46,0,3,0,0.14
South Africa,ZAF,2026-01-17,46,0,3,0,0.14
South Africa,ZAF,2026-01-18,46,0,3,0,0
South Africa,ZAF,2026-01-19,46,0,3,0,0
South Africa,ZAF,2026-01-20,46,0,3,0,0
South Africa,ZAF,2026-01-21,46,0,3,0,0
South Africa,ZAF,2026-01-22,46,0,3,0,0
South Africa,ZAF,2026-01-23,46,0,3,0,0
South Africa,ZAF,2026-01-24,46,0,3,0,0
South Africa,ZAF,2026-01-25,47,1,3,0,0.14
South Africa,ZAF,2026-01-26,47,0,3,0,0.14
South Africa,ZAF,2026-01-27,47,0,3,0,0.14
South Africa,ZAF,2026-01-28,47,0,3,0,0.14
South Africa,ZAF,2026-01-29,47,0,3,0,0.14
South Africa,ZAF,2026-01-30,47,0,3,0,0.14
South Africa,ZAF,2026-01-31,47,0,3,0,0.14
South Africa,ZAF,2026-02-01,47,0,3,0,0
South Africa,ZAF,2026-02-02,47,0,3,0,0
South Africa,ZAF,2026-02-03,47,0,3,0,0
South Africa,ZAF,2026-02-04,47,0,3,0,0
South Africa,ZAF,2026-02-05,47,0,3,0,0
South Africa,ZAF,2026-02-06,47,0,3,0,0
South Africa,ZAF,2026-02-07,47,0,3,0,0
South Africa,ZAF,2026-02-08,47,0,3,0,0
South Africa,ZAF,2026-02-09,47,0,3,0,0
South Africa,ZAF,2026-02-10,47,0,3,0,0
South Africa,ZAF,2026-02-11,47,0,3,0,0
South Africa,ZAF,2026-02-12,47,0,3,0,0
South Africa,ZAF,2026-02-13,47,0,3,0,0
South Africa,ZAF,2026-02-14,47,0,3,0,0
South Africa,ZAF,2026-02-15,47,0,3,0,0
South Africa,ZAF,2026-02-16,47,0,3,0,0
South Africa,ZAF,2026-02-17,47,0,3,0,0
South Africa,ZAF,2026-02-18,47,0,3,0,0
South Africa,ZAF,2026-02-19,47,0,3,0,0
South Africa,ZAF,2026-02-20,47,0,3,0,0
South Africa,ZAF,2026-02-21,47,0,3,0,0
South Africa,ZAF,2026-02-22,47,0,3,0,0
South Africa,ZAF,2026-02-23,47,0,3,0,0
South Africa,ZAF,2026-02-24,47,0,3,0,0
South Africa,ZAF,2026-02-25,47,0,3,0,0
South Africa,ZAF,2026-02-26,47,0,3,0,0
South Africa,ZAF,2026-02-27,47,0,3,0,0
South Africa,ZAF,2026-02-28,47,0,3,0,0
South Africa,ZAF,2026-03-01,47,0,3,0,0
South Africa,ZAF,2026-03-02,47,0,3,0,0
South Africa,ZAF,2026-03-03,47,0,3,0,0
South Africa,ZAF,2026-03-04,47,0,3,0,0
South Africa,ZAF,2026-03-05,47,0,3,0,0
South Africa,ZAF,2026-03-06,47,0,3,0,0
South Africa,ZAF,2026-03-07,47,0,3,0,0
South Africa,ZAF,2026-03-08,47,0,3,0,0
South Africa,ZAF,2026-03-09,47,0,3,0,0
South Africa,ZAF,2026-03-10,47,0,3,0,0
South Africa,ZAF,2026-03-11,47,0,3,0,0
South Africa,ZAF,2026-03-12,47,0,3,0,0
South Africa,ZAF,2026-03-13,47,0,3,0,0
South Africa,ZAF,2026-03-14,47,0,3,0,0
South Africa,ZAF,2026-03-15,48,1,3,0,0.14
South Africa,ZAF,2026-03-16,48,0,3,0,0.14
South Africa,ZAF,2026-03-17,48,0,3,0,0.14
South Africa,ZAF,2026-03-18,48,0,3,0,0.14
South Africa,ZAF,2026-03-19,48,0,3,0,0.14
South Africa,ZAF,2026-03-20,48,0,3,0,0.14
South Africa,ZAF,2026-03-21,48,0,3,0,0.14
South Africa,ZAF,2026-03-22,48,0,3,0,0
South Africa,ZAF,2026-03-23,48,0,3,0,0
South Africa,ZAF,2026-03-24,48,0,3,0,0
South Africa,ZAF,2026-03-25,48,0,3,0,0
South Africa,ZAF,2026-03-26,48,0,3,0,0
South Africa,ZAF,2026-03-27,48,0,3,0,0
South Africa,ZAF,2026-03-28,48,0,3,0,0
South Africa,ZAF,2026-03-29,48,0,3,0,0
South Africa,ZAF,2026-03-30,48,0,3,0,0
South Africa,ZAF,2026-03-31,48,0,3,0,0
South Africa,ZAF,2026-04-01,48,0,3,0,0
South Africa,ZAF,2026-04-02,49,1,3,0,0.14
South Sudan,SSD,2025-01-05,0,0,0,0,0
South Sudan,SSD,2025-01-06,0,0,0,0,0
South Sudan,SSD,2025-01-07,0,0,0,0,0
South Sudan,SSD,2025-01-08,0,0,0,0,0
South Sudan,SSD,2025-01-09,0,0,0,0,0
South Sudan,SSD,2025-01-10,0,0,0,0,0
South Sudan,SSD,2025-01-11,0,0,0,0,0
South Sudan,SSD,2025-01-12,0,0,0,0,0
South Sudan,SSD,2025-01-13,0,0,0,0,0
South Sudan,SSD,2025-01-14,0,0,0,0,0
South Sudan,SSD,2025-01-15,0,0,0,0,0
South Sudan,SSD,2025-01-16,0,0,0,0,0
South Sudan,SSD,2025-01-17,0,0,0,0,0
South Sudan,SSD,2025-01-18,0,0,0,0,0
South Sudan,SSD,2025-01-19,0,0,0,0,0
South Sudan,SSD,2025-01-20,0,0,0,0,0
South Sudan,SSD,2025-01-21,0,0,0,0,0
South Sudan,SSD,2025-01-22,0,0,0,0,0
South Sudan,SSD,2025-01-23,0,0,0,0,0
South Sudan,SSD,2025-01-24,0,0,0,0,0
South Sudan,SSD,2025-01-25,0,0,0,0,0
South Sudan,SSD,2025-01-26,1,1,0,0,0.14
South Sudan,SSD,2025-01-27,1,0,0,0,0.14
South Sudan,SSD,2025-01-28,1,0,0,0,0.14
South Sudan,SSD,2025-01-29,1,0,0,0,0.14
South Sudan,SSD,2025-01-30,1,0,0,0,0.14
South Sudan,SSD,2025-01-31,1,0,0,0,0.14
South Sudan,SSD,2025-02-01,1,0,0,0,0.14
South Sudan,SSD,2025-02-02,1,0,0,0,0
South Sudan,SSD,2025-02-03,1,0,0,0,0
South Sudan,SSD,2025-02-04,1,0,0,0,0
South Sudan,SSD,2025-02-05,1,0,0,0,0
South Sudan,SSD,2025-02-06,1,0,0,0,0
South Sudan,SSD,2025-02-07,1,0,0,0,0
South Sudan,SSD,2025-02-08,1,0,0,0,0
South Sudan,SSD,2025-02-09,4,3,0,0,0.43
South Sudan,SSD,2025-02-10,4,0,0,0,0.43
South Sudan,SSD,2025-02-11,4,0,0,0,0.43
South Sudan,SSD,2025-02-12,4,0,0,0,0.43
South Sudan,SSD,2025-02-13,4,0,0,0,0.43
South Sudan,SSD,2025-02-14,4,0,0,0,0.43
South Sudan,SSD,2025-02-15,4,0,0,0,0.43
South Sudan,SSD,2025-02-16,6,2,0,0,0.29
South Sudan,SSD,2025-02-17,6,0,0,0,0.29
South Sudan,SSD,2025-02-18,6,0,0,0,0.29
South Sudan,SSD,2025-02-19,6,0,0,0,0.29
South Sudan,SSD,2025-02-20,6,0,0,0,0.29
South Sudan,SSD,2025-02-21,6,0,0,0,0.29
South Sudan,SSD,2025-02-22,6,0,0,0,0.29
South Sudan,SSD,2025-02-23,8,2,0,0,0.29
South Sudan,SSD,2025-02-24,8,0,0,0,0.29
South Sudan,SSD,2025-02-25,8,0,0,0,0.29
South Sudan,SSD,2025-02-26,8,0,0,0,0.29
South Sudan,SSD,2025-02-27,8,0,0,0,0.29
South Sudan,SSD,2025-02-28,8,0,0,0,0.29
South Sudan,SSD,2025-03-01,8,0,0,0,0.29
South Sudan,SSD,2025-03-02,9,1,0,0,0.14
South Sudan,SSD,2025-03-03,9,0,0,0,0.14
South Sudan,SSD,2025-03-04,9,0,0,0,0.14
South Sudan,SSD,2025-03-05,9,0,0,0,0.14
South Sudan,SSD,2025-03-06,9,0,0,0,0.14
South Sudan,SSD,2025-03-07,9,0,0,0,0.14
South Sudan,SSD,2025-03-08,9,0,0,0,0.14
South Sudan,SSD,2025-03-09,9,0,0,0,0
South Sudan,SSD,2025-03-10,9,0,0,0,0
South Sudan,SSD,2025-03-11,9,0,0,0,0
South Sudan,SSD,2025-03-12,9,0,0,0,0
South Sudan,SSD,2025-03-13,9,0,0,0,0
South Sudan,SSD,2025-03-14,9,0,0,0,0
South Sudan,SSD,2025-03-15,9,0,0,0,0
South Sudan,SSD,2025-03-16,9,0,0,0,0
South Sudan,SSD,2025-03-17,9,0,0,0,0
South Sudan,SSD,2025-03-18,9,0,0,0,0
South Sudan,SSD,2025-03-19,9,0,0,0,0
South Sudan,SSD,2025-03-20,9,0,0,0,0
South Sudan,SSD,2025-03-21,9,0,0,0,0
South Sudan,SSD,2025-03-22,9,0,0,0,0
South Sudan,SSD,2025-03-23,10,1,0,0,0.14
South Sudan,SSD,2025-03-24,10,0,0,0,0.14
South Sudan,SSD,2025-03-25,10,0,0,0,0.14
South Sudan,SSD,2025-03-26,10,0,0,0,0.14
South Sudan,SSD,2025-03-27,10,0,0,0,0.14
South Sudan,SSD,2025-03-28,10,0,0,0,0.14
South Sudan,SSD,2025-03-29,10,0,0,0,0.14
South Sudan,SSD,2025-03-30,11,1,0,0,0.14
South Sudan,SSD,2025-03-31,11,0,0,0,0.14
South Sudan,SSD,2025-04-01,11,0,0,0,0.14
South Sudan,SSD,2025-04-02,11,0,0,0,0.14
South Sudan,SSD,2025-04-03,11,0,0,0,0.14
South Sudan,SSD,2025-04-04,11,0,0,0,0.14
South Sudan,SSD,2025-04-05,11,0,0,0,0.14
South Sudan,SSD,2025-04-06,11,0,0,0,0
South Sudan,SSD,2025-04-07,11,0,0,0,0
South Sudan,SSD,2025-04-08,11,0,0,0,0
South Sudan,SSD,2025-04-09,11,0,0,0,0
South Sudan,SSD,2025-04-10,11,0,0,0,0
South Sudan,SSD,2025-04-11,11,0,0,0,0
South Sudan,SSD,2025-04-12,11,0,0,0,0
South Sudan,SSD,2025-04-13,11,0,0,0,0
South Sudan,SSD,2025-04-14,11,0,0,0,0
South Sudan,SSD,2025-04-15,11,0,0,0,0
South Sudan,SSD,2025-04-16,11,0,0,0,0
South Sudan,SSD,2025-04-17,11,0,0,0,0
South Sudan,SSD,2025-04-18,11,0,0,0,0
South Sudan,SSD,2025-04-19,11,0,0,0,0
South Sudan,SSD,2025-04-20,13,2,0,0,0.29
South Sudan,SSD,2025-04-21,13,0,0,0,0.29
South Sudan,SSD,2025-04-22,13,0,0,0,0.29
South Sudan,SSD,2025-04-23,13,0,0,0,0.29
South Sudan,SSD,2025-04-24,13,0,0,0,0.29
South Sudan,SSD,2025-04-25,13,0,0,0,0.29
South Sudan,SSD,2025-04-26,13,0,0,0,0.29
South Sudan,SSD,2025-04-27,14,1,0,0,0.14
South Sudan,SSD,2025-04-28,14,0,0,0,0.14
South Sudan,SSD,2025-04-29,14,0,0,0,0.14
South Sudan,SSD,2025-04-30,14,0,0,0,0.14
South Sudan,SSD,2025-05-01,14,0,0,0,0.14
South Sudan,SSD,2025-05-02,14,0,0,0,0.14
South Sudan,SSD,2025-05-03,14,0,0,0,0.14
South Sudan,SSD,2025-05-04,14,0,0,0,0
South Sudan,SSD,2025-05-05,14,0,0,0,0
South Sudan,SSD,2025-05-06,14,0,0,0,0
South Sudan,SSD,2025-05-07,14,0,0,0,0
South Sudan,SSD,2025-05-08,14,0,0,0,0
South Sudan,SSD,2025-05-09,14,0,0,0,0
South Sudan,SSD,2025-05-10,14,0,0,0,0
South Sudan,SSD,2025-05-11,14,0,0,0,0
South Sudan,SSD,2025-05-12,14,0,0,0,0
South Sudan,SSD,2025-05-13,14,0,0,0,0
South Sudan,SSD,2025-05-14,14,0,0,0,0
South Sudan,SSD,2025-05-15,14,0,0,0,0
South Sudan,SSD,2025-05-16,14,0,0,0,0
South Sudan,SSD,2025-05-17,14,0,0,0,0
South Sudan,SSD,2025-05-18,15,1,0,0,0.14
South Sudan,SSD,2025-05-19,15,0,0,0,0.14
South Sudan,SSD,2025-05-20,15,0,0,0,0.14
South Sudan,SSD,2025-05-21,15,0,0,0,0.14
South Sudan,SSD,2025-05-22,15,0,0,0,0.14
South Sudan,SSD,2025-05-23,15,0,0,0,0.14
South Sudan,SSD,2025-05-24,15,0,0,0,0.14
South Sudan,SSD,2025-05-25,15,0,0,0,0
South Sudan,SSD,2025-05-26,15,0,0,0,0
South Sudan,SSD,2025-05-27,15,0,0,0,0
South Sudan,SSD,2025-05-28,15,0,0,0,0
South Sudan,SSD,2025-05-29,15,0,0,0,0
South Sudan,SSD,2025-05-30,15,0,0,0,0
South Sudan,SSD,2025-05-31,15,0,0,0,0
South Sudan,SSD,2025-06-01,15,0,0,0,0
South Sudan,SSD,2025-06-02,15,0,0,0,0
South Sudan,SSD,2025-06-03,15,0,0,0,0
South Sudan,SSD,2025-06-04,15,0,0,0,0
South Sudan,SSD,2025-06-05,15,0,0,0,0
South Sudan,SSD,2025-06-06,15,0,0,0,0
South Sudan,SSD,2025-06-07,15,0,0,0,0
South Sudan,SSD,2025-06-08,16,1,0,0,0.14
South Sudan,SSD,2025-06-09,16,0,0,0,0.14
South Sudan,SSD,2025-06-10,16,0,0,0,0.14
South Sudan,SSD,2025-06-11,16,0,0,0,0.14
South Sudan,SSD,2025-06-12,16,0,0,0,0.14
South Sudan,SSD,2025-06-13,16,0,0,0,0.14
South Sudan,SSD,2025-06-14,16,0,0,0,0.14
South Sudan,SSD,2025-06-15,17,1,0,0,0.14
South Sudan,SSD,2025-06-16,17,0,0,0,0.14
South Sudan,SSD,2025-06-17,17,0,0,0,0.14
South Sudan,SSD,2025-06-18,17,0,0,0,0.14
South Sudan,SSD,2025-06-19,17,0,0,0,0.14
South Sudan,SSD,2025-06-20,17,0,0,0,0.14
South Sudan,SSD,2025-06-21,17,0,0,0,0.14
South Sudan,SSD,2025-06-22,17,0,0,0,0
South Sudan,SSD,2025-06-23,17,0,0,0,0
South Sudan,SSD,2025-06-24,17,0,0,0,0
South Sudan,SSD,2025-06-25,17,0,0,0,0
South Sudan,SSD,2025-06-26,17,0,0,0,0
South Sudan,SSD,2025-06-27,17,0,0,0,0
South Sudan,SSD,2025-06-28,17,0,0,0,0
South Sudan,SSD,2025-06-29,17,0,0,0,0
South Sudan,SSD,2025-06-30,17,0,0,0,0
South Sudan,SSD,2025-07-01,17,0,0,0,0
South Sudan,SSD,2025-07-02,17,0,0,0,0
South Sudan,SSD,2025-07-03,17,0,0,0,0
South Sudan,SSD,2025-07-04,17,0,0,0,0
South Sudan,SSD,2025-07-05,17,0,0,0,0
South Sudan,SSD,2025-07-06,17,0,0,0,0
South Sudan,SSD,2025-07-07,17,0,0,0,0
South Sudan,SSD,2025-07-08,17,0,0,0,0
South Sudan,SSD,2025-07-09,17,0,0,0,0
South Sudan,SSD,2025-07-10,17,0,0,0,0
South Sudan,SSD,2025-07-11,17,0,0,0,0
South Sudan,SSD,2025-07-12,17,0,0,0,0
South Sudan,SSD,2025-07-13,20,3,0,0,0.43
South Sudan,SSD,2025-07-14,20,0,0,0,0.43
South Sudan,SSD,2025-07-15,20,0,0,0,0.43
South Sudan,SSD,2025-07-16,20,0,0,0,0.43
South Sudan,SSD,2025-07-17,20,0,0,0,0.43
South Sudan,SSD,2025-07-18,20,0,0,0,0.43
South Sudan,SSD,2025-07-19,20,0,0,0,0.43
South Sudan,SSD,2025-07-20,20,0,0,0,0
South Sudan,SSD,2025-07-21,20,0,0,0,0
South Sudan,SSD,2025-07-22,20,0,0,0,0
South Sudan,SSD,2025-07-23,20,0,0,0,0
South Sudan,SSD,2025-07-24,20,0,0,0,0
South Sudan,SSD,2025-07-25,20,0,0,0,0
South Sudan,SSD,2025-07-26,20,0,0,0,0
South Sudan,SSD,2025-07-27,20,0,0,0,0
South Sudan,SSD,2025-07-28,20,0,0,0,0
South Sudan,SSD,2025-07-29,20,0,0,0,0
South Sudan,SSD,2025-07-30,20,0,0,0,0
South Sudan,SSD,2025-07-31,20,0,0,0,0
South Sudan,SSD,2025-08-01,20,0,0,0,0
South Sudan,SSD,2025-08-02,20,0,0,0,0
South Sudan,SSD,2025-08-03,20,0,0,0,0
South Sudan,SSD,2025-08-04,20,0,0,0,0
South Sudan,SSD,2025-08-05,20,0,0,0,0
South Sudan,SSD,2025-08-06,20,0,0,0,0
South Sudan,SSD,2025-08-07,20,0,0,0,0
South Sudan,SSD,2025-08-08,20,0,0,0,0
South Sudan,SSD,2025-08-09,20,0,0,0,0
South Sudan,SSD,2025-08-10,20,0,0,0,0
South Sudan,SSD,2025-08-11,20,0,0,0,0
South Sudan,SSD,2025-08-12,20,0,0,0,0
South Sudan,SSD,2025-08-13,20,0,0,0,0
South Sudan,SSD,2025-08-14,20,0,0,0,0
South Sudan,SSD,2025-08-15,20,0,0,0,0
South Sudan,SSD,2025-08-16,20,0,0,0,0
South Sudan,SSD,2025-08-17,21,1,0,0,0.14
South Sudan,SSD,2025-08-18,21,0,0,0,0.14
South Sudan,SSD,2025-08-19,21,0,0,0,0.14
South Sudan,SSD,2025-08-20,21,0,0,0,0.14
South Sudan,SSD,2025-08-21,21,0,0,0,0.14
South Sudan,SSD,2025-08-22,21,0,0,0,0.14
South Sudan,SSD,2025-08-23,21,0,0,0,0.14
South Sudan,SSD,2025-08-24,21,0,0,0,0
South Sudan,SSD,2025-08-25,21,0,0,0,0
South Sudan,SSD,2025-08-26,21,0,0,0,0
South Sudan,SSD,2025-08-27,21,0,0,0,0
South Sudan,SSD,2025-08-28,21,0,0,0,0
South Sudan,SSD,2025-08-29,21,0,0,0,0
South Sudan,SSD,2025-08-30,21,0,0,0,0
South Sudan,SSD,2025-08-31,21,0,0,0,0
South Sudan,SSD,2025-09-01,21,0,0,0,0
South Sudan,SSD,2025-09-02,21,0,0,0,0
South Sudan,SSD,2025-09-03,21,0,0,0,0
South Sudan,SSD,2025-09-04,21,0,0,0,0
South Sudan,SSD,2025-09-05,21,0,0,0,0
South Sudan,SSD,2025-09-06,21,0,0,0,0
South Sudan,SSD,2025-09-07,21,0,0,0,0
South Sudan,SSD,2025-09-08,21,0,0,0,0
South Sudan,SSD,2025-09-09,21,0,0,0,0
South Sudan,SSD,2025-09-10,21,0,0,0,0
South Sudan,SSD,2025-09-11,21,0,0,0,0
South Sudan,SSD,2025-09-12,21,0,0,0,0
South Sudan,SSD,2025-09-13,21,0,0,0,0
South Sudan,SSD,2025-09-14,21,0,0,0,0
South Sudan,SSD,2025-09-15,21,0,0,0,0
South Sudan,SSD,2025-09-16,21,0,0,0,0
South Sudan,SSD,2025-09-17,21,0,0,0,0
South Sudan,SSD,2025-09-18,21,0,0,0,0
South Sudan,SSD,2025-09-19,21,0,0,0,0
South Sudan,SSD,2025-09-20,21,0,0,0,0
South Sudan,SSD,2025-09-21,21,0,0,0,0
South Sudan,SSD,2025-09-22,21,0,0,0,0
South Sudan,SSD,2025-09-23,21,0,0,0,0
South Sudan,SSD,2025-09-24,21,0,0,0,0
South Sudan,SSD,2025-09-25,21,0,0,0,0
South Sudan,SSD,2025-09-26,21,0,0,0,0
South Sudan,SSD,2025-09-27,21,0,0,0,0
South Sudan,SSD,2025-09-28,21,0,0,0,0
South Sudan,SSD,2025-09-29,21,0,0,0,0
South Sudan,SSD,2025-09-30,21,0,0,0,0
South Sudan,SSD,2025-10-01,21,0,0,0,0
South Sudan,SSD,2025-10-02,21,0,0,0,0
South Sudan,SSD,2025-10-03,21,0,0,0,0
South Sudan,SSD,2025-10-04,21,0,0,0,0
South Sudan,SSD,2025-10-05,21,0,0,0,0
South Sudan,SSD,2025-10-06,21,0,0,0,0
South Sudan,SSD,2025-10-07,21,0,0,0,0
South Sudan,SSD,2025-10-08,21,0,0,0,0
South Sudan,SSD,2025-10-09,21,0,0,0,0
South Sudan,SSD,2025-10-10,21,0,0,0,0
South Sudan,SSD,2025-10-11,21,0,0,0,0
South Sudan,SSD,2025-10-12,21,0,0,0,0
South Sudan,SSD,2025-10-13,21,0,0,0,0
South Sudan,SSD,2025-10-14,21,0,0,0,0
South Sudan,SSD,2025-10-15,21,0,0,0,0
South Sudan,SSD,2025-10-16,21,0,0,0,0
South Sudan,SSD,2025-10-17,21,0,0,0,0
South Sudan,SSD,2025-10-18,21,0,0,0,0
South Sudan,SSD,2025-10-19,21,0,0,0,0
South Sudan,SSD,2025-10-20,21,0,0,0,0
South Sudan,SSD,2025-10-21,21,0,0,0,0
South Sudan,SSD,2025-10-22,21,0,0,0,0
South Sudan,SSD,2025-10-23,21,0,0,0,0
South Sudan,SSD,2025-10-24,21,0,0,0,0
South Sudan,SSD,2025-10-25,21,0,0,0,0
South Sudan,SSD,2025-10-26,22,1,0,0,0.14
South Sudan,SSD,2025-10-27,22,0,0,0,0.14
South Sudan,SSD,2025-10-28,22,0,0,0,0.14
South Sudan,SSD,2025-10-29,22,0,0,0,0.14
South Sudan,SSD,2025-10-30,22,0,0,0,0.14
South Sudan,SSD,2025-10-31,22,0,0,0,0.14
South Sudan,SSD,2025-11-01,22,0,0,0,0.14
South Sudan,SSD,2025-11-02,22,0,0,0,0
South Sudan,SSD,2025-11-03,22,0,0,0,0
South Sudan,SSD,2025-11-04,22,0,0,0,0
South Sudan,SSD,2025-11-05,22,0,0,0,0
South Sudan,SSD,2025-11-06,22,0,0,0,0
South Sudan,SSD,2025-11-07,22,0,0,0,0
South Sudan,SSD,2025-11-08,22,0,0,0,0
South Sudan,SSD,2025-11-09,26,4,0,0,0.57
South Sudan,SSD,2025-11-10,26,0,0,0,0.57
South Sudan,SSD,2025-11-11,26,0,0,0,0.57
South Sudan,SSD,2025-11-12,26,0,0,0,0.57
South Sudan,SSD,2025-11-13,26,0,0,0,0.57
South Sudan,SSD,2025-11-14,26,0,0,0,0.57
South Sudan,SSD,2025-11-15,26,0,0,0,0.57
South Sudan,SSD,2025-11-16,32,6,0,0,0.86
South Sudan,SSD,2025-11-17,32,0,0,0,0.86
South Sudan,SSD,2025-11-18,32,0,0,0,0.86
South Sudan,SSD,2025-11-19,32,0,0,0,0.86
South Sudan,SSD,2025-11-20,32,0,0,0,0.86
South Sudan,SSD,2025-11-21,32,0,0,0,0.86
South Sudan,SSD,2025-11-22,32,0,0,0,0.86
South Sudan,SSD,2025-11-23,35,3,0,0,0.43
South Sudan,SSD,2025-11-24,35,0,0,0,0.43
South Sudan,SSD,2025-11-25,35,0,0,0,0.43
South Sudan,SSD,2025-11-26,35,0,0,0,0.43
South Sudan,SSD,2025-11-27,35,0,0,0,0.43
South Sudan,SSD,2025-11-28,35,0,0,0,0.43
South Sudan,SSD,2025-11-29,35,0,0,0,0.43
South Sudan,SSD,2025-11-30,37,2,0,0,0.29
South Sudan,SSD,2025-12-01,37,0,0,0,0.29
South Sudan,SSD,2025-12-02,37,0,0,0,0.29
South Sudan,SSD,2025-12-03,37,0,0,0,0.29
South Sudan,SSD,2025-12-04,37,0,0,0,0.29
South Sudan,SSD,2025-12-05,37,0,0,0,0.29
South Sudan,SSD,2025-12-06,37,0,0,0,0.29
South Sudan,SSD,2025-12-07,38,1,0,0,0.14
South Sudan,SSD,2025-12-08,38,0,0,0,0.14
South Sudan,SSD,2025-12-09,38,0,0,0,0.14
South Sudan,SSD,2025-12-10,38,0,0,0,0.14
South Sudan,SSD,2025-12-11,38,0,0,0,0.14
South Sudan,SSD,2025-12-12,38,0,0,0,0.14
South Sudan,SSD,2025-12-13,38,0,0,0,0.14
South Sudan,SSD,2025-12-14,38,0,0,0,0
South Sudan,SSD,2025-12-15,38,0,0,0,0
South Sudan,SSD,2025-12-16,38,0,0,0,0
South Sudan,SSD,2025-12-17,38,0,0,0,0
South Sudan,SSD,2025-12-18,38,0,0,0,0
South Sudan,SSD,2025-12-19,38,0,0,0,0
South Sudan,SSD,2025-12-20,38,0,0,0,0
South Sudan,SSD,2025-12-21,38,0,0,0,0
South Sudan,SSD,2025-12-22,38,0,0,0,0
South Sudan,SSD,2025-12-23,38,0,0,0,0
South Sudan,SSD,2025-12-24,38,0,0,0,0
South Sudan,SSD,2025-12-25,38,0,0,0,0
South Sudan,SSD,2025-12-26,38,0,0,0,0
South Sudan,SSD,2025-12-27,38,0,0,0,0
South Sudan,SSD,2025-12-28,38,0,0,0,0
South Sudan,SSD,2025-12-29,38,0,0,0,0
South Sudan,SSD,2025-12-30,38,0,0,0,0
South Sudan,SSD,2025-12-31,38,0,0,0,0
South Sudan,SSD,2026-01-01,38,0,0,0,0
South Sudan,SSD,2026-01-02,38,0,0,0,0
South Sudan,SSD,2026-01-03,38,0,0,0,0
South Sudan,SSD,2026-01-04,38,0,0,0,0
South Sudan,SSD,2026-01-05,38,0,0,0,0
South Sudan,SSD,2026-01-06,38,0,0,0,0
South Sudan,SSD,2026-01-07,38,0,0,0,0
South Sudan,SSD,2026-01-08,38,0,0,0,0
South Sudan,SSD,2026-01-09,38,0,0,0,0
South Sudan,SSD,2026-01-10,38,0,0,0,0
South Sudan,SSD,2026-01-11,38,0,0,0,0
South Sudan,SSD,2026-01-12,38,0,0,0,0
South Sudan,SSD,2026-01-13,38,0,0,0,0
South Sudan,SSD,2026-01-14,38,0,0,0,0
South Sudan,SSD,2026-01-15,38,0,0,0,0
South Sudan,SSD,2026-01-16,38,0,0,0,0
South Sudan,SSD,2026-01-17,38,0,0,0,0
South Sudan,SSD,2026-01-18,40,2,0,0,0.29
South Sudan,SSD,2026-01-19,40,0,0,0,0.29
South Sudan,SSD,2026-01-20,40,0,0,0,0.29
South Sudan,SSD,2026-01-21,40,0,0,0,0.29
South Sudan,SSD,2026-01-22,40,0,0,0,0.29
South Sudan,SSD,2026-01-23,40,0,0,0,0.29
South Sudan,SSD,2026-01-24,40,0,0,0,0.29
South Sudan,SSD,2026-01-25,41,1,0,0,0.14
South Sudan,SSD,2026-01-26,41,0,0,0,0.14
South Sudan,SSD,2026-01-27,41,0,0,0,0.14
South Sudan,SSD,2026-01-28,41,0,0,0,0.14
South Sudan,SSD,2026-01-29,41,0,0,0,0.14
South Sudan,SSD,2026-01-30,41,0,0,0,0.14
South Sudan,SSD,2026-01-31,41,0,0,0,0.14
South Sudan,SSD,2026-02-01,43,2,1,1,0.29
South Sudan,SSD,2026-02-02,43,0,1,0,0.29
South Sudan,SSD,2026-02-03,43,0,1,0,0.29
South Sudan,SSD,2026-02-04,43,0,1,0,0.29
South Sudan,SSD,2026-02-05,43,0,1,0,0.29
South Sudan,SSD,2026-02-06,43,0,1,0,0.29
South Sudan,SSD,2026-02-07,43,0,1,0,0.29
South Sudan,SSD,2026-02-08,44,1,1,0,0.14
South Sudan,SSD,2026-02-09,44,0,1,0,0.14
South Sudan,SSD,2026-02-10,44,0,1,0,0.14
South Sudan,SSD,2026-02-11,44,0,1,0,0.14
South Sudan,SSD,2026-02-12,44,0,1,0,0.14
South Sudan,SSD,2026-02-13,44,0,1,0,0.14
South Sudan,SSD,2026-02-14,44,0,1,0,0.14
South Sudan,SSD,2026-02-15,46,2,1,0,0.29
South Sudan,SSD,2026-02-16,46,0,1,0,0.29
South Sudan,SSD,2026-02-17,46,0,1,0,0.29
South Sudan,SSD,2026-02-18,46,0,1,0,0.29
South Sudan,SSD,2026-02-19,46,0,1,0,0.29
South Sudan,SSD,2026-02-20,46,0,1,0,0.29
South Sudan,SSD,2026-02-21,46,0,1,0,0.29
South Sudan,SSD,2026-02-22,48,2,1,0,0.29
South Sudan,SSD,2026-02-23,48,0,1,0,0.29
South Sudan,SSD,2026-02-24,48,0,1,0,0.29
South Sudan,SSD,2026-02-25,48,0,1,0,0.29
South Sudan,SSD,2026-02-26,48,0,1,0,0.29
South Sudan,SSD,2026-02-27,48,0,1,0,0.29
South Sudan,SSD,2026-02-28,48,0,1,0,0.29
South Sudan,SSD,2026-03-01,50,2,1,0,0.29
South Sudan,SSD,2026-03-02,50,0,1,0,0.29
South Sudan,SSD,2026-03-03,50,0,1,0,0.29
South Sudan,SSD,2026-03-04,50,0,1,0,0.29
South Sudan,SSD,2026-03-05,50,0,1,0,0.29
South Sudan,SSD,2026-03-06,50,0,1,0,0.29
South Sudan,SSD,2026-03-07,50,0,1,0,0.29
South Sudan,SSD,2026-03-08,52,2,1,0,0.29
South Sudan,SSD,2026-03-09,52,0,1,0,0.29
South Sudan,SSD,2026-03-10,52,0,1,0,0.29
South Sudan,SSD,2026-03-11,52,0,1,0,0.29
South Sudan,SSD,2026-03-12,52,0,1,0,0.29
South Sudan,SSD,2026-03-13,52,0,1,0,0.29
South Sudan,SSD,2026-03-14,52,0,1,0,0.29
South Sudan,SSD,2026-03-15,52,0,1,0,0
South Sudan,SSD,2026-03-16,52,0,1,0,0
South Sudan,SSD,2026-03-17,52,0,1,0,0
South Sudan,SSD,2026-03-18,52,0,1,0,0
South Sudan,SSD,2026-03-19,52,0,1,0,0
South Sudan,SSD,2026-03-20,52,0,1,0,0
South Sudan,SSD,2026-03-21,52,0,1,0,0
South Sudan,SSD,2026-03-22,53,1,1,0,0.14
South Sudan,SSD,2026-03-23,53,0,1,0,0.14
South Sudan,SSD,2026-03-24,53,0,1,0,0.14
South Sudan,SSD,2026-03-25,53,0,1,0,0.14
South Sudan,SSD,2026-03-26,53,0,1,0,0.14
South Sudan,SSD,2026-03-27,53,0,1,0,0.14
South Sudan,SSD,2026-03-28,53,0,1,0,0.14
South Sudan,SSD,2026-03-29,53,0,1,0,0
South Sudan,SSD,2026-03-30,53,0,1,0,0
South Sudan,SSD,2026-03-31,53,0,1,0,0
South Sudan,SSD,2026-04-01,53,0,1,0,0
South Sudan,SSD,2026-04-02,53,0,1,0,0
South Sudan,SSD,2026-04-03,53,0,1,0,0
South Sudan,SSD,2026-04-04,53,0,1,0,0
South Sudan,SSD,2026-04-05,53,0,1,0,0
South Sudan,SSD,2026-04-06,53,0,1,0,0
South Sudan,SSD,2026-04-07,53,0,1,0,0
South Sudan,SSD,2026-04-08,53,0,1,0,0
South Sudan,SSD,2026-04-09,53,0,1,0,0
South Sudan,SSD,2026-04-10,53,0,1,0,0
South Sudan,SSD,2026-04-11,53,0,1,0,0
South Sudan,SSD,2026-04-12,54,1,2,1,0.14
South Sudan,SSD,2026-04-13,54,0,2,0,0.14
South Sudan,SSD,2026-04-14,54,0,2,0,0.14
South Sudan,SSD,2026-04-15,54,0,2,0,0.14
South Sudan,SSD,2026-04-16,54,0,2,0,0.14
South Sudan,SSD,2026-04-17,54,0,2,0,0.14
South Sudan,SSD,2026-04-18,54,0,2,0,0.14
South Sudan,SSD,2026-04-19,67,13,2,0,1.86
South Sudan,SSD,2026-04-20,67,0,2,0,1.86
South Sudan,SSD,2026-04-21,67,0,2,0,1.86
South Sudan,SSD,2026-04-22,67,0,2,0,1.86
South Sudan,SSD,2026-04-23,67,0,2,0,1.86
South Sudan,SSD,2026-04-24,67,0,2,0,1.86
South Sudan,SSD,2026-04-25,67,0,2,0,1.86
South Sudan,SSD,2026-04-26,78,11,2,0,1.57
Sudan,SDN,2022-08-01,1,1,0,0,0.14
Sudan,SDN,2022-08-02,1,0,0,0,0.14
Sudan,SDN,2022-08-03,1,0,0,0,0.14
Sudan,SDN,2022-08-04,1,0,0,0,0.14
Sudan,SDN,2022-08-05,1,0,0,0,0.14
Sudan,SDN,2022-08-06,1,0,0,0,0.14
Sudan,SDN,2022-08-07,1,0,0,0,0.14
Sudan,SDN,2022-08-08,1,0,0,0,0
Sudan,SDN,2022-08-09,1,0,0,0,0
Sudan,SDN,2022-08-10,2,1,0,0,0.14
Sudan,SDN,2022-08-11,2,0,0,0,0.14
Sudan,SDN,2022-08-12,2,0,0,0,0.14
Sudan,SDN,2022-08-13,2,0,0,0,0.14
Sudan,SDN,2022-08-14,2,0,0,0,0.14
Sudan,SDN,2022-08-15,2,0,0,0,0.14
Sudan,SDN,2022-08-16,2,0,0,0,0.14
Sudan,SDN,2022-08-17,2,0,0,0,0
Sudan,SDN,2022-08-18,2,0,0,0,0
Sudan,SDN,2022-08-19,2,0,0,0,0
Sudan,SDN,2022-08-20,2,0,0,0,0
Sudan,SDN,2022-08-21,2,0,0,0,0
Sudan,SDN,2022-08-22,2,0,0,0,0
Sudan,SDN,2022-08-23,2,0,0,0,0
Sudan,SDN,2022-08-24,2,0,0,0,0
Sudan,SDN,2022-08-25,2,0,0,0,0
Sudan,SDN,2022-08-26,2,0,0,0,0
Sudan,SDN,2022-08-27,2,0,0,0,0
Sudan,SDN,2022-08-28,2,0,0,0,0
Sudan,SDN,2022-08-29,2,0,0,0,0
Sudan,SDN,2022-08-30,2,0,0,0,0
Sudan,SDN,2022-08-31,2,0,0,0,0
Sudan,SDN,2022-09-01,2,0,0,0,0
Sudan,SDN,2022-09-02,2,0,0,0,0
Sudan,SDN,2022-09-03,2,0,0,0,0
Sudan,SDN,2022-09-04,2,0,0,0,0
Sudan,SDN,2022-09-05,2,0,0,0,0
Sudan,SDN,2022-09-06,4,2,0,0,0.29
Sudan,SDN,2022-09-07,4,0,0,0,0.29
Sudan,SDN,2022-09-08,4,0,0,0,0.29
Sudan,SDN,2022-09-09,4,0,0,0,0.29
Sudan,SDN,2022-09-10,4,0,0,0,0.29
Sudan,SDN,2022-09-11,4,0,0,0,0.29
Sudan,SDN,2022-09-12,4,0,0,0,0.29
Sudan,SDN,2022-09-13,4,0,0,0,0
Sudan,SDN,2022-09-14,4,0,0,0,0
Sudan,SDN,2022-09-15,6,2,1,1,0.29
Sudan,SDN,2022-09-16,6,0,1,0,0.29
Sudan,SDN,2022-09-17,6,0,1,0,0.29
Sudan,SDN,2022-09-18,6,0,1,0,0.29
Sudan,SDN,2022-09-19,6,0,1,0,0.29
Sudan,SDN,2022-09-20,6,0,1,0,0.29
Sudan,SDN,2022-09-21,7,1,1,0,0.43
Sudan,SDN,2022-09-22,7,0,1,0,0.14
Sudan,SDN,2022-09-23,7,0,1,0,0.14
Sudan,SDN,2022-09-24,7,0,1,0,0.14
Sudan,SDN,2022-09-25,7,0,1,0,0.14
Sudan,SDN,2022-09-26,7,0,1,0,0.14
Sudan,SDN,2022-09-27,7,0,1,0,0.14
Sudan,SDN,2022-09-28,7,0,1,0,0
Sudan,SDN,2022-09-29,7,0,1,0,0
Sudan,SDN,2022-09-30,7,0,1,0,0
Sudan,SDN,2022-10-01,17,10,1,0,1.43
Sudan,SDN,2022-10-02,17,0,1,0,1.43
Sudan,SDN,2022-10-03,17,0,1,0,1.43
Sudan,SDN,2022-10-04,17,0,1,0,1.43
Sudan,SDN,2022-10-05,17,0,1,0,1.43
Sudan,SDN,2022-10-06,17,0,1,0,1.43
Sudan,SDN,2022-10-07,17,0,1,0,1.43
Sudan,SDN,2022-10-08,17,0,1,0,0
Sudan,SDN,2022-10-09,17,0,1,0,0
Sudan,SDN,2022-10-10,17,0,1,0,0
Sudan,SDN,2022-10-11,17,0,1,0,0
Sudan,SDN,2022-10-12,17,0,1,0,0
Sudan,SDN,2022-10-13,17,0,1,0,0
Sudan,SDN,2022-10-14,17,0,1,0,0
Sudan,SDN,2022-10-15,17,0,1,0,0
Sudan,SDN,2022-10-16,17,0,1,0,0
Sudan,SDN,2022-10-17,17,0,1,0,0
Sudan,SDN,2022-10-18,17,0,1,0,0
Sudan,SDN,2022-10-19,18,1,1,0,0.14
Sudan,SDN,2022-10-20,18,0,1,0,0.14
Sudan,SDN,2022-10-21,18,0,1,0,0.14
Sudan,SDN,2022-10-22,18,0,1,0,0.14
Sudan,SDN,2022-10-23,18,0,1,0,0.14
Sudan,SDN,2022-10-24,18,0,1,0,0.14
Sudan,SDN,2022-10-25,18,0,1,0,0.14
Sudan,SDN,2022-10-26,18,0,1,0,0
Sudan,SDN,2022-10-27,18,0,1,0,0
Sudan,SDN,2022-10-28,18,0,1,0,0
Sudan,SDN,2022-10-29,18,0,1,0,0
Sudan,SDN,2022-10-30,18,0,1,0,0
Sudan,SDN,2022-10-31,18,0,1,0,0
Sudan,SDN,2022-11-01,18,0,1,0,0
Sudan,SDN,2022-11-02,18,0,1,0,0
Sudan,SDN,2022-11-03,18,0,1,0,0
Sudan,SDN,2022-11-04,18,0,1,0,0
Sudan,SDN,2022-11-05,18,0,1,0,0
Sudan,SDN,2022-11-06,18,0,1,0,0
Sudan,SDN,2022-11-07,18,0,1,0,0
Sudan,SDN,2022-11-08,18,0,1,0,0
Sudan,SDN,2022-11-09,18,0,1,0,0
Sudan,SDN,2022-11-10,18,0,1,0,0
Sudan,SDN,2022-11-11,18,0,1,0,0
Sudan,SDN,2022-11-12,18,0,1,0,0
Sudan,SDN,2022-11-13,18,0,1,0,0
Sudan,SDN,2022-11-14,18,0,1,0,0
Sudan,SDN,2022-11-15,18,0,1,0,0
Sudan,SDN,2022-11-16,18,0,1,0,0
Sudan,SDN,2022-11-17,18,0,1,0,0
Sudan,SDN,2022-11-18,18,0,1,0,0
Sudan,SDN,2022-11-19,18,0,1,0,0
Sudan,SDN,2022-11-20,18,0,1,0,0
Sudan,SDN,2022-11-21,18,0,1,0,0
Sudan,SDN,2022-11-22,18,0,1,0,0
Sudan,SDN,2022-11-23,18,0,1,0,0
Sudan,SDN,2022-11-24,18,0,1,0,0
Sudan,SDN,2022-11-25,18,0,1,0,0
Sudan,SDN,2022-11-26,18,0,1,0,0
Sudan,SDN,2022-11-27,18,0,1,0,0
Sudan,SDN,2022-11-28,18,0,1,0,0
Sudan,SDN,2022-11-29,18,0,1,0,0
Sudan,SDN,2022-11-30,18,0,1,0,0
Sudan,SDN,2022-12-01,18,0,1,0,0
Sudan,SDN,2022-12-02,18,0,1,0,0
Sudan,SDN,2022-12-03,18,0,1,0,0
Sudan,SDN,2022-12-04,18,0,1,0,0
Sudan,SDN,2022-12-05,18,0,1,0,0
Sudan,SDN,2022-12-06,18,0,1,0,0
Sudan,SDN,2022-12-07,18,0,1,0,0
Sudan,SDN,2022-12-08,18,0,1,0,0
Sudan,SDN,2022-12-09,18,0,1,0,0
Sudan,SDN,2022-12-10,18,0,1,0,0
Sudan,SDN,2022-12-11,18,0,1,0,0
Sudan,SDN,2022-12-12,18,0,1,0,0
Sudan,SDN,2022-12-13,18,0,1,0,0
Sudan,SDN,2022-12-14,18,0,1,0,0
Sudan,SDN,2022-12-15,18,0,1,0,0
Sudan,SDN,2022-12-16,18,0,1,0,0
Sudan,SDN,2022-12-17,18,0,1,0,0
Sudan,SDN,2022-12-18,18,0,1,0,0
Sudan,SDN,2022-12-19,18,0,1,0,0
Sudan,SDN,2022-12-20,18,0,1,0,0
Sudan,SDN,2022-12-21,18,0,1,0,0
Sudan,SDN,2022-12-22,18,0,1,0,0
Sudan,SDN,2022-12-23,18,0,1,0,0
Sudan,SDN,2022-12-24,18,0,1,0,0
Sudan,SDN,2022-12-25,18,0,1,0,0
Sudan,SDN,2022-12-26,18,0,1,0,0
Sudan,SDN,2022-12-27,18,0,1,0,0
Sudan,SDN,2022-12-28,18,0,1,0,0
Sudan,SDN,2022-12-29,18,0,1,0,0
Sudan,SDN,2022-12-30,18,0,1,0,0
Sudan,SDN,2022-12-31,18,0,1,0,0
Sudan,SDN,2023-01-01,18,0,1,0,0
Sudan,SDN,2023-01-02,18,0,1,0,0
Sudan,SDN,2023-01-03,18,0,1,0,0
Sudan,SDN,2023-01-04,18,0,1,0,0
Sudan,SDN,2023-01-05,18,0,1,0,0
Sudan,SDN,2023-01-06,18,0,1,0,0
Sudan,SDN,2023-01-07,18,0,1,0,0
Sudan,SDN,2023-01-08,18,0,1,0,0
Sudan,SDN,2023-01-09,18,0,1,0,0
Sudan,SDN,2023-01-10,18,0,1,0,0
Sudan,SDN,2023-01-11,18,0,1,0,0
Sudan,SDN,2023-01-12,18,0,1,0,0
Sudan,SDN,2023-01-13,18,0,1,0,0
Sudan,SDN,2023-01-14,18,0,1,0,0
Sudan,SDN,2023-01-15,18,0,1,0,0
Sudan,SDN,2023-01-16,18,0,1,0,0
Sudan,SDN,2023-01-17,18,0,1,0,0
Sudan,SDN,2023-01-18,18,0,1,0,0
Sudan,SDN,2023-01-19,18,0,1,0,0
Sudan,SDN,2023-01-20,18,0,1,0,0
Sudan,SDN,2023-01-21,18,0,1,0,0
Sudan,SDN,2023-01-22,18,0,1,0,0
Sudan,SDN,2023-01-23,18,0,1,0,0
Sudan,SDN,2023-01-24,18,0,1,0,0
Sudan,SDN,2023-01-25,18,0,1,0,0
Sudan,SDN,2023-01-26,18,0,1,0,0
Sudan,SDN,2023-01-27,18,0,1,0,0
Sudan,SDN,2023-01-28,18,0,1,0,0
Sudan,SDN,2023-01-29,18,0,1,0,0
Sudan,SDN,2023-01-30,18,0,1,0,0
Sudan,SDN,2023-01-31,18,0,1,0,0
Sudan,SDN,2023-02-01,18,0,1,0,0
Sudan,SDN,2023-02-02,18,0,1,0,0
Sudan,SDN,2023-02-03,18,0,1,0,0
Sudan,SDN,2023-02-04,18,0,1,0,0
Sudan,SDN,2023-02-05,18,0,1,0,0
Sudan,SDN,2023-02-06,18,0,1,0,0
Sudan,SDN,2023-02-07,18,0,1,0,0
Sudan,SDN,2023-02-08,18,0,1,0,0
Sudan,SDN,2023-02-09,18,0,1,0,0
Sudan,SDN,2023-02-10,18,0,1,0,0
Sudan,SDN,2023-02-11,18,0,1,0,0
Sudan,SDN,2023-02-12,18,0,1,0,0
Sudan,SDN,2023-02-13,18,0,1,0,0
Sudan,SDN,2023-02-14,18,0,1,0,0
Sudan,SDN,2023-02-15,18,0,1,0,0
Sudan,SDN,2023-02-16,18,0,1,0,0
Sudan,SDN,2023-02-17,18,0,1,0,0
Sudan,SDN,2023-02-18,18,0,1,0,0
Sudan,SDN,2023-02-19,18,0,1,0,0
Sudan,SDN,2023-02-20,18,0,1,0,0
Sudan,SDN,2023-02-21,18,0,1,0,0
Sudan,SDN,2023-02-22,18,0,1,0,0
Sudan,SDN,2023-02-23,18,0,1,0,0
Sudan,SDN,2023-02-24,18,0,1,0,0
Sudan,SDN,2023-02-25,18,0,1,0,0
Sudan,SDN,2023-02-26,18,0,1,0,0
Sudan,SDN,2023-02-27,18,0,1,0,0
Sudan,SDN,2023-02-28,18,0,1,0,0
Sudan,SDN,2023-03-01,18,0,1,0,0
Sudan,SDN,2023-03-02,18,0,1,0,0
Sudan,SDN,2023-03-03,18,0,1,0,0
Sudan,SDN,2023-03-04,18,0,1,0,0
Sudan,SDN,2023-03-05,18,0,1,0,0
Sudan,SDN,2023-03-06,18,0,1,0,0
Sudan,SDN,2023-03-07,18,0,1,0,0
Sudan,SDN,2023-03-08,18,0,1,0,0
Sudan,SDN,2023-03-09,18,0,1,0,0
Sudan,SDN,2023-03-10,18,0,1,0,0
Sudan,SDN,2023-03-11,18,0,1,0,0
Sudan,SDN,2023-03-12,18,0,1,0,0
Sudan,SDN,2023-03-13,18,0,1,0,0
Sudan,SDN,2023-03-14,18,0,1,0,0
Sudan,SDN,2023-03-15,18,0,1,0,0
Sudan,SDN,2023-03-16,18,0,1,0,0
Sudan,SDN,2023-03-17,18,0,1,0,0
Sudan,SDN,2023-03-18,18,0,1,0,0
Sudan,SDN,2023-03-19,18,0,1,0,0
Sudan,SDN,2023-03-20,18,0,1,0,0
Sudan,SDN,2023-03-21,18,0,1,0,0
Sudan,SDN,2023-03-22,18,0,1,0,0
Sudan,SDN,2023-03-23,18,0,1,0,0
Sudan,SDN,2023-03-24,18,0,1,0,0
Sudan,SDN,2023-03-25,18,0,1,0,0
Sudan,SDN,2023-03-26,18,0,1,0,0
Sudan,SDN,2023-03-27,18,0,1,0,0
Sudan,SDN,2023-03-28,18,0,1,0,0
Sudan,SDN,2023-03-29,18,0,1,0,0
Sudan,SDN,2023-03-30,18,0,1,0,0
Sudan,SDN,2023-03-31,18,0,1,0,0
Sudan,SDN,2023-04-01,18,0,1,0,0
Sudan,SDN,2023-04-02,18,0,1,0,0
Sudan,SDN,2023-04-03,18,0,1,0,0
Sudan,SDN,2023-04-04,18,0,1,0,0
Sudan,SDN,2023-04-05,19,1,1,0,0.14
Tanzania,TZA,2025-02-23,0,0,0,0,0
Tanzania,TZA,2025-02-24,0,0,0,0,0
Tanzania,TZA,2025-02-25,0,0,0,0,0
Tanzania,TZA,2025-02-26,0,0,0,0,0
Tanzania,TZA,2025-02-27,0,0,0,0,0
Tanzania,TZA,2025-02-28,0,0,0,0,0
Tanzania,TZA,2025-03-01,0,0,0,0,0
Tanzania,TZA,2025-03-02,0,0,0,0,0
Tanzania,TZA,2025-03-03,0,0,0,0,0
Tanzania,TZA,2025-03-04,0,0,0,0,0
Tanzania,TZA,2025-03-05,0,0,0,0,0
Tanzania,TZA,2025-03-06,0,0,0,0,0
Tanzania,TZA,2025-03-07,0,0,0,0,0
Tanzania,TZA,2025-03-08,0,0,0,0,0
Tanzania,TZA,2025-03-09,2,2,0,0,0.29
Tanzania,TZA,2025-03-10,2,0,0,0,0.29
Tanzania,TZA,2025-03-11,2,0,0,0,0.29
Tanzania,TZA,2025-03-12,2,0,0,0,0.29
Tanzania,TZA,2025-03-13,2,0,0,0,0.29
Tanzania,TZA,2025-03-14,2,0,0,0,0.29
Tanzania,TZA,2025-03-15,2,0,0,0,0.29
Tanzania,TZA,2025-03-16,22,20,0,0,2.86
Tanzania,TZA,2025-03-17,22,0,0,0,2.86
Tanzania,TZA,2025-03-18,22,0,0,0,2.86
Tanzania,TZA,2025-03-19,22,0,0,0,2.86
Tanzania,TZA,2025-03-20,22,0,0,0,2.86
Tanzania,TZA,2025-03-21,22,0,0,0,2.86
Tanzania,TZA,2025-03-22,22,0,0,0,2.86
Tanzania,TZA,2025-03-23,27,5,0,0,0.71
Tanzania,TZA,2025-03-24,27,0,0,0,0.71
Tanzania,TZA,2025-03-25,27,0,0,0,0.71
Tanzania,TZA,2025-03-26,27,0,0,0,0.71
Tanzania,TZA,2025-03-27,27,0,0,0,0.71
Tanzania,TZA,2025-03-28,27,0,0,0,0.71
Tanzania,TZA,2025-03-29,27,0,0,0,0.71
Tanzania,TZA,2025-03-30,31,4,0,0,0.57
Tanzania,TZA,2025-03-31,31,0,0,0,0.57
Tanzania,TZA,2025-04-01,31,0,0,0,0.57
Tanzania,TZA,2025-04-02,31,0,0,0,0.57
Tanzania,TZA,2025-04-03,31,0,0,0,0.57
Tanzania,TZA,2025-04-04,31,0,0,0,0.57
Tanzania,TZA,2025-04-05,31,0,0,0,0.57
Tanzania,TZA,2025-04-06,34,3,0,0,0.43
Tanzania,TZA,2025-04-07,34,0,0,0,0.43
Tanzania,TZA,2025-04-08,34,0,0,0,0.43
Tanzania,TZA,2025-04-09,34,0,0,0,0.43
Tanzania,TZA,2025-04-10,34,0,0,0,0.43
Tanzania,TZA,2025-04-11,34,0,0,0,0.43
Tanzania,TZA,2025-04-12,34,0,0,0,0.43
Tanzania,TZA,2025-04-13,36,2,0,0,0.29
Tanzania,TZA,2025-04-14,36,0,0,0,0.29
Tanzania,TZA,2025-04-15,36,0,0,0,0.29
Tanzania,TZA,2025-04-16,36,0,0,0,0.29
Tanzania,TZA,2025-04-17,36,0,0,0,0.29
Tanzania,TZA,2025-04-18,36,0,0,0,0.29
Tanzania,TZA,2025-04-19,36,0,0,0,0.29
Tanzania,TZA,2025-04-20,39,3,0,0,0.43
Tanzania,TZA,2025-04-21,39,0,0,0,0.43
Tanzania,TZA,2025-04-22,39,0,0,0,0.43
Tanzania,TZA,2025-04-23,39,0,0,0,0.43
Tanzania,TZA,2025-04-24,39,0,0,0,0.43
Tanzania,TZA,2025-04-25,39,0,0,0,0.43
Tanzania,TZA,2025-04-26,39,0,0,0,0.43
Tanzania,TZA,2025-04-27,40,1,0,0,0.14
Tanzania,TZA,2025-04-28,40,0,0,0,0.14
Tanzania,TZA,2025-04-29,40,0,0,0,0.14
Tanzania,TZA,2025-04-30,40,0,0,0,0.14
Tanzania,TZA,2025-05-01,40,0,0,0,0.14
Tanzania,TZA,2025-05-02,40,0,0,0,0.14
Tanzania,TZA,2025-05-03,40,0,0,0,0.14
Tanzania,TZA,2025-05-04,41,1,0,0,0.14
Tanzania,TZA,2025-05-05,41,0,0,0,0.14
Tanzania,TZA,2025-05-06,41,0,0,0,0.14
Tanzania,TZA,2025-05-07,41,0,0,0,0.14
Tanzania,TZA,2025-05-08,41,0,0,0,0.14
Tanzania,TZA,2025-05-09,41,0,0,0,0.14
Tanzania,TZA,2025-05-10,41,0,0,0,0.14
Tanzania,TZA,2025-05-11,43,2,0,0,0.29
Tanzania,TZA,2025-05-12,43,0,0,0,0.29
Tanzania,TZA,2025-05-13,43,0,0,0,0.29
Tanzania,TZA,2025-05-14,43,0,0,0,0.29
Tanzania,TZA,2025-05-15,43,0,0,0,0.29
Tanzania,TZA,2025-05-16,43,0,0,0,0.29
Tanzania,TZA,2025-05-17,43,0,0,0,0.29
Tanzania,TZA,2025-05-18,48,5,0,0,0.71
Tanzania,TZA,2025-05-19,48,0,0,0,0.71
Tanzania,TZA,2025-05-20,48,0,0,0,0.71
Tanzania,TZA,2025-05-21,48,0,0,0,0.71
Tanzania,TZA,2025-05-22,48,0,0,0,0.71
Tanzania,TZA,2025-05-23,48,0,0,0,0.71
Tanzania,TZA,2025-05-24,48,0,0,0,0.71
Tanzania,TZA,2025-05-25,49,1,0,0,0.14
Tanzania,TZA,2025-05-26,49,0,0,0,0.14
Tanzania,TZA,2025-05-27,49,0,0,0,0.14
Tanzania,TZA,2025-05-28,49,0,0,0,0.14
Tanzania,TZA,2025-05-29,49,0,0,0,0.14
Tanzania,TZA,2025-05-30,49,0,0,0,0.14
Tanzania,TZA,2025-05-31,54,5,0,0,0.86
Tanzania,TZA,2025-06-01,54,0,0,0,0.71
Tanzania,TZA,2025-06-02,54,0,0,0,0.71
Tanzania,TZA,2025-06-03,54,0,0,0,0.71
Tanzania,TZA,2025-06-04,54,0,0,0,0.71
Tanzania,TZA,2025-06-05,54,0,0,0,0.71
Tanzania,TZA,2025-06-06,54,0,0,0,0.71
Tanzania,TZA,2025-06-07,54,0,0,0,0
Tanzania,TZA,2025-06-08,60,6,0,0,0.86
Tanzania,TZA,2025-06-09,60,0,0,0,0.86
Tanzania,TZA,2025-06-10,60,0,0,0,0.86
Tanzania,TZA,2025-06-11,60,0,0,0,0.86
Tanzania,TZA,2025-06-12,60,0,0,0,0.86
Tanzania,TZA,2025-06-13,60,0,0,0,0.86
Tanzania,TZA,2025-06-14,60,0,0,0,0.86
Tanzania,TZA,2025-06-15,68,8,0,0,1.14
Tanzania,TZA,2025-06-16,68,0,0,0,1.14
Tanzania,TZA,2025-06-17,68,0,0,0,1.14
Tanzania,TZA,2025-06-18,68,0,0,0,1.14
Tanzania,TZA,2025-06-19,68,0,0,0,1.14
Tanzania,TZA,2025-06-20,68,0,0,0,1.14
Tanzania,TZA,2025-06-21,68,0,0,0,1.14
Tanzania,TZA,2025-06-22,75,7,0,0,1
Tanzania,TZA,2025-06-23,75,0,0,0,1
Tanzania,TZA,2025-06-24,75,0,0,0,1
Tanzania,TZA,2025-06-25,75,0,0,0,1
Tanzania,TZA,2025-06-26,75,0,0,0,1
Tanzania,TZA,2025-06-27,75,0,0,0,1
Tanzania,TZA,2025-06-28,75,0,0,0,1
Tanzania,TZA,2025-06-29,83,8,0,0,1.14
Tanzania,TZA,2025-06-30,83,0,0,0,1.14
Tanzania,TZA,2025-07-01,83,0,0,0,1.14
Tanzania,TZA,2025-07-02,83,0,0,0,1.14
Tanzania,TZA,2025-07-03,83,0,0,0,1.14
Tanzania,TZA,2025-07-04,83,0,0,0,1.14
Tanzania,TZA,2025-07-05,83,0,0,0,1.14
Tanzania,TZA,2025-07-06,93,10,0,0,1.43
Tanzania,TZA,2025-07-07,93,0,0,0,1.43
Tanzania,TZA,2025-07-08,93,0,0,0,1.43
Tanzania,TZA,2025-07-09,93,0,0,0,1.43
Tanzania,TZA,2025-07-10,93,0,0,0,1.43
Tanzania,TZA,2025-07-11,93,0,0,0,1.43
Tanzania,TZA,2025-07-12,93,0,0,0,1.43
Tanzania,TZA,2025-07-13,100,7,0,0,1
Tanzania,TZA,2025-07-14,100,0,0,0,1
Tanzania,TZA,2025-07-15,100,0,0,0,1
Tanzania,TZA,2025-07-16,100,0,0,0,1
Tanzania,TZA,2025-07-17,100,0,0,0,1
Tanzania,TZA,2025-07-18,100,0,0,0,1
Tanzania,TZA,2025-07-19,100,0,0,0,1
Tanzania,TZA,2025-07-20,108,8,0,0,1.14
Tanzania,TZA,2025-07-21,108,0,0,0,1.14
Tanzania,TZA,2025-07-22,108,0,0,0,1.14
Tanzania,TZA,2025-07-23,108,0,0,0,1.14
Tanzania,TZA,2025-07-24,108,0,0,0,1.14
Tanzania,TZA,2025-07-25,108,0,0,0,1.14
Tanzania,TZA,2025-07-26,108,0,0,0,1.14
Tanzania,TZA,2025-07-27,111,3,0,0,0.43
Tanzania,TZA,2025-07-28,111,0,0,0,0.43
Tanzania,TZA,2025-07-29,111,0,0,0,0.43
Tanzania,TZA,2025-07-30,111,0,0,0,0.43
Tanzania,TZA,2025-07-31,111,0,0,0,0.43
Tanzania,TZA,2025-08-01,111,0,0,0,0.43
Tanzania,TZA,2025-08-02,111,0,0,0,0.43
Tanzania,TZA,2025-08-03,119,8,0,0,1.14
Tanzania,TZA,2025-08-04,119,0,0,0,1.14
Tanzania,TZA,2025-08-05,119,0,0,0,1.14
Tanzania,TZA,2025-08-06,119,0,0,0,1.14
Tanzania,TZA,2025-08-07,119,0,0,0,1.14
Tanzania,TZA,2025-08-08,119,0,0,0,1.14
Tanzania,TZA,2025-08-09,119,0,0,0,1.14
Tanzania,TZA,2025-08-10,125,6,0,0,0.86
Tanzania,TZA,2025-08-11,125,0,0,0,0.86
Tanzania,TZA,2025-08-12,125,0,0,0,0.86
Tanzania,TZA,2025-08-13,125,0,0,0,0.86
Tanzania,TZA,2025-08-14,125,0,0,0,0.86
Tanzania,TZA,2025-08-15,125,0,0,0,0.86
Tanzania,TZA,2025-08-16,125,0,0,0,0.86
Tanzania,TZA,2025-08-17,133,8,0,0,1.14
Tanzania,TZA,2025-08-18,133,0,0,0,1.14
Tanzania,TZA,2025-08-19,133,0,0,0,1.14
Tanzania,TZA,2025-08-20,133,0,0,0,1.14
Tanzania,TZA,2025-08-21,133,0,0,0,1.14
Tanzania,TZA,2025-08-22,133,0,0,0,1.14
Tanzania,TZA,2025-08-23,133,0,0,0,1.14
Tanzania,TZA,2025-08-24,141,8,0,0,1.14
Tanzania,TZA,2025-08-25,141,0,0,0,1.14
Tanzania,TZA,2025-08-26,141,0,0,0,1.14
Tanzania,TZA,2025-08-27,141,0,0,0,1.14
Tanzania,TZA,2025-08-28,141,0,0,0,1.14
Tanzania,TZA,2025-08-29,141,0,0,0,1.14
Tanzania,TZA,2025-08-30,141,0,0,0,1.14
Tanzania,TZA,2025-08-31,150,9,0,0,1.29
Tanzania,TZA,2025-09-01,150,0,0,0,1.29
Tanzania,TZA,2025-09-02,150,0,0,0,1.29
Tanzania,TZA,2025-09-03,150,0,0,0,1.29
Tanzania,TZA,2025-09-04,150,0,0,0,1.29
Tanzania,TZA,2025-09-05,150,0,0,0,1.29
Tanzania,TZA,2025-09-06,150,0,0,0,1.29
Tanzania,TZA,2025-09-07,159,9,0,0,1.29
Tanzania,TZA,2025-09-08,159,0,0,0,1.29
Tanzania,TZA,2025-09-09,159,0,0,0,1.29
Tanzania,TZA,2025-09-10,159,0,0,0,1.29
Tanzania,TZA,2025-09-11,159,0,0,0,1.29
Tanzania,TZA,2025-09-12,159,0,0,0,1.29
Tanzania,TZA,2025-09-13,159,0,0,0,1.29
Tanzania,TZA,2025-09-14,170,11,0,0,1.57
Tanzania,TZA,2025-09-15,170,0,0,0,1.57
Tanzania,TZA,2025-09-16,170,0,0,0,1.57
Tanzania,TZA,2025-09-17,170,0,0,0,1.57
Tanzania,TZA,2025-09-18,170,0,0,0,1.57
Tanzania,TZA,2025-09-19,170,0,0,0,1.57
Tanzania,TZA,2025-09-20,170,0,0,0,1.57
Tanzania,TZA,2025-09-21,176,6,0,0,0.86
Tanzania,TZA,2025-09-22,176,0,0,0,0.86
Tanzania,TZA,2025-09-23,176,0,0,0,0.86
Tanzania,TZA,2025-09-24,176,0,0,0,0.86
Tanzania,TZA,2025-09-25,176,0,0,0,0.86
Tanzania,TZA,2025-09-26,176,0,0,0,0.86
Tanzania,TZA,2025-09-27,176,0,0,0,0.86
Tanzania,TZA,2025-09-28,185,9,0,0,1.29
Tanzania,TZA,2025-09-29,185,0,0,0,1.29
Tanzania,TZA,2025-09-30,185,0,0,0,1.29
Tanzania,TZA,2025-10-01,185,0,0,0,1.29
Tanzania,TZA,2025-10-02,185,0,0,0,1.29
Tanzania,TZA,2025-10-03,185,0,0,0,1.29
Tanzania,TZA,2025-10-04,185,0,0,0,1.29
Tanzania,TZA,2025-10-05,191,6,0,0,0.86
Tanzania,TZA,2025-10-06,191,0,0,0,0.86
Tanzania,TZA,2025-10-07,191,0,0,0,0.86
Tanzania,TZA,2025-10-08,191,0,0,0,0.86
Tanzania,TZA,2025-10-09,191,0,0,0,0.86
Tanzania,TZA,2025-10-10,191,0,0,0,0.86
Tanzania,TZA,2025-10-11,191,0,0,0,0.86
Tanzania,TZA,2025-10-12,198,7,0,0,1
Tanzania,TZA,2025-10-13,198,0,0,0,1
Tanzania,TZA,2025-10-14,198,0,0,0,1
Tanzania,TZA,2025-10-15,198,0,0,0,1
Tanzania,TZA,2025-10-16,198,0,0,0,1
Tanzania,TZA,2025-10-17,198,0,0,0,1
Tanzania,TZA,2025-10-18,198,0,0,0,1
Tanzania,TZA,2025-10-19,208,10,0,0,1.43
Tanzania,TZA,2025-10-20,208,0,0,0,1.43
Tanzania,TZA,2025-10-21,208,0,0,0,1.43
Tanzania,TZA,2025-10-22,208,0,0,0,1.43
Tanzania,TZA,2025-10-23,208,0,0,0,1.43
Tanzania,TZA,2025-10-24,208,0,0,0,1.43
Tanzania,TZA,2025-10-25,208,0,0,0,1.43
Tanzania,TZA,2025-10-26,221,13,0,0,1.86
Tanzania,TZA,2025-10-27,221,0,0,0,1.86
Tanzania,TZA,2025-10-28,221,0,0,0,1.86
Tanzania,TZA,2025-10-29,221,0,0,0,1.86
Tanzania,TZA,2025-10-30,221,0,0,0,1.86
Tanzania,TZA,2025-10-31,221,0,0,0,1.86
Tanzania,TZA,2025-11-01,221,0,0,0,1.86
Tanzania,TZA,2025-11-02,227,6,0,0,0.86
Tanzania,TZA,2025-11-03,227,0,0,0,0.86
Tanzania,TZA,2025-11-04,227,0,0,0,0.86
Tanzania,TZA,2025-11-05,227,0,0,0,0.86
Tanzania,TZA,2025-11-06,227,0,0,0,0.86
Tanzania,TZA,2025-11-07,227,0,0,0,0.86
Tanzania,TZA,2025-11-08,227,0,0,0,0.86
Tanzania,TZA,2025-11-09,234,7,0,0,1
Tanzania,TZA,2025-11-10,234,0,0,0,1
Tanzania,TZA,2025-11-11,234,0,0,0,1
Tanzania,TZA,2025-11-12,234,0,0,0,1
Tanzania,TZA,2025-11-13,234,0,0,0,1
Tanzania,TZA,2025-11-14,234,0,0,0,1
Tanzania,TZA,2025-11-15,234,0,0,0,1
Tanzania,TZA,2025-11-16,239,5,0,0,0.71
Tanzania,TZA,2025-11-17,239,0,0,0,0.71
Tanzania,TZA,2025-11-18,239,0,0,0,0.71
Tanzania,TZA,2025-11-19,239,0,0,0,0.71
Tanzania,TZA,2025-11-20,239,0,0,0,0.71
Tanzania,TZA,2025-11-21,239,0,0,0,0.71
Tanzania,TZA,2025-11-22,239,0,0,0,0.71
Tanzania,TZA,2025-11-23,245,6,0,0,0.86
Tanzania,TZA,2025-11-24,245,0,0,0,0.86
Tanzania,TZA,2025-11-25,245,0,0,0,0.86
Tanzania,TZA,2025-11-26,245,0,0,0,0.86
Tanzania,TZA,2025-11-27,245,0,0,0,0.86
Tanzania,TZA,2025-11-28,245,0,0,0,0.86
Tanzania,TZA,2025-11-29,245,0,0,0,0.86
Tanzania,TZA,2025-11-30,250,5,0,0,0.71
Tanzania,TZA,2025-12-01,250,0,0,0,0.71
Tanzania,TZA,2025-12-02,250,0,0,0,0.71
Tanzania,TZA,2025-12-03,250,0,0,0,0.71
Tanzania,TZA,2025-12-04,250,0,0,0,0.71
Tanzania,TZA,2025-12-05,250,0,0,0,0.71
Tanzania,TZA,2025-12-06,250,0,0,0,0.71
Tanzania,TZA,2025-12-07,255,5,0,0,0.71
Tanzania,TZA,2025-12-08,255,0,0,0,0.71
Tanzania,TZA,2025-12-09,255,0,0,0,0.71
Tanzania,TZA,2025-12-10,255,0,0,0,0.71
Tanzania,TZA,2025-12-11,255,0,0,0,0.71
Tanzania,TZA,2025-12-12,255,0,0,0,0.71
Tanzania,TZA,2025-12-13,255,0,0,0,0.71
Tanzania,TZA,2025-12-14,261,6,0,0,0.86
Tanzania,TZA,2025-12-15,261,0,0,0,0.86
Tanzania,TZA,2025-12-16,261,0,0,0,0.86
Tanzania,TZA,2025-12-17,261,0,0,0,0.86
Tanzania,TZA,2025-12-18,261,0,0,0,0.86
Tanzania,TZA,2025-12-19,261,0,0,0,0.86
Tanzania,TZA,2025-12-20,261,0,0,0,0.86
Tanzania,TZA,2025-12-21,264,3,0,0,0.43
Tanzania,TZA,2025-12-22,264,0,0,0,0.43
Tanzania,TZA,2025-12-23,264,0,0,0,0.43
Tanzania,TZA,2025-12-24,264,0,0,0,0.43
Tanzania,TZA,2025-12-25,264,0,0,0,0.43
Tanzania,TZA,2025-12-26,264,0,0,0,0.43
Tanzania,TZA,2025-12-27,264,0,0,0,0.43
Tanzania,TZA,2025-12-28,268,4,0,0,0.57
Tanzania,TZA,2025-12-29,268,0,0,0,0.57
Tanzania,TZA,2025-12-30,268,0,0,0,0.57
Tanzania,TZA,2025-12-31,268,0,0,0,0.57
Tanzania,TZA,2026-01-01,268,0,0,0,0.57
Tanzania,TZA,2026-01-02,268,0,0,0,0.57
Tanzania,TZA,2026-01-03,268,0,0,0,0.57
Tanzania,TZA,2026-01-04,273,5,0,0,0.71
Tanzania,TZA,2026-01-05,273,0,0,0,0.71
Tanzania,TZA,2026-01-06,273,0,0,0,0.71
Tanzania,TZA,2026-01-07,273,0,0,0,0.71
Tanzania,TZA,2026-01-08,273,0,0,0,0.71
Tanzania,TZA,2026-01-09,273,0,0,0,0.71
Tanzania,TZA,2026-01-10,273,0,0,0,0.71
Tanzania,TZA,2026-01-11,276,3,0,0,0.43
Tanzania,TZA,2026-01-12,276,0,0,0,0.43
Tanzania,TZA,2026-01-13,276,0,0,0,0.43
Tanzania,TZA,2026-01-14,276,0,0,0,0.43
Tanzania,TZA,2026-01-15,276,0,0,0,0.43
Tanzania,TZA,2026-01-16,276,0,0,0,0.43
Tanzania,TZA,2026-01-17,276,0,0,0,0.43
Tanzania,TZA,2026-01-18,281,5,0,0,0.71
Tanzania,TZA,2026-01-19,281,0,0,0,0.71
Tanzania,TZA,2026-01-20,281,0,0,0,0.71
Tanzania,TZA,2026-01-21,281,0,0,0,0.71
Tanzania,TZA,2026-01-22,281,0,0,0,0.71
Tanzania,TZA,2026-01-23,281,0,0,0,0.71
Tanzania,TZA,2026-01-24,281,0,0,0,0.71
Tanzania,TZA,2026-01-25,289,8,1,1,1.14
Tanzania,TZA,2026-01-26,289,0,1,0,1.14
Tanzania,TZA,2026-01-27,289,0,1,0,1.14
Tanzania,TZA,2026-01-28,289,0,1,0,1.14
Tanzania,TZA,2026-01-29,289,0,1,0,1.14
Tanzania,TZA,2026-01-30,289,0,1,0,1.14
Tanzania,TZA,2026-01-31,289,0,1,0,1.14
Tanzania,TZA,2026-02-01,296,7,1,0,1
Tanzania,TZA,2026-02-02,296,0,1,0,1
Tanzania,TZA,2026-02-03,296,0,1,0,1
Tanzania,TZA,2026-02-04,296,0,1,0,1
Tanzania,TZA,2026-02-05,296,0,1,0,1
Tanzania,TZA,2026-02-06,296,0,1,0,1
Tanzania,TZA,2026-02-07,296,0,1,0,1
Tanzania,TZA,2026-02-08,304,8,1,0,1.14
Togo,TGO,2025-05-11,0,0,0,0,0
Togo,TGO,2025-05-12,0,0,0,0,0
Togo,TGO,2025-05-13,0,0,0,0,0
Togo,TGO,2025-05-14,0,0,0,0,0
Togo,TGO,2025-05-15,0,0,0,0,0
Togo,TGO,2025-05-16,0,0,0,0,0
Togo,TGO,2025-05-17,0,0,0,0,0
Togo,TGO,2025-05-18,3,3,0,0,0.43
Togo,TGO,2025-05-19,3,0,0,0,0.43
Togo,TGO,2025-05-20,3,0,0,0,0.43
Togo,TGO,2025-05-21,3,0,0,0,0.43
Togo,TGO,2025-05-22,3,0,0,0,0.43
Togo,TGO,2025-05-23,3,0,0,0,0.43
Togo,TGO,2025-05-24,3,0,0,0,0.43
Togo,TGO,2025-05-25,8,5,0,0,0.71
Togo,TGO,2025-05-26,8,0,0,0,0.71
Togo,TGO,2025-05-27,8,0,0,0,0.71
Togo,TGO,2025-05-28,8,0,0,0,0.71
Togo,TGO,2025-05-29,8,0,0,0,0.71
Togo,TGO,2025-05-30,8,0,0,0,0.71
Togo,TGO,2025-05-31,8,0,0,0,0.71
Togo,TGO,2025-06-01,10,2,0,0,0.29
Togo,TGO,2025-06-02,10,0,0,0,0.29
Togo,TGO,2025-06-03,10,0,0,0,0.29
Togo,TGO,2025-06-04,10,0,0,0,0.29
Togo,TGO,2025-06-05,10,0,0,0,0.29
Togo,TGO,2025-06-06,10,0,0,0,0.29
Togo,TGO,2025-06-07,10,0,0,0,0.29
Togo,TGO,2025-06-08,15,5,0,0,0.71
Togo,TGO,2025-06-09,15,0,0,0,0.71
Togo,TGO,2025-06-10,15,0,0,0,0.71
Togo,TGO,2025-06-11,15,0,0,0,0.71
Togo,TGO,2025-06-12,15,0,0,0,0.71
Togo,TGO,2025-06-13,15,0,0,0,0.71
Togo,TGO,2025-06-14,15,0,0,0,0.71
Togo,TGO,2025-06-15,27,12,0,0,1.71
Togo,TGO,2025-06-16,27,0,0,0,1.71
Togo,TGO,2025-06-17,27,0,0,0,1.71
Togo,TGO,2025-06-18,27,0,0,0,1.71
Togo,TGO,2025-06-19,27,0,0,0,1.71
Togo,TGO,2025-06-20,27,0,0,0,1.71
Togo,TGO,2025-06-21,27,0,0,0,1.71
Togo,TGO,2025-06-22,31,4,0,0,0.57
Togo,TGO,2025-06-23,31,0,0,0,0.57
Togo,TGO,2025-06-24,36,5,0,0,1.29
Togo,TGO,2025-06-25,36,0,0,0,1.29
Togo,TGO,2025-06-26,36,0,0,0,1.29
Togo,TGO,2025-06-27,36,0,0,0,1.29
Togo,TGO,2025-06-28,36,0,0,0,1.29
Togo,TGO,2025-06-29,36,0,0,0,0.71
Togo,TGO,2025-06-30,36,0,0,0,0.71
Togo,TGO,2025-07-01,36,0,0,0,0
Togo,TGO,2025-07-02,36,0,0,0,0
Togo,TGO,2025-07-03,36,0,0,0,0
Togo,TGO,2025-07-04,36,0,0,0,0
Togo,TGO,2025-07-05,36,0,0,0,0
Togo,TGO,2025-07-06,40,4,0,0,0.57
Togo,TGO,2025-07-07,40,0,0,0,0.57
Togo,TGO,2025-07-08,40,0,0,0,0.57
Togo,TGO,2025-07-09,40,0,0,0,0.57
Togo,TGO,2025-07-10,40,0,0,0,0.57
Togo,TGO,2025-07-11,40,0,0,0,0.57
Togo,TGO,2025-07-12,40,0,0,0,0.57
Togo,TGO,2025-07-13,47,7,0,0,1
Togo,TGO,2025-07-14,47,0,0,0,1
Togo,TGO,2025-07-15,47,0,0,0,1
Togo,TGO,2025-07-16,47,0,0,0,1
Togo,TGO,2025-07-17,47,0,0,0,1
Togo,TGO,2025-07-18,47,0,0,0,1
Togo,TGO,2025-07-19,47,0,0,0,1
Togo,TGO,2025-07-20,49,2,0,0,0.29
Togo,TGO,2025-07-21,49,0,0,0,0.29
Togo,TGO,2025-07-22,49,0,0,0,0.29
Togo,TGO,2025-07-23,49,0,0,0,0.29
Togo,TGO,2025-07-24,49,0,0,0,0.29
Togo,TGO,2025-07-25,49,0,0,0,0.29
Togo,TGO,2025-07-26,49,0,0,0,0.29
Togo,TGO,2025-07-27,54,5,0,0,0.71
Togo,TGO,2025-07-28,54,0,0,0,0.71
Togo,TGO,2025-07-29,54,0,0,0,0.71
Togo,TGO,2025-07-30,54,0,0,0,0.71
Togo,TGO,2025-07-31,54,0,0,0,0.71
Togo,TGO,2025-08-01,54,0,0,0,0.71
Togo,TGO,2025-08-02,54,0,0,0,0.71
Togo,TGO,2025-08-03,57,3,0,0,0.43
Togo,TGO,2025-08-04,57,0,0,0,0.43
Togo,TGO,2025-08-05,57,0,0,0,0.43
Togo,TGO,2025-08-06,57,0,0,0,0.43
Togo,TGO,2025-08-07,57,0,0,0,0.43
Togo,TGO,2025-08-08,57,0,0,0,0.43
Togo,TGO,2025-08-09,57,0,0,0,0.43
Togo,TGO,2025-08-10,58,1,0,0,0.14
Togo,TGO,2025-08-11,58,0,0,0,0.14
Togo,TGO,2025-08-12,58,0,0,0,0.14
Togo,TGO,2025-08-13,58,0,0,0,0.14
Togo,TGO,2025-08-14,58,0,0,0,0.14
Togo,TGO,2025-08-15,58,0,0,0,0.14
Togo,TGO,2025-08-16,58,0,0,0,0.14
Togo,TGO,2025-08-17,61,3,0,0,0.43
Togo,TGO,2025-08-18,61,0,0,0,0.43
Togo,TGO,2025-08-19,61,0,0,0,0.43
Togo,TGO,2025-08-20,61,0,0,0,0.43
Togo,TGO,2025-08-21,61,0,0,0,0.43
Togo,TGO,2025-08-22,61,0,0,0,0.43
Togo,TGO,2025-08-23,61,0,0,0,0.43
Togo,TGO,2025-08-24,69,8,0,0,1.14
Togo,TGO,2025-08-25,69,0,0,0,1.14
Togo,TGO,2025-08-26,69,0,0,0,1.14
Togo,TGO,2025-08-27,69,0,0,0,1.14
Togo,TGO,2025-08-28,69,0,0,0,1.14
Togo,TGO,2025-08-29,69,0,0,0,1.14
Togo,TGO,2025-08-30,69,0,0,0,1.14
Togo,TGO,2025-08-31,73,4,0,0,0.57
Togo,TGO,2025-09-01,73,0,0,0,0.57
Togo,TGO,2025-09-02,73,0,0,0,0.57
Togo,TGO,2025-09-03,73,0,0,0,0.57
Togo,TGO,2025-09-04,73,0,0,0,0.57
Togo,TGO,2025-09-05,73,0,0,0,0.57
Togo,TGO,2025-09-06,73,0,0,0,0.57
Togo,TGO,2025-09-07,74,1,0,0,0.14
Togo,TGO,2025-09-08,74,0,0,0,0.14
Togo,TGO,2025-09-09,74,0,0,0,0.14
Togo,TGO,2025-09-10,74,0,0,0,0.14
Togo,TGO,2025-09-11,74,0,0,0,0.14
Togo,TGO,2025-09-12,74,0,0,0,0.14
Togo,TGO,2025-09-13,74,0,0,0,0.14
Togo,TGO,2025-09-14,77,3,0,0,0.43
Togo,TGO,2025-09-15,77,0,0,0,0.43
Togo,TGO,2025-09-16,77,0,0,0,0.43
Togo,TGO,2025-09-17,77,0,0,0,0.43
Togo,TGO,2025-09-18,77,0,0,0,0.43
Togo,TGO,2025-09-19,77,0,0,0,0.43
Togo,TGO,2025-09-20,77,0,0,0,0.43
Togo,TGO,2025-09-21,78,1,0,0,0.14
Togo,TGO,2025-09-22,78,0,0,0,0.14
Togo,TGO,2025-09-23,78,0,0,0,0.14
Togo,TGO,2025-09-24,78,0,0,0,0.14
Togo,TGO,2025-09-25,78,0,0,0,0.14
Togo,TGO,2025-09-26,78,0,0,0,0.14
Togo,TGO,2025-09-27,78,0,0,0,0.14
Togo,TGO,2025-09-28,80,2,0,0,0.29
Togo,TGO,2025-09-29,80,0,0,0,0.29
Togo,TGO,2025-09-30,80,0,0,0,0.29
Togo,TGO,2025-10-01,80,0,0,0,0.29
Togo,TGO,2025-10-02,80,0,0,0,0.29
Togo,TGO,2025-10-03,80,0,0,0,0.29
Togo,TGO,2025-10-04,80,0,0,0,0.29
Togo,TGO,2025-10-05,81,1,0,0,0.14
Togo,TGO,2025-10-06,81,0,0,0,0.14
Togo,TGO,2025-10-07,81,0,0,0,0.14
Togo,TGO,2025-10-08,81,0,0,0,0.14
Togo,TGO,2025-10-09,81,0,0,0,0.14
Togo,TGO,2025-10-10,81,0,0,0,0.14
Togo,TGO,2025-10-11,81,0,0,0,0.14
Togo,TGO,2025-10-12,82,1,0,0,0.14
Togo,TGO,2025-10-13,82,0,0,0,0.14
Togo,TGO,2025-10-14,82,0,0,0,0.14
Togo,TGO,2025-10-15,82,0,0,0,0.14
Togo,TGO,2025-10-16,82,0,0,0,0.14
Togo,TGO,2025-10-17,82,0,0,0,0.14
Togo,TGO,2025-10-18,82,0,0,0,0.14
Togo,TGO,2025-10-19,86,4,0,0,0.57
Togo,TGO,2025-10-20,86,0,0,0,0.57
Togo,TGO,2025-10-21,86,0,0,0,0.57
Togo,TGO,2025-10-22,86,0,0,0,0.57
Togo,TGO,2025-10-23,86,0,0,0,0.57
Togo,TGO,2025-10-24,86,0,0,0,0.57
Togo,TGO,2025-10-25,86,0,0,0,0.57
Togo,TGO,2025-10-26,86,0,0,0,0
Togo,TGO,2025-10-27,86,0,0,0,0
Togo,TGO,2025-10-28,86,0,0,0,0
Togo,TGO,2025-10-29,86,0,0,0,0
Togo,TGO,2025-10-30,86,0,0,0,0
Togo,TGO,2025-10-31,86,0,0,0,0
Togo,TGO,2025-11-01,86,0,0,0,0
Togo,TGO,2025-11-02,87,1,0,0,0.14
Togo,TGO,2025-11-03,87,0,0,0,0.14
Togo,TGO,2025-11-04,87,0,0,0,0.14
Togo,TGO,2025-11-05,87,0,0,0,0.14
Togo,TGO,2025-11-06,87,0,0,0,0.14
Togo,TGO,2025-11-07,87,0,0,0,0.14
Togo,TGO,2025-11-08,87,0,0,0,0.14
Togo,TGO,2025-11-09,88,1,0,0,0.14
Togo,TGO,2025-11-10,88,0,0,0,0.14
Togo,TGO,2025-11-11,88,0,0,0,0.14
Togo,TGO,2025-11-12,88,0,0,0,0.14
Togo,TGO,2025-11-13,88,0,0,0,0.14
Togo,TGO,2025-11-14,88,0,0,0,0.14
Togo,TGO,2025-11-15,88,0,0,0,0.14
Togo,TGO,2025-11-16,88,0,0,0,0
Togo,TGO,2025-11-17,88,0,0,0,0
Togo,TGO,2025-11-18,88,0,0,0,0
Togo,TGO,2025-11-19,88,0,0,0,0
Togo,TGO,2025-11-20,88,0,0,0,0
Togo,TGO,2025-11-21,88,0,0,0,0
Togo,TGO,2025-11-22,88,0,0,0,0
Togo,TGO,2025-11-23,88,0,0,0,0
Togo,TGO,2025-11-24,88,0,0,0,0
Togo,TGO,2025-11-25,88,0,0,0,0
Togo,TGO,2025-11-26,88,0,0,0,0
Togo,TGO,2025-11-27,88,0,0,0,0
Togo,TGO,2025-11-28,88,0,0,0,0
Togo,TGO,2025-11-29,88,0,0,0,0
Togo,TGO,2025-11-30,88,0,0,0,0
Togo,TGO,2025-12-01,88,0,0,0,0
Togo,TGO,2025-12-02,88,0,0,0,0
Togo,TGO,2025-12-03,88,0,0,0,0
Togo,TGO,2025-12-04,88,0,0,0,0
Togo,TGO,2025-12-05,88,0,0,0,0
Togo,TGO,2025-12-06,88,0,0,0,0
Togo,TGO,2025-12-07,88,0,0,0,0
Togo,TGO,2025-12-08,88,0,0,0,0
Togo,TGO,2025-12-09,88,0,0,0,0
Togo,TGO,2025-12-10,88,0,0,0,0
Togo,TGO,2025-12-11,88,0,0,0,0
Togo,TGO,2025-12-12,88,0,0,0,0
Togo,TGO,2025-12-13,88,0,0,0,0
Togo,TGO,2025-12-14,88,0,0,0,0
Togo,TGO,2025-12-15,88,0,0,0,0
Togo,TGO,2025-12-16,88,0,0,0,0
Togo,TGO,2025-12-17,88,0,0,0,0
Togo,TGO,2025-12-18,88,0,0,0,0
Togo,TGO,2025-12-19,88,0,0,0,0
Togo,TGO,2025-12-20,88,0,0,0,0
Togo,TGO,2025-12-21,88,0,0,0,0
Togo,TGO,2025-12-22,88,0,0,0,0
Togo,TGO,2025-12-23,88,0,0,0,0
Togo,TGO,2025-12-24,88,0,0,0,0
Togo,TGO,2025-12-25,88,0,0,0,0
Togo,TGO,2025-12-26,88,0,0,0,0
Togo,TGO,2025-12-27,88,0,0,0,0
Togo,TGO,2025-12-28,88,0,0,0,0
Togo,TGO,2025-12-29,88,0,0,0,0
Togo,TGO,2025-12-30,88,0,0,0,0
Togo,TGO,2025-12-31,88,0,0,0,0
Togo,TGO,2026-01-01,88,0,0,0,0
Togo,TGO,2026-01-02,88,0,0,0,0
Togo,TGO,2026-01-03,88,0,0,0,0
Togo,TGO,2026-01-04,88,0,0,0,0
Togo,TGO,2026-01-05,88,0,0,0,0
Togo,TGO,2026-01-06,88,0,0,0,0
Togo,TGO,2026-01-07,88,0,0,0,0
Togo,TGO,2026-01-08,88,0,0,0,0
Togo,TGO,2026-01-09,88,0,0,0,0
Togo,TGO,2026-01-10,88,0,0,0,0
Togo,TGO,2026-01-11,88,0,0,0,0
Togo,TGO,2026-01-12,88,0,0,0,0
Togo,TGO,2026-01-13,88,0,0,0,0
Togo,TGO,2026-01-14,88,0,0,0,0
Togo,TGO,2026-01-15,88,0,0,0,0
Togo,TGO,2026-01-16,88,0,0,0,0
Togo,TGO,2026-01-17,88,0,0,0,0
Togo,TGO,2026-01-18,88,0,0,0,0
Togo,TGO,2026-01-19,88,0,0,0,0
Togo,TGO,2026-01-20,88,0,0,0,0
Togo,TGO,2026-01-21,88,0,0,0,0
Togo,TGO,2026-01-22,88,0,0,0,0
Togo,TGO,2026-01-23,88,0,0,0,0
Togo,TGO,2026-01-24,88,0,0,0,0
Togo,TGO,2026-01-25,89,1,0,0,0.14
Togo,TGO,2026-01-26,89,0,0,0,0.14
Togo,TGO,2026-01-27,89,0,0,0,0.14
Togo,TGO,2026-01-28,89,0,0,0,0.14
Togo,TGO,2026-01-29,89,0,0,0,0.14
Togo,TGO,2026-01-30,89,0,0,0,0.14
Togo,TGO,2026-01-31,89,0,0,0,0.14
Togo,TGO,2026-02-01,90,1,0,0,0.14
Togo,TGO,2026-02-02,90,0,0,0,0.14
Togo,TGO,2026-02-03,90,0,0,0,0.14
Togo,TGO,2026-02-04,90,0,0,0,0.14
Togo,TGO,2026-02-05,90,0,0,0,0.14
Togo,TGO,2026-02-06,90,0,0,0,0.14
Togo,TGO,2026-02-07,90,0,0,0,0.14
Togo,TGO,2026-02-08,90,0,0,0,0
Togo,TGO,2026-02-09,90,0,0,0,0
Togo,TGO,2026-02-10,90,0,0,0,0
Togo,TGO,2026-02-11,90,0,0,0,0
Togo,TGO,2026-02-12,90,0,0,0,0
Togo,TGO,2026-02-13,90,0,0,0,0
Togo,TGO,2026-02-14,90,0,0,0,0
Togo,TGO,2026-02-15,91,1,0,0,0.14
Togo,TGO,2026-02-16,91,0,0,0,0.14
Togo,TGO,2026-02-17,91,0,0,0,0.14
Togo,TGO,2026-02-18,91,0,0,0,0.14
Togo,TGO,2026-02-19,91,0,0,0,0.14
Togo,TGO,2026-02-20,91,0,0,0,0.14
Togo,TGO,2026-02-21,91,0,0,0,0.14
Togo,TGO,2026-02-22,91,0,0,0,0
Togo,TGO,2026-02-23,91,0,0,0,0
Togo,TGO,2026-02-24,91,0,0,0,0
Togo,TGO,2026-02-25,91,0,0,0,0
Togo,TGO,2026-02-26,91,0,0,0,0
Togo,TGO,2026-02-27,91,0,0,0,0
Togo,TGO,2026-02-28,91,0,0,0,0
Togo,TGO,2026-03-01,91,0,0,0,0
Togo,TGO,2026-03-02,91,0,0,0,0
Togo,TGO,2026-03-03,91,0,0,0,0
Togo,TGO,2026-03-04,91,0,0,0,0
Togo,TGO,2026-03-05,91,0,0,0,0
Togo,TGO,2026-03-06,91,0,0,0,0
Togo,TGO,2026-03-07,91,0,0,0,0
Togo,TGO,2026-03-08,91,0,0,0,0
Togo,TGO,2026-03-09,91,0,0,0,0
Togo,TGO,2026-03-10,91,0,0,0,0
Togo,TGO,2026-03-11,91,0,0,0,0
Togo,TGO,2026-03-12,91,0,0,0,0
Togo,TGO,2026-03-13,91,0,0,0,0
Togo,TGO,2026-03-14,91,0,0,0,0
Togo,TGO,2026-03-15,91,0,0,0,0
Togo,TGO,2026-03-16,91,0,0,0,0
Togo,TGO,2026-03-17,91,0,0,0,0
Togo,TGO,2026-03-18,91,0,0,0,0
Togo,TGO,2026-03-19,91,0,0,0,0
Togo,TGO,2026-03-20,91,0,0,0,0
Togo,TGO,2026-03-21,91,0,0,0,0
Togo,TGO,2026-03-22,91,0,0,0,0
Togo,TGO,2026-03-23,91,0,0,0,0
Togo,TGO,2026-03-24,91,0,0,0,0
Togo,TGO,2026-03-25,91,0,0,0,0
Togo,TGO,2026-03-26,91,0,0,0,0
Togo,TGO,2026-03-27,91,0,0,0,0
Togo,TGO,2026-03-28,91,0,0,0,0
Togo,TGO,2026-03-29,91,0,0,0,0
Togo,TGO,2026-03-30,91,0,0,0,0
Togo,TGO,2026-03-31,91,0,0,0,0
Togo,TGO,2026-04-01,91,0,0,0,0
Togo,TGO,2026-04-02,91,0,0,0,0
Togo,TGO,2026-04-03,91,0,0,0,0
Togo,TGO,2026-04-04,91,0,0,0,0
Togo,TGO,2026-04-05,91,0,0,0,0
Togo,TGO,2026-04-06,91,0,0,0,0
Togo,TGO,2026-04-07,91,0,0,0,0
Togo,TGO,2026-04-08,91,0,0,0,0
Togo,TGO,2026-04-09,91,0,0,0,0
Togo,TGO,2026-04-10,91,0,0,0,0
Togo,TGO,2026-04-11,91,0,0,0,0
Togo,TGO,2026-04-12,91,0,0,0,0
Uganda,UGA,2024-07-07,0,0,0,0,0
Uganda,UGA,2024-07-08,0,0,0,0,0
Uganda,UGA,2024-07-09,0,0,0,0,0
Uganda,UGA,2024-07-10,0,0,0,0,0
Uganda,UGA,2024-07-11,0,0,0,0,0
Uganda,UGA,2024-07-12,0,0,0,0,0
Uganda,UGA,2024-07-13,0,0,0,0,0
Uganda,UGA,2024-07-14,3,3,0,0,0.43
Uganda,UGA,2024-07-15,3,0,0,0,0.43
Uganda,UGA,2024-07-16,3,0,0,0,0.43
Uganda,UGA,2024-07-17,3,0,0,0,0.43
Uganda,UGA,2024-07-18,3,0,0,0,0.43
Uganda,UGA,2024-07-19,3,0,0,0,0.43
Uganda,UGA,2024-07-20,3,0,0,0,0.43
Uganda,UGA,2024-07-21,3,0,0,0,0
Uganda,UGA,2024-07-22,3,0,0,0,0
Uganda,UGA,2024-07-23,3,0,0,0,0
Uganda,UGA,2024-07-24,3,0,0,0,0
Uganda,UGA,2024-07-25,3,0,0,0,0
Uganda,UGA,2024-07-26,3,0,0,0,0
Uganda,UGA,2024-07-27,3,0,0,0,0
Uganda,UGA,2024-07-28,3,0,0,0,0
Uganda,UGA,2024-07-29,3,0,0,0,0
Uganda,UGA,2024-07-30,3,0,0,0,0
Uganda,UGA,2024-07-31,3,0,0,0,0
Uganda,UGA,2024-08-01,3,0,0,0,0
Uganda,UGA,2024-08-02,3,0,0,0,0
Uganda,UGA,2024-08-03,3,0,0,0,0
Uganda,UGA,2024-08-04,3,0,0,0,0
Uganda,UGA,2024-08-05,3,0,0,0,0
Uganda,UGA,2024-08-06,3,0,0,0,0
Uganda,UGA,2024-08-07,3,0,0,0,0
Uganda,UGA,2024-08-08,3,0,0,0,0
Uganda,UGA,2024-08-09,3,0,0,0,0
Uganda,UGA,2024-08-10,3,0,0,0,0
Uganda,UGA,2024-08-11,5,2,0,0,0.29
Uganda,UGA,2024-08-12,5,0,0,0,0.29
Uganda,UGA,2024-08-13,5,0,0,0,0.29
Uganda,UGA,2024-08-14,5,0,0,0,0.29
Uganda,UGA,2024-08-15,5,0,0,0,0.29
Uganda,UGA,2024-08-16,5,0,0,0,0.29
Uganda,UGA,2024-08-17,5,0,0,0,0.29
Uganda,UGA,2024-08-18,6,1,0,0,0.14
Uganda,UGA,2024-08-19,6,0,0,0,0.14
Uganda,UGA,2024-08-20,6,0,0,0,0.14
Uganda,UGA,2024-08-21,6,0,0,0,0.14
Uganda,UGA,2024-08-22,6,0,0,0,0.14
Uganda,UGA,2024-08-23,6,0,0,0,0.14
Uganda,UGA,2024-08-24,6,0,0,0,0.14
Uganda,UGA,2024-08-25,7,1,0,0,0.14
Uganda,UGA,2024-08-26,7,0,0,0,0.14
Uganda,UGA,2024-08-27,7,0,0,0,0.14
Uganda,UGA,2024-08-28,7,0,0,0,0.14
Uganda,UGA,2024-08-29,7,0,0,0,0.14
Uganda,UGA,2024-08-30,7,0,0,0,0.14
Uganda,UGA,2024-08-31,7,0,0,0,0.14
Uganda,UGA,2024-09-01,8,1,0,0,0.14
Uganda,UGA,2024-09-02,8,0,0,0,0.14
Uganda,UGA,2024-09-03,8,0,0,0,0.14
Uganda,UGA,2024-09-04,8,0,0,0,0.14
Uganda,UGA,2024-09-05,8,0,0,0,0.14
Uganda,UGA,2024-09-06,8,0,0,0,0.14
Uganda,UGA,2024-09-07,8,0,0,0,0.14
Uganda,UGA,2024-09-08,10,2,0,0,0.29
Uganda,UGA,2024-09-09,10,0,0,0,0.29
Uganda,UGA,2024-09-10,10,0,0,0,0.29
Uganda,UGA,2024-09-11,10,0,0,0,0.29
Uganda,UGA,2024-09-12,10,0,0,0,0.29
Uganda,UGA,2024-09-13,10,0,0,0,0.29
Uganda,UGA,2024-09-14,10,0,0,0,0.29
Uganda,UGA,2024-09-15,11,1,0,0,0.14
Uganda,UGA,2024-09-16,11,0,0,0,0.14
Uganda,UGA,2024-09-17,11,0,0,0,0.14
Uganda,UGA,2024-09-18,11,0,0,0,0.14
Uganda,UGA,2024-09-19,11,0,0,0,0.14
Uganda,UGA,2024-09-20,11,0,0,0,0.14
Uganda,UGA,2024-09-21,11,0,0,0,0.14
Uganda,UGA,2024-09-22,22,11,1,1,1.57
Uganda,UGA,2024-09-23,22,0,1,0,1.57
Uganda,UGA,2024-09-24,22,0,1,0,1.57
Uganda,UGA,2024-09-25,22,0,1,0,1.57
Uganda,UGA,2024-09-26,22,0,1,0,1.57
Uganda,UGA,2024-09-27,22,0,1,0,1.57
Uganda,UGA,2024-09-28,22,0,1,0,1.57
Uganda,UGA,2024-09-29,38,16,1,0,2.29
Uganda,UGA,2024-09-30,38,0,1,0,2.29
Uganda,UGA,2024-10-01,38,0,1,0,2.29
Uganda,UGA,2024-10-02,38,0,1,0,2.29
Uganda,UGA,2024-10-03,38,0,1,0,2.29
Uganda,UGA,2024-10-04,38,0,1,0,2.29
Uganda,UGA,2024-10-05,38,0,1,0,2.29
Uganda,UGA,2024-10-06,70,32,1,0,4.57
Uganda,UGA,2024-10-07,70,0,1,0,4.57
Uganda,UGA,2024-10-08,70,0,1,0,4.57
Uganda,UGA,2024-10-09,70,0,1,0,4.57
Uganda,UGA,2024-10-10,70,0,1,0,4.57
Uganda,UGA,2024-10-11,70,0,1,0,4.57
Uganda,UGA,2024-10-12,70,0,1,0,4.57
Uganda,UGA,2024-10-13,111,41,1,0,5.86
Uganda,UGA,2024-10-14,111,0,1,0,5.86
Uganda,UGA,2024-10-15,111,0,1,0,5.86
Uganda,UGA,2024-10-16,111,0,1,0,5.86
Uganda,UGA,2024-10-17,111,0,1,0,5.86
Uganda,UGA,2024-10-18,111,0,1,0,5.86
Uganda,UGA,2024-10-19,111,0,1,0,5.86
Uganda,UGA,2024-10-20,164,53,2,1,7.57
Uganda,UGA,2024-10-21,164,0,2,0,7.57
Uganda,UGA,2024-10-22,164,0,2,0,7.57
Uganda,UGA,2024-10-23,164,0,2,0,7.57
Uganda,UGA,2024-10-24,164,0,2,0,7.57
Uganda,UGA,2024-10-25,164,0,2,0,7.57
Uganda,UGA,2024-10-26,164,0,2,0,7.57
Uganda,UGA,2024-10-27,272,108,3,1,15.43
Uganda,UGA,2024-10-28,272,0,3,0,15.43
Uganda,UGA,2024-10-29,272,0,3,0,15.43
Uganda,UGA,2024-10-30,272,0,3,0,15.43
Uganda,UGA,2024-10-31,272,0,3,0,15.43
Uganda,UGA,2024-11-01,272,0,3,0,15.43
Uganda,UGA,2024-11-02,272,0,3,0,15.43
Uganda,UGA,2024-11-03,377,105,4,1,15
Uganda,UGA,2024-11-04,377,0,4,0,15
Uganda,UGA,2024-11-05,377,0,4,0,15
Uganda,UGA,2024-11-06,377,0,4,0,15
Uganda,UGA,2024-11-07,377,0,4,0,15
Uganda,UGA,2024-11-08,377,0,4,0,15
Uganda,UGA,2024-11-09,377,0,4,0,15
Uganda,UGA,2024-11-10,462,85,5,1,12.14
Uganda,UGA,2024-11-11,462,0,5,0,12.14
Uganda,UGA,2024-11-12,462,0,5,0,12.14
Uganda,UGA,2024-11-13,462,0,5,0,12.14
Uganda,UGA,2024-11-14,462,0,5,0,12.14
Uganda,UGA,2024-11-15,462,0,5,0,12.14
Uganda,UGA,2024-11-16,462,0,5,0,12.14
Uganda,UGA,2024-11-17,569,107,5,0,15.29
Uganda,UGA,2024-11-18,569,0,5,0,15.29
Uganda,UGA,2024-11-19,569,0,5,0,15.29
Uganda,UGA,2024-11-20,569,0,5,0,15.29
Uganda,UGA,2024-11-21,569,0,5,0,15.29
Uganda,UGA,2024-11-22,569,0,5,0,15.29
Uganda,UGA,2024-11-23,569,0,5,0,15.29
Uganda,UGA,2024-11-24,693,124,6,1,17.71
Uganda,UGA,2024-11-25,693,0,6,0,17.71
Uganda,UGA,2024-11-26,693,0,6,0,17.71
Uganda,UGA,2024-11-27,693,0,6,0,17.71
Uganda,UGA,2024-11-28,693,0,6,0,17.71
Uganda,UGA,2024-11-29,693,0,6,0,17.71
Uganda,UGA,2024-11-30,693,0,6,0,17.71
Uganda,UGA,2024-12-01,826,133,7,1,19
Uganda,UGA,2024-12-02,826,0,7,0,19
Uganda,UGA,2024-12-03,826,0,7,0,19
Uganda,UGA,2024-12-04,826,0,7,0,19
Uganda,UGA,2024-12-05,826,0,7,0,19
Uganda,UGA,2024-12-06,826,0,7,0,19
Uganda,UGA,2024-12-07,826,0,7,0,19
Uganda,UGA,2024-12-08,960,134,8,1,19.14
Uganda,UGA,2024-12-09,960,0,8,0,19.14
Uganda,UGA,2024-12-10,960,0,8,0,19.14
Uganda,UGA,2024-12-11,960,0,8,0,19.14
Uganda,UGA,2024-12-12,960,0,8,0,19.14
Uganda,UGA,2024-12-13,960,0,8,0,19.14
Uganda,UGA,2024-12-14,960,0,8,0,19.14
Uganda,UGA,2024-12-15,1085,125,8,0,17.86
Uganda,UGA,2024-12-16,1085,0,8,0,17.86
Uganda,UGA,2024-12-17,1085,0,8,0,17.86
Uganda,UGA,2024-12-18,1085,0,8,0,17.86
Uganda,UGA,2024-12-19,1085,0,8,0,17.86
Uganda,UGA,2024-12-20,1085,0,8,0,17.86
Uganda,UGA,2024-12-21,1085,0,8,0,17.86
Uganda,UGA,2024-12-22,1253,168,9,1,24
Uganda,UGA,2024-12-23,1253,0,9,0,24
Uganda,UGA,2024-12-24,1253,0,9,0,24
Uganda,UGA,2024-12-25,1253,0,9,0,24
Uganda,UGA,2024-12-26,1253,0,9,0,24
Uganda,UGA,2024-12-27,1253,0,9,0,24
Uganda,UGA,2024-12-28,1253,0,9,0,24
Uganda,UGA,2024-12-29,1352,99,13,4,14.14
Uganda,UGA,2024-12-30,1352,0,13,0,14.14
Uganda,UGA,2024-12-31,1352,0,13,0,14.14
Uganda,UGA,2025-01-01,1352,0,13,0,14.14
Uganda,UGA,2025-01-02,1352,0,13,0,14.14
Uganda,UGA,2025-01-03,1352,0,13,0,14.14
Uganda,UGA,2025-01-04,1352,0,13,0,14.14
Uganda,UGA,2025-01-05,1558,206,14,1,29.43
Uganda,UGA,2025-01-06,1558,0,14,0,29.43
Uganda,UGA,2025-01-07,1558,0,14,0,29.43
Uganda,UGA,2025-01-08,1558,0,14,0,29.43
Uganda,UGA,2025-01-09,1558,0,14,0,29.43
Uganda,UGA,2025-01-10,1558,0,14,0,29.43
Uganda,UGA,2025-01-11,1558,0,14,0,29.43
Uganda,UGA,2025-01-12,1836,278,16,2,39.71
Uganda,UGA,2025-01-13,1836,0,16,0,39.71
Uganda,UGA,2025-01-14,1836,0,16,0,39.71
Uganda,UGA,2025-01-15,1836,0,16,0,39.71
Uganda,UGA,2025-01-16,1836,0,16,0,39.71
Uganda,UGA,2025-01-17,1836,0,16,0,39.71
Uganda,UGA,2025-01-18,1836,0,16,0,39.71
Uganda,UGA,2025-01-19,2127,291,18,2,41.57
Uganda,UGA,2025-01-20,2127,0,18,0,41.57
Uganda,UGA,2025-01-21,2127,0,18,0,41.57
Uganda,UGA,2025-01-22,2127,0,18,0,41.57
Uganda,UGA,2025-01-23,2127,0,18,0,41.57
Uganda,UGA,2025-01-24,2127,0,18,0,41.57
Uganda,UGA,2025-01-25,2127,0,18,0,41.57
Uganda,UGA,2025-01-26,2462,335,20,2,47.86
Uganda,UGA,2025-01-27,2462,0,20,0,47.86
Uganda,UGA,2025-01-28,2462,0,20,0,47.86
Uganda,UGA,2025-01-29,2462,0,20,0,47.86
Uganda,UGA,2025-01-30,2462,0,20,0,47.86
Uganda,UGA,2025-01-31,2462,0,20,0,47.86
Uganda,UGA,2025-02-01,2462,0,20,0,47.86
Uganda,UGA,2025-02-02,2659,197,22,2,28.14
Uganda,UGA,2025-02-03,2659,0,22,0,28.14
Uganda,UGA,2025-02-04,2659,0,22,0,28.14
Uganda,UGA,2025-02-05,2659,0,22,0,28.14
Uganda,UGA,2025-02-06,2659,0,22,0,28.14
Uganda,UGA,2025-02-07,2659,0,22,0,28.14
Uganda,UGA,2025-02-08,2659,0,22,0,28.14
Uganda,UGA,2025-02-09,2869,210,25,3,30
Uganda,UGA,2025-02-10,2869,0,25,0,30
Uganda,UGA,2025-02-11,2869,0,25,0,30
Uganda,UGA,2025-02-12,2869,0,25,0,30
Uganda,UGA,2025-02-13,2869,0,25,0,30
Uganda,UGA,2025-02-14,2869,0,25,0,30
Uganda,UGA,2025-02-15,2869,0,25,0,30
Uganda,UGA,2025-02-16,3135,266,28,3,38
Uganda,UGA,2025-02-17,3135,0,28,0,38
Uganda,UGA,2025-02-18,3135,0,28,0,38
Uganda,UGA,2025-02-19,3135,0,28,0,38
Uganda,UGA,2025-02-20,3135,0,28,0,38
Uganda,UGA,2025-02-21,3135,0,28,0,38
Uganda,UGA,2025-02-22,3135,0,28,0,38
Uganda,UGA,2025-02-23,3487,352,30,2,50.29
Uganda,UGA,2025-02-24,3487,0,30,0,50.29
Uganda,UGA,2025-02-25,3487,0,30,0,50.29
Uganda,UGA,2025-02-26,3487,0,30,0,50.29
Uganda,UGA,2025-02-27,3487,0,30,0,50.29
Uganda,UGA,2025-02-28,3770,283,31,1,90.71
Uganda,UGA,2025-03-01,3770,0,31,0,90.71
Uganda,UGA,2025-03-02,3770,0,31,0,40.43
Uganda,UGA,2025-03-03,3770,0,31,0,40.43
Uganda,UGA,2025-03-04,3770,0,31,0,40.43
Uganda,UGA,2025-03-05,3770,0,31,0,40.43
Uganda,UGA,2025-03-06,3770,0,31,0,40.43
Uganda,UGA,2025-03-07,3770,0,31,0,0
Uganda,UGA,2025-03-08,3770,0,31,0,0
Uganda,UGA,2025-03-09,4043,273,34,3,39
Uganda,UGA,2025-03-10,4043,0,34,0,39
Uganda,UGA,2025-03-11,4043,0,34,0,39
Uganda,UGA,2025-03-12,4043,0,34,0,39
Uganda,UGA,2025-03-13,4043,0,34,0,39
Uganda,UGA,2025-03-14,4043,0,34,0,39
Uganda,UGA,2025-03-15,4043,0,34,0,39
Uganda,UGA,2025-03-16,4445,402,36,2,57.43
Uganda,UGA,2025-03-17,4445,0,36,0,57.43
Uganda,UGA,2025-03-18,4445,0,36,0,57.43
Uganda,UGA,2025-03-19,4445,0,36,0,57.43
Uganda,UGA,2025-03-20,4445,0,36,0,57.43
Uganda,UGA,2025-03-21,4445,0,36,0,57.43
Uganda,UGA,2025-03-22,4445,0,36,0,57.43
Uganda,UGA,2025-03-23,4633,188,37,1,26.86
Uganda,UGA,2025-03-24,4633,0,37,0,26.86
Uganda,UGA,2025-03-25,4633,0,37,0,26.86
Uganda,UGA,2025-03-26,4633,0,37,0,26.86
Uganda,UGA,2025-03-27,4633,0,37,0,26.86
Uganda,UGA,2025-03-28,4633,0,37,0,26.86
Uganda,UGA,2025-03-29,4633,0,37,0,26.86
Uganda,UGA,2025-03-30,4880,247,37,0,35.29
Uganda,UGA,2025-03-31,4880,0,37,0,35.29
Uganda,UGA,2025-04-01,4880,0,37,0,35.29
Uganda,UGA,2025-04-02,4880,0,37,0,35.29
Uganda,UGA,2025-04-03,4880,0,37,0,35.29
Uganda,UGA,2025-04-04,4880,0,37,0,35.29
Uganda,UGA,2025-04-05,4880,0,37,0,35.29
Uganda,UGA,2025-04-06,5152,272,40,3,38.86
Uganda,UGA,2025-04-07,5152,0,40,0,38.86
Uganda,UGA,2025-04-08,5152,0,40,0,38.86
Uganda,UGA,2025-04-09,5152,0,40,0,38.86
Uganda,UGA,2025-04-10,5152,0,40,0,38.86
Uganda,UGA,2025-04-11,5152,0,40,0,38.86
Uganda,UGA,2025-04-12,5152,0,40,0,38.86
Uganda,UGA,2025-04-13,5386,234,40,0,33.43
Uganda,UGA,2025-04-14,5386,0,40,0,33.43
Uganda,UGA,2025-04-15,5386,0,40,0,33.43
Uganda,UGA,2025-04-16,5386,0,40,0,33.43
Uganda,UGA,2025-04-17,5386,0,40,0,33.43
Uganda,UGA,2025-04-18,5386,0,40,0,33.43
Uganda,UGA,2025-04-19,5386,0,40,0,33.43
Uganda,UGA,2025-04-20,5564,178,40,0,25.43
Uganda,UGA,2025-04-21,5564,0,40,0,25.43
Uganda,UGA,2025-04-22,5564,0,40,0,25.43
Uganda,UGA,2025-04-23,5564,0,40,0,25.43
Uganda,UGA,2025-04-24,5564,0,40,0,25.43
Uganda,UGA,2025-04-25,5564,0,40,0,25.43
Uganda,UGA,2025-04-26,5564,0,40,0,25.43
Uganda,UGA,2025-04-27,5724,160,40,0,22.86
Uganda,UGA,2025-04-28,5724,0,40,0,22.86
Uganda,UGA,2025-04-29,5724,0,40,0,22.86
Uganda,UGA,2025-04-30,5724,0,40,0,22.86
Uganda,UGA,2025-05-01,5724,0,40,0,22.86
Uganda,UGA,2025-05-02,5724,0,40,0,22.86
Uganda,UGA,2025-05-03,5724,0,40,0,22.86
Uganda,UGA,2025-05-04,5941,217,41,1,31
Uganda,UGA,2025-05-05,5941,0,41,0,31
Uganda,UGA,2025-05-06,5941,0,41,0,31
Uganda,UGA,2025-05-07,5941,0,41,0,31
Uganda,UGA,2025-05-08,5941,0,41,0,31
Uganda,UGA,2025-05-09,5941,0,41,0,31
Uganda,UGA,2025-05-10,5941,0,41,0,31
Uganda,UGA,2025-05-11,6174,233,41,0,33.29
Uganda,UGA,2025-05-12,6174,0,41,0,33.29
Uganda,UGA,2025-05-13,6174,0,41,0,33.29
Uganda,UGA,2025-05-14,6174,0,41,0,33.29
Uganda,UGA,2025-05-15,6174,0,41,0,33.29
Uganda,UGA,2025-05-16,6174,0,41,0,33.29
Uganda,UGA,2025-05-17,6174,0,41,0,33.29
Uganda,UGA,2025-05-18,6323,149,42,1,21.29
Uganda,UGA,2025-05-19,6323,0,42,0,21.29
Uganda,UGA,2025-05-20,6323,0,42,0,21.29
Uganda,UGA,2025-05-21,6323,0,42,0,21.29
Uganda,UGA,2025-05-22,6323,0,42,0,21.29
Uganda,UGA,2025-05-23,6323,0,42,0,21.29
Uganda,UGA,2025-05-24,6323,0,42,0,21.29
Uganda,UGA,2025-05-25,6468,145,43,1,20.71
Uganda,UGA,2025-05-26,6468,0,43,0,20.71
Uganda,UGA,2025-05-27,6468,0,43,0,20.71
Uganda,UGA,2025-05-28,6468,0,43,0,20.71
Uganda,UGA,2025-05-29,6468,0,43,0,20.71
Uganda,UGA,2025-05-30,6468,0,43,0,20.71
Uganda,UGA,2025-05-31,6635,167,44,1,44.57
Uganda,UGA,2025-06-01,6635,0,44,0,23.86
Uganda,UGA,2025-06-02,6635,0,44,0,23.86
Uganda,UGA,2025-06-03,6635,0,44,0,23.86
Uganda,UGA,2025-06-04,6635,0,44,0,23.86
Uganda,UGA,2025-06-05,6635,0,44,0,23.86
Uganda,UGA,2025-06-06,6635,0,44,0,23.86
Uganda,UGA,2025-06-07,6635,0,44,0,0
Uganda,UGA,2025-06-08,6739,104,44,0,14.86
Uganda,UGA,2025-06-09,6739,0,44,0,14.86
Uganda,UGA,2025-06-10,6739,0,44,0,14.86
Uganda,UGA,2025-06-11,6739,0,44,0,14.86
Uganda,UGA,2025-06-12,6739,0,44,0,14.86
Uganda,UGA,2025-06-13,6739,0,44,0,14.86
Uganda,UGA,2025-06-14,6739,0,44,0,14.86
Uganda,UGA,2025-06-15,6857,118,44,0,16.86
Uganda,UGA,2025-06-16,6857,0,44,0,16.86
Uganda,UGA,2025-06-17,6857,0,44,0,16.86
Uganda,UGA,2025-06-18,6857,0,44,0,16.86
Uganda,UGA,2025-06-19,6857,0,44,0,16.86
Uganda,UGA,2025-06-20,6857,0,44,0,16.86
Uganda,UGA,2025-06-21,6857,0,44,0,16.86
Uganda,UGA,2025-06-22,6998,141,44,0,20.14
Uganda,UGA,2025-06-23,6998,0,44,0,20.14
Uganda,UGA,2025-06-24,6998,0,44,0,20.14
Uganda,UGA,2025-06-25,6998,0,44,0,20.14
Uganda,UGA,2025-06-26,6998,0,44,0,20.14
Uganda,UGA,2025-06-27,6998,0,44,0,20.14
Uganda,UGA,2025-06-28,6998,0,44,0,20.14
Uganda,UGA,2025-06-29,7230,232,44,0,33.14
Uganda,UGA,2025-06-30,7230,0,44,0,33.14
Uganda,UGA,2025-07-01,7230,0,44,0,33.14
Uganda,UGA,2025-07-02,7230,0,44,0,33.14
Uganda,UGA,2025-07-03,7230,0,44,0,33.14
Uganda,UGA,2025-07-04,7230,0,44,0,33.14
Uganda,UGA,2025-07-05,7230,0,44,0,33.14
Uganda,UGA,2025-07-06,7421,191,46,2,27.29
Uganda,UGA,2025-07-07,7421,0,46,0,27.29
Uganda,UGA,2025-07-08,7421,0,46,0,27.29
Uganda,UGA,2025-07-09,7421,0,46,0,27.29
Uganda,UGA,2025-07-10,7421,0,46,0,27.29
Uganda,UGA,2025-07-11,7421,0,46,0,27.29
Uganda,UGA,2025-07-12,7421,0,46,0,27.29
Uganda,UGA,2025-07-13,7529,108,47,1,15.43
Uganda,UGA,2025-07-14,7529,0,47,0,15.43
Uganda,UGA,2025-07-15,7529,0,47,0,15.43
Uganda,UGA,2025-07-16,7529,0,47,0,15.43
Uganda,UGA,2025-07-17,7529,0,47,0,15.43
Uganda,UGA,2025-07-18,7529,0,47,0,15.43
Uganda,UGA,2025-07-19,7529,0,47,0,15.43
Uganda,UGA,2025-07-20,7603,74,48,1,10.57
Uganda,UGA,2025-07-21,7603,0,48,0,10.57
Uganda,UGA,2025-07-22,7603,0,48,0,10.57
Uganda,UGA,2025-07-23,7603,0,48,0,10.57
Uganda,UGA,2025-07-24,7603,0,48,0,10.57
Uganda,UGA,2025-07-25,7603,0,48,0,10.57
Uganda,UGA,2025-07-26,7603,0,48,0,10.57
Uganda,UGA,2025-07-27,7727,124,48,0,17.71
Uganda,UGA,2025-07-28,7727,0,48,0,17.71
Uganda,UGA,2025-07-29,7727,0,48,0,17.71
Uganda,UGA,2025-07-30,7727,0,48,0,17.71
Uganda,UGA,2025-07-31,7727,0,48,0,17.71
Uganda,UGA,2025-08-01,7727,0,48,0,17.71
Uganda,UGA,2025-08-02,7727,0,48,0,17.71
Uganda,UGA,2025-08-03,7810,83,48,0,11.86
Uganda,UGA,2025-08-04,7810,0,48,0,11.86
Uganda,UGA,2025-08-05,7810,0,48,0,11.86
Uganda,UGA,2025-08-06,7810,0,48,0,11.86
Uganda,UGA,2025-08-07,7810,0,48,0,11.86
Uganda,UGA,2025-08-08,7810,0,48,0,11.86
Uganda,UGA,2025-08-09,7810,0,48,0,11.86
Uganda,UGA,2025-08-10,7882,72,48,0,10.29
Uganda,UGA,2025-08-11,7882,0,48,0,10.29
Uganda,UGA,2025-08-12,7882,0,48,0,10.29
Uganda,UGA,2025-08-13,7882,0,48,0,10.29
Uganda,UGA,2025-08-14,7882,0,48,0,10.29
Uganda,UGA,2025-08-15,7882,0,48,0,10.29
Uganda,UGA,2025-08-16,7882,0,48,0,10.29
Uganda,UGA,2025-08-17,7897,15,48,0,2.14
Uganda,UGA,2025-08-18,7897,0,48,0,2.14
Uganda,UGA,2025-08-19,7897,0,48,0,2.14
Uganda,UGA,2025-08-20,7897,0,48,0,2.14
Uganda,UGA,2025-08-21,7897,0,48,0,2.14
Uganda,UGA,2025-08-22,7897,0,48,0,2.14
Uganda,UGA,2025-08-23,7897,0,48,0,2.14
Uganda,UGA,2025-08-24,7929,32,48,0,4.57
Uganda,UGA,2025-08-25,7929,0,48,0,4.57
Uganda,UGA,2025-08-26,7929,0,48,0,4.57
Uganda,UGA,2025-08-27,7929,0,48,0,4.57
Uganda,UGA,2025-08-28,7929,0,48,0,4.57
Uganda,UGA,2025-08-29,7929,0,48,0,4.57
Uganda,UGA,2025-08-30,7929,0,48,0,4.57
Uganda,UGA,2025-08-31,8014,85,50,2,12.14
Uganda,UGA,2025-09-01,8014,0,50,0,12.14
Uganda,UGA,2025-09-02,8014,0,50,0,12.14
Uganda,UGA,2025-09-03,8014,0,50,0,12.14
Uganda,UGA,2025-09-04,8014,0,50,0,12.14
Uganda,UGA,2025-09-05,8014,0,50,0,12.14
Uganda,UGA,2025-09-06,8014,0,50,0,12.14
Uganda,UGA,2025-09-07,8040,26,50,0,3.71
Uganda,UGA,2025-09-08,8040,0,50,0,3.71
Uganda,UGA,2025-09-09,8040,0,50,0,3.71
Uganda,UGA,2025-09-10,8040,0,50,0,3.71
Uganda,UGA,2025-09-11,8040,0,50,0,3.71
Uganda,UGA,2025-09-12,8040,0,50,0,3.71
Uganda,UGA,2025-09-13,8040,0,50,0,3.71
Uganda,UGA,2025-09-14,8087,47,50,0,6.71
Uganda,UGA,2025-09-15,8087,0,50,0,6.71
Uganda,UGA,2025-09-16,8087,0,50,0,6.71
Uganda,UGA,2025-09-17,8087,0,50,0,6.71
Uganda,UGA,2025-09-18,8087,0,50,0,6.71
Uganda,UGA,2025-09-19,8087,0,50,0,6.71
Uganda,UGA,2025-09-20,8087,0,50,0,6.71
Uganda,UGA,2025-09-21,8137,50,50,0,7.14
Uganda,UGA,2025-09-22,8137,0,50,0,7.14
Uganda,UGA,2025-09-23,8137,0,50,0,7.14
Uganda,UGA,2025-09-24,8137,0,50,0,7.14
Uganda,UGA,2025-09-25,8137,0,50,0,7.14
Uganda,UGA,2025-09-26,8137,0,50,0,7.14
Uganda,UGA,2025-09-27,8137,0,50,0,7.14
Uganda,UGA,2025-09-28,8211,74,50,0,10.57
Uganda,UGA,2025-09-29,8211,0,50,0,10.57
Uganda,UGA,2025-09-30,8211,0,50,0,10.57
Uganda,UGA,2025-10-01,8211,0,50,0,10.57
Uganda,UGA,2025-10-02,8211,0,50,0,10.57
Uganda,UGA,2025-10-03,8211,0,50,0,10.57
Uganda,UGA,2025-10-04,8211,0,50,0,10.57
Uganda,UGA,2025-10-05,8247,36,50,0,5.14
Uganda,UGA,2025-10-06,8247,0,50,0,5.14
Uganda,UGA,2025-10-07,8247,0,50,0,5.14
Uganda,UGA,2025-10-08,8247,0,50,0,5.14
Uganda,UGA,2025-10-09,8247,0,50,0,5.14
Uganda,UGA,2025-10-10,8247,0,50,0,5.14
Uganda,UGA,2025-10-11,8247,0,50,0,5.14
Uganda,UGA,2025-10-12,8266,19,50,0,2.71
Uganda,UGA,2025-10-13,8266,0,50,0,2.71
Uganda,UGA,2025-10-14,8266,0,50,0,2.71
Uganda,UGA,2025-10-15,8266,0,50,0,2.71
Uganda,UGA,2025-10-16,8266,0,50,0,2.71
Uganda,UGA,2025-10-17,8266,0,50,0,2.71
Uganda,UGA,2025-10-18,8266,0,50,0,2.71
Uganda,UGA,2025-10-19,8299,33,50,0,4.71
Uganda,UGA,2025-10-20,8299,0,50,0,4.71
Uganda,UGA,2025-10-21,8299,0,50,0,4.71
Uganda,UGA,2025-10-22,8299,0,50,0,4.71
Uganda,UGA,2025-10-23,8299,0,50,0,4.71
Uganda,UGA,2025-10-24,8299,0,50,0,4.71
Uganda,UGA,2025-10-25,8299,0,50,0,4.71
Uganda,UGA,2025-10-26,8324,25,50,0,3.57
Uganda,UGA,2025-10-27,8324,0,50,0,3.57
Uganda,UGA,2025-10-28,8324,0,50,0,3.57
Uganda,UGA,2025-10-29,8324,0,50,0,3.57
Uganda,UGA,2025-10-30,8324,0,50,0,3.57
Uganda,UGA,2025-10-31,8324,0,50,0,3.57
Uganda,UGA,2025-11-01,8324,0,50,0,3.57
Uganda,UGA,2025-11-02,8359,35,50,0,5
Uganda,UGA,2025-11-03,8359,0,50,0,5
Uganda,UGA,2025-11-04,8359,0,50,0,5
Uganda,UGA,2025-11-05,8359,0,50,0,5
Uganda,UGA,2025-11-06,8359,0,50,0,5
Uganda,UGA,2025-11-07,8359,0,50,0,5
Uganda,UGA,2025-11-08,8359,0,50,0,5
Uganda,UGA,2025-11-09,8374,15,51,1,2.14
Uganda,UGA,2025-11-10,8374,0,51,0,2.14
Uganda,UGA,2025-11-11,8374,0,51,0,2.14
Uganda,UGA,2025-11-12,8374,0,51,0,2.14
Uganda,UGA,2025-11-13,8374,0,51,0,2.14
Uganda,UGA,2025-11-14,8374,0,51,0,2.14
Uganda,UGA,2025-11-15,8374,0,51,0,2.14
Uganda,UGA,2025-11-16,8397,23,51,0,3.29
Uganda,UGA,2025-11-17,8397,0,51,0,3.29
Uganda,UGA,2025-11-18,8397,0,51,0,3.29
Uganda,UGA,2025-11-19,8397,0,51,0,3.29
Uganda,UGA,2025-11-20,8397,0,51,0,3.29
Uganda,UGA,2025-11-21,8397,0,51,0,3.29
Uganda,UGA,2025-11-22,8397,0,51,0,3.29
Uganda,UGA,2025-11-23,8406,9,51,0,1.29
Uganda,UGA,2025-11-24,8406,0,51,0,1.29
Uganda,UGA,2025-11-25,8406,0,51,0,1.29
Uganda,UGA,2025-11-26,8406,0,51,0,1.29
Uganda,UGA,2025-11-27,8406,0,51,0,1.29
Uganda,UGA,2025-11-28,8406,0,51,0,1.29
Uganda,UGA,2025-11-29,8406,0,51,0,1.29
Uganda,UGA,2025-11-30,8419,13,51,0,1.86
Uganda,UGA,2025-12-01,8419,0,51,0,1.86
Uganda,UGA,2025-12-02,8419,0,51,0,1.86
Uganda,UGA,2025-12-03,8419,0,51,0,1.86
Uganda,UGA,2025-12-04,8419,0,51,0,1.86
Uganda,UGA,2025-12-05,8419,0,51,0,1.86
Uganda,UGA,2025-12-06,8419,0,51,0,1.86
Uganda,UGA,2025-12-07,8427,8,51,0,1.14
Uganda,UGA,2025-12-08,8427,0,51,0,1.14
Uganda,UGA,2025-12-09,8427,0,51,0,1.14
Uganda,UGA,2025-12-10,8427,0,51,0,1.14
Uganda,UGA,2025-12-11,8427,0,51,0,1.14
Uganda,UGA,2025-12-12,8427,0,51,0,1.14
Uganda,UGA,2025-12-13,8427,0,51,0,1.14
Uganda,UGA,2025-12-14,8439,12,51,0,1.71
Uganda,UGA,2025-12-15,8439,0,51,0,1.71
Uganda,UGA,2025-12-16,8439,0,51,0,1.71
Uganda,UGA,2025-12-17,8439,0,51,0,1.71
Uganda,UGA,2025-12-18,8439,0,51,0,1.71
Uganda,UGA,2025-12-19,8439,0,51,0,1.71
Uganda,UGA,2025-12-20,8439,0,51,0,1.71
Uganda,UGA,2025-12-21,8442,3,51,0,0.43
Uganda,UGA,2025-12-22,8442,0,51,0,0.43
Uganda,UGA,2025-12-23,8442,0,51,0,0.43
Uganda,UGA,2025-12-24,8442,0,51,0,0.43
Uganda,UGA,2025-12-25,8442,0,51,0,0.43
Uganda,UGA,2025-12-26,8442,0,51,0,0.43
Uganda,UGA,2025-12-27,8442,0,51,0,0.43
Uganda,UGA,2025-12-28,8445,3,51,0,0.43
Uganda,UGA,2025-12-29,8445,0,51,0,0.43
Uganda,UGA,2025-12-30,8445,0,51,0,0.43
Uganda,UGA,2025-12-31,8445,0,51,0,0.43
Uganda,UGA,2026-01-01,8445,0,51,0,0.43
Uganda,UGA,2026-01-02,8445,0,51,0,0.43
Uganda,UGA,2026-01-03,8445,0,51,0,0.43
Uganda,UGA,2026-01-04,8448,3,51,0,0.43
Uganda,UGA,2026-01-05,8448,0,51,0,0.43
Uganda,UGA,2026-01-06,8448,0,51,0,0.43
Uganda,UGA,2026-01-07,8448,0,51,0,0.43
Uganda,UGA,2026-01-08,8448,0,51,0,0.43
Uganda,UGA,2026-01-09,8448,0,51,0,0.43
Uganda,UGA,2026-01-10,8448,0,51,0,0.43
Uganda,UGA,2026-01-11,8476,28,51,0,4
Uganda,UGA,2026-01-12,8476,0,51,0,4
Uganda,UGA,2026-01-13,8476,0,51,0,4
Uganda,UGA,2026-01-14,8476,0,51,0,4
Uganda,UGA,2026-01-15,8476,0,51,0,4
Uganda,UGA,2026-01-16,8476,0,51,0,4
Uganda,UGA,2026-01-17,8476,0,51,0,4
Uganda,UGA,2026-01-18,8480,4,51,0,0.57
Uganda,UGA,2026-01-19,8480,0,51,0,0.57
Uganda,UGA,2026-01-20,8480,0,51,0,0.57
Uganda,UGA,2026-01-21,8480,0,51,0,0.57
Uganda,UGA,2026-01-22,8480,0,51,0,0.57
Uganda,UGA,2026-01-23,8480,0,51,0,0.57
Uganda,UGA,2026-01-24,8480,0,51,0,0.57
Uganda,UGA,2026-01-25,8486,6,51,0,0.86
Uganda,UGA,2026-01-26,8486,0,51,0,0.86
Uganda,UGA,2026-01-27,8486,0,51,0,0.86
Uganda,UGA,2026-01-28,8486,0,51,0,0.86
Uganda,UGA,2026-01-29,8486,0,51,0,0.86
Uganda,UGA,2026-01-30,8486,0,51,0,0.86
Uganda,UGA,2026-01-31,8486,0,51,0,0.86
Uganda,UGA,2026-02-01,8491,5,51,0,0.71
Uganda,UGA,2026-02-02,8491,0,51,0,0.71
Uganda,UGA,2026-02-03,8491,0,51,0,0.71
Uganda,UGA,2026-02-04,8491,0,51,0,0.71
Uganda,UGA,2026-02-05,8491,0,51,0,0.71
Uganda,UGA,2026-02-06,8491,0,51,0,0.71
Uganda,UGA,2026-02-07,8491,0,51,0,0.71
Uganda,UGA,2026-02-08,8498,7,52,1,1
Uganda,UGA,2026-02-09,8498,0,52,0,1
Uganda,UGA,2026-02-10,8498,0,52,0,1
Uganda,UGA,2026-02-11,8498,0,52,0,1
Uganda,UGA,2026-02-12,8498,0,52,0,1
Uganda,UGA,2026-02-13,8498,0,52,0,1
Uganda,UGA,2026-02-14,8498,0,52,0,1
Uganda,UGA,2026-02-15,8502,4,52,0,0.57
Uganda,UGA,2026-02-16,8502,0,52,0,0.57
Uganda,UGA,2026-02-17,8502,0,52,0,0.57
Uganda,UGA,2026-02-18,8502,0,52,0,0.57
Uganda,UGA,2026-02-19,8502,0,52,0,0.57
Uganda,UGA,2026-02-20,8502,0,52,0,0.57
Uganda,UGA,2026-02-21,8502,0,52,0,0.57
Uganda,UGA,2026-02-22,8505,3,52,0,0.43
Uganda,UGA,2026-02-23,8505,0,52,0,0.43
Uganda,UGA,2026-02-24,8505,0,52,0,0.43
Uganda,UGA,2026-02-25,8505,0,52,0,0.43
Uganda,UGA,2026-02-26,8505,0,52,0,0.43
Uganda,UGA,2026-02-27,8505,0,52,0,0.43
Uganda,UGA,2026-02-28,8505,0,52,0,0.43
Uganda,UGA,2026-03-01,8508,3,52,0,0.43
Uganda,UGA,2026-03-02,8508,0,52,0,0.43
Uganda,UGA,2026-03-03,8508,0,52,0,0.43
Uganda,UGA,2026-03-04,8508,0,52,0,0.43
Uganda,UGA,2026-03-05,8508,0,52,0,0.43
Uganda,UGA,2026-03-06,8508,0,52,0,0.43
Uganda,UGA,2026-03-07,8508,0,52,0,0.43
Uganda,UGA,2026-03-08,8510,2,52,0,0.29
Uganda,UGA,2026-03-09,8510,0,52,0,0.29
Uganda,UGA,2026-03-10,8510,0,52,0,0.29
Uganda,UGA,2026-03-11,8510,0,52,0,0.29
Uganda,UGA,2026-03-12,8510,0,52,0,0.29
Uganda,UGA,2026-03-13,8510,0,52,0,0.29
Uganda,UGA,2026-03-14,8510,0,52,0,0.29
Uganda,UGA,2026-03-15,8512,2,52,0,0.29
Uganda,UGA,2026-03-16,8512,0,52,0,0.29
Uganda,UGA,2026-03-17,8512,0,52,0,0.29
Uganda,UGA,2026-03-18,8512,0,52,0,0.29
Uganda,UGA,2026-03-19,8512,0,52,0,0.29
Uganda,UGA,2026-03-20,8512,0,52,0,0.29
Uganda,UGA,2026-03-21,8512,0,52,0,0.29
Uganda,UGA,2026-03-22,8512,0,52,0,0
Uganda,UGA,2026-03-23,8512,0,52,0,0
Uganda,UGA,2026-03-24,8512,0,52,0,0
Uganda,UGA,2026-03-25,8512,0,52,0,0
Uganda,UGA,2026-03-26,8512,0,52,0,0
Uganda,UGA,2026-03-27,8512,0,52,0,0
Uganda,UGA,2026-03-28,8512,0,52,0,0
Uganda,UGA,2026-03-29,8512,0,52,0,0
Uganda,UGA,2026-03-30,8512,0,52,0,0
Uganda,UGA,2026-03-31,8512,0,52,0,0
Uganda,UGA,2026-04-01,8512,0,52,0,0
Uganda,UGA,2026-04-02,8512,0,52,0,0
Uganda,UGA,2026-04-03,8512,0,52,0,0
Uganda,UGA,2026-04-04,8512,0,52,0,0
Uganda,UGA,2026-04-05,8512,0,52,0,0
Zambia,ZMB,2024-11-24,0,0,0,0,0
Zambia,ZMB,2024-11-25,0,0,0,0,0
Zambia,ZMB,2024-11-26,0,0,0,0,0
Zambia,ZMB,2024-11-27,0,0,0,0,0
Zambia,ZMB,2024-11-28,0,0,0,0,0
Zambia,ZMB,2024-11-29,0,0,0,0,0
Zambia,ZMB,2024-11-30,0,0,0,0,0
Zambia,ZMB,2024-12-01,0,0,0,0,0
Zambia,ZMB,2024-12-02,0,0,0,0,0
Zambia,ZMB,2024-12-03,0,0,0,0,0
Zambia,ZMB,2024-12-04,0,0,0,0,0
Zambia,ZMB,2024-12-05,0,0,0,0,0
Zambia,ZMB,2024-12-06,0,0,0,0,0
Zambia,ZMB,2024-12-07,0,0,0,0,0
Zambia,ZMB,2024-12-08,0,0,0,0,0
Zambia,ZMB,2024-12-09,0,0,0,0,0
Zambia,ZMB,2024-12-10,0,0,0,0,0
Zambia,ZMB,2024-12-11,0,0,0,0,0
Zambia,ZMB,2024-12-12,0,0,0,0,0
Zambia,ZMB,2024-12-13,0,0,0,0,0
Zambia,ZMB,2024-12-14,0,0,0,0,0
Zambia,ZMB,2024-12-15,0,0,0,0,0
Zambia,ZMB,2024-12-16,0,0,0,0,0
Zambia,ZMB,2024-12-17,0,0,0,0,0
Zambia,ZMB,2024-12-18,0,0,0,0,0
Zambia,ZMB,2024-12-19,0,0,0,0,0
Zambia,ZMB,2024-12-20,0,0,0,0,0
Zambia,ZMB,2024-12-21,0,0,0,0,0
Zambia,ZMB,2024-12-22,1,1,0,0,0.14
Zambia,ZMB,2024-12-23,1,0,0,0,0.14
Zambia,ZMB,2024-12-24,1,0,0,0,0.14
Zambia,ZMB,2024-12-25,1,0,0,0,0.14
Zambia,ZMB,2024-12-26,1,0,0,0,0.14
Zambia,ZMB,2024-12-27,1,0,0,0,0.14
Zambia,ZMB,2024-12-28,1,0,0,0,0.14
Zambia,ZMB,2024-12-29,2,1,0,0,0.14
Zambia,ZMB,2024-12-30,2,0,0,0,0.14
Zambia,ZMB,2024-12-31,2,0,0,0,0.14
Zambia,ZMB,2025-01-01,2,0,0,0,0.14
Zambia,ZMB,2025-01-02,2,0,0,0,0.14
Zambia,ZMB,2025-01-03,2,0,0,0,0.14
Zambia,ZMB,2025-01-04,2,0,0,0,0.14
Zambia,ZMB,2025-01-05,3,1,0,0,0.14
Zambia,ZMB,2025-01-06,3,0,0,0,0.14
Zambia,ZMB,2025-01-07,3,0,0,0,0.14
Zambia,ZMB,2025-01-08,3,0,0,0,0.14
Zambia,ZMB,2025-01-09,3,0,0,0,0.14
Zambia,ZMB,2025-01-10,3,0,0,0,0.14
Zambia,ZMB,2025-01-11,3,0,0,0,0.14
Zambia,ZMB,2025-01-12,5,2,0,0,0.29
Zambia,ZMB,2025-01-13,5,0,0,0,0.29
Zambia,ZMB,2025-01-14,5,0,0,0,0.29
Zambia,ZMB,2025-01-15,5,0,0,0,0.29
Zambia,ZMB,2025-01-16,5,0,0,0,0.29
Zambia,ZMB,2025-01-17,5,0,0,0,0.29
Zambia,ZMB,2025-01-18,5,0,0,0,0.29
Zambia,ZMB,2025-01-19,8,3,0,0,0.43
Zambia,ZMB,2025-01-20,8,0,0,0,0.43
Zambia,ZMB,2025-01-21,8,0,0,0,0.43
Zambia,ZMB,2025-01-22,8,0,0,0,0.43
Zambia,ZMB,2025-01-23,8,0,0,0,0.43
Zambia,ZMB,2025-01-24,8,0,0,0,0.43
Zambia,ZMB,2025-01-25,8,0,0,0,0.43
Zambia,ZMB,2025-01-26,12,4,0,0,0.57
Zambia,ZMB,2025-01-27,12,0,0,0,0.57
Zambia,ZMB,2025-01-28,12,0,0,0,0.57
Zambia,ZMB,2025-01-29,12,0,0,0,0.57
Zambia,ZMB,2025-01-30,12,0,0,0,0.57
Zambia,ZMB,2025-01-31,12,0,0,0,0.57
Zambia,ZMB,2025-02-01,12,0,0,0,0.57
Zambia,ZMB,2025-02-02,15,3,0,0,0.43
Zambia,ZMB,2025-02-03,15,0,0,0,0.43
Zambia,ZMB,2025-02-04,15,0,0,0,0.43
Zambia,ZMB,2025-02-05,15,0,0,0,0.43
Zambia,ZMB,2025-02-06,15,0,0,0,0.43
Zambia,ZMB,2025-02-07,15,0,0,0,0.43
Zambia,ZMB,2025-02-08,15,0,0,0,0.43
Zambia,ZMB,2025-02-09,18,3,0,0,0.43
Zambia,ZMB,2025-02-10,18,0,0,0,0.43
Zambia,ZMB,2025-02-11,18,0,0,0,0.43
Zambia,ZMB,2025-02-12,18,0,0,0,0.43
Zambia,ZMB,2025-02-13,18,0,0,0,0.43
Zambia,ZMB,2025-02-14,18,0,0,0,0.43
Zambia,ZMB,2025-02-15,18,0,0,0,0.43
Zambia,ZMB,2025-02-16,20,2,0,0,0.29
Zambia,ZMB,2025-02-17,20,0,0,0,0.29
Zambia,ZMB,2025-02-18,20,0,0,0,0.29
Zambia,ZMB,2025-02-19,20,0,0,0,0.29
Zambia,ZMB,2025-02-20,20,0,0,0,0.29
Zambia,ZMB,2025-02-21,20,0,0,0,0.29
Zambia,ZMB,2025-02-22,20,0,0,0,0.29
Zambia,ZMB,2025-02-23,20,0,0,0,0
Zambia,ZMB,2025-02-24,20,0,0,0,0
Zambia,ZMB,2025-02-25,20,0,0,0,0
Zambia,ZMB,2025-02-26,20,0,0,0,0
Zambia,ZMB,2025-02-27,20,0,0,0,0
Zambia,ZMB,2025-02-28,21,1,0,0,0.14
Zambia,ZMB,2025-03-01,21,0,0,0,0.14
Zambia,ZMB,2025-03-02,21,0,0,0,0.14
Zambia,ZMB,2025-03-03,21,0,0,0,0.14
Zambia,ZMB,2025-03-04,21,0,0,0,0.14
Zambia,ZMB,2025-03-05,21,0,0,0,0.14
Zambia,ZMB,2025-03-06,21,0,0,0,0.14
Zambia,ZMB,2025-03-07,21,0,0,0,0
Zambia,ZMB,2025-03-08,21,0,0,0,0
Zambia,ZMB,2025-03-09,22,1,0,0,0.14
Zambia,ZMB,2025-03-10,22,0,0,0,0.14
Zambia,ZMB,2025-03-11,22,0,0,0,0.14
Zambia,ZMB,2025-03-12,22,0,0,0,0.14
Zambia,ZMB,2025-03-13,22,0,0,0,0.14
Zambia,ZMB,2025-03-14,22,0,0,0,0.14
Zambia,ZMB,2025-03-15,22,0,0,0,0.14
Zambia,ZMB,2025-03-16,26,4,1,1,0.57
Zambia,ZMB,2025-03-17,26,0,1,0,0.57
Zambia,ZMB,2025-03-18,26,0,1,0,0.57
Zambia,ZMB,2025-03-19,26,0,1,0,0.57
Zambia,ZMB,2025-03-20,26,0,1,0,0.57
Zambia,ZMB,2025-03-21,26,0,1,0,0.57
Zambia,ZMB,2025-03-22,26,0,1,0,0.57
Zambia,ZMB,2025-03-23,27,1,1,0,0.14
Zambia,ZMB,2025-03-24,27,0,1,0,0.14
Zambia,ZMB,2025-03-25,27,0,1,0,0.14
Zambia,ZMB,2025-03-26,27,0,1,0,0.14
Zambia,ZMB,2025-03-27,27,0,1,0,0.14
Zambia,ZMB,2025-03-28,30,3,1,0,0.57
Zambia,ZMB,2025-03-29,30,0,1,0,0.57
Zambia,ZMB,2025-03-30,30,0,1,0,0.43
Zambia,ZMB,2025-03-31,30,0,1,0,0.43
Zambia,ZMB,2025-04-01,30,0,1,0,0.43
Zambia,ZMB,2025-04-02,30,0,1,0,0.43
Zambia,ZMB,2025-04-03,30,0,1,0,0.43
Zambia,ZMB,2025-04-04,30,0,1,0,0
Zambia,ZMB,2025-04-05,30,0,1,0,0
Zambia,ZMB,2025-04-06,36,6,2,1,0.86
Zambia,ZMB,2025-04-07,36,0,2,0,0.86
Zambia,ZMB,2025-04-08,36,0,2,0,0.86
Zambia,ZMB,2025-04-09,36,0,2,0,0.86
Zambia,ZMB,2025-04-10,36,0,2,0,0.86
Zambia,ZMB,2025-04-11,36,0,2,0,0.86
Zambia,ZMB,2025-04-12,36,0,2,0,0.86
Zambia,ZMB,2025-04-13,48,12,2,0,1.71
Zambia,ZMB,2025-04-14,48,0,2,0,1.71
Zambia,ZMB,2025-04-15,48,0,2,0,1.71
Zambia,ZMB,2025-04-16,48,0,2,0,1.71
Zambia,ZMB,2025-04-17,48,0,2,0,1.71
Zambia,ZMB,2025-04-18,48,0,2,0,1.71
Zambia,ZMB,2025-04-19,48,0,2,0,1.71
Zambia,ZMB,2025-04-20,48,0,2,0,0
Zambia,ZMB,2025-04-21,48,0,2,0,0
Zambia,ZMB,2025-04-22,48,0,2,0,0
Zambia,ZMB,2025-04-23,48,0,2,0,0
Zambia,ZMB,2025-04-24,48,0,2,0,0
Zambia,ZMB,2025-04-25,48,0,2,0,0
Zambia,ZMB,2025-04-26,48,0,2,0,0
Zambia,ZMB,2025-04-27,64,16,2,0,2.29
Zambia,ZMB,2025-04-28,64,0,2,0,2.29
Zambia,ZMB,2025-04-29,64,0,2,0,2.29
Zambia,ZMB,2025-04-30,64,0,2,0,2.29
Zambia,ZMB,2025-05-01,64,0,2,0,2.29
Zambia,ZMB,2025-05-02,64,0,2,0,2.29
Zambia,ZMB,2025-05-03,64,0,2,0,2.29
Zambia,ZMB,2025-05-04,65,1,2,0,0.14
Zambia,ZMB,2025-05-05,65,0,2,0,0.14
Zambia,ZMB,2025-05-06,65,0,2,0,0.14
Zambia,ZMB,2025-05-07,65,0,2,0,0.14
Zambia,ZMB,2025-05-08,65,0,2,0,0.14
Zambia,ZMB,2025-05-09,65,0,2,0,0.14
Zambia,ZMB,2025-05-10,65,0,2,0,0.14
Zambia,ZMB,2025-05-11,75,10,2,0,1.43
Zambia,ZMB,2025-05-12,75,0,2,0,1.43
Zambia,ZMB,2025-05-13,75,0,2,0,1.43
Zambia,ZMB,2025-05-14,75,0,2,0,1.43
Zambia,ZMB,2025-05-15,75,0,2,0,1.43
Zambia,ZMB,2025-05-16,75,0,2,0,1.43
Zambia,ZMB,2025-05-17,75,0,2,0,1.43
Zambia,ZMB,2025-05-18,78,3,3,1,0.43
Zambia,ZMB,2025-05-19,78,0,3,0,0.43
Zambia,ZMB,2025-05-20,78,0,3,0,0.43
Zambia,ZMB,2025-05-21,78,0,3,0,0.43
Zambia,ZMB,2025-05-22,78,0,3,0,0.43
Zambia,ZMB,2025-05-23,78,0,3,0,0.43
Zambia,ZMB,2025-05-24,78,0,3,0,0.43
Zambia,ZMB,2025-05-25,82,4,3,0,0.57
Zambia,ZMB,2025-05-26,82,0,3,0,0.57
Zambia,ZMB,2025-05-27,82,0,3,0,0.57
Zambia,ZMB,2025-05-28,82,0,3,0,0.57
Zambia,ZMB,2025-05-29,82,0,3,0,0.57
Zambia,ZMB,2025-05-30,82,0,3,0,0.57
Zambia,ZMB,2025-05-31,82,0,3,0,0.57
Zambia,ZMB,2025-06-01,82,0,3,0,0
Zambia,ZMB,2025-06-02,82,0,3,0,0
Zambia,ZMB,2025-06-03,82,0,3,0,0
Zambia,ZMB,2025-06-04,82,0,3,0,0
Zambia,ZMB,2025-06-05,82,0,3,0,0
Zambia,ZMB,2025-06-06,82,0,3,0,0
Zambia,ZMB,2025-06-07,82,0,3,0,0
Zambia,ZMB,2025-06-08,88,6,3,0,0.86
Zambia,ZMB,2025-06-09,88,0,3,0,0.86
Zambia,ZMB,2025-06-10,88,0,3,0,0.86
Zambia,ZMB,2025-06-11,88,0,3,0,0.86
Zambia,ZMB,2025-06-12,88,0,3,0,0.86
Zambia,ZMB,2025-06-13,88,0,3,0,0.86
Zambia,ZMB,2025-06-14,88,0,3,0,0.86
Zambia,ZMB,2025-06-15,90,2,3,0,0.29
Zambia,ZMB,2025-06-16,90,0,3,0,0.29
Zambia,ZMB,2025-06-17,90,0,3,0,0.29
Zambia,ZMB,2025-06-18,90,0,3,0,0.29
Zambia,ZMB,2025-06-19,90,0,3,0,0.29
Zambia,ZMB,2025-06-20,90,0,3,0,0.29
Zambia,ZMB,2025-06-21,90,0,3,0,0.29
Zambia,ZMB,2025-06-22,115,25,3,0,3.57
Zambia,ZMB,2025-06-23,115,0,3,0,3.57
Zambia,ZMB,2025-06-24,115,0,3,0,3.57
Zambia,ZMB,2025-06-25,115,0,3,0,3.57
Zambia,ZMB,2025-06-26,115,0,3,0,3.57
Zambia,ZMB,2025-06-27,115,0,3,0,3.57
Zambia,ZMB,2025-06-28,115,0,3,0,3.57
Zambia,ZMB,2025-06-29,138,23,3,0,3.29
Zambia,ZMB,2025-06-30,138,0,3,0,3.29
Zambia,ZMB,2025-07-01,138,0,3,0,3.29
Zambia,ZMB,2025-07-02,138,0,3,0,3.29
Zambia,ZMB,2025-07-03,138,0,3,0,3.29
Zambia,ZMB,2025-07-04,138,0,3,0,3.29
Zambia,ZMB,2025-07-05,138,0,3,0,3.29
Zambia,ZMB,2025-07-06,148,10,3,0,1.43
Zambia,ZMB,2025-07-07,148,0,3,0,1.43
Zambia,ZMB,2025-07-08,148,0,3,0,1.43
Zambia,ZMB,2025-07-09,148,0,3,0,1.43
Zambia,ZMB,2025-07-10,148,0,3,0,1.43
Zambia,ZMB,2025-07-11,148,0,3,0,1.43
Zambia,ZMB,2025-07-12,148,0,3,0,1.43
Zambia,ZMB,2025-07-13,155,7,3,0,1
Zambia,ZMB,2025-07-14,155,0,3,0,1
Zambia,ZMB,2025-07-15,155,0,3,0,1
Zambia,ZMB,2025-07-16,155,0,3,0,1
Zambia,ZMB,2025-07-17,155,0,3,0,1
Zambia,ZMB,2025-07-18,155,0,3,0,1
Zambia,ZMB,2025-07-19,155,0,3,0,1
Zambia,ZMB,2025-07-20,172,17,3,0,2.43
Zambia,ZMB,2025-07-21,172,0,3,0,2.43
Zambia,ZMB,2025-07-22,172,0,3,0,2.43
Zambia,ZMB,2025-07-23,172,0,3,0,2.43
Zambia,ZMB,2025-07-24,172,0,3,0,2.43
Zambia,ZMB,2025-07-25,172,0,3,0,2.43
Zambia,ZMB,2025-07-26,172,0,3,0,2.43
Zambia,ZMB,2025-07-27,179,7,3,0,1
Zambia,ZMB,2025-07-28,179,0,3,0,1
Zambia,ZMB,2025-07-29,179,0,3,0,1
Zambia,ZMB,2025-07-30,179,0,3,0,1
Zambia,ZMB,2025-07-31,179,0,3,0,1
Zambia,ZMB,2025-08-01,179,0,3,0,1
Zambia,ZMB,2025-08-02,179,0,3,0,1
Zambia,ZMB,2025-08-03,185,6,3,0,0.86
Zambia,ZMB,2025-08-04,185,0,3,0,0.86
Zambia,ZMB,2025-08-05,185,0,3,0,0.86
Zambia,ZMB,2025-08-06,185,0,3,0,0.86
Zambia,ZMB,2025-08-07,185,0,3,0,0.86
Zambia,ZMB,2025-08-08,185,0,3,0,0.86
Zambia,ZMB,2025-08-09,185,0,3,0,0.86
Zambia,ZMB,2025-08-10,196,11,3,0,1.57
Zambia,ZMB,2025-08-11,196,0,3,0,1.57
Zambia,ZMB,2025-08-12,196,0,3,0,1.57
Zambia,ZMB,2025-08-13,196,0,3,0,1.57
Zambia,ZMB,2025-08-14,196,0,3,0,1.57
Zambia,ZMB,2025-08-15,196,0,3,0,1.57
Zambia,ZMB,2025-08-16,196,0,3,0,1.57
Zambia,ZMB,2025-08-17,211,15,3,0,2.14
Zambia,ZMB,2025-08-18,211,0,3,0,2.14
Zambia,ZMB,2025-08-19,211,0,3,0,2.14
Zambia,ZMB,2025-08-20,211,0,3,0,2.14
Zambia,ZMB,2025-08-21,211,0,3,0,2.14
Zambia,ZMB,2025-08-22,211,0,3,0,2.14
Zambia,ZMB,2025-08-23,211,0,3,0,2.14
Zambia,ZMB,2025-08-24,218,7,3,0,1
Zambia,ZMB,2025-08-25,218,0,3,0,1
Zambia,ZMB,2025-08-26,218,0,3,0,1
Zambia,ZMB,2025-08-27,218,0,3,0,1
Zambia,ZMB,2025-08-28,218,0,3,0,1
Zambia,ZMB,2025-08-29,218,0,3,0,1
Zambia,ZMB,2025-08-30,218,0,3,0,1
Zambia,ZMB,2025-08-31,224,6,3,0,0.86
Zambia,ZMB,2025-09-01,224,0,3,0,0.86
Zambia,ZMB,2025-09-02,224,0,3,0,0.86
Zambia,ZMB,2025-09-03,224,0,3,0,0.86
Zambia,ZMB,2025-09-04,224,0,3,0,0.86
Zambia,ZMB,2025-09-05,224,0,3,0,0.86
Zambia,ZMB,2025-09-06,224,0,3,0,0.86
Zambia,ZMB,2025-09-07,231,7,3,0,1
Zambia,ZMB,2025-09-08,231,0,3,0,1
Zambia,ZMB,2025-09-09,231,0,3,0,1
Zambia,ZMB,2025-09-10,231,0,3,0,1
Zambia,ZMB,2025-09-11,231,0,3,0,1
Zambia,ZMB,2025-09-12,231,0,3,0,1
Zambia,ZMB,2025-09-13,231,0,3,0,1
Zambia,ZMB,2025-09-14,249,18,3,0,2.57
Zambia,ZMB,2025-09-15,249,0,3,0,2.57
Zambia,ZMB,2025-09-16,249,0,3,0,2.57
Zambia,ZMB,2025-09-17,249,0,3,0,2.57
Zambia,ZMB,2025-09-18,249,0,3,0,2.57
Zambia,ZMB,2025-09-19,249,0,3,0,2.57
Zambia,ZMB,2025-09-20,249,0,3,0,2.57
Zambia,ZMB,2025-09-21,274,25,3,0,3.57
Zambia,ZMB,2025-09-22,274,0,3,0,3.57
Zambia,ZMB,2025-09-23,274,0,3,0,3.57
Zambia,ZMB,2025-09-24,274,0,3,0,3.57
Zambia,ZMB,2025-09-25,274,0,3,0,3.57
Zambia,ZMB,2025-09-26,274,0,3,0,3.57
Zambia,ZMB,2025-09-27,274,0,3,0,3.57
Zambia,ZMB,2025-09-28,279,5,3,0,0.71
Zambia,ZMB,2025-09-29,279,0,3,0,0.71
Zambia,ZMB,2025-09-30,279,0,3,0,0.71
Zambia,ZMB,2025-10-01,279,0,3,0,0.71
Zambia,ZMB,2025-10-02,279,0,3,0,0.71
Zambia,ZMB,2025-10-03,279,0,3,0,0.71
Zambia,ZMB,2025-10-04,279,0,3,0,0.71
Zambia,ZMB,2025-10-05,285,6,3,0,0.86
Zambia,ZMB,2025-10-06,285,0,3,0,0.86
Zambia,ZMB,2025-10-07,285,0,3,0,0.86
Zambia,ZMB,2025-10-08,285,0,3,0,0.86
Zambia,ZMB,2025-10-09,285,0,3,0,0.86
Zambia,ZMB,2025-10-10,285,0,3,0,0.86
Zambia,ZMB,2025-10-11,285,0,3,0,0.86
Zambia,ZMB,2025-10-12,296,11,3,0,1.57
Zambia,ZMB,2025-10-13,296,0,3,0,1.57
Zambia,ZMB,2025-10-14,296,0,3,0,1.57
Zambia,ZMB,2025-10-15,296,0,3,0,1.57
Zambia,ZMB,2025-10-16,296,0,3,0,1.57
Zambia,ZMB,2025-10-17,296,0,3,0,1.57
Zambia,ZMB,2025-10-18,296,0,3,0,1.57
Zambia,ZMB,2025-10-19,301,5,3,0,0.71
Zambia,ZMB,2025-10-20,301,0,3,0,0.71
Zambia,ZMB,2025-10-21,301,0,3,0,0.71
Zambia,ZMB,2025-10-22,301,0,3,0,0.71
Zambia,ZMB,2025-10-23,301,0,3,0,0.71
Zambia,ZMB,2025-10-24,301,0,3,0,0.71
Zambia,ZMB,2025-10-25,301,0,3,0,0.71
Zambia,ZMB,2025-10-26,318,17,3,0,2.43
Zambia,ZMB,2025-10-27,318,0,3,0,2.43
Zambia,ZMB,2025-10-28,318,0,3,0,2.43
Zambia,ZMB,2025-10-29,318,0,3,0,2.43
Zambia,ZMB,2025-10-30,318,0,3,0,2.43
Zambia,ZMB,2025-10-31,318,0,3,0,2.43
Zambia,ZMB,2025-11-01,318,0,3,0,2.43
Zambia,ZMB,2025-11-02,322,4,3,0,0.57
Zambia,ZMB,2025-11-03,322,0,3,0,0.57
Zambia,ZMB,2025-11-04,322,0,3,0,0.57
Zambia,ZMB,2025-11-05,322,0,3,0,0.57
Zambia,ZMB,2025-11-06,322,0,3,0,0.57
Zambia,ZMB,2025-11-07,322,0,3,0,0.57
Zambia,ZMB,2025-11-08,322,0,3,0,0.57
Zambia,ZMB,2025-11-09,327,5,3,0,0.71
Zambia,ZMB,2025-11-10,327,0,3,0,0.71
Zambia,ZMB,2025-11-11,327,0,3,0,0.71
Zambia,ZMB,2025-11-12,327,0,3,0,0.71
Zambia,ZMB,2025-11-13,327,0,3,0,0.71
Zambia,ZMB,2025-11-14,327,0,3,0,0.71
Zambia,ZMB,2025-11-15,327,0,3,0,0.71
Zambia,ZMB,2025-11-16,349,22,3,0,3.14
Zambia,ZMB,2025-11-17,349,0,3,0,3.14
Zambia,ZMB,2025-11-18,349,0,3,0,3.14
Zambia,ZMB,2025-11-19,349,0,3,0,3.14
Zambia,ZMB,2025-11-20,349,0,3,0,3.14
Zambia,ZMB,2025-11-21,349,0,3,0,3.14
Zambia,ZMB,2025-11-22,349,0,3,0,3.14
Zambia,ZMB,2025-11-23,355,6,3,0,0.86
Zambia,ZMB,2025-11-24,355,0,3,0,0.86
Zambia,ZMB,2025-11-25,355,0,3,0,0.86
Zambia,ZMB,2025-11-26,355,0,3,0,0.86
Zambia,ZMB,2025-11-27,355,0,3,0,0.86
Zambia,ZMB,2025-11-28,355,0,3,0,0.86
Zambia,ZMB,2025-11-29,355,0,3,0,0.86
Zambia,ZMB,2025-11-30,362,7,3,0,1
Zambia,ZMB,2025-12-01,362,0,3,0,1
Zambia,ZMB,2025-12-02,362,0,3,0,1
Zambia,ZMB,2025-12-03,362,0,3,0,1
Zambia,ZMB,2025-12-04,362,0,3,0,1
Zambia,ZMB,2025-12-05,362,0,3,0,1
Zambia,ZMB,2025-12-06,362,0,3,0,1
Zambia,ZMB,2025-12-07,368,6,3,0,0.86
Zambia,ZMB,2025-12-08,368,0,3,0,0.86
Zambia,ZMB,2025-12-09,368,0,3,0,0.86
Zambia,ZMB,2025-12-10,368,0,3,0,0.86
Zambia,ZMB,2025-12-11,368,0,3,0,0.86
Zambia,ZMB,2025-12-12,368,0,3,0,0.86
Zambia,ZMB,2025-12-13,368,0,3,0,0.86
Zambia,ZMB,2025-12-14,372,4,3,0,0.57
Zambia,ZMB,2025-12-15,372,0,3,0,0.57
Zambia,ZMB,2025-12-16,372,0,3,0,0.57
Zambia,ZMB,2025-12-17,372,0,3,0,0.57
Zambia,ZMB,2025-12-18,372,0,3,0,0.57
Zambia,ZMB,2025-12-19,372,0,3,0,0.57
Zambia,ZMB,2025-12-20,372,0,3,0,0.57
Zambia,ZMB,2025-12-21,375,3,3,0,0.43
Zambia,ZMB,2025-12-22,375,0,3,0,0.43
Zambia,ZMB,2025-12-23,375,0,3,0,0.43
Zambia,ZMB,2025-12-24,375,0,3,0,0.43
Zambia,ZMB,2025-12-25,375,0,3,0,0.43
Zambia,ZMB,2025-12-26,375,0,3,0,0.43
Zambia,ZMB,2025-12-27,375,0,3,0,0.43
Zambia,ZMB,2025-12-28,377,2,3,0,0.29
Zambia,ZMB,2025-12-29,377,0,3,0,0.29
Zambia,ZMB,2025-12-30,377,0,3,0,0.29
Zambia,ZMB,2025-12-31,377,0,3,0,0.29
Zambia,ZMB,2026-01-01,377,0,3,0,0.29
Zambia,ZMB,2026-01-02,377,0,3,0,0.29
Zambia,ZMB,2026-01-03,377,0,3,0,0.29
Zambia,ZMB,2026-01-04,378,1,3,0,0.14
Zambia,ZMB,2026-01-05,378,0,3,0,0.14
Zambia,ZMB,2026-01-06,378,0,3,0,0.14
Zambia,ZMB,2026-01-07,378,0,3,0,0.14
Zambia,ZMB,2026-01-08,378,0,3,0,0.14
Zambia,ZMB,2026-01-09,378,0,3,0,0.14
Zambia,ZMB,2026-01-10,378,0,3,0,0.14
Zambia,ZMB,2026-01-11,380,2,3,0,0.29
Zambia,ZMB,2026-01-12,380,0,3,0,0.29
Zambia,ZMB,2026-01-13,380,0,3,0,0.29
Zambia,ZMB,2026-01-14,380,0,3,0,0.29
Zambia,ZMB,2026-01-15,380,0,3,0,0.29
Zambia,ZMB,2026-01-16,380,0,3,0,0.29
Zambia,ZMB,2026-01-17,380,0,3,0,0.29
Zambia,ZMB,2026-01-18,384,4,3,0,0.57
Zambia,ZMB,2026-01-19,384,0,3,0,0.57
Zambia,ZMB,2026-01-20,384,0,3,0,0.57
Zambia,ZMB,2026-01-21,384,0,3,0,0.57
Zambia,ZMB,2026-01-22,384,0,3,0,0.57
Zambia,ZMB,2026-01-23,384,0,3,0,0.57
Zambia,ZMB,2026-01-24,384,0,3,0,0.57
Zambia,ZMB,2026-01-25,387,3,3,0,0.43
Zambia,ZMB,2026-01-26,387,0,3,0,0.43
Zambia,ZMB,2026-01-27,387,0,3,0,0.43
Zambia,ZMB,2026-01-28,387,0,3,0,0.43
Zambia,ZMB,2026-01-29,387,0,3,0,0.43
Zambia,ZMB,2026-01-30,387,0,3,0,0.43
Zambia,ZMB,2026-01-31,387,0,3,0,0.43
Zambia,ZMB,2026-02-01,398,11,3,0,1.57
Zimbabwe,ZWE,2024-10-06,0,0,0,0,0
Zimbabwe,ZWE,2024-10-07,0,0,0,0,0
Zimbabwe,ZWE,2024-10-08,0,0,0,0,0
Zimbabwe,ZWE,2024-10-09,0,0,0,0,0
Zimbabwe,ZWE,2024-10-10,0,0,0,0,0
Zimbabwe,ZWE,2024-10-11,0,0,0,0,0
Zimbabwe,ZWE,2024-10-12,0,0,0,0,0
Zimbabwe,ZWE,2024-10-13,2,2,0,0,0.29
Zimbabwe,ZWE,2024-10-14,2,0,0,0,0.29
Zimbabwe,ZWE,2024-10-15,2,0,0,0,0.29
Zimbabwe,ZWE,2024-10-16,2,0,0,0,0.29
Zimbabwe,ZWE,2024-10-17,2,0,0,0,0.29
Zimbabwe,ZWE,2024-10-18,2,0,0,0,0.29
Zimbabwe,ZWE,2024-10-19,2,0,0,0,0.29
Zimbabwe,ZWE,2024-10-20,2,0,0,0,0
Zimbabwe,ZWE,2024-10-21,2,0,0,0,0
Zimbabwe,ZWE,2024-10-22,2,0,0,0,0
Zimbabwe,ZWE,2024-10-23,2,0,0,0,0
Zimbabwe,ZWE,2024-10-24,2,0,0,0,0
Zimbabwe,ZWE,2024-10-25,2,0,0,0,0
Zimbabwe,ZWE,2024-10-26,2,0,0,0,0
Zimbabwe,ZWE,2024-10-27,2,0,0,0,0
Zimbabwe,ZWE,2024-10-28,2,0,0,0,0
Zimbabwe,ZWE,2024-10-29,2,0,0,0,0
Zimbabwe,ZWE,2024-10-30,2,0,0,0,0
Zimbabwe,ZWE,2024-10-31,2,0,0,0,0
Zimbabwe,ZWE,2024-11-01,2,0,0,0,0
Zimbabwe,ZWE,2024-11-02,2,0,0,0,0
Zimbabwe,ZWE,2024-11-03,2,0,0,0,0
Zimbabwe,ZWE,2024-11-04,2,0,0,0,0
Zimbabwe,ZWE,2024-11-05,2,0,0,0,0
Zimbabwe,ZWE,2024-11-06,2,0,0,0,0
Zimbabwe,ZWE,2024-11-07,2,0,0,0,0
Zimbabwe,ZWE,2024-11-08,2,0,0,0,0
Zimbabwe,ZWE,2024-11-09,2,0,0,0,0
Zimbabwe,ZWE,2024-11-10,2,0,0,0,0
Zimbabwe,ZWE,2024-11-11,2,0,0,0,0
Zimbabwe,ZWE,2024-11-12,2,0,0,0,0
Zimbabwe,ZWE,2024-11-13,2,0,0,0,0
Zimbabwe,ZWE,2024-11-14,2,0,0,0,0
Zimbabwe,ZWE,2024-11-15,2,0,0,0,0
Zimbabwe,ZWE,2024-11-16,2,0,0,0,0
Zimbabwe,ZWE,2024-11-17,2,0,0,0,0
Zimbabwe,ZWE,2024-11-18,2,0,0,0,0
Zimbabwe,ZWE,2024-11-19,2,0,0,0,0
Zimbabwe,ZWE,2024-11-20,2,0,0,0,0
Zimbabwe,ZWE,2024-11-21,2,0,0,0,0
Zimbabwe,ZWE,2024-11-22,2,0,0,0,0
Zimbabwe,ZWE,2024-11-23,2,0,0,0,0
Zimbabwe,ZWE,2024-11-24,2,0,0,0,0
Zimbabwe,ZWE,2024-11-25,2,0,0,0,0
Zimbabwe,ZWE,2024-11-26,2,0,0,0,0
Zimbabwe,ZWE,2024-11-27,2,0,0,0,0
Zimbabwe,ZWE,2024-11-28,2,0,0,0,0
Zimbabwe,ZWE,2024-11-29,2,0,0,0,0
Zimbabwe,ZWE,2024-11-30,2,0,0,0,0
Zimbabwe,ZWE,2024-12-01,2,0,0,0,0
Zimbabwe,ZWE,2024-12-02,2,0,0,0,0
Zimbabwe,ZWE,2024-12-03,2,0,0,0,0
Zimbabwe,ZWE,2024-12-04,2,0,0,0,0
Zimbabwe,ZWE,2024-12-05,2,0,0,0,0
Zimbabwe,ZWE,2024-12-06,2,0,0,0,0
Zimbabwe,ZWE,2024-12-07,2,0,0,0,0
Zimbabwe,ZWE,2024-12-08,2,0,0,0,0
Zimbabwe,ZWE,2024-12-09,2,0,0,0,0
Zimbabwe,ZWE,2024-12-10,2,0,0,0,0
Zimbabwe,ZWE,2024-12-11,2,0,0,0,0
Zimbabwe,ZWE,2024-12-12,2,0,0,0,0
Zimbabwe,ZWE,2024-12-13,2,0,0,0,0
Zimbabwe,ZWE,2024-12-14,2,0,0,0,0
Zimbabwe,ZWE,2024-12-15,2,0,0,0,0
Zimbabwe,ZWE,2024-12-16,2,0,0,0,0
Zimbabwe,ZWE,2024-12-17,2,0,0,0,0
Zimbabwe,ZWE,2024-12-18,2,0,0,0,0
Zimbabwe,ZWE,2024-12-19,2,0,0,0,0
Zimbabwe,ZWE,2024-12-20,2,0,0,0,0
Zimbabwe,ZWE,2024-12-21,2,0,0,0,0
Zimbabwe,ZWE,2024-12-22,2,0,0,0,0
Zimbabwe,ZWE,2024-12-23,2,0,0,0,0
Zimbabwe,ZWE,2024-12-24,2,0,0,0,0
Zimbabwe,ZWE,2024-12-25,2,0,0,0,0
Zimbabwe,ZWE,2024-12-26,2,0,0,0,0
Zimbabwe,ZWE,2024-12-27,2,0,0,0,0
Zimbabwe,ZWE,2024-12-28,2,0,0,0,0
Zimbabwe,ZWE,2024-12-29,2,0,0,0,0
